[2026-08-05 14:04:36,536][avhubert.hubert_pretraining][INFO] - current directory is /workspace/av-hubert-ai-speak/av_hubert/avhubert/outputs/2026-08-05/14-04-35
[2026-08-05 14:04:36,537][avhubert.hubert_pretraining][INFO] - AVHubertPretrainingTask Config {'_name': 'av_hubert_pretraining', 'data': '/workspace/av-hubert-ai-speak/data/lrs3_raw/subset_data', 'labels': ['wrd'], 'label_dir': '/workspace/av-hubert-ai-speak/data/lrs3_raw/subset_data', 'label_rate': -1, 'sample_rate': 16000, 'normalize': True, 'enable_padding': False, 'max_sample_size': 500, 'min_sample_size': None, 'max_trim_sample_size': '${task.max_sample_size}', 'single_target': True, 'random_crop': False, 'pad_audio': True, 'pdb': False, 'stack_order_audio': 4, 'skip_verify': False, 'image_aug': True, 'image_crop_size': 88, 'image_mean': 0.421, 'image_std': 0.165, 'modalities': ['video'], 'is_s2s': True, 'tokenizer_bpe_name': 'sentencepiece', 'tokenizer_bpe_model': '/workspace/av-hubert-ai-speak/data/lrs3_raw/subset_data/spm_unigram1000.model', 'noise_wav': None, 'noise_prob': 0.0, 'noise_snr': '0', 'noise_num': 1, 'fine_tuning': True}
[2026-08-05 14:04:37,322][avhubert.hubert_pretraining][INFO] - current directory is /workspace/av-hubert-ai-speak/av_hubert/avhubert/outputs/2026-08-05/14-04-35
[2026-08-05 14:04:37,322][avhubert.hubert_pretraining][INFO] - AVHubertPretrainingTask Config {'_name': 'av_hubert_pretraining', 'data': '/workspace/av-hubert-ai-speak/data/lrs3_raw/subset_data', 'labels': ['km'], 'label_dir': '/checkpoint/bshi/data/lrs3//video/hubert/stitch-iters/envox-iter4-l12c2000/', 'label_rate': 25, 'sample_rate': 25, 'normalize': True, 'enable_padding': False, 'max_sample_size': 2000, 'min_sample_size': 5, 'max_trim_sample_size': 400, 'single_target': False, 'random_crop': True, 'pad_audio': False, 'pdb': False, 'stack_order_audio': 4, 'skip_verify': False, 'image_aug': True, 'image_crop_size': 88, 'image_mean': 0.421, 'image_std': 0.165, 'modalities': ['audio', 'video'], 'is_s2s': False, 'tokenizer_bpe_name': None, 'tokenizer_bpe_model': None, 'noise_wav': None, 'noise_prob': 0.0, 'noise_snr': '0', 'noise_num': 1, 'fine_tuning': False}
[2026-08-05 14:04:37,329][avhubert.hubert][INFO] - HubertModel Config: {'_name': 'av_hubert', 'label_rate': 25, 'input_modality': '${task.input_modality}', 'extractor_mode': default, 'encoder_layers': 12, 'encoder_embed_dim': 768, 'encoder_ffn_embed_dim': 3072, 'encoder_attention_heads': 12, 'activation_fn': gelu, 'dropout': 0.0, 'attention_dropout': 0.0, 'activation_dropout': 0.1, 'encoder_layerdrop': 0.1, 'dropout_input': 0.0, 'dropout_features': 0.1, 'final_dim': 256, 'untie_final_proj': True, 'layer_norm_first': True, 'conv_feature_layers': '[(512,10,5)] + [(512,3,2)] * 4 + [(512,2,2)] * 2', 'conv_bias': False, 'logit_temp': 0.1, 'target_glu': False, 'feature_grad_mult': 1.0, 'mask_length_audio': 10, 'mask_prob_audio': 0.8, 'mask_length_image': 5, 'mask_prob_image': 0.3, 'mask_selection': static, 'mask_other': 0.0, 'no_mask_overlap': False, 'mask_min_space': 1, 'mask_channel_length': 10, 'mask_channel_prob': 0.0, 'mask_channel_selection': static, 'mask_channel_other': 0.0, 'no_mask_channel_overlap': False, 'mask_channel_min_space': 1, 'conv_pos': 128, 'conv_pos_groups': 16, 'latent_temp': [2.0, 0.5, 0.999995], 'skip_masked': False, 'skip_nomask': False, 'resnet_relu_type': 'prelu', 'resnet_weights': None, 'sim_type': 'cosine', 'sub_encoder_layers': 0, 'audio_feat_dim': 104, 'modality_dropout': 0.5, 'audio_dropout': 0.5, 'modality_fuse': 'concat', 'selection_type': 'same_seq', 'masking_type': 'input', 'decoder_embed_dim': 768, 'decoder_ffn_embed_dim': 3072, 'decoder_layers': 6, 'decoder_layerdrop': 0.0, 'decoder_attention_heads': 4, 'decoder_learned_pos': False, 'decoder_normalize_before': False, 'no_token_positional_embeddings': False, 'decoder_dropout': 0.1, 'decoder_attention_dropout': 0.1, 'decoder_activation_dropout': 0.0, 'max_target_positions': 2048, 'share_decoder_input_output_embed': False, 'no_scale_embedding': True}
[2026-08-05 14:04:41,250][avhubert.hubert_pretraining][INFO] - current directory is /workspace/av-hubert-ai-speak/av_hubert/avhubert/outputs/2026-08-05/14-04-35
[2026-08-05 14:04:41,250][avhubert.hubert_pretraining][INFO] - AVHubertPretrainingTask Config {'_name': 'av_hubert_pretraining', 'data': '/workspace/av-hubert-ai-speak/data/lrs3_raw/subset_data', 'labels': ['wrd'], 'label_dir': '/workspace/av-hubert-ai-speak/data/lrs3_raw/subset_data', 'label_rate': -1, 'sample_rate': 16000, 'normalize': True, 'enable_padding': False, 'max_sample_size': 500, 'min_sample_size': None, 'max_trim_sample_size': '${task.max_sample_size}', 'single_target': True, 'random_crop': False, 'pad_audio': True, 'pdb': False, 'stack_order_audio': 4, 'skip_verify': False, 'image_aug': True, 'image_crop_size': 88, 'image_mean': 0.421, 'image_std': 0.165, 'modalities': ['video'], 'is_s2s': True, 'tokenizer_bpe_name': 'sentencepiece', 'tokenizer_bpe_model': '/workspace/av-hubert-ai-speak/data/lrs3_raw/subset_data/spm_unigram1000.model', 'noise_wav': None, 'noise_prob': 0.0, 'noise_snr': '0', 'noise_num': 1, 'fine_tuning': True}
{'_name': None, 'task': None, 'generation': {'_name': None, 'beam': 50, 'nbest': 1, 'max_len_a': 1.0, 'max_len_b': 0, 'min_len': 1, 'match_source_len': False, 'unnormalized': False, 'no_early_stop': False, 'no_beamable_mm': False, 'lenpen': 1.0, 'unkpen': 0.0, 'replace_unk': None, 'sacrebleu': False, 'score_reference': False, 'prefix_size': 0, 'no_repeat_ngram_size': 0, 'sampling': False, 'sampling_topk': -1, 'sampling_topp': -1.0, 'constraints': None, 'temperature': 1.0, 'diverse_beam_groups': -1, 'diverse_beam_strength': 0.5, 'diversity_rate': -1.0, 'print_alignment': None, 'print_step': False, 'lm_path': None, 'lm_weight': 0.0, 'iter_decode_eos_penalty': 0.0, 'iter_decode_max_iter': 10, 'iter_decode_force_max_iter': False, 'iter_decode_with_beam': 1, 'iter_decode_with_external_reranker': False, 'retain_iter_history': False, 'retain_dropout': False, 'retain_dropout_modules': None, 'decoding_format': None, 'no_seed_provided': False}, 'common': {'_name': None, 'no_progress_bar': False, 'log_interval': 100, 'log_format': None, 'log_file': None, 'tensorboard_logdir': None, 'wandb_project': None, 'azureml_logging': False, 'seed': 1, 'cpu': False, 'tpu': False, 'bf16': False, 'memory_efficient_bf16': False, 'fp16': False, 'memory_efficient_fp16': False, 'fp16_no_flatten_grads': False, 'fp16_init_scale': 128, 'fp16_scale_window': None, 'fp16_scale_tolerance': 0.0, 'on_cpu_convert_precision': False, 'min_loss_scale': 0.0001, 'threshold_loss_scale': None, 'amp': False, 'amp_batch_retries': 2, 'amp_init_scale': 128, 'amp_scale_window': None, 'user_dir': '/workspace/av-hubert-ai-speak/av_hubert/avhubert', 'empty_cache_freq': 0, 'all_gather_list_size': 16384, 'model_parallel_size': 1, 'quantization_config_path': None, 'profile': False, 'reset_logging': False, 'suppress_crashes': False, 'use_plasma_view': False, 'plasma_path': '/tmp/plasma'}, 'common_eval': {'_name': None, 'path': '/workspace/av-hubert-ai-speak/workspace/experiments/lrs3_full_ft/checkpoints/checkpoint_best.pt', 'post_process': None, 'quiet': False, 'model_overrides': '{}', 'results_path': '/workspace/av-hubert-ai-speak/workspace/experiments/lrs3_full_ft/decode'}, 'checkpoint': {'_name': None, 'save_dir': 'checkpoints', 'restore_file': 'checkpoint_last.pt', 'finetune_from_model': None, 'reset_dataloader': False, 'reset_lr_scheduler': False, 'reset_meters': False, 'reset_optimizer': False, 'optimizer_overrides': '{}', 'save_interval': 1, 'save_interval_updates': 0, 'keep_interval_updates': -1, 'keep_interval_updates_pattern': -1, 'keep_last_epochs': -1, 'keep_best_checkpoints': -1, 'no_save': False, 'no_epoch_checkpoints': False, 'no_last_checkpoints': False, 'no_save_optimizer_state': False, 'best_checkpoint_metric': 'loss', 'maximize_best_checkpoint_metric': False, 'patience': -1, 'checkpoint_suffix': '', 'checkpoint_shard_count': 1, 'load_checkpoint_on_all_dp_ranks': False, 'write_checkpoints_asynchronously': False, 'model_parallel_size': 1}, 'distributed_training': {'_name': None, 'distributed_world_size': 1, 'distributed_num_procs': 1, 'distributed_rank': 0, 'distributed_backend': 'nccl', 'distributed_init_method': None, 'distributed_port': -1, 'device_id': 0, 'distributed_no_spawn': False, 'ddp_backend': 'pytorch_ddp', 'ddp_comm_hook': 'none', 'bucket_cap_mb': 25, 'fix_batches_to_gpus': False, 'find_unused_parameters': False, 'fast_stat_sync': False, 'heartbeat_timeout': -1, 'broadcast_buffers': False, 'slowmo_momentum': None, 'slowmo_algorithm': 'LocalSGD', 'localsgd_frequency': 3, 'nprocs_per_node': 1, 'pipeline_model_parallel': False, 'pipeline_balance': None, 'pipeline_devices': None, 'pipeline_chunks': 0, 'pipeline_encoder_balance': None, 'pipeline_encoder_devices': None, 'pipeline_decoder_balance': None, 'pipeline_decoder_devices': None, 'pipeline_checkpoint': 'never', 'zero_sharding': 'none', 'fp16': False, 'memory_efficient_fp16': False, 'tpu': False, 'no_reshard_after_forward': False, 'fp32_reduce_scatter': False, 'cpu_offload': False, 'use_sharded_state': False}, 'dataset': {'_name': None, 'num_workers': 0, 'skip_invalid_size_inputs_valid_test': False, 'max_tokens': 1000, 'batch_size': None, 'required_batch_size_multiple': 8, 'required_seq_len_multiple': 1, 'dataset_impl': None, 'data_buffer_size': 10, 'train_subset': 'train', 'valid_subset': 'valid', 'combine_valid_subsets': None, 'ignore_unused_valid_subsets': False, 'validate_interval': 1, 'validate_interval_updates': 0, 'validate_after_updates': 0, 'fixed_validation_seed': None, 'disable_validation': False, 'max_tokens_valid': 1000, 'batch_size_valid': None, 'max_valid_steps': None, 'curriculum': 0, 'gen_subset': 'test', 'num_shards': 1, 'shard_id': 0}, 'override': {'_name': None, 'noise_wav': None, 'noise_prob': 0.0, 'noise_snr': 0.0, 'modalities': ['video'], 'data': '/workspace/av-hubert-ai-speak/data/lrs3_raw/subset_data', 'label_dir': '/workspace/av-hubert-ai-speak/data/lrs3_raw/subset_data'}, 'is_ax': False}
[2026-08-05 14:04:41,251][hybrid.speech_recognize][INFO] - {'_name': None, 'task': None, 'generation': {'_name': None, 'beam': 50, 'nbest': 1, 'max_len_a': 1.0, 'max_len_b': 0, 'min_len': 1, 'match_source_len': False, 'unnormalized': False, 'no_early_stop': False, 'no_beamable_mm': False, 'lenpen': 1.0, 'unkpen': 0.0, 'replace_unk': None, 'sacrebleu': False, 'score_reference': False, 'prefix_size': 0, 'no_repeat_ngram_size': 0, 'sampling': False, 'sampling_topk': -1, 'sampling_topp': -1.0, 'constraints': None, 'temperature': 1.0, 'diverse_beam_groups': -1, 'diverse_beam_strength': 0.5, 'diversity_rate': -1.0, 'print_alignment': None, 'print_step': False, 'lm_path': None, 'lm_weight': 0.0, 'iter_decode_eos_penalty': 0.0, 'iter_decode_max_iter': 10, 'iter_decode_force_max_iter': False, 'iter_decode_with_beam': 1, 'iter_decode_with_external_reranker': False, 'retain_iter_history': False, 'retain_dropout': False, 'retain_dropout_modules': None, 'decoding_format': None, 'no_seed_provided': False}, 'common': {'_name': None, 'no_progress_bar': False, 'log_interval': 100, 'log_format': None, 'log_file': None, 'tensorboard_logdir': None, 'wandb_project': None, 'azureml_logging': False, 'seed': 1, 'cpu': False, 'tpu': False, 'bf16': False, 'memory_efficient_bf16': False, 'fp16': False, 'memory_efficient_fp16': False, 'fp16_no_flatten_grads': False, 'fp16_init_scale': 128, 'fp16_scale_window': None, 'fp16_scale_tolerance': 0.0, 'on_cpu_convert_precision': False, 'min_loss_scale': 0.0001, 'threshold_loss_scale': None, 'amp': False, 'amp_batch_retries': 2, 'amp_init_scale': 128, 'amp_scale_window': None, 'user_dir': '/workspace/av-hubert-ai-speak/av_hubert/avhubert', 'empty_cache_freq': 0, 'all_gather_list_size': 16384, 'model_parallel_size': 1, 'quantization_config_path': None, 'profile': False, 'reset_logging': False, 'suppress_crashes': False, 'use_plasma_view': False, 'plasma_path': '/tmp/plasma'}, 'common_eval': {'_name': None, 'path': '/workspace/av-hubert-ai-speak/workspace/experiments/lrs3_full_ft/checkpoints/checkpoint_best.pt', 'post_process': None, 'quiet': False, 'model_overrides': '{}', 'results_path': '/workspace/av-hubert-ai-speak/workspace/experiments/lrs3_full_ft/decode'}, 'checkpoint': {'_name': None, 'save_dir': 'checkpoints', 'restore_file': 'checkpoint_last.pt', 'finetune_from_model': None, 'reset_dataloader': False, 'reset_lr_scheduler': False, 'reset_meters': False, 'reset_optimizer': False, 'optimizer_overrides': '{}', 'save_interval': 1, 'save_interval_updates': 0, 'keep_interval_updates': -1, 'keep_interval_updates_pattern': -1, 'keep_last_epochs': -1, 'keep_best_checkpoints': -1, 'no_save': False, 'no_epoch_checkpoints': False, 'no_last_checkpoints': False, 'no_save_optimizer_state': False, 'best_checkpoint_metric': 'loss', 'maximize_best_checkpoint_metric': False, 'patience': -1, 'checkpoint_suffix': '', 'checkpoint_shard_count': 1, 'load_checkpoint_on_all_dp_ranks': False, 'write_checkpoints_asynchronously': False, 'model_parallel_size': 1}, 'distributed_training': {'_name': None, 'distributed_world_size': 1, 'distributed_num_procs': 1, 'distributed_rank': 0, 'distributed_backend': 'nccl', 'distributed_init_method': None, 'distributed_port': -1, 'device_id': 0, 'distributed_no_spawn': False, 'ddp_backend': 'pytorch_ddp', 'ddp_comm_hook': 'none', 'bucket_cap_mb': 25, 'fix_batches_to_gpus': False, 'find_unused_parameters': False, 'fast_stat_sync': False, 'heartbeat_timeout': -1, 'broadcast_buffers': False, 'slowmo_momentum': None, 'slowmo_algorithm': 'LocalSGD', 'localsgd_frequency': 3, 'nprocs_per_node': 1, 'pipeline_model_parallel': False, 'pipeline_balance': None, 'pipeline_devices': None, 'pipeline_chunks': 0, 'pipeline_encoder_balance': None, 'pipeline_encoder_devices': None, 'pipeline_decoder_balance': None, 'pipeline_decoder_devices': None, 'pipeline_checkpoint': 'never', 'zero_sharding': 'none', 'fp16': False, 'memory_efficient_fp16': False, 'tpu': False, 'no_reshard_after_forward': False, 'fp32_reduce_scatter': False, 'cpu_offload': False, 'use_sharded_state': False}, 'dataset': {'_name': None, 'num_workers': 0, 'skip_invalid_size_inputs_valid_test': False, 'max_tokens': 1000, 'batch_size': None, 'required_batch_size_multiple': 8, 'required_seq_len_multiple': 1, 'dataset_impl': None, 'data_buffer_size': 10, 'train_subset': 'train', 'valid_subset': 'valid', 'combine_valid_subsets': None, 'ignore_unused_valid_subsets': False, 'validate_interval': 1, 'validate_interval_updates': 0, 'validate_after_updates': 0, 'fixed_validation_seed': None, 'disable_validation': False, 'max_tokens_valid': 1000, 'batch_size_valid': None, 'max_valid_steps': None, 'curriculum': 0, 'gen_subset': 'test', 'num_shards': 1, 'shard_id': 0}, 'override': {'_name': None, 'noise_wav': None, 'noise_prob': 0.0, 'noise_snr': 0.0, 'modalities': ['video'], 'data': '/workspace/av-hubert-ai-speak/data/lrs3_raw/subset_data', 'label_dir': '/workspace/av-hubert-ai-speak/data/lrs3_raw/subset_data'}, 'is_ax': False}
[2026-08-05 14:04:41,252][avhubert.hubert_pretraining][INFO] - Using tokenizer
[2026-08-05 14:04:41,256][avhubert.hubert_dataset][INFO] - max_keep=500, min_keep=None, loaded 1321, skipped 0 short and 0 long and 0 unaligned, longest-loaded=155, shortest-loaded=14
[2026-08-05 14:04:41,256][avhubert.hubert_dataset][INFO] - /workspace/av-hubert-ai-speak/data/lrs3_raw/subset_data/test.wrd is sequence label. skipped
[2026-08-05 14:04:41,256][avhubert.hubert_dataset][INFO] - image transform: Compose(
    Normalize(mean=0.0, std=255.0)
    <avhubert.utils.CenterCrop object at 0x710a069b53d0>
    Normalize(mean=0.421, std=0.165)
)
[2026-08-05 14:04:41,256][avhubert.hubert_dataset][INFO] - pad_audio=True, random_crop=False, normalize=True, max_sample_size=500, seqs2seq data=True,
[2026-08-05 14:04:41,256][avhubert.hubert_dataset][INFO] - Noise wav: None->0 wav, Prob: 0.0, SNR: 0.0, Number of mixture: 1

REF:it turned out that we were doing a lot of low level drug cases on the streets just around the corner from our office in trenton
HYP:it turns out out that we were a lot of our lot of the stckstoscock and we'reiced

[2026-08-05 14:04:45,909][hybrid.speech_recognize][INFO] - 
REF:it turned out that we were doing a lot of low level drug cases on the streets just around the corner from our office in trenton
HYP:it turns out out that we were a lot of our lot of the stckstoscock and we'reiced


REF:you're hearing one presentation after another often representing a group of people a tribe about how
HYP:you're only hearontasting a on one of one of how one a couple of how fidipes of how

[2026-08-05 14:04:45,910][hybrid.speech_recognize][INFO] - 
REF:you're hearing one presentation after another often representing a group of people a tribe about how
HYP:you're only hearontasting a on one of one of how one a couple of how fidipes of how


REF:and when i look at the criminal justice system in the united states today i feel the exact same way that i did about the state of
HYP:and when i look at the gjststettmtles by the sense of the tell about the

[2026-08-05 14:04:45,911][hybrid.speech_recognize][INFO] - 
REF:and when i look at the criminal justice system in the united states today i feel the exact same way that i did about the state of
HYP:and when i look at the gjststettmtles by the sense of the tell about the


REF:about a year after 9 11 researchers examined a group of women who were pregnant when they were exposed to the world
HYP:about about her years there are researched researchdddiaed the wdddd were were we were in the wrd

[2026-08-05 14:04:45,913][hybrid.speech_recognize][INFO] - 
REF:about a year after 9 11 researchers examined a group of women who were pregnant when they were exposed to the world
HYP:about about her years there are researched researchdddiaed the wdddd were were we were in the wrd


REF:last week alone i got 238 pieces of nasty email and more
HYP:last last question we need to do 2000 it's more more these sligleted to

[2026-08-05 14:04:45,914][hybrid.speech_recognize][INFO] - 
REF:last week alone i got 238 pieces of nasty email and more
HYP:last last question we need to do 2000 it's more more these sligleted to


REF:it is my belief that to create these rare game changers requires you to pull off at least
HYP:it is mind of these eveagigitations were answers we'reed to conggger of these

[2026-08-05 14:04:45,915][hybrid.speech_recognize][INFO] - 
REF:it is my belief that to create these rare game changers requires you to pull off at least
HYP:it is mind of these eveagigitations were answers we'reed to conggger of these


REF:i'm here to tell you the story of crazy love a psychological trap disguised as love one
HYP:i'm here here to tell of the stananack is the the is dezcks and thect is what

[2026-08-05 14:04:46,396][hybrid.speech_recognize][INFO] - 
REF:i'm here to tell you the story of crazy love a psychological trap disguised as love one
HYP:i'm here here to tell of the stananack is the the is dezcks and thect is what


REF:and that's really what i find so intriguing about the reactions that we've had to the
HYP:and that's really really i've so so about the reasons that we'veed that

[2026-08-05 14:04:46,397][hybrid.speech_recognize][INFO] - 
REF:and that's really what i find so intriguing about the reactions that we've had to the
HYP:and that's really really i've so so about the reasons that we'veed that


REF:my mother was on the line to tell me that doctors had found a lump in his stomach terminal cancer
HYP:my mother was there was in that tell that imed to some in silorililetililil and some

[2026-08-05 14:04:46,399][hybrid.speech_recognize][INFO] - 
REF:my mother was on the line to tell me that doctors had found a lump in his stomach terminal cancer
HYP:my mother was there was in that tell that imed to some in silorililetililil and some


REF:and after that initial prototype we set out to make free and open source software so that others do not have
HYP:and after that end of my molenord to make to make to make tofeotstieee and i't

[2026-08-05 14:04:46,401][hybrid.speech_recognize][INFO] - 
REF:and after that initial prototype we set out to make free and open source software so that others do not have
HYP:and after that end of my molenord to make to make to make tofeotstieee and i't


REF:you destroy all the bone marrow in the cancer patient with massive doses of chemotherapy
HYP:you dily dis the matherer of the pusts of paffered apris of per

[2026-08-05 14:04:46,402][hybrid.speech_recognize][INFO] - 
REF:you destroy all the bone marrow in the cancer patient with massive doses of chemotherapy
HYP:you dily dis the matherer of the pusts of paffered apris of per


REF:and all of this matters greatly because public safety to me is the most important function of
HYP:and all of these drugs is means is breathafer is this is is the more in

[2026-08-05 14:04:46,403][hybrid.speech_recognize][INFO] - 
REF:and all of this matters greatly because public safety to me is the most important function of
HYP:and all of these drugs is means is breathafer is this is is the more in


REF:so i decided to focus on using data and analytics to help make the most critical decision
HYP:so i decided to find to find a fiightstight to helpscleasions

[2026-08-05 14:04:46,828][hybrid.speech_recognize][INFO] - 
REF:so i decided to focus on using data and analytics to help make the most critical decision
HYP:so i decided to find to find a fiightstight to helpscleasions


REF:and so many of my early memories involved intricate daydreams where i would walk across borders
HYP:and so many of my sgbagogogagagors on a glolocks in pas

[2026-08-05 14:04:46,830][hybrid.speech_recognize][INFO] - 
REF:and so many of my early memories involved intricate daydreams where i would walk across borders
HYP:and so many of my sgbagogogagagors on a glolocks in pas


REF:but in the process they also train our brains to tune out when somebody else's issue
HYP:but in the pres they also also our bradddd're out out out out

[2026-08-05 14:04:46,831][hybrid.speech_recognize][INFO] - 
REF:but in the process they also train our brains to tune out when somebody else's issue
HYP:but in the pres they also also our bradddd're out out out out


REF:if you want this experience to live on as something historic then at the reception
HYP:if you want that dicursed i want to leave ontiurisirit that's something something

[2026-08-05 14:04:46,833][hybrid.speech_recognize][INFO] - 
REF:if you want this experience to live on as something historic then at the reception
HYP:if you want that dicursed i want to leave ontiurisirit that's something something


REF:i looked at my friend who drilled seven dry wells writing off more than a billion dollars for the
HYP:i used out to my friends where the tararararars mos more to more a mostars than than a

[2026-08-05 14:04:46,834][hybrid.speech_recognize][INFO] - 
REF:i looked at my friend who drilled seven dry wells writing off more than a billion dollars for the
HYP:i used out to my friends where the tararararars mos more to more a mostars than than a


REF:they also monitored the internet and social media to monitor the progress of
HYP:40 thousandnosters are media media media the media

[2026-08-05 14:04:46,835][hybrid.speech_recognize][INFO] - 
REF:they also monitored the internet and social media to monitor the progress of
HYP:40 thousandnosters are media media media the media


REF:so when i started my job at the arnold foundation i came back to looking at a lot of these questions and i came back
HYP:so when i started back my cood od and i started a lotsededed of this lots and i

[2026-08-05 14:04:47,229][hybrid.speech_recognize][INFO] - 
REF:so when i started my job at the arnold foundation i came back to looking at a lot of these questions and i came back
HYP:so when i started back my cood od and i started a lotsededed of this lots and i


REF:race is a social category that has staggering biological consequences
HYP:ress as shcalcialialal that hascalalial

[2026-08-05 14:04:47,231][hybrid.speech_recognize][INFO] - 
REF:race is a social category that has staggering biological consequences
HYP:ress as shcalcialialal that hascalalial


REF:what is the exact relationship between levels of greenhouse gases and planetary
HYP:what is the difference of thecmmtienting a sdsts and 2s

[2026-08-05 14:04:47,232][hybrid.speech_recognize][INFO] - 
REF:what is the exact relationship between levels of greenhouse gases and planetary
HYP:what is the difference of thecmmtienting a sdsts and 2s


REF:so you want to go to that board meeting but you only want to pay attention to the bits that interest
HYP:so you want you want to be you's pay to be more you want to the changess the be in psss

[2026-08-05 14:04:47,234][hybrid.speech_recognize][INFO] - 
REF:so you want to go to that board meeting but you only want to pay attention to the bits that interest
HYP:so you want you want to be you's pay to be more you want to the changess the be in psss


REF:i started to write about sharing the fact that i'm a survivor of all forms of sexual abuse including three
HYP:i started to talking to talking about the way of all that i'mming to thinkmmms of createing urining three

[2026-08-05 14:04:47,235][hybrid.speech_recognize][INFO] - 
REF:i started to write about sharing the fact that i'm a survivor of all forms of sexual abuse including three
HYP:i started to talking to talking about the way of all that i'mming to thinkmmms of createing urining three


REF:that is the real world and unless we find a way to globalize democracy or
HYP:that is in the ways of a ways and the world

[2026-08-05 14:04:47,236][hybrid.speech_recognize][INFO] - 
REF:that is the real world and unless we find a way to globalize democracy or
HYP:that is in the ways of a ways and the world


REF:i'd like to make the suggestion that we don't need to aim for that to make substantial progress
HYP:i's need we don't need to make to make that make to make to make that

[2026-08-05 14:04:47,697][hybrid.speech_recognize][INFO] - 
REF:i'd like to make the suggestion that we don't need to aim for that to make substantial progress
HYP:i's need we don't need to make to make that make to make to make that


REF:but one of the things i've learned is that apparently it matters if a new product or service is
HYP:but one of the things i've have some is the little of the ursterter

[2026-08-05 14:04:47,699][hybrid.speech_recognize][INFO] - 
REF:but one of the things i've learned is that apparently it matters if a new product or service is
HYP:but one of the things i've have some is the little of the ursterter


REF:we used to have a manufacturing economy which was about building goods and products and now we have a service
HYP:we us have to have a fact and which and now bey and now and now and now and now and now and now

[2026-08-05 14:04:47,700][hybrid.speech_recognize][INFO] - 
REF:we used to have a manufacturing economy which was about building goods and products and now we have a service
HYP:we us have to have a fact and which and now bey and now and now and now and now and now and now


REF:i started to walk in the community and it didn't take a rocket scientist to realize that they weren't
HYP:so it worked in the walk in the world and the createing and we want to his it is

[2026-08-05 14:04:47,702][hybrid.speech_recognize][INFO] - 
REF:i started to walk in the community and it didn't take a rocket scientist to realize that they weren't
HYP:so it worked in the walk in the world and the createing and we want to his it is


REF:and we connected over really small things like the fact that i love country music which is really
HYP:and we created into all over the words i love like the things things things

[2026-08-05 14:04:47,703][hybrid.speech_recognize][INFO] - 
REF:and we connected over really small things like the fact that i love country music which is really
HYP:and we created into all over the words i love like the things things things


REF:so to summarize if we could offer a top quality education to everyone around the world for free
HYP:so if we often srrrrrfading a lovcha had a world for the world around the world for res

[2026-08-05 14:04:47,704][hybrid.speech_recognize][INFO] - 
REF:so to summarize if we could offer a top quality education to everyone around the world for free
HYP:so if we often srrrrrfading a lovcha had a world for the world around the world for res


REF:effectively the taliban create a complete blackout of any other source of information
HYP:in facts holdd the didrration of elulations

[2026-08-05 14:04:48,112][hybrid.speech_recognize][INFO] - 
REF:effectively the taliban create a complete blackout of any other source of information
HYP:in facts holdd the didrration of elulations


REF:we now have a moral challenge that is in the tradition of others that we have
HYP:we now now have riskdens it is highens a lot of others of an

[2026-08-05 14:04:48,113][hybrid.speech_recognize][INFO] - 
REF:we now have a moral challenge that is in the tradition of others that we have
HYP:we now now have riskdens it is highens a lot of others of an


REF:none of these studies found that people spend more on drinking or smoking or that people
HYP:he know of these seing that peopleing more bourn't more more more more

[2026-08-05 14:04:48,114][hybrid.speech_recognize][INFO] - 
REF:none of these studies found that people spend more on drinking or smoking or that people
HYP:he know of these seing that peopleing more bourn't more more more more


REF:but before that cooperation could be realized kennedy was assassinated and that part of the
HYP:but before thatorpupations that redud in that was was was and that was

[2026-08-05 14:04:48,116][hybrid.speech_recognize][INFO] - 
REF:but before that cooperation could be realized kennedy was assassinated and that part of the
HYP:but before thatorpupations that redud in that was was was and that was


REF:some of them were really afraid of contagion and they wouldn't even walk in front of our
HYP:some of them of them whed of facting and then and that thenn'tion of our

[2026-08-05 14:04:48,117][hybrid.speech_recognize][INFO] - 
REF:some of them were really afraid of contagion and they wouldn't even walk in front of our
HYP:some of them of them whed of facting and then and that thenn'tion of our


REF:and he was talking about the importance of coaching boys into men and changing the culture of the locker room and giving
HYP:and it was all about the importants of us of caryicks of the los of us se and theck of

[2026-08-05 14:04:48,118][hybrid.speech_recognize][INFO] - 
REF:and he was talking about the importance of coaching boys into men and changing the culture of the locker room and giving
HYP:and it was all about the importants of us of caryicks of the los of us se and theck of


REF:if you are asked to estimate the walking speed of a man in a video for example your answer
HYP:if you are ask you are the asked you me the asking you're the riin for example for example for example for

[2026-08-05 14:04:48,508][hybrid.speech_recognize][INFO] - 
REF:if you are asked to estimate the walking speed of a man in a video for example your answer
HYP:if you are ask you are the asked you me the asking you're the riin for example for example for example for


REF:china is constrained in terms of how much more land it actually has available for agriculture and it has massive
HYP:jeesssal extors of how much and how a lot of how in mastieieal

[2026-08-05 14:04:48,510][hybrid.speech_recognize][INFO] - 
REF:china is constrained in terms of how much more land it actually has available for agriculture and it has massive
HYP:jeesssal extors of how much and how a lot of how in mastieieal


REF:a couple of years ago a group of us in canada decided that we were hitting the limits of what we could accomplish
HYP:a thousand of years of us of what we were dicisededed to livetained what we can we growed

[2026-08-05 14:04:48,511][hybrid.speech_recognize][INFO] - 
REF:a couple of years ago a group of us in canada decided that we were hitting the limits of what we could accomplish
HYP:a thousand of years of us of what we were dicisededed to livetained what we can we growed


REF:so we need the solutions and these people playing the game they are trying out
HYP:so we need people the solutions the brgys and these kindssss they had

[2026-08-05 14:04:48,512][hybrid.speech_recognize][INFO] - 
REF:so we need the solutions and these people playing the game they are trying out
HYP:so we need people the solutions the brgys and these kindssss they had


REF:this meant that the movements demanding change knew what they were against crushing poverty widening
HYP:these's a magine as changespppppits to preopercuting

[2026-08-05 14:04:48,514][hybrid.speech_recognize][INFO] - 
REF:this meant that the movements demanding change knew what they were against crushing poverty widening
HYP:these's a magine as changespppppits to preopercuting


REF:we are talking about the venues in which those public spaces where we come together
HYP:we are talking about talking about the problems which sleclessss and we comes where

[2026-08-05 14:04:48,515][hybrid.speech_recognize][INFO] - 
REF:we are talking about the venues in which those public spaces where we come together
HYP:we are talking about talking about the problems which sleclessss and we comes where


REF:and when i talk to judges around the united states which i do all the time now they all say the same
HYP:and when i talked around the genestos now the ommed that now now now now the all the all all

[2026-08-05 14:04:48,894][hybrid.speech_recognize][INFO] - 
REF:and when i talk to judges around the united states which i do all the time now they all say the same
HYP:and when i talked around the genestos now the ommed that now now now now the all the all all


REF:when in the history of humanity has it ever been possible for one person to rob
HYP:whenneit has been been been been been care has been been been been been been person

[2026-08-05 14:04:48,895][hybrid.speech_recognize][INFO] - 
REF:when in the history of humanity has it ever been possible for one person to rob
HYP:whenneit has been been been been been care has been been been been been been person


REF:but when you start to look at the data which by the way the judges don't have when we start to look at the data
HYP:but when you startd going to designs was was was the grs when we started so so what we don't have this

[2026-08-05 14:04:48,897][hybrid.speech_recognize][INFO] - 
REF:but when you start to look at the data which by the way the judges don't have when we start to look at the data
HYP:but when you startd going to designs was was was the grs when we started so so what we don't have this


REF:i'm also on this mission because the way doctors practice medicine continues to
HYP:i'm also on this demos pas to understand because it'scas because

[2026-08-05 14:04:48,898][hybrid.speech_recognize][INFO] - 
REF:i'm also on this mission because the way doctors practice medicine continues to
HYP:i'm also on this demos pas to understand because it'scas because


REF:you know it's like once again there's this whole problem of design being often misunderstood for art
HYP:now i can's the a problempy of adpp this's of this pros

[2026-08-05 14:04:48,899][hybrid.speech_recognize][INFO] - 
REF:you know it's like once again there's this whole problem of design being often misunderstood for art
HYP:now i can's the a problempy of adpp this's of this pros


REF:and one activist actually found a contract from a western company for the sale of surveillance
HYP:and what kind of uss from a kindstiurpacas to surgas

[2026-08-05 14:04:48,901][hybrid.speech_recognize][INFO] - 
REF:and one activist actually found a contract from a western company for the sale of surveillance
HYP:and what kind of uss from a kindstiurpacas to surgas


REF:on the other hand statistics that's a subject that you could and should use
HYP:on the other hastiinsed that's a situd that get that shows

[2026-08-05 14:04:49,321][hybrid.speech_recognize][INFO] - 
REF:on the other hand statistics that's a subject that you could and should use
HYP:on the other hastiinsed that's a situd that get that shows


REF:and he said well i just care so deeply about my customers that i would never sell them one of our crappy products
HYP:i said i saidtaclestles fatmamical and i would never problems of my pooctt problems

[2026-08-05 14:04:49,323][hybrid.speech_recognize][INFO] - 
REF:and he said well i just care so deeply about my customers that i would never sell them one of our crappy products
HYP:i said i saidtaclestles fatmamical and i would never problems of my pooctt problems


REF:we can build healthier relationships around race if we learn to calculate locate
HYP:we need to build down that we need of the restorre and we need the lots and

[2026-08-05 14:04:49,324][hybrid.speech_recognize][INFO] - 
REF:we can build healthier relationships around race if we learn to calculate locate
HYP:we need to build down that we need of the restorre and we need the lots and


REF:he wanted to sit where he could scan the room where he could plan escape routes where he could get his hands
HYP:because i want to sagy we can's the ruy and we can get the playst and the plantsss and the

[2026-08-05 14:04:49,325][hybrid.speech_recognize][INFO] - 
REF:he wanted to sit where he could scan the room where he could plan escape routes where he could get his hands
HYP:because i want to sagy we can's the ruy and we can get the playst and the plantsss and the


REF:in other words a coroner could find these things because this is a fatal recipe
HYP:in other wordss the cons the colikey in thought because sy in akey

[2026-08-05 14:04:49,327][hybrid.speech_recognize][INFO] - 
REF:in other words a coroner could find these things because this is a fatal recipe
HYP:in other wordss the cons the colikey in thought because sy in akey


REF:we go far beyond reasonable constructive criticism to dissecting any given woman's feminism
HYP:we are frd on a limisted to reccccists women res of the enmtmms

[2026-08-05 14:04:49,328][hybrid.speech_recognize][INFO] - 
REF:we go far beyond reasonable constructive criticism to dissecting any given woman's feminism
HYP:we are frd on a limisted to reccccists women res of the enmtmms


REF:and so i think that nature is not that which is untouched by humanity man or woman
HYP:and so i think that the noin is which is not is not's gendententing

[2026-08-05 14:04:49,764][hybrid.speech_recognize][INFO] - 
REF:and so i think that nature is not that which is untouched by humanity man or woman
HYP:and so i think that the noin is which is not is not's gendententing


REF:the world's companies governments and non profits have delivery armies that are fully capable of covering this
HYP:the world wes cultures to have the governments of the fivestenment of the facts ofveens of conves

[2026-08-05 14:04:49,766][hybrid.speech_recognize][INFO] - 
REF:the world's companies governments and non profits have delivery armies that are fully capable of covering this
HYP:the world wes cultures to have the governments of the fivestenment of the facts ofveens of conves


REF:and so one of the major challenges of our project really is to find photographs that were taken before something
HYP:and so one of the challenges of our own is the faceing the focuss of our found you was

[2026-08-05 14:04:49,767][hybrid.speech_recognize][INFO] - 
REF:and so one of the major challenges of our project really is to find photographs that were taken before something
HYP:and so one of the challenges of our own is the faceing the focuss of our found you was


REF:i became a psychology researcher and i've devoted my work to understanding the human capacity to care for others
HYP:pagestus my understands my understand to understanding it'sterpinples for othersts

[2026-08-05 14:04:49,769][hybrid.speech_recognize][INFO] - 
REF:i became a psychology researcher and i've devoted my work to understanding the human capacity to care for others
HYP:pagestus my understands my understand to understanding it'sterpinples for othersts


REF:we have ideas for how to make things better and i want to share three of them that we've picked up in our own work
HYP:we have a lotty for how for our time that we've want to figures of our own

[2026-08-05 14:04:49,770][hybrid.speech_recognize][INFO] - 
REF:we have ideas for how to make things better and i want to share three of them that we've picked up in our own work
HYP:we have a lotty for how for our time that we've want to figures of our own


REF:so we locked ourselves in a room for two days and we tried to figure out what bound us together
HYP:so we createreogy in the rus outs and we want to do outs to be to be

[2026-08-05 14:04:49,772][hybrid.speech_recognize][INFO] - 
REF:so we locked ourselves in a room for two days and we tried to figure out what bound us together
HYP:so we createreogy in the rus outs and we want to do outs to be to be


REF:both of them bring the imagination to life in ways that remind us that all of our bonds in the end
HYP:both of the pamins and life is lifes and life injines and our life in the life is our pos

[2026-08-05 14:04:50,161][hybrid.speech_recognize][INFO] - 
REF:both of them bring the imagination to life in ways that remind us that all of our bonds in the end
HYP:both of the pamins and life is lifes and life injines and our life in the life is our pos


REF:show abuse the light of day by talking about it with your children your coworkers your friends and
HYP:you're be being about the kinding of you're talking about your'reing the buque and it're with you're

[2026-08-05 14:04:50,162][hybrid.speech_recognize][INFO] - 
REF:show abuse the light of day by talking about it with your children your coworkers your friends and
HYP:you're be being about the kinding of you're talking about your'reing the buque and it're with you're


REF:so it's really important that you know that right now we have over
HYP:so it's really interest we know that you know that you know that we know no

[2026-08-05 14:04:50,163][hybrid.speech_recognize][INFO] - 
REF:so it's really important that you know that right now we have over
HYP:so it's really interest we know that you know that you know that we know no


REF:i imagine that my kids are going to live in a time when the most valuable commodities are fresh water
HYP:i amagagine is that i'd going to most berer andfas

[2026-08-05 14:04:50,165][hybrid.speech_recognize][INFO] - 
REF:i imagine that my kids are going to live in a time when the most valuable commodities are fresh water
HYP:i amagagine is that i'd going to most berer andfas


REF:the authors looked at papers written over a 10 year period and hundreds had to be thrown out
HYP:the thsssers and we'reed over the over and eletraighted out and pirated rated out out

[2026-08-05 14:04:50,166][hybrid.speech_recognize][INFO] - 
REF:the authors looked at papers written over a 10 year period and hundreds had to be thrown out
HYP:the thsssers and we'reed over the over and eletraighted out and pirated rated out out


REF:we can create a decentralized database that has the same efficiency of a monopoly
HYP:we can create end an exientaseations that has the same of the same

[2026-08-05 14:04:50,168][hybrid.speech_recognize][INFO] - 
REF:we can create a decentralized database that has the same efficiency of a monopoly
HYP:we can create end an exientaseations that has the same of the same


REF:which is why that ivy league degree and the wall street job and his bright shiny future
HYP:which is why why kinds they have a kind and and and the wibances and and it's and

[2026-08-05 14:04:50,602][hybrid.speech_recognize][INFO] - 
REF:which is why that ivy league degree and the wall street job and his bright shiny future
HYP:which is why why kinds they have a kind and and and the wibances and and it's and


REF:they know you can fail by starting a business that goes bankrupt or by failing to start a business at all
HYP:they know you can by build by plestingty or pamotorted all

[2026-08-05 14:04:50,604][hybrid.speech_recognize][INFO] - 
REF:they know you can fail by starting a business that goes bankrupt or by failing to start a business at all
HYP:they know you can by build by plestingty or pamotorted all


REF:if any child is found violating these rules he is severely reprimanded
HYP:if a child is sleileining these reving a pomrtiged

[2026-08-05 14:04:50,605][hybrid.speech_recognize][INFO] - 
REF:if any child is found violating these rules he is severely reprimanded
HYP:if a child is sleileining these reving a pomrtiged


REF:yet when she had to find seven hours because there is water all over her basement she found
HYP:now when she had to find to find hoight hocks or award because her's over all all all and she found to found

[2026-08-05 14:04:50,606][hybrid.speech_recognize][INFO] - 
REF:yet when she had to find seven hours because there is water all over her basement she found
HYP:now when she had to find to find hoight hocks or award because her's over all all all and she found to found


REF:they were unbelievably expensive to administer they were time consuming they were limited to the local
HYP:they were undly deglyly to dedetable they were ded and they were dicudentlele to

[2026-08-05 14:04:50,608][hybrid.speech_recognize][INFO] - 
REF:they were unbelievably expensive to administer they were time consuming they were limited to the local
HYP:they were undly deglyly to dedetable they were ded and they were dicudentlele to


REF:like we evolved on this planet in the context of all the other animals with which we share
HYP:and we get board on the holds of the wes on all of the colleges of all of which weicks with all

[2026-08-05 14:04:50,609][hybrid.speech_recognize][INFO] - 
REF:like we evolved on this planet in the context of all the other animals with which we share
HYP:and we get board on the holds of the wes on all of the colleges of all of which weicks with all


REF:and the soldier on the front tank said we have unconditional orders to destroy this
HYP:and thisiced on the jeated we have the ed to diined these ditat

[2026-08-05 14:04:50,611][hybrid.speech_recognize][INFO] - 
REF:and the soldier on the front tank said we have unconditional orders to destroy this
HYP:and thisiced on the jeated we have the ed to diined these ditat


REF:so i want to talk to you today about what i think is a much more complete recipe for deep
HYP:so i want to talk to today about what i think more is about much reststing for

[2026-08-05 14:04:51,024][hybrid.speech_recognize][INFO] - 
REF:so i want to talk to you today about what i think is a much more complete recipe for deep
HYP:so i want to talk to today about what i think more is about much reststing for


REF:it's shocking to realize that only 28 percent of american
HYP:it is only seazeeing 2 of 2

[2026-08-05 14:04:51,025][hybrid.speech_recognize][INFO] - 
REF:it's shocking to realize that only 28 percent of american
HYP:it is only seazeeing 2 of 2


REF:and when you think about it it makes a lot of sense because forming a question is a really complex
HYP:and when you think about my meistidizine is a questions and a question

[2026-08-05 14:04:51,027][hybrid.speech_recognize][INFO] - 
REF:and when you think about it it makes a lot of sense because forming a question is a really complex
HYP:and when you think about my meistidizine is a questions and a question


REF:when you really look at it how is it that young people spend most of their time using new technologies
HYP:when we really really look at how of how timeing peoples of the ownss of the time

[2026-08-05 14:04:51,028][hybrid.speech_recognize][INFO] - 
REF:when you really look at it how is it that young people spend most of their time using new technologies
HYP:when we really really look at how of how timeing peoples of the ownss of the time


REF:children are especially sensitive to this repeated stress activation
HYP:shejitsss our defisentivessiententits

[2026-08-05 14:04:51,029][hybrid.speech_recognize][INFO] - 
REF:children are especially sensitive to this repeated stress activation
HYP:shejitsss our defisentivessiententits


REF:so when you're born you can make feelings like calmness and
HYP:so when you're in you can you can make like laze when you find looks

[2026-08-05 14:04:51,030][hybrid.speech_recognize][INFO] - 
REF:so when you're born you can make feelings like calmness and
HYP:so when you're in you can you can make like laze when you find looks


REF:and so knowing that we went to the advertising council and we asked them to help us
HYP:and so that know that we're building to the caring and we went to help to help

[2026-08-05 14:04:51,032][hybrid.speech_recognize][INFO] - 
REF:and so knowing that we went to the advertising council and we asked them to help us
HYP:and so that know that we're building to the caring and we went to help to help


REF:well very often we think about political change in defined compartments these days
HYP:we're very off and we think about change about been deleclecletaments

[2026-08-05 14:04:51,476][hybrid.speech_recognize][INFO] - 
REF:well very often we think about political change in defined compartments these days
HYP:we're very off and we think about change about been deleclecletaments


REF:thousands of women started reaching out to me to share their own stories of pain and agony and shame
HYP:throughout thousands of women's of shhary to sarmining of the parents of me of mes

[2026-08-05 14:04:51,477][hybrid.speech_recognize][INFO] - 
REF:thousands of women started reaching out to me to share their own stories of pain and agony and shame
HYP:throughout thousands of women's of shhary to sarmining of the parents of me of mes


REF:and others resented this comparison between gay rights and civil rights and
HYP:and otherssss remining and othersey even even sens and sins and sensss

[2026-08-05 14:04:51,479][hybrid.speech_recognize][INFO] - 
REF:and others resented this comparison between gay rights and civil rights and
HYP:and otherssss remining and othersey even even sens and sins and sensss


REF:imagine if we had across the country right now in local places but
HYP:imagines we have now now now the country

[2026-08-05 14:04:51,480][hybrid.speech_recognize][INFO] - 
REF:imagine if we had across the country right now in local places but
HYP:imagines we have now now now the country


REF:we are now very comfortable imagining unimaginable technological achievement
HYP:you are now very very deccating and now depeuctotive

[2026-08-05 14:04:51,481][hybrid.speech_recognize][INFO] - 
REF:we are now very comfortable imagining unimaginable technological achievement
HYP:you are now very very deccating and now depeuctotive


REF:it's using past experience based on similar situations to try to make meaning
HYP:it's pass questions this spages to szimmal changes

[2026-08-05 14:04:51,483][hybrid.speech_recognize][INFO] - 
REF:it's using past experience based on similar situations to try to make meaning
HYP:it's pass questions this spages to szimmal changes


REF:there's going to be a new system based on donated package tracking technology from the logistics company that i work for
HYP:there's going to beustuticing it's for talking for theities

[2026-08-05 14:04:51,484][hybrid.speech_recognize][INFO] - 
REF:there's going to be a new system based on donated package tracking technology from the logistics company that i work for
HYP:there's going to beustuticing it's for talking for theities


REF:and it's an issue of the quality and the integrity of science and medicine
HYP:and it's a geneity of the clitys and the as meity

[2026-08-05 14:04:51,949][hybrid.speech_recognize][INFO] - 
REF:and it's an issue of the quality and the integrity of science and medicine
HYP:and it's a geneity of the clitys and the as meity


REF:i'm not strong enough to lift my carry on bag from the ground to the carousel
HYP:i'm not not stagarudadance to beffastatat

[2026-08-05 14:04:51,950][hybrid.speech_recognize][INFO] - 
REF:i'm not strong enough to lift my carry on bag from the ground to the carousel
HYP:i'm not not stagarudadance to beffastatat


REF:some boys broke me when i was so young i did not know what boys can do to break a girl
HYP:some borrus when i was no suguce when i was degoreoret pres

[2026-08-05 14:04:51,952][hybrid.speech_recognize][INFO] - 
REF:some boys broke me when i was so young i did not know what boys can do to break a girl
HYP:some borrus when i was no suguce when i was degoreoret pres


REF:and it's hard and it takes courage but that's why we're alive right
HYP:and it's hard that be hard it's a create

[2026-08-05 14:04:51,953][hybrid.speech_recognize][INFO] - 
REF:and it's hard and it takes courage but that's why we're alive right
HYP:and it's hard that be hard it's a create


REF:but the second of the transformations the climate transformations we have to decide to do
HYP:but the test of the transmors of the lippation that have the do we have to do to do

[2026-08-05 14:04:51,954][hybrid.speech_recognize][INFO] - 
REF:but the second of the transformations the climate transformations we have to decide to do
HYP:but the test of the transmors of the lippation that have the do we have to do to do


REF:so people hear about this study and they're like great if i want to get better at my job i just need to upgrade my browser
HYP:so people are like i're like like like like like they're up up to jobing a coms and i takenocttort

[2026-08-05 14:04:51,956][hybrid.speech_recognize][INFO] - 
REF:so people hear about this study and they're like great if i want to get better at my job i just need to upgrade my browser
HYP:so people are like i're like like like like like they're up up to jobing a coms and i takenocttort


REF:roughly 300 savings and loans involved roughly 600 senior officials
HYP:revely 3s 7sss gas on the others in these veils

[2026-08-05 14:04:51,957][hybrid.speech_recognize][INFO] - 
REF:roughly 300 savings and loans involved roughly 600 senior officials
HYP:revely 3s 7sss gas on the others in these veils


REF:i've struggled to say those words because i didn't want to be defined by them
HYP:i've traed to see because those because i did to be because because because because because in them because their

[2026-08-05 14:04:52,387][hybrid.speech_recognize][INFO] - 
REF:i've struggled to say those words because i didn't want to be defined by them
HYP:i've traed to see because those because i did to be because because because because because in them because their


REF:social change doesn't happen in the arab region through dramatic confrontation
HYP:the so change is happens in that a crack in the exleitition

[2026-08-05 14:04:52,388][hybrid.speech_recognize][INFO] - 
REF:social change doesn't happen in the arab region through dramatic confrontation
HYP:the so change is happens in that a crack in the exleitition


REF:and to do so we've had to believe in impossible things
HYP:and she do to do we've know to find things

[2026-08-05 14:04:52,389][hybrid.speech_recognize][INFO] - 
REF:and to do so we've had to believe in impossible things
HYP:and she do to do we've know to find things


REF:a huge opportunity unleashing of new potential for innovation for development
HYP:a opos for notities creation for interact ad for ditutment for information

[2026-08-05 14:04:52,390][hybrid.speech_recognize][INFO] - 
REF:a huge opportunity unleashing of new potential for innovation for development
HYP:a opos for notities creation for interact ad for ditutment for information


REF:we have the tools but we lack the collective will and momentum
HYP:we have the e but but but but but wellile

[2026-08-05 14:04:52,392][hybrid.speech_recognize][INFO] - 
REF:we have the tools but we lack the collective will and momentum
HYP:we have the e but but but but but wellile


REF:progressive movements are growing and resisting with tremendous courage
HYP:progresssds are be's are grows are growtists with changes so a grownist and

[2026-08-05 14:04:52,393][hybrid.speech_recognize][INFO] - 
REF:progressive movements are growing and resisting with tremendous courage
HYP:progresssds are be's are grows are growtists with changes so a grownist and


REF:what it looks like what it feels like and most of all what its core values are
HYP:what it looks what it looks like what it is a hard of

[2026-08-05 14:04:52,394][hybrid.speech_recognize][INFO] - 
REF:what it looks like what it feels like and most of all what its core values are
HYP:what it looks what it looks like what it is a hard of


REF:don't we already know the consequences of a changing climate on our settled civilization
HYP:nooledd the change of the luling in the ents of change severitering

[2026-08-05 14:04:52,395][hybrid.speech_recognize][INFO] - 
REF:don't we already know the consequences of a changing climate on our settled civilization
HYP:nooledd the change of the luling in the ents of change severitering


REF:they have been sold by their families often to wealthy arab tourists
HYP:they have been been told by nos by the family

[2026-08-05 14:04:52,799][hybrid.speech_recognize][INFO] - 
REF:they have been sold by their families often to wealthy arab tourists
HYP:they have been been told by nos by the family


REF:and so it was that day that we decided we needed to build a crisis text hotline
HYP:and so that night that we decided that we need to be to be

[2026-08-05 14:04:52,800][hybrid.speech_recognize][INFO] - 
REF:and so it was that day that we decided we needed to build a crisis text hotline
HYP:and so that night that we decided that we need to be to be


REF:and all of that sounds great until you figure out where it's really going
HYP:and all of that inces where the congides where do where where it's

[2026-08-05 14:04:52,801][hybrid.speech_recognize][INFO] - 
REF:and all of that sounds great until you figure out where it's really going
HYP:and all of that inces where the congides where do where where it's


REF:but when i was little i remember he would kill flies in our house with my bb gun
HYP:when i was in her when i was madoped when i was pamedd

[2026-08-05 14:04:52,802][hybrid.speech_recognize][INFO] - 
REF:but when i was little i remember he would kill flies in our house with my bb gun
HYP:when i was in her when i was madoped when i was pamedd


REF:we're going to start putting an entire layer of digital information on the real world
HYP:what i started to turn a turn is that is a world on the world of the world

[2026-08-05 14:04:52,804][hybrid.speech_recognize][INFO] - 
REF:we're going to start putting an entire layer of digital information on the real world
HYP:what i started to turn a turn is that is a world on the world of the world


REF:well once again women get the angiogram and nobody can tell that they have a problem
HYP:when one and we't get an he's to have it dids the problem it have a problem

[2026-08-05 14:04:52,805][hybrid.speech_recognize][INFO] - 
REF:well once again women get the angiogram and nobody can tell that they have a problem
HYP:when one and we't get an he's to have it dids the problem it have a problem


REF:but if they don't stay in paris the international pressure will be overwhelming
HYP:but if they don't seecosccens the ints will will will

[2026-08-05 14:04:52,806][hybrid.speech_recognize][INFO] - 
REF:but if they don't stay in paris the international pressure will be overwhelming
HYP:but if they don't seecosccens the ints will will will


REF:this is just one face of a booming sex trade across the arab region
HYP:this is just kind of a concer of a brerration of arcerrrecity

[2026-08-05 14:04:52,807][hybrid.speech_recognize][INFO] - 
REF:this is just one face of a booming sex trade across the arab region
HYP:this is just kind of a concer of a brerration of arcerrrecity


REF:you have to have a high tech experience of pregnancy otherwise something might go wrong
HYP:you have never kind of these dericeing this think in the buidentiririty

[2026-08-05 14:04:53,196][hybrid.speech_recognize][INFO] - 
REF:you have to have a high tech experience of pregnancy otherwise something might go wrong
HYP:you have never kind of these dericeing this think in the buidentiririty


REF:one you need to know where you are and exactly what time it is
HYP:well really you know you know you know and knows where it is you's going to

[2026-08-05 14:04:53,198][hybrid.speech_recognize][INFO] - 
REF:one you need to know where you are and exactly what time it is
HYP:well really you know you know you know and knows where it is you's going to


REF:often what happens is you're planning so hard for like how do i get through the hardest part
HYP:after often happened is so happens is the haras and it'ser about the new

[2026-08-05 14:04:53,199][hybrid.speech_recognize][INFO] - 
REF:often what happens is you're planning so hard for like how do i get through the hardest part
HYP:after often happened is so happens is the haras and it'ser about the new


REF:and i went back home and i said daddy i don't know who i am
HYP:and when i remleting that i don't knowscerer or notlecc i am i am i am

[2026-08-05 14:04:53,200][hybrid.speech_recognize][INFO] - 
REF:and i went back home and i said daddy i don't know who i am
HYP:and when i remleting that i don't knowscerer or notlecc i am i am i am


REF:so the very first thing we wanted to do in this building was look at the air system
HYP:so the very very thing that we want to do and sisaler and the do seded

[2026-08-05 14:04:53,201][hybrid.speech_recognize][INFO] - 
REF:so the very first thing we wanted to do in this building was look at the air system
HYP:so the very very thing that we want to do and sisaler and the do seded


REF:the second is you can put lots and lots of tests in a very small place
HYP:sined a lots a lot of a lots a lot of their lotsss in they are

[2026-08-05 14:04:53,203][hybrid.speech_recognize][INFO] - 
REF:the second is you can put lots and lots of tests in a very small place
HYP:sined a lots a lot of a lots a lot of their lotsss in they are


REF:i think we need something like a manhattan project on the topic of artificial intelligence
HYP:i thinked something something something about a ask of all at the opicss of all of all ens epes

[2026-08-05 14:04:53,204][hybrid.speech_recognize][INFO] - 
REF:i think we need something like a manhattan project on the topic of artificial intelligence
HYP:i thinked something something something about a ask of all at the opicss of all of all ens epes


REF:it brings people together and it supports creativity and social cohesion
HYP:he put people people people on an as sifists and so social los

[2026-08-05 14:04:53,205][hybrid.speech_recognize][INFO] - 
REF:it brings people together and it supports creativity and social cohesion
HYP:he put people people people on an as sifists and so social los


REF:it was faulty and most of the time i had to restart it over and over before it worked
HYP:it was the first time times and i had sted over i had before before or before before

[2026-08-05 14:04:53,628][hybrid.speech_recognize][INFO] - 
REF:it was faulty and most of the time i had to restart it over and over before it worked
HYP:it was the first time times and i had sted over i had before before or before before


REF:i hope that we can all be a little bit brave when we most need such bravery
HYP:i hope that we hope me me me meing a lot to be erirtatad

[2026-08-05 14:04:53,629][hybrid.speech_recognize][INFO] - 
REF:i hope that we can all be a little bit brave when we most need such bravery
HYP:i hope that we hope me me me meing a lot to be erirtatad


REF:there's love and there's friendship and there's protection
HYP:so there are there are fens and you goed and those and the fention

[2026-08-05 14:04:53,630][hybrid.speech_recognize][INFO] - 
REF:there's love and there's friendship and there's protection
HYP:so there are there are fens and you goed and those and the fention


REF:african americans supported it at a higher level than had ever been recorded
HYP:exunorss at our recordus at a part that i's an been been be

[2026-08-05 14:04:53,632][hybrid.speech_recognize][INFO] - 
REF:african americans supported it at a higher level than had ever been recorded
HYP:exunorss at our recordus at a part that i's an been been be


REF:so i'm not saying that staying in the workforce is the right thing for everyone
HYP:so i'm not saying the sin isfoining for the world is for this's

[2026-08-05 14:04:53,633][hybrid.speech_recognize][INFO] - 
REF:so i'm not saying that staying in the workforce is the right thing for everyone
HYP:so i'm not saying the sin isfoining for the world is for this's


REF:you don't have to bring any quarters because the washer and dryer are free
HYP:you don't have to be because the words on hary because they don's

[2026-08-05 14:04:53,634][hybrid.speech_recognize][INFO] - 
REF:you don't have to bring any quarters because the washer and dryer are free
HYP:you don't have to be because the words on hary because they don's


REF:this economy won't work and thomas jefferson saying the people won't trust that
HYP:and we'm saying you will shus and people and peoples the people and people

[2026-08-05 14:04:53,635][hybrid.speech_recognize][INFO] - 
REF:this economy won't work and thomas jefferson saying the people won't trust that
HYP:and we'm saying you will shus and people and peoples the people and people


REF:texting has developed one from this slash
HYP:ticing had had a disd has help to spas

[2026-08-05 14:04:53,636][hybrid.speech_recognize][INFO] - 
REF:texting has developed one from this slash
HYP:ticing had had a disd has help to spas


REF:we had drawn a blank and it wasn't just iraq and afghanistan
HYP:we needed a planderagirier and it was a engenced

[2026-08-05 14:04:54,049][hybrid.speech_recognize][INFO] - 
REF:we had drawn a blank and it wasn't just iraq and afghanistan
HYP:we needed a planderagirier and it was a engenced


REF:and imagine what might happen because every region has something to offer
HYP:and imagines what's happened happened

[2026-08-05 14:04:54,050][hybrid.speech_recognize][INFO] - 
REF:and imagine what might happen because every region has something to offer
HYP:and imagines what's happened happened


REF:wealth is ripped away from people who shouldn't be called unproductive
HYP:well this hped from people from people way to be auccd

[2026-08-05 14:04:54,051][hybrid.speech_recognize][INFO] - 
REF:wealth is ripped away from people who shouldn't be called unproductive
HYP:well this hped from people from people way to be auccd


REF:getting a college education is a 20 year investment
HYP:that's not 11 and you isvage in the enment

[2026-08-05 14:04:54,053][hybrid.speech_recognize][INFO] - 
REF:getting a college education is a 20 year investment
HYP:that's not 11 and you isvage in the enment


REF:science fiction is one of the greatest and most effective forms of political writing
HYP:take is one of the most ones is some ismiting of brain

[2026-08-05 14:04:54,054][hybrid.speech_recognize][INFO] - 
REF:science fiction is one of the greatest and most effective forms of political writing
HYP:take is one of the most ones is some ismiting of brain


REF:their parents are so poor they have no resources to get them back
HYP:they pels so so so so theymed to have that in that in that

[2026-08-05 14:04:54,055][hybrid.speech_recognize][INFO] - 
REF:their parents are so poor they have no resources to get them back
HYP:they pels so so so so theymed to have that in that in that


REF:some of them got out of the army and had tremendous psychological problems when they got home
HYP:some of ly are the omanansssss problems of they comes

[2026-08-05 14:04:54,056][hybrid.speech_recognize][INFO] - 
REF:some of them got out of the army and had tremendous psychological problems when they got home
HYP:some of ly are the omanansssss problems of they comes


REF:now at that time camden new jersey was the most dangerous city in america
HYP:now at that time is time to beginning is an in the most

[2026-08-05 14:04:54,057][hybrid.speech_recognize][INFO] - 
REF:now at that time camden new jersey was the most dangerous city in america
HYP:now at that time is time to beginning is an in the most


REF:dan replies so often you won't even notice it
HYP:takeado so pres you don't known't even even

[2026-08-05 14:04:54,485][hybrid.speech_recognize][INFO] - 
REF:dan replies so often you won't even notice it
HYP:takeado so pres you don't known't even even


REF:when this happens we're not able to appreciate who they are
HYP:what this this happens we're going to acks they are

[2026-08-05 14:04:54,486][hybrid.speech_recognize][INFO] - 
REF:when this happens we're not able to appreciate who they are
HYP:what this this happens we're going to acks they are


REF:it's a composite view that's constantly changing and being updated
HYP:it's the positive of you's being being seing meing meing me

[2026-08-05 14:04:54,487][hybrid.speech_recognize][INFO] - 
REF:it's a composite view that's constantly changing and being updated
HYP:it's the positive of you's being being seing meing meing me


REF:so they won't go for a walk they won't hang out with their friends they won't eat
HYP:don't want they walk on your love't out out outs and ficks

[2026-08-05 14:04:54,489][hybrid.speech_recognize][INFO] - 
REF:so they won't go for a walk they won't hang out with their friends they won't eat
HYP:don't want they walk on your love't out out outs and ficks


REF:we do train them however to adjust caution according to where they are
HYP:when you triles how you don's a lots are geing it's the gos are

[2026-08-05 14:04:54,490][hybrid.speech_recognize][INFO] - 
REF:we do train them however to adjust caution according to where they are
HYP:when you triles how you don's a lots are geing it's the gos are


REF:because each year the winner has come from a different tribal group
HYP:because i can way from the whles from a different from different different different different

[2026-08-05 14:04:54,491][hybrid.speech_recognize][INFO] - 
REF:because each year the winner has come from a different tribal group
HYP:because i can way from the whles from a different from different different different different


REF:it came from the way in which beijing has grown as a city
HYP:it came from the way from the wayscalcccas

[2026-08-05 14:04:54,492][hybrid.speech_recognize][INFO] - 
REF:it came from the way in which beijing has grown as a city
HYP:it came from the way from the wayscalcccas


REF:the same tool that united us to topple dictators
HYP:the same is school that you

[2026-08-05 14:04:54,493][hybrid.speech_recognize][INFO] - 
REF:the same tool that united us to topple dictators
HYP:the same is school that you


REF:and they would take a yellow sticky and they would write something on it and they would put it up on a board
HYP:and they would take in ancotatily that they were bupport

[2026-08-05 14:04:54,897][hybrid.speech_recognize][INFO] - 
REF:and they would take a yellow sticky and they would write something on it and they would put it up on a board
HYP:and they would take in ancotatily that they were bupport


REF:so we need a system that helps all our teachers be as good as the best
HYP:so in a seemymms that help to help to be all the be

[2026-08-05 14:04:54,899][hybrid.speech_recognize][INFO] - 
REF:so we need a system that helps all our teachers be as good as the best
HYP:so in a seemymms that help to help to be all the be


REF:i learned to write like them and then i learned to write as myself
HYP:i learned to way to wit and i looked to way and then as i looked

[2026-08-05 14:04:54,900][hybrid.speech_recognize][INFO] - 
REF:i learned to write like them and then i learned to write as myself
HYP:i learned to way to wit and i looked to way and then as i looked


REF:china is the world's greatest anti poverty program over the last three decades
HYP:jumpities goities to be famosticing the the last of the lasts

[2026-08-05 14:04:54,901][hybrid.speech_recognize][INFO] - 
REF:china is the world's greatest anti poverty program over the last three decades
HYP:jumpities goities to be famosticing the the last of the lasts


REF:how can we get so much information out of so little motion
HYP:how do we get so much much interion

[2026-08-05 14:04:54,902][hybrid.speech_recognize][INFO] - 
REF:how can we get so much information out of so little motion
HYP:how do we get so much much interion


REF:they are gorgeous and headstrong brilliant girls who are a whole lot of brave
HYP:they are the questionss to today to a decks they're got to give the lot of life

[2026-08-05 14:04:54,903][hybrid.speech_recognize][INFO] - 
REF:they are gorgeous and headstrong brilliant girls who are a whole lot of brave
HYP:they are the questionss to today to a decks they're got to give the lot of life


REF:for africans homegrown science fiction can be a will to power
HYP:forfrastors with one ens were ewerowor

[2026-08-05 14:04:54,905][hybrid.speech_recognize][INFO] - 
REF:for africans homegrown science fiction can be a will to power
HYP:forfrastors with one ens were ewerowor


REF:his name is lonnie hodge and he's a veteran of vietnam
HYP:it's a notherer is aananeragy

[2026-08-05 14:04:54,906][hybrid.speech_recognize][INFO] - 
REF:his name is lonnie hodge and he's a veteran of vietnam
HYP:it's a notherer is aananeragy


REF:and so we need to do better at copying their natural environment to get them to thrive
HYP:and so we need to do a eltssssss we need towentents in the ways

[2026-08-05 14:04:55,258][hybrid.speech_recognize][INFO] - 
REF:and so we need to do better at copying their natural environment to get them to thrive
HYP:and so we need to do a eltssssss we need towentents in the ways


REF:i think what that means is that people just couldn't see what was in front of them
HYP:i think that means is people is people is she couldn't feel in them

[2026-08-05 14:04:55,260][hybrid.speech_recognize][INFO] - 
REF:i think what that means is that people just couldn't see what was in front of them
HYP:i think that means is people is people is she couldn't feel in them


REF:and that's even if you're working way more than full time hours
HYP:and that's if you's more more more more than than it's

[2026-08-05 14:04:55,261][hybrid.speech_recognize][INFO] - 
REF:and that's even if you're working way more than full time hours
HYP:and that's if you's more more more more than than it's


REF:we go out there and we hop in our cars and we drive from place to place
HYP:when you know that we think in a gamestrirs in the polakes

[2026-08-05 14:04:55,262][hybrid.speech_recognize][INFO] - 
REF:we go out there and we hop in our cars and we drive from place to place
HYP:when you know that we think in a gamestrirs in the polakes


REF:everybody focuses on the things that kill us and that's what i was focusing on
HYP:everybody sees on that i was things on the things on that i was

[2026-08-05 14:04:55,263][hybrid.speech_recognize][INFO] - 
REF:everybody focuses on the things that kill us and that's what i was focusing on
HYP:everybody sees on that i was things on the things on that i was


REF:we took camden off the top of the list as the most dangerous city in america
HYP:when your name is the same in the concept of the lazy was a los of the americaercining in america

[2026-08-05 14:04:55,264][hybrid.speech_recognize][INFO] - 
REF:we took camden off the top of the list as the most dangerous city in america
HYP:when your name is the same in the concept of the lazy was a los of the americaercining in america


REF:so this is not the slogan from an inspirational poster
HYP:so this is not not the dicoratiting from an mitit from the popt

[2026-08-05 14:04:55,265][hybrid.speech_recognize][INFO] - 
REF:so this is not the slogan from an inspirational poster
HYP:so this is not not the dicoratiting from an mitit from the popt


REF:and they wanted to look at the microbes after the transplants
HYP:and they want to fiterogrogy have the pory

[2026-08-05 14:04:55,267][hybrid.speech_recognize][INFO] - 
REF:and they wanted to look at the microbes after the transplants
HYP:and they want to fiterogrogy have the pory


REF:so it's more about capturing an idea than about capturing a moment really
HYP:so this's more about time hard that i'd talking about kcherggments

[2026-08-05 14:04:55,687][hybrid.speech_recognize][INFO] - 
REF:so it's more about capturing an idea than about capturing a moment really
HYP:so this's more about time hard that i'd talking about kcherggments


REF:so since then i've been the bridge and a lot of people have walked over me
HYP:so that give me me me me me me i've over over over me

[2026-08-05 14:04:55,688][hybrid.speech_recognize][INFO] - 
REF:so since then i've been the bridge and a lot of people have walked over me
HYP:so that give me me me me me me i've over over over me


REF:we change the economics for the bad guys
HYP:we change the chamamad for the bdd for the body

[2026-08-05 14:04:55,689][hybrid.speech_recognize][INFO] - 
REF:we change the economics for the bad guys
HYP:we change the chamamad for the bdd for the body


REF:it took six days to deploy a global malware campaign
HYP:it's these days my burmy and power

[2026-08-05 14:04:55,690][hybrid.speech_recognize][INFO] - 
REF:it took six days to deploy a global malware campaign
HYP:it's these days my burmy and power


REF:and i want to make the point that as members of society we need to
HYP:and i want tompyss of examples that we need to do

[2026-08-05 14:04:55,692][hybrid.speech_recognize][INFO] - 
REF:and i want to make the point that as members of society we need to
HYP:and i want tompyss of examples that we need to do


REF:they all look the same under a microscope i mean to a first approximation
HYP:they all all the same at the same of mimetens

[2026-08-05 14:04:55,693][hybrid.speech_recognize][INFO] - 
REF:they all look the same under a microscope i mean to a first approximation
HYP:they all all the same at the same of mimetens


REF:pain runs through my body with the fires of my love for you
HYP:many parents it's with my flas of my falailes

[2026-08-05 14:04:55,694][hybrid.speech_recognize][INFO] - 
REF:pain runs through my body with the fires of my love for you
HYP:many parents it's with my flas of my falailes


REF:we see it as a disruption of real life and important work
HYP:there was straption of life life

[2026-08-05 14:04:55,695][hybrid.speech_recognize][INFO] - 
REF:we see it as a disruption of real life and important work
HYP:there was straption of life life


REF:i am fascinated by those times when people do not see eye to eye
HYP:i am i am falled by their time you'm not remmised and i'mised

[2026-08-05 14:04:56,069][hybrid.speech_recognize][INFO] - 
REF:i am fascinated by those times when people do not see eye to eye
HYP:i am i am falled by their time you'm not remmised and i'mised


REF:the choices don't make sense because it's the wrong question
HYP:the same is ideas because because this's don's

[2026-08-05 14:04:56,070][hybrid.speech_recognize][INFO] - 
REF:the choices don't make sense because it's the wrong question
HYP:the same is ideas because because this's don's


REF:they're completely flat and they're basically cardboard characters
HYP:they're like the bily and the brains of the oldsss

[2026-08-05 14:04:56,071][hybrid.speech_recognize][INFO] - 
REF:they're completely flat and they're basically cardboard characters
HYP:they're like the bily and the brains of the oldsss


REF:and at the other end of the spectrum we're doing an equally terrible job
HYP:and i think the other else's we're take you're doing to a doing to exer

[2026-08-05 14:04:56,072][hybrid.speech_recognize][INFO] - 
REF:and at the other end of the spectrum we're doing an equally terrible job
HYP:and i think the other else's we're take you're doing to a doing to exer


REF:but just imagine for a moment what this must feel like
HYP:but just just a pappoption just just it's just looking like

[2026-08-05 14:04:56,073][hybrid.speech_recognize][INFO] - 
REF:but just imagine for a moment what this must feel like
HYP:but just just a pappoption just just it's just looking like


REF:we had the battle between jefferson and hamilton
HYP:we get to the paditing the hifyss in adenting

[2026-08-05 14:04:56,075][hybrid.speech_recognize][INFO] - 
REF:we had the battle between jefferson and hamilton
HYP:we get to the paditing the hifyss in adenting


REF:growing up i was always intrigued by how people change
HYP:the so i was doing you was straring and how i was how

[2026-08-05 14:04:56,076][hybrid.speech_recognize][INFO] - 
REF:growing up i was always intrigued by how people change
HYP:the so i was doing you was straring and how i was how


REF:so after 25 years i began to feel as though i was running dry
HYP:it's 2 2 to be fiveimives but i's the gigigigieiig

[2026-08-05 14:04:56,077][hybrid.speech_recognize][INFO] - 
REF:so after 25 years i began to feel as though i was running dry
HYP:it's 2 2 to be fiveimives but i's the gigigigieiig


REF:more trust is not an intelligent aim in this life
HYP:more more cases is the slen's not not sey

[2026-08-05 14:04:56,392][hybrid.speech_recognize][INFO] - 
REF:more trust is not an intelligent aim in this life
HYP:more more cases is the slen's not not sey


REF:but too often my treatments made them feel worse
HYP:but you do off and my comiin them made mades

[2026-08-05 14:04:56,393][hybrid.speech_recognize][INFO] - 
REF:but too often my treatments made them feel worse
HYP:but you do off and my comiin them made mades


REF:so the answer to the second question can we change
HYP:so the answer that the questions the question

[2026-08-05 14:04:56,394][hybrid.speech_recognize][INFO] - 
REF:so the answer to the second question can we change
HYP:so the answer that the questions the question


REF:seventy five percent of them are women and children
HYP:77 of them of them of them of them

[2026-08-05 14:04:56,395][hybrid.speech_recognize][INFO] - 
REF:seventy five percent of them are women and children
HYP:77 of them of them of them of them


REF:i see now i never was one and not the other
HYP:i had't see you was a oneing was was with the nightstlet

[2026-08-05 14:04:56,396][hybrid.speech_recognize][INFO] - 
REF:i see now i never was one and not the other
HYP:i had't see you was a oneing was was with the nightstlet


REF:one woman no longer believes love will ever find her
HYP:when when no logias would have breaths would have have a have

[2026-08-05 14:04:56,397][hybrid.speech_recognize][INFO] - 
REF:one woman no longer believes love will ever find her
HYP:when when no logias would have breaths would have have a have


REF:it turns out the evidence says otherwise
HYP:it turns out out that the end of us at the other

[2026-08-05 14:04:56,398][hybrid.speech_recognize][INFO] - 
REF:it turns out the evidence says otherwise
HYP:it turns out out that the end of us at the other


REF:nor do i think we are by ourselves actually going to solve the problem
HYP:and so we all that we all is the problems is the problem

[2026-08-05 14:04:56,399][hybrid.speech_recognize][INFO] - 
REF:nor do i think we are by ourselves actually going to solve the problem
HYP:and so we all that we all is the problems is the problem


REF:as an inventor i try and turn fantasy into reality
HYP:as the estths as the realrasity lis as the realityityity

[2026-08-05 14:04:56,735][hybrid.speech_recognize][INFO] - 
REF:as an inventor i try and turn fantasy into reality
HYP:as the estths as the realrasity lis as the realityityity


REF:with that you can actually trigger aid funding before a crisis can happen
HYP:with that actually you can actually excofens and you actuallyded it's before

[2026-08-05 14:04:56,736][hybrid.speech_recognize][INFO] - 
REF:with that you can actually trigger aid funding before a crisis can happen
HYP:with that actually you can actually excofens and you actuallyded it's before


REF:she contacted anyone and everyone who was willing to buy my work
HYP:you're not like any anything to any we'd going to be porydag

[2026-08-05 14:04:56,737][hybrid.speech_recognize][INFO] - 
REF:she contacted anyone and everyone who was willing to buy my work
HYP:you're not like any anything to any we'd going to be porydag


REF:we were making what was invisible visible
HYP:we were meagggising that was invas invable

[2026-08-05 14:04:56,738][hybrid.speech_recognize][INFO] - 
REF:we were making what was invisible visible
HYP:we were meagggising that was invas invable


REF:my research team and i went to west point military academy
HYP:my researchpcess on one i went to one one

[2026-08-05 14:04:56,739][hybrid.speech_recognize][INFO] - 
REF:my research team and i went to west point military academy
HYP:my researchpcess on one i went to one one


REF:and they say i want to work in global poverty but what will it mean about my career
HYP:and they said how would we rareing about it would make about it's about it

[2026-08-05 14:04:56,741][hybrid.speech_recognize][INFO] - 
REF:and they say i want to work in global poverty but what will it mean about my career
HYP:and they said how would we rareing about it would make about it's about it


REF:but the magnitude of the problem is something we need to appreciate
HYP:but the math is that the problem the problem that we need to see the problem

[2026-08-05 14:04:56,742][hybrid.speech_recognize][INFO] - 
REF:but the magnitude of the problem is something we need to appreciate
HYP:but the math is that the problem the problem that we need to see the problem


REF:he asked what do women need to do to conform to female norms
HYP:he asked one when youmermlis inmers

[2026-08-05 14:04:56,743][hybrid.speech_recognize][INFO] - 
REF:he asked what do women need to do to conform to female norms
HYP:he asked one when youmermlis inmers


REF:any spoken language that's used by real people has them
HYP:he can speak what sitits by the ruchch

[2026-08-05 14:04:57,054][hybrid.speech_recognize][INFO] - 
REF:any spoken language that's used by real people has them
HYP:he can speak what sitits by the ruchch


REF:it's a coming of age for bringing data into the humanitarian world
HYP:it's a grown's up in the world in the world world

[2026-08-05 14:04:57,055][hybrid.speech_recognize][INFO] - 
REF:it's a coming of age for bringing data into the humanitarian world
HYP:it's a grown's up in the world in the world world


REF:who is going to inherit his name and his fortune
HYP:who was going to going to get a lit and thisral

[2026-08-05 14:04:57,056][hybrid.speech_recognize][INFO] - 
REF:who is going to inherit his name and his fortune
HYP:who was going to going to get a lit and thisral


REF:they're too busy putting out daily fires to think ahead strategically
HYP:and you's be buy outs outn's going to go dire the dis

[2026-08-05 14:04:57,058][hybrid.speech_recognize][INFO] - 
REF:they're too busy putting out daily fires to think ahead strategically
HYP:and you's be buy outs outn's going to go dire the dis


REF:whatever it is about that person where they were born things like that
HYP:we really reads about the morits like the mopes the things like that

[2026-08-05 14:04:57,059][hybrid.speech_recognize][INFO] - 
REF:whatever it is about that person where they were born things like that
HYP:we really reads about the morits like the mopes the things like that


REF:it was a remarkable privilege and an amazing education
HYP:it was a incrediblefulfulful's

[2026-08-05 14:04:57,060][hybrid.speech_recognize][INFO] - 
REF:it was a remarkable privilege and an amazing education
HYP:it was a incrediblefulfulful's


REF:now in all seriousness movies are actually really important
HYP:now in ourterors is actually is actually actually actually actually important

[2026-08-05 14:04:57,061][hybrid.speech_recognize][INFO] - 
REF:now in all seriousness movies are actually really important
HYP:now in ourterors is actually is actually actually actually actually important


REF:now my own speciality is combining digital technology and magic
HYP:now we know to be degalics and a detensition

[2026-08-05 14:04:57,062][hybrid.speech_recognize][INFO] - 
REF:now my own speciality is combining digital technology and magic
HYP:now we know to be degalics and a detensition


REF:they dreamed up a variety of horrifying scenarios
HYP:they had up up up of all all all of allsacucy

[2026-08-05 14:04:57,457][hybrid.speech_recognize][INFO] - 
REF:they dreamed up a variety of horrifying scenarios
HYP:they had up up up of all all all of allsacucy


REF:and now we want to do a double double of the age wave coming through
HYP:now we want to do the do the kind of an of the eletles

[2026-08-05 14:04:57,459][hybrid.speech_recognize][INFO] - 
REF:and now we want to do a double double of the age wave coming through
HYP:now we want to do the do the kind of an of the eletles


REF:you take them away disease comes back horrible diseases
HYP:takes the way them we see to the sral back and all

[2026-08-05 14:04:57,460][hybrid.speech_recognize][INFO] - 
REF:you take them away disease comes back horrible diseases
HYP:takes the way them we see to the sral back and all


REF:our city couldn't possibly handle any more cars
HYP:there should be approach can be pattes

[2026-08-05 14:04:57,461][hybrid.speech_recognize][INFO] - 
REF:our city couldn't possibly handle any more cars
HYP:there should be approach can be pattes


REF:what if obesity isn't the cause of insulin resistance at all
HYP:one of the drug is is is is of us is the colucas

[2026-08-05 14:04:57,462][hybrid.speech_recognize][INFO] - 
REF:what if obesity isn't the cause of insulin resistance at all
HYP:one of the drug is is is is of us is the colucas


REF:even if we get everybody working on it we've got to be strategic
HYP:and if we needing the give an we've going to being

[2026-08-05 14:04:57,463][hybrid.speech_recognize][INFO] - 
REF:even if we get everybody working on it we've got to be strategic
HYP:and if we needing the give an we've going to being


REF:these guys could be true to their purpose which was finding oil and gas
HYP:these kind is be be going to berrgrants at the other

[2026-08-05 14:04:57,464][hybrid.speech_recognize][INFO] - 
REF:these guys could be true to their purpose which was finding oil and gas
HYP:these kind is be be going to berrgrants at the other


REF:we met men where they were at and we built a program
HYP:we might mem when when when they's a cray

[2026-08-05 14:04:57,465][hybrid.speech_recognize][INFO] - 
REF:we met men where they were at and we built a program
HYP:we might mem when when when they's a cray


REF:why are we supposed to have a connection with every single painting
HYP:and why we were have to have a kind with a single day with see

[2026-08-05 14:04:57,843][hybrid.speech_recognize][INFO] - 
REF:why are we supposed to have a connection with every single painting
HYP:and why we were have to have a kind with a single day with see


REF:and they definitely have been shown to be effective in some cases
HYP:and theyfifhhin they have themn't have in that in in in

[2026-08-05 14:04:57,844][hybrid.speech_recognize][INFO] - 
REF:and they definitely have been shown to be effective in some cases
HYP:and theyfifhhin they have themn't have in that in in in


REF:i know platforms i know computers they put me on the internet when i was young
HYP:and no playing they could premormd on they explains when a lot of

[2026-08-05 14:04:57,846][hybrid.speech_recognize][INFO] - 
REF:i know platforms i know computers they put me on the internet when i was young
HYP:and no playing they could premormd on they explains when a lot of


REF:she never had to duck and cover under her desk at school
HYP:she never had a stedtly nustis at her

[2026-08-05 14:04:57,847][hybrid.speech_recognize][INFO] - 
REF:she never had to duck and cover under her desk at school
HYP:she never had a stedtly nustis at her


REF:the question for us now is how much can we make of it
HYP:and the question is how is uss now is we can make

[2026-08-05 14:04:57,848][hybrid.speech_recognize][INFO] - 
REF:the question for us now is how much can we make of it
HYP:and the question is how is uss now is we can make


REF:but if you won't move we'll have no choice but to run you down
HYP:but if the one move to have you have auwust

[2026-08-05 14:04:57,849][hybrid.speech_recognize][INFO] - 
REF:but if you won't move we'll have no choice but to run you down
HYP:but if the one move to have you have auwust


REF:we can do it two people together trying to improve trust
HYP:we need to new peoples who being to be bus

[2026-08-05 14:04:57,850][hybrid.speech_recognize][INFO] - 
REF:we can do it two people together trying to improve trust
HYP:we need to new peoples who being to be bus


REF:it's super real and it's happening around you
HYP:it's an an armor of it is addd around you

[2026-08-05 14:04:57,851][hybrid.speech_recognize][INFO] - 
REF:it's super real and it's happening around you
HYP:it's an an armor of it is addd around you


REF:the supreme court has fallen way down from what it used to be
HYP:some of works works to be ways all a way

[2026-08-05 14:04:58,146][hybrid.speech_recognize][INFO] - 
REF:the supreme court has fallen way down from what it used to be
HYP:some of works works to be ways all a way


REF:i mean i thought poetry was just self expression
HYP:i mean i thought it was pastens as just just sfientation

[2026-08-05 14:04:58,147][hybrid.speech_recognize][INFO] - 
REF:i mean i thought poetry was just self expression
HYP:i mean i thought it was pastens as just just sfientation


REF:whereas giving and taking are more of your inner motives what are your values
HYP:what is againing the living a emotive of our country of your values

[2026-08-05 14:04:58,148][hybrid.speech_recognize][INFO] - 
REF:whereas giving and taking are more of your inner motives what are your values
HYP:what is againing the living a emotive of our country of your values


REF:this is a crisis that's getting worse day by day
HYP:this is an asksing by keeps

[2026-08-05 14:04:58,149][hybrid.speech_recognize][INFO] - 
REF:this is a crisis that's getting worse day by day
HYP:this is an asksing by keeps


REF:we can create a global parliament of mayors
HYP:we need to created person a bumymmmals of pas

[2026-08-05 14:04:58,150][hybrid.speech_recognize][INFO] - 
REF:we can create a global parliament of mayors
HYP:we need to created person a bumymmmals of pas


REF:they were arguing with one another about access to the holy sites
HYP:they were all with one about the works we did

[2026-08-05 14:04:58,151][hybrid.speech_recognize][INFO] - 
REF:they were arguing with one another about access to the holy sites
HYP:they were all with one about the works we did


REF:so what's women's experience as it relates to mentoring
HYP:so as as wemppted as as as as

[2026-08-05 14:04:58,152][hybrid.speech_recognize][INFO] - 
REF:so what's women's experience as it relates to mentoring
HYP:so as as wemppted as as as as


REF:sickness health tender violence
HYP:it's not says how armon and bless

[2026-08-05 14:04:58,153][hybrid.speech_recognize][INFO] - 
REF:sickness health tender violence
HYP:it's not says how armon and bless


REF:and someone who has that kind of artistic potential deserves so much more
HYP:so you need that need of a ditentental at much more

[2026-08-05 14:04:58,570][hybrid.speech_recognize][INFO] - 
REF:and someone who has that kind of artistic potential deserves so much more
HYP:so you need that need of a ditentental at much more


REF:so they don't have to rely on people that are getting scarcer to help them
HYP:so they don't have to have to get people on people

[2026-08-05 14:04:58,571][hybrid.speech_recognize][INFO] - 
REF:so they don't have to rely on people that are getting scarcer to help them
HYP:so they don't have to have to get people on people


REF:but i grew up in canada far from my arab roots
HYP:but i dugo had a eye farogr from my eye

[2026-08-05 14:04:58,572][hybrid.speech_recognize][INFO] - 
REF:but i grew up in canada far from my arab roots
HYP:but i dugo had a eye farogr from my eye


REF:this is a bit of a difficult image to put up on the screen
HYP:this's a billion of serericicing on the sibin

[2026-08-05 14:04:58,573][hybrid.speech_recognize][INFO] - 
REF:this is a bit of a difficult image to put up on the screen
HYP:this's a billion of serericicing on the sibin


REF:it worked for the oakland a's and it worked in the state of new jersey
HYP:it work for the hold for the lealley in the sicicy

[2026-08-05 14:04:58,575][hybrid.speech_recognize][INFO] - 
REF:it worked for the oakland a's and it worked in the state of new jersey
HYP:it work for the hold for the lealley in the sicicy


REF:and when she went to complain to a major he said what
HYP:i once you take in a mepprodity in the srn

[2026-08-05 14:04:58,576][hybrid.speech_recognize][INFO] - 
REF:and when she went to complain to a major he said what
HYP:i once you take in a mepprodity in the srn


REF:sometimes it's messy and it's always unpredictable
HYP:sometimes it's always always always always always always always pretit

[2026-08-05 14:04:58,577][hybrid.speech_recognize][INFO] - 
REF:sometimes it's messy and it's always unpredictable
HYP:sometimes it's always always always always always always always pretit


REF:but now check out where they go on our tree of life
HYP:but now now we't know going to goide or they've're

[2026-08-05 14:04:58,578][hybrid.speech_recognize][INFO] - 
REF:but now check out where they go on our tree of life
HYP:but now now we't know going to goide or they've're


REF:i was looking for this thing that only fools seem to look for
HYP:i was noting confing they all 1 infraring

[2026-08-05 14:04:58,972][hybrid.speech_recognize][INFO] - 
REF:i was looking for this thing that only fools seem to look for
HYP:i was noting confing they all 1 infraring


REF:i have looked at the best and i've looked at some of the worst
HYP:i have looked at the numberseded and i've looked

[2026-08-05 14:04:58,973][hybrid.speech_recognize][INFO] - 
REF:i have looked at the best and i've looked at some of the worst
HYP:i have looked at the numberseded and i've looked


REF:the gas that they used at first in many cases was oxygen
HYP:the answer patteses they usrtratation with mmos

[2026-08-05 14:04:58,974][hybrid.speech_recognize][INFO] - 
REF:the gas that they used at first in many cases was oxygen
HYP:the answer patteses they usrtratation with mmos


REF:we push and pull and poke and prod things
HYP:we put ph and we put and bril and

[2026-08-05 14:04:58,975][hybrid.speech_recognize][INFO] - 
REF:we push and pull and poke and prod things
HYP:we put ph and we put and bril and


REF:only one percent of the people are actually farmers
HYP:oppens all the people in this slants in this

[2026-08-05 14:04:58,976][hybrid.speech_recognize][INFO] - 
REF:only one percent of the people are actually farmers
HYP:oppens all the people in this slants in this


REF:now hamilton was everything madison was not
HYP:now her was entateate was was wasitit

[2026-08-05 14:04:58,977][hybrid.speech_recognize][INFO] - 
REF:now hamilton was everything madison was not
HYP:now her was entateate was was wasitit


REF:texting has a 100 percent open rate
HYP:that is a one of onest percent

[2026-08-05 14:04:58,978][hybrid.speech_recognize][INFO] - 
REF:texting has a 100 percent open rate
HYP:that is a one of onest percent


REF:well imagine you're walking in the forest and you see a bear
HYP:well imagineing the first fining in the fapping se

[2026-08-05 14:04:58,979][hybrid.speech_recognize][INFO] - 
REF:well imagine you're walking in the forest and you see a bear
HYP:well imagineing the first fining in the fapping se


REF:and when i was 10 i didn't realize how amazing it was
HYP:when i was very i was conding it was was it was it was it was

[2026-08-05 14:04:59,357][hybrid.speech_recognize][INFO] - 
REF:and when i was 10 i didn't realize how amazing it was
HYP:when i was very i was conding it was was it was it was it was


REF:of course we're going to go even deeper than the human body
HYP:of course we're going to give arirnt as a human a human

[2026-08-05 14:04:59,358][hybrid.speech_recognize][INFO] - 
REF:of course we're going to go even deeper than the human body
HYP:of course we're going to give arirnt as a human a human


REF:but quite frankly on this issue there is no other road
HYP:but we are frrely on this to suth there's no

[2026-08-05 14:04:59,359][hybrid.speech_recognize][INFO] - 
REF:but quite frankly on this issue there is no other road
HYP:but we are frrely on this to suth there's no


REF:without it we literally can't interface with others
HYP:without without without ttating really offs with other with others

[2026-08-05 14:04:59,360][hybrid.speech_recognize][INFO] - 
REF:without it we literally can't interface with others
HYP:without without without ttating really offs with other with others


REF:that is some deep deep emotion when you would want to do that
HYP:and it's the spep up the do you want you want to do

[2026-08-05 14:04:59,361][hybrid.speech_recognize][INFO] - 
REF:that is some deep deep emotion when you would want to do that
HYP:and it's the spep up the do you want you want to do


REF:why not ask all of the states to do that instead
HYP:why don't all all of these kinds to do

[2026-08-05 14:04:59,362][hybrid.speech_recognize][INFO] - 
REF:why not ask all of the states to do that instead
HYP:why don't all all of these kinds to do


REF:and the problem that we're solving is what are those things
HYP:and the problem is tests of these in these days

[2026-08-05 14:04:59,363][hybrid.speech_recognize][INFO] - 
REF:and the problem that we're solving is what are those things
HYP:and the problem is tests of these in these days


REF:this is not a photo profile for your facebook
HYP:this is aish that a fun a friend of veoviziz

[2026-08-05 14:04:59,364][hybrid.speech_recognize][INFO] - 
REF:this is not a photo profile for your facebook
HYP:this is aish that a fun a friend of veoviziz


REF:so i changed my immediate goal to 10000 faces
HYP:so i changeed my in a collandstursssss

[2026-08-05 14:04:59,634][hybrid.speech_recognize][INFO] - 
REF:so i changed my immediate goal to 10000 faces
HYP:so i changeed my in a collandstursssss


REF:for hepatitis it was also two and a half times
HYP:eersocks also it was time to have the same time time

[2026-08-05 14:04:59,635][hybrid.speech_recognize][INFO] - 
REF:for hepatitis it was also two and a half times
HYP:eersocks also it was time to have the same time time


REF:and remember we had experience with this
HYP:and i remember meed when we had with this had with this

[2026-08-05 14:04:59,636][hybrid.speech_recognize][INFO] - 
REF:and remember we had experience with this
HYP:and i remember meed when we had with this had with this


REF:you are a healer in a stone age village
HYP:you are you are steees

[2026-08-05 14:04:59,637][hybrid.speech_recognize][INFO] - 
REF:you are a healer in a stone age village
HYP:you are you are steees


REF:but it's useful for everybody to learn how to read and write
HYP:but it justn't want everybody just everybody the right the right

[2026-08-05 14:04:59,638][hybrid.speech_recognize][INFO] - 
REF:but it's useful for everybody to learn how to read and write
HYP:but it justn't want everybody just everybody the right the right


REF:predictions are the basis of every experience that you have
HYP:pticsss of the beginning of life that youad

[2026-08-05 14:04:59,639][hybrid.speech_recognize][INFO] - 
REF:predictions are the basis of every experience that you have
HYP:pticsss of the beginning of life that youad


REF:three billion people today with cell phones can't access the internet
HYP:we making many people think with they's never looking that a lot

[2026-08-05 14:04:59,640][hybrid.speech_recognize][INFO] - 
REF:three billion people today with cell phones can't access the internet
HYP:we making many people think with they's never looking that a lot


REF:you can't hide behind anything other than your own teeth
HYP:you can i can handine with your any high

[2026-08-05 14:04:59,641][hybrid.speech_recognize][INFO] - 
REF:you can't hide behind anything other than your own teeth
HYP:you can i can handine with your any high


REF:after college i desperately needed to find a place to call home
HYP:after there are a sosed on hislors home to go

[2026-08-05 14:04:59,927][hybrid.speech_recognize][INFO] - 
REF:after college i desperately needed to find a place to call home
HYP:after there are a sosed on hislors home to go


REF:we have problems that we desperately need to solve
HYP:i mean we have to have the problems

[2026-08-05 14:04:59,928][hybrid.speech_recognize][INFO] - 
REF:we have problems that we desperately need to solve
HYP:i mean we have to have the problems


REF:indeed we run the risk of making things worse
HYP:and we wonon of the wins of the works

[2026-08-05 14:04:59,929][hybrid.speech_recognize][INFO] - 
REF:indeed we run the risk of making things worse
HYP:and we wonon of the wins of the works


REF:that last one's an actual text message that we received
HYP:that's the losctictists that recics

[2026-08-05 14:04:59,930][hybrid.speech_recognize][INFO] - 
REF:that last one's an actual text message that we received
HYP:that's the losctictists that recics


REF:my desire to disappear was still very powerful
HYP:my dey ty was wasulate was a very srely there's very very

[2026-08-05 14:04:59,931][hybrid.speech_recognize][INFO] - 
REF:my desire to disappear was still very powerful
HYP:my dey ty was wasulate was a very srely there's very very


REF:and the daughter was exhausted from caring for her mother
HYP:and he's a longererd's with berer for her

[2026-08-05 14:04:59,932][hybrid.speech_recognize][INFO] - 
REF:and the daughter was exhausted from caring for her mother
HYP:and he's a longererd's with berer for her


REF:and i didn't expect that because i expected one of these
HYP:it didn't like that that that exin them with that is that take

[2026-08-05 14:04:59,933][hybrid.speech_recognize][INFO] - 
REF:and i didn't expect that because i expected one of these
HYP:it didn't like that that that exin them with that is that take


REF:it means for youth and it's a new arab tv channel
HYP:it means that a new's for seeeee

[2026-08-05 14:04:59,934][hybrid.speech_recognize][INFO] - 
REF:it means for youth and it's a new arab tv channel
HYP:it means that a new's for seeeee


REF:originally the sample was aged 18 to 94
HYP:we ted an expal was was an is 444

[2026-08-05 14:05:00,217][hybrid.speech_recognize][INFO] - 
REF:originally the sample was aged 18 to 94
HYP:we ted an expal was was an is 444


REF:agreeable people are warm and friendly they're nice they're polite
HYP:i createdy peopleing the wirmed but theylled to be

[2026-08-05 14:05:00,218][hybrid.speech_recognize][INFO] - 
REF:agreeable people are warm and friendly they're nice they're polite
HYP:i createdy peopleing the wirmed but theylled to be


REF:no one on land had any idea that anything had gone wrong
HYP:no had a things that i hadn't think that wrong

[2026-08-05 14:05:00,219][hybrid.speech_recognize][INFO] - 
REF:no one on land had any idea that anything had gone wrong
HYP:no had a things that i hadn't think that wrong


REF:i ran the camden police department because of that
HYP:i'd read in the lemikementment because because because of

[2026-08-05 14:05:00,221][hybrid.speech_recognize][INFO] - 
REF:i ran the camden police department because of that
HYP:i'd read in the lemikementment because because because of


REF:we've been working together since well since we were kids really
HYP:we've been working of other this is this is this is it

[2026-08-05 14:05:00,222][hybrid.speech_recognize][INFO] - 
REF:we've been working together since well since we were kids really
HYP:we've been working of other this is this is this is it


REF:you just have to find another term and look that up
HYP:but you have to find a find a lot and you look at that

[2026-08-05 14:05:00,222][hybrid.speech_recognize][INFO] - 
REF:you just have to find another term and look that up
HYP:but you have to find a find a lot and you look at that


REF:we've seen an image of our blue planet our world bank
HYP:we've see the in our bad of our brtrirt

[2026-08-05 14:05:00,224][hybrid.speech_recognize][INFO] - 
REF:we've seen an image of our blue planet our world bank
HYP:we've see the in our bad of our brtrirt


REF:for depression it was four and a half times
HYP:for the pres and the brain and the 4s in time and times

[2026-08-05 14:05:00,225][hybrid.speech_recognize][INFO] - 
REF:for depression it was four and a half times
HYP:for the pres and the brain and the 4s in time and times


REF:don't create solutions to impress customers
HYP:you own lesss to youmus in your imusess

[2026-08-05 14:05:00,529][hybrid.speech_recognize][INFO] - 
REF:don't create solutions to impress customers
HYP:you own lesss to youmus in your imusess


REF:go i said again sweat forming on my brow
HYP:no is enting for for you's going to be for my be

[2026-08-05 14:05:00,531][hybrid.speech_recognize][INFO] - 
REF:go i said again sweat forming on my brow
HYP:no is enting for for you's going to be for my be


REF:and 67 percent of people come back
HYP:and seven77 of people's of people

[2026-08-05 14:05:00,532][hybrid.speech_recognize][INFO] - 
REF:and 67 percent of people come back
HYP:and seven77 of people's of people


REF:we don't even need that much time to do amazing things
HYP:we don't even even that is that times that bas

[2026-08-05 14:05:00,533][hybrid.speech_recognize][INFO] - 
REF:we don't even need that much time to do amazing things
HYP:we don't even even that is that times that bas


REF:the silent majority does not need to be silent
HYP:this time time is not cons doesn't have to be

[2026-08-05 14:05:00,534][hybrid.speech_recognize][INFO] - 
REF:the silent majority does not need to be silent
HYP:this time time is not cons doesn't have to be


REF:and if it's completely okay what's the joke
HYP:and then you're know and wloal you don't

[2026-08-05 14:05:00,535][hybrid.speech_recognize][INFO] - 
REF:and if it's completely okay what's the joke
HYP:and then you're know and wloal you don't


REF:and this wasn't just an abstract question
HYP:and in this ones and i'm just one

[2026-08-05 14:05:00,536][hybrid.speech_recognize][INFO] - 
REF:and this wasn't just an abstract question
HYP:and in this ones and i'm just one


REF:i know i was one of the first 10 people to have this surgery
HYP:i know one of oneer that people have people

[2026-08-05 14:05:00,536][hybrid.speech_recognize][INFO] - 
REF:i know i was one of the first 10 people to have this surgery
HYP:i know one of oneer that people have people


REF:would you like to create a second one together
HYP:we're not like to be well well one or not

[2026-08-05 14:05:00,812][hybrid.speech_recognize][INFO] - 
REF:would you like to create a second one together
HYP:we're not like to be well well one or not


REF:we have to decide what it means
HYP:we have to deddds what it mean

[2026-08-05 14:05:00,813][hybrid.speech_recognize][INFO] - 
REF:we have to decide what it means
HYP:we have to deddds what it mean


REF:they want to know how often your dog gets outside
HYP:they want to know how you know how howleleleles

[2026-08-05 14:05:00,814][hybrid.speech_recognize][INFO] - 
REF:they want to know how often your dog gets outside
HYP:they want to know how you know how howleleleles


REF:this is not a statement on malnutrition or anything else
HYP:it is not not secment or imament or it's or anything anything

[2026-08-05 14:05:00,816][hybrid.speech_recognize][INFO] - 
REF:this is not a statement on malnutrition or anything else
HYP:it is not not secment or imament or it's or anything anything


REF:it's almost becoming the syntax of a new language
HYP:it's been become a a kind ofcanctce language a new language

[2026-08-05 14:05:00,817][hybrid.speech_recognize][INFO] - 
REF:it's almost becoming the syntax of a new language
HYP:it's been become a a kind ofcanctce language a new language


REF:it comes out of a place called the gallup organization
HYP:how is the play of a gamy is the numbers

[2026-08-05 14:05:00,818][hybrid.speech_recognize][INFO] - 
REF:it comes out of a place called the gallup organization
HYP:how is the play of a gamy is the numbers


REF:mortality is not going down it's going up
HYP:we're not telling this is it's not go

[2026-08-05 14:05:00,819][hybrid.speech_recognize][INFO] - 
REF:mortality is not going down it's going up
HYP:we're not telling this is it's not go


REF:but this is what i heard from a lot of outraged people
HYP:but this's is what i looked from a life people of life

[2026-08-05 14:05:00,820][hybrid.speech_recognize][INFO] - 
REF:but this is what i heard from a lot of outraged people
HYP:but this's is what i looked from a life people of life


REF:is it about earning as much as you possibly can
HYP:it's about much much as much as much

[2026-08-05 14:05:01,115][hybrid.speech_recognize][INFO] - 
REF:is it about earning as much as you possibly can
HYP:it's about much much as much as much


REF:they can't get what they need when they need it
HYP:they need and they need when when they need

[2026-08-05 14:05:01,116][hybrid.speech_recognize][INFO] - 
REF:they can't get what they need when they need it
HYP:they need and they need when when they need


REF:that is what it is to have a domain of expertise
HYP:and that is one of the really need oftortos

[2026-08-05 14:05:01,117][hybrid.speech_recognize][INFO] - 
REF:that is what it is to have a domain of expertise
HYP:and that is one of the really need oftortos


REF:i may never go to your house you may never come to my house
HYP:i'm neverowowoooows about that come or

[2026-08-05 14:05:01,118][hybrid.speech_recognize][INFO] - 
REF:i may never go to your house you may never come to my house
HYP:i'm neverowowoooows about that come or


REF:i wanted to get to know them as individuals
HYP:i went to say to know to learn asgasee

[2026-08-05 14:05:01,119][hybrid.speech_recognize][INFO] - 
REF:i wanted to get to know them as individuals
HYP:i went to say to know to learn asgasee


REF:then she gets their bosses to rate how creative and innovative they are
HYP:the jces its the rightside of they are are they are

[2026-08-05 14:05:01,121][hybrid.speech_recognize][INFO] - 
REF:then she gets their bosses to rate how creative and innovative they are
HYP:the jces its the rightside of they are are they are


REF:sustainability has got to be a pre competitive issue
HYP:the same is some has a bririting it's to be

[2026-08-05 14:05:01,122][hybrid.speech_recognize][INFO] - 
REF:sustainability has got to be a pre competitive issue
HYP:the same is some has a bririting it's to be


REF:we might say then well let's not worry about this
HYP:we might might thinking that i're not talking about this

[2026-08-05 14:05:01,123][hybrid.speech_recognize][INFO] - 
REF:we might say then well let's not worry about this
HYP:we might might thinking that i're not talking about this


REF:and so they took them to some safe place
HYP:and so i turned they droms of themsss

[2026-08-05 14:05:01,419][hybrid.speech_recognize][INFO] - 
REF:and so they took them to some safe place
HYP:and so i turned they droms of themsss


REF:i realize of course that all countries are unique
HYP:i really like of courses of all that weles in all

[2026-08-05 14:05:01,420][hybrid.speech_recognize][INFO] - 
REF:i realize of course that all countries are unique
HYP:i really like of courses of all that weles in all


REF:when i get out of this am i going to be rejected
HYP:when i takeotist of this minds i's going to be to be reined

[2026-08-05 14:05:01,421][hybrid.speech_recognize][INFO] - 
REF:when i get out of this am i going to be rejected
HYP:when i takeotist of this minds i's going to be to be reined


REF:how do you get to build those relationships
HYP:how do you get to bebbbation

[2026-08-05 14:05:01,422][hybrid.speech_recognize][INFO] - 
REF:how do you get to build those relationships
HYP:how do you get to bebbbation


REF:i enjoy fashion magazines and pretty things
HYP:so the vagaming amamima things thingss uss

[2026-08-05 14:05:01,423][hybrid.speech_recognize][INFO] - 
REF:i enjoy fashion magazines and pretty things
HYP:so the vagaming amamima things thingss uss


REF:who or what inspires you and why
HYP:you know what dellll and you

[2026-08-05 14:05:01,424][hybrid.speech_recognize][INFO] - 
REF:who or what inspires you and why
HYP:you know what dellll and you


REF:that is not simply critical to our economy
HYP:that is not going that the really concracy

[2026-08-05 14:05:01,425][hybrid.speech_recognize][INFO] - 
REF:that is not simply critical to our economy
HYP:that is not going that the really concracy


REF:maybe i did an experiment on myself without even knowing it
HYP:maran't sity with that i was journey with it's even

[2026-08-05 14:05:01,426][hybrid.speech_recognize][INFO] - 
REF:maybe i did an experiment on myself without even knowing it
HYP:maran't sity with that i was journey with it's even


REF:it's very hard to make them part of our rational decision
HYP:it's very hartrt very very strititititit

[2026-08-05 14:05:01,680][hybrid.speech_recognize][INFO] - 
REF:it's very hard to make them part of our rational decision
HYP:it's very hartrt very very strititititit


REF:and we've all heard that kind of story before right
HYP:and we alldddd that kind of the difory

[2026-08-05 14:05:01,681][hybrid.speech_recognize][INFO] - 
REF:and we've all heard that kind of story before right
HYP:and we alldddd that kind of the difory


REF:was the internet actually a place that you could visit
HYP:what is institutions that actually intertics that you did

[2026-08-05 14:05:01,682][hybrid.speech_recognize][INFO] - 
REF:was the internet actually a place that you could visit
HYP:what is institutions that actually intertics that you did


REF:so we created a new school
HYP:so we created into it

[2026-08-05 14:05:01,683][hybrid.speech_recognize][INFO] - 
REF:so we created a new school
HYP:so we created into it


REF:one thousand eight hundred and thirty six people died
HYP:one11 people girls or 400

[2026-08-05 14:05:01,684][hybrid.speech_recognize][INFO] - 
REF:one thousand eight hundred and thirty six people died
HYP:one11 people girls or 400


REF:what we want what we aspire to is the code
HYP:but we wants in well we need to get the cles

[2026-08-05 14:05:01,685][hybrid.speech_recognize][INFO] - 
REF:what we want what we aspire to is the code
HYP:but we wants in well we need to get the cles


REF:and they also knew that they can tap into a workforce
HYP:and they also how things that the works to a work

[2026-08-05 14:05:01,686][hybrid.speech_recognize][INFO] - 
REF:and they also knew that they can tap into a workforce
HYP:and they also how things that the works to a work


REF:and then i thought there's got to be a better way
HYP:that i thought thought i thought to be in me

[2026-08-05 14:05:01,687][hybrid.speech_recognize][INFO] - 
REF:and then i thought there's got to be a better way
HYP:that i thought thought i thought to be in me


REF:that means at some point it's going to be your problem too
HYP:that means at some going to be you's going to be to do you's you's

[2026-08-05 14:05:02,021][hybrid.speech_recognize][INFO] - 
REF:that means at some point it's going to be your problem too
HYP:that means at some going to be you's going to be to do you's you's


REF:that's like finding an extra hour in the day
HYP:let's getting ucurt as the turs

[2026-08-05 14:05:02,022][hybrid.speech_recognize][INFO] - 
REF:that's like finding an extra hour in the day
HYP:let's getting ucurt as the turs


REF:i understand how this could happen
HYP:i understanded this haacadamine

[2026-08-05 14:05:02,023][hybrid.speech_recognize][INFO] - 
REF:i understand how this could happen
HYP:i understanded this haacadamine


REF:and then at 11 o'clock they stopped talking about these little issues
HYP:and then i've talking talking about this talk and talking about it's

[2026-08-05 14:05:02,024][hybrid.speech_recognize][INFO] - 
REF:and then at 11 o'clock they stopped talking about these little issues
HYP:and then i've talking talking about this talk and talking about it's


REF:he was smiling and we said go
HYP:and in i would shitly i was no

[2026-08-05 14:05:02,025][hybrid.speech_recognize][INFO] - 
REF:he was smiling and we said go
HYP:and in i would shitly i was no


REF:and that leads to a very powerful tool
HYP:that's an very hourcurt very very brive

[2026-08-05 14:05:02,026][hybrid.speech_recognize][INFO] - 
REF:and that leads to a very powerful tool
HYP:that's an very hourcurt very very brive


REF:she found us we found her disease
HYP:she found found us on us

[2026-08-05 14:05:02,027][hybrid.speech_recognize][INFO] - 
REF:she found us we found her disease
HYP:she found found us on us


REF:why not just let businesses compete
HYP:why could not just uss cares

[2026-08-05 14:05:02,028][hybrid.speech_recognize][INFO] - 
REF:why not just let businesses compete
HYP:why could not just uss cares


REF:it's about proving who you are and what you can do
HYP:it's about you are about what hard and you are

[2026-08-05 14:05:02,358][hybrid.speech_recognize][INFO] - 
REF:it's about proving who you are and what you can do
HYP:it's about you are about what hard and you are


REF:we must adopt that way of giving back
HYP:we must foted that we up up up to give in brted

[2026-08-05 14:05:02,359][hybrid.speech_recognize][INFO] - 
REF:we must adopt that way of giving back
HYP:we must foted that we up up up to give in brted


REF:i believe a story there has to be told
HYP:i believe this's a story there are going to be going to be

[2026-08-05 14:05:02,360][hybrid.speech_recognize][INFO] - 
REF:i believe a story there has to be told
HYP:i believe this's a story there are going to be going to be


REF:otherwise millions more will die
HYP:other other cases are sleiles

[2026-08-05 14:05:02,361][hybrid.speech_recognize][INFO] - 
REF:otherwise millions more will die
HYP:other other cases are sleiles


REF:i wanted to understand who takes the job
HYP:i wanted to understand to understand the job

[2026-08-05 14:05:02,362][hybrid.speech_recognize][INFO] - 
REF:i wanted to understand who takes the job
HYP:i wanted to understand to understand the job


REF:but for too many women that's not the case
HYP:but for the mimmm women's not not the case

[2026-08-05 14:05:02,362][hybrid.speech_recognize][INFO] - 
REF:but for too many women that's not the case
HYP:but for the mimmm women's not not the case


REF:it's not a lot of money at the global level
HYP:it's not like that be a kind of them

[2026-08-05 14:05:02,363][hybrid.speech_recognize][INFO] - 
REF:it's not a lot of money at the global level
HYP:it's not like that be a kind of them


REF:but you'll notice we're not at the top of the mountain yet
HYP:but you known't know about that will happened

[2026-08-05 14:05:02,364][hybrid.speech_recognize][INFO] - 
REF:but you'll notice we're not at the top of the mountain yet
HYP:but you known't know about that will happened


REF:i couldn't tear myself away from the coverage
HYP:i could teachn't think about the coffin from the eye

[2026-08-05 14:05:02,669][hybrid.speech_recognize][INFO] - 
REF:i couldn't tear myself away from the coverage
HYP:i could teachn't think about the coffin from the eye


REF:imagine juggling a snowball across the tropics
HYP:about these are sucucuce in gurses

[2026-08-05 14:05:02,670][hybrid.speech_recognize][INFO] - 
REF:imagine juggling a snowball across the tropics
HYP:about these are sucucuce in gurses


REF:patriarchy is not boys and men
HYP:myrareacy is not is a mammors to be

[2026-08-05 14:05:02,671][hybrid.speech_recognize][INFO] - 
REF:patriarchy is not boys and men
HYP:myrareacy is not is a mammors to be


REF:it's always what it was and what it can be
HYP:it's what itees

[2026-08-05 14:05:02,672][hybrid.speech_recognize][INFO] - 
REF:it's always what it was and what it can be
HYP:it's what itees


REF:and i have to tell you i'm passionate about data
HYP:and i have to tell i'm not abouts about that

[2026-08-05 14:05:02,672][hybrid.speech_recognize][INFO] - 
REF:and i have to tell you i'm passionate about data
HYP:and i have to tell i'm not abouts about that


REF:but those surveillance features come at a cost
HYP:but those thoses seers of vasions but tus

[2026-08-05 14:05:02,673][hybrid.speech_recognize][INFO] - 
REF:but those surveillance features come at a cost
HYP:but those thoses seers of vasions but tus


REF:so they added oxygen to methane gas
HYP:there's an aththnthth and dethths and the other

[2026-08-05 14:05:02,674][hybrid.speech_recognize][INFO] - 
REF:so they added oxygen to methane gas
HYP:there's an aththnthth and dethths and the other


REF:i didn't know you actually have to have creative control
HYP:i didn't have you have to have to have pave

[2026-08-05 14:05:02,675][hybrid.speech_recognize][INFO] - 
REF:i didn't know you actually have to have creative control
HYP:i didn't have you have to have to have pave


REF:that was a huge problem at the haiti earthquake
HYP:that was was a huge change that's went in the way

[2026-08-05 14:05:03,040][hybrid.speech_recognize][INFO] - 
REF:that was a huge problem at the haiti earthquake
HYP:that was was a huge change that's went in the way


REF:what's different is how the molecules are put together
HYP:what if the vlllltneal on not than to other

[2026-08-05 14:05:03,041][hybrid.speech_recognize][INFO] - 
REF:what's different is how the molecules are put together
HYP:what if the vlllltneal on not than to other


REF:they're looking and looking and finding love
HYP:they're not deced and looks and vlas

[2026-08-05 14:05:03,042][hybrid.speech_recognize][INFO] - 
REF:they're looking and looking and finding love
HYP:they're not deced and looks and vlas


REF:i'm a physician practicing with cutting edge technology
HYP:i'm notss and ensens technology

[2026-08-05 14:05:03,043][hybrid.speech_recognize][INFO] - 
REF:i'm a physician practicing with cutting edge technology
HYP:i'm notss and ensens technology


REF:there were others like myself who were full time
HYP:they were horss my friend for my hollill

[2026-08-05 14:05:03,044][hybrid.speech_recognize][INFO] - 
REF:there were others like myself who were full time
HYP:they were horss my friend for my hollill


REF:in fact south africa has not gone down that road
HYP:in facts so shine is that if not going is that

[2026-08-05 14:05:03,045][hybrid.speech_recognize][INFO] - 
REF:in fact south africa has not gone down that road
HYP:in facts so shine is that if not going is that


REF:you can experience their sense of place
HYP:you can experience of this exss of us

[2026-08-05 14:05:03,046][hybrid.speech_recognize][INFO] - 
REF:you can experience their sense of place
HYP:you can experience of this exss of us


REF:so water was something that scared me to begin with
HYP:so don't want to something that something with something with

[2026-08-05 14:05:03,047][hybrid.speech_recognize][INFO] - 
REF:so water was something that scared me to begin with
HYP:so don't want to something that something with something with


REF:they'll say i'm surrounded by a bunch of snakes and sharks
HYP:the time comes around my soges for the chens in chch

[2026-08-05 14:05:03,303][hybrid.speech_recognize][INFO] - 
REF:they'll say i'm surrounded by a bunch of snakes and sharks
HYP:the time comes around my soges for the chens in chch


REF:i sat there on the river for two months without seeing one
HYP:i said the you three youths you have the couy

[2026-08-05 14:05:03,305][hybrid.speech_recognize][INFO] - 
REF:i sat there on the river for two months without seeing one
HYP:i said the you three youths you have the couy


REF:we're going down to the cellular level these days
HYP:we're not going the these kind of the destles

[2026-08-05 14:05:03,306][hybrid.speech_recognize][INFO] - 
REF:we're going down to the cellular level these days
HYP:we're not going the these kind of the destles


REF:which incidentally is only a third correct
HYP:which is the entally stacty

[2026-08-05 14:05:03,307][hybrid.speech_recognize][INFO] - 
REF:which incidentally is only a third correct
HYP:which is the entally stacty


REF:and the great thing is that you can take anyone along with you
HYP:and the thing that you can see you can you can

[2026-08-05 14:05:03,308][hybrid.speech_recognize][INFO] - 
REF:and the great thing is that you can take anyone along with you
HYP:and the thing that you can see you can you can


REF:especially when it comes to climate change
HYP:in itsens when it comes that comess

[2026-08-05 14:05:03,309][hybrid.speech_recognize][INFO] - 
REF:especially when it comes to climate change
HYP:in itsens when it comes that comess


REF:i will not forget the day we got that text message
HYP:and we're not sy that we got not not not pas

[2026-08-05 14:05:03,310][hybrid.speech_recognize][INFO] - 
REF:i will not forget the day we got that text message
HYP:and we're not sy that we got not not not pas


REF:but we were still missing a critical element
HYP:but we were misicing a cledencalment

[2026-08-05 14:05:03,311][hybrid.speech_recognize][INFO] - 
REF:but we were still missing a critical element
HYP:but we were misicing a cledencalment


REF:but that is not the case at all
HYP:but that is not going to all all

[2026-08-05 14:05:03,588][hybrid.speech_recognize][INFO] - 
REF:but that is not the case at all
HYP:but that is not going to all all


REF:but it's not about fire and brimstone either
HYP:but it's all talking and raverid know

[2026-08-05 14:05:03,589][hybrid.speech_recognize][INFO] - 
REF:but it's not about fire and brimstone either
HYP:but it's all talking and raverid know


REF:i guess i'm doing it right now
HYP:and i am doing now now now now

[2026-08-05 14:05:03,590][hybrid.speech_recognize][INFO] - 
REF:i guess i'm doing it right now
HYP:and i am doing now now now now


REF:it's letting stuff happen without thinking about it
HYP:it's the ine we't think to when it thinking about it think about it

[2026-08-05 14:05:03,591][hybrid.speech_recognize][INFO] - 
REF:it's letting stuff happen without thinking about it
HYP:it's the ine we't think to when it thinking about it think about it


REF:harvest contaminated tobacco
HYP:obvious off thamin to ad

[2026-08-05 14:05:03,592][hybrid.speech_recognize][INFO] - 
REF:harvest contaminated tobacco
HYP:obvious off thamin to ad


REF:but this particular reality was not inevitable
HYP:with this this endity was retenpinin

[2026-08-05 14:05:03,593][hybrid.speech_recognize][INFO] - 
REF:but this particular reality was not inevitable
HYP:with this this endity was retenpinin


REF:and that's a big deal for a profession that's in high demand
HYP:and that's a little design for a bameration that's a kind

[2026-08-05 14:05:03,594][hybrid.speech_recognize][INFO] - 
REF:and that's a big deal for a profession that's in high demand
HYP:and that's a little design for a bameration that's a kind


REF:i will not be played
HYP:i will laeeliping play

[2026-08-05 14:05:03,595][hybrid.speech_recognize][INFO] - 
REF:i will not be played
HYP:i will laeeliping play


REF:and this idea is actually nothing new
HYP:and this is entited it to new new new

[2026-08-05 14:05:03,834][hybrid.speech_recognize][INFO] - 
REF:and this idea is actually nothing new
HYP:and this is entited it to new new new


REF:we take less notice of trivial matters
HYP:we take take it different different different different of the different

[2026-08-05 14:05:03,835][hybrid.speech_recognize][INFO] - 
REF:we take less notice of trivial matters
HYP:we take take it different different different different of the different


REF:we don't use audio we don't use video
HYP:we are tous le we don't know

[2026-08-05 14:05:03,836][hybrid.speech_recognize][INFO] - 
REF:we don't use audio we don't use video
HYP:we are tous le we don't know


REF:i forgive you and i do not hate you
HYP:i do you do you all and i

[2026-08-05 14:05:03,837][hybrid.speech_recognize][INFO] - 
REF:i forgive you and i do not hate you
HYP:i do you do you all and i


REF:at what point did i think that was a good idea
HYP:at one i was point that i was idea

[2026-08-05 14:05:03,838][hybrid.speech_recognize][INFO] - 
REF:at what point did i think that was a good idea
HYP:at one i was point that i was idea


REF:we paid two to three times more than anybody else
HYP:we made 2 to three more more more more more more

[2026-08-05 14:05:03,839][hybrid.speech_recognize][INFO] - 
REF:we paid two to three times more than anybody else
HYP:we made 2 to three more more more more more more


REF:they want to know how much exercise your dog is getting
HYP:they want to know how ezs of how's going

[2026-08-05 14:05:03,840][hybrid.speech_recognize][INFO] - 
REF:they want to know how much exercise your dog is getting
HYP:they want to know how ezs of how's going


REF:so i'm going to say awesome stuff about myself
HYP:so i'm going to say about myself about my sff

[2026-08-05 14:05:03,841][hybrid.speech_recognize][INFO] - 
REF:so i'm going to say awesome stuff about myself
HYP:so i'm going to say about myself about my sff


REF:this fishing village was famous for sculpture
HYP:this vigicic was a was a fishee

[2026-08-05 14:05:04,097][hybrid.speech_recognize][INFO] - 
REF:this fishing village was famous for sculpture
HYP:this vigicic was a was a fishee


REF:i went to extreme lengths to try to be straight
HYP:i made you be drathsss stuthack to be tack

[2026-08-05 14:05:04,098][hybrid.speech_recognize][INFO] - 
REF:i went to extreme lengths to try to be straight
HYP:i made you be drathsss stuthack to be tack


REF:how would i know what i was doing differently
HYP:how would i know what i was differently

[2026-08-05 14:05:04,099][hybrid.speech_recognize][INFO] - 
REF:how would i know what i was doing differently
HYP:how would i know what i was differently


REF:she suffered so much
HYP:she had off so much much

[2026-08-05 14:05:04,100][hybrid.speech_recognize][INFO] - 
REF:she suffered so much
HYP:she had off so much much


REF:and when we do the results will often surprise
HYP:and we went tooserer of the sumus

[2026-08-05 14:05:04,101][hybrid.speech_recognize][INFO] - 
REF:and when we do the results will often surprise
HYP:and we went tooserer of the sumus


REF:the first lesson is about humility
HYP:the first is ry is youmy

[2026-08-05 14:05:04,102][hybrid.speech_recognize][INFO] - 
REF:the first lesson is about humility
HYP:the first is ry is youmy


REF:and i said to myself i wanna get me one of them
HYP:and i said to my myself i want to give them them one of them

[2026-08-05 14:05:04,103][hybrid.speech_recognize][INFO] - 
REF:and i said to myself i wanna get me one of them
HYP:and i said to my myself i want to give them them one of them


REF:and not enough is being done about this
HYP:not not not enough will will will will will about this

[2026-08-05 14:05:04,103][hybrid.speech_recognize][INFO] - 
REF:and not enough is being done about this
HYP:not not not enough will will will will will about this


REF:what if i had told her my story years ago
HYP:what if i had told my home her years

[2026-08-05 14:05:04,361][hybrid.speech_recognize][INFO] - 
REF:what if i had told her my story years ago
HYP:what if i had told my home her years


REF:of course migration will become even more important
HYP:of course micical become more more

[2026-08-05 14:05:04,362][hybrid.speech_recognize][INFO] - 
REF:of course migration will become even more important
HYP:of course micical become more more


REF:if we're still hungry we might have some more
HYP:if we are so so so we arerrtory

[2026-08-05 14:05:04,363][hybrid.speech_recognize][INFO] - 
REF:if we're still hungry we might have some more
HYP:if we are so so so we arerrtory


REF:that's the magic of the geological record
HYP:that's the pasion of the dis jation

[2026-08-05 14:05:04,364][hybrid.speech_recognize][INFO] - 
REF:that's the magic of the geological record
HYP:that's the pasion of the dis jation


REF:they are the basis of every action that you take
HYP:they are the press of everything that you cared

[2026-08-05 14:05:04,365][hybrid.speech_recognize][INFO] - 
REF:they are the basis of every action that you take
HYP:they are the press of everything that you cared


REF:they don't represent what our views are
HYP:they don't like rewed the work of you are are

[2026-08-05 14:05:04,366][hybrid.speech_recognize][INFO] - 
REF:they don't represent what our views are
HYP:they don't like rewed the work of you are are


REF:strangers might ask each other for a sip of water
HYP:so jarandack has asked ster for the sre

[2026-08-05 14:05:04,367][hybrid.speech_recognize][INFO] - 
REF:strangers might ask each other for a sip of water
HYP:so jarandack has asked ster for the sre


REF:and in that i need a surgery lexicon
HYP:and in that then that i can relus

[2026-08-05 14:05:04,368][hybrid.speech_recognize][INFO] - 
REF:and in that i need a surgery lexicon
HYP:and in that then that i can relus


REF:i'm a feminist but i'm a rather bad one
HYP:i'm a familymmon they'med on raglimed

[2026-08-05 14:05:04,654][hybrid.speech_recognize][INFO] - 
REF:i'm a feminist but i'm a rather bad one
HYP:i'm a familymmon they'med on raglimed


REF:but we only get one history and it's the one that we have
HYP:but we're thinking we don't think the way

[2026-08-05 14:05:04,655][hybrid.speech_recognize][INFO] - 
REF:but we only get one history and it's the one that we have
HYP:but we're thinking we don't think the way


REF:and we'd like to think it's not going to take 35 years
HYP:and when i did the jed all in the frve

[2026-08-05 14:05:04,656][hybrid.speech_recognize][INFO] - 
REF:and we'd like to think it's not going to take 35 years
HYP:and when i did the jed all in the frve


REF:i would just give the inspiration and that's my job
HYP:i was stentilited my my my on my srid

[2026-08-05 14:05:04,657][hybrid.speech_recognize][INFO] - 
REF:i would just give the inspiration and that's my job
HYP:i was stentilited my my my on my srid


REF:we all know deep inside what the answer is
HYP:we all all only eee with the rin

[2026-08-05 14:05:04,658][hybrid.speech_recognize][INFO] - 
REF:we all know deep inside what the answer is
HYP:we all all only eee with the rin


REF:of those seven have nuclear weapons
HYP:if you los livrate that have the women happen

[2026-08-05 14:05:04,659][hybrid.speech_recognize][INFO] - 
REF:of those seven have nuclear weapons
HYP:if you los livrate that have the women happen


REF:and then we were alarmed to discover something
HYP:and then we remember to be drugs and srate

[2026-08-05 14:05:04,660][hybrid.speech_recognize][INFO] - 
REF:and then we were alarmed to discover something
HYP:and then we remember to be drugs and srate


REF:i live cycles of light and darkness
HYP:and there wass of oge and frgads

[2026-08-05 14:05:04,661][hybrid.speech_recognize][INFO] - 
REF:i live cycles of light and darkness
HYP:and there wass of oge and frgads


REF:because it's given by other people
HYP:we needn't see to make people in the pont

[2026-08-05 14:05:04,944][hybrid.speech_recognize][INFO] - 
REF:because it's given by other people
HYP:we needn't see to make people in the pont


REF:i do believe we can fix what's broken
HYP:i do do believe that we could refus

[2026-08-05 14:05:04,945][hybrid.speech_recognize][INFO] - 
REF:i do believe we can fix what's broken
HYP:i do do believe that we could refus


REF:and when we're unprepared we overreact
HYP:and we were comdaged to go

[2026-08-05 14:05:04,946][hybrid.speech_recognize][INFO] - 
REF:and when we're unprepared we overreact
HYP:and we were comdaged to go


REF:we need to be part of a community to survive
HYP:we need to be part of the parts to protect to be

[2026-08-05 14:05:04,947][hybrid.speech_recognize][INFO] - 
REF:we need to be part of a community to survive
HYP:we need to be part of the parts to protect to be


REF:i had no idea what i was going to do if it didn't work
HYP:i had no idea what i was worked to done work

[2026-08-05 14:05:04,948][hybrid.speech_recognize][INFO] - 
REF:i had no idea what i was going to do if it didn't work
HYP:i had no idea what i was worked to done work


REF:have inspired a generation of innovators
HYP:i'veteried andterration ofstations

[2026-08-05 14:05:04,949][hybrid.speech_recognize][INFO] - 
REF:have inspired a generation of innovators
HYP:i'veteried andterration ofstations


REF:i want to warn you about what you're about to go through
HYP:i would we war to be to be by me

[2026-08-05 14:05:04,950][hybrid.speech_recognize][INFO] - 
REF:i want to warn you about what you're about to go through
HYP:i would we war to be to be by me


REF:where do refugee hearts go
HYP:where do do reghers's los

[2026-08-05 14:05:04,951][hybrid.speech_recognize][INFO] - 
REF:where do refugee hearts go
HYP:where do do reghers's los


REF:we know that every cell has a sex
HYP:we know know that engents

[2026-08-05 14:05:05,348][hybrid.speech_recognize][INFO] - 
REF:we know that every cell has a sex
HYP:we know know that engents


REF:it told us about hormone replacement therapy
HYP:it's going to be one of my ramers but it was the no

[2026-08-05 14:05:05,349][hybrid.speech_recognize][INFO] - 
REF:it told us about hormone replacement therapy
HYP:it's going to be one of my ramers but it was the no


REF:but in fact they found something very surprising
HYP:but i found something something very very very very

[2026-08-05 14:05:05,350][hybrid.speech_recognize][INFO] - 
REF:but in fact they found something very surprising
HYP:but i found something something very very very very


REF:what makes technology useful and usable
HYP:we're not get hey for it's use

[2026-08-05 14:05:05,351][hybrid.speech_recognize][INFO] - 
REF:what makes technology useful and usable
HYP:we're not get hey for it's use


REF:casual speech is something quite different
HYP:how should semming different

[2026-08-05 14:05:05,352][hybrid.speech_recognize][INFO] - 
REF:casual speech is something quite different
HYP:how should semming different


REF:that option is actually not on the table
HYP:i can comes and a gad on the tles

[2026-08-05 14:05:05,353][hybrid.speech_recognize][INFO] - 
REF:that option is actually not on the table
HYP:i can comes and a gad on the tles


REF:we were obviously making a difference
HYP:we were obviously difference about a difference

[2026-08-05 14:05:05,354][hybrid.speech_recognize][INFO] - 
REF:we were obviously making a difference
HYP:we were obviously difference about a difference


REF:this is what i'm supposed to naturally be able to do
HYP:this is what i'm most producs to do to do

[2026-08-05 14:05:05,355][hybrid.speech_recognize][INFO] - 
REF:this is what i'm supposed to naturally be able to do
HYP:this is what i'm most producs to do to do


REF:no more charge before use
HYP:don's more cars just before for you

[2026-08-05 14:05:05,356][hybrid.speech_recognize][INFO] - 
REF:no more charge before use
HYP:don's more cars just before for you


REF:let me give you a simple commercial example
HYP:i believe you's a single a single example

[2026-08-05 14:05:05,356][hybrid.speech_recognize][INFO] - 
REF:let me give you a simple commercial example
HYP:i believe you's a single a single example


REF:but that system has tons of problems
HYP:but that's not designd of problem of problem

[2026-08-05 14:05:05,357][hybrid.speech_recognize][INFO] - 
REF:but that system has tons of problems
HYP:but that's not designd of problem of problem


REF:i'm a professor and we're passionate about education
HYP:i'm buildsssion about i's about ectiontionionion

[2026-08-05 14:05:05,358][hybrid.speech_recognize][INFO] - 
REF:i'm a professor and we're passionate about education
HYP:i'm buildsssion about i's about ectiontionionion


REF:we mourn women complicated
HYP:one more a boriias like abut

[2026-08-05 14:05:05,359][hybrid.speech_recognize][INFO] - 
REF:we mourn women complicated
HYP:one more a boriias like abut


REF:and he grew up essentially in stage one
HYP:and he reeeely szitis

[2026-08-05 14:05:05,360][hybrid.speech_recognize][INFO] - 
REF:and he grew up essentially in stage one
HYP:and he reeeely szitis


REF:their faces broadcast their experience
HYP:the ffces had their cares

[2026-08-05 14:05:05,361][hybrid.speech_recognize][INFO] - 
REF:their faces broadcast their experience
HYP:the ffces had their cares


REF:and in fact what did happen to my brain
HYP:and what's what happens my my brain

[2026-08-05 14:05:05,362][hybrid.speech_recognize][INFO] - 
REF:and in fact what did happen to my brain
HYP:and what's what happens my my brain


REF:constance baker motley
HYP:cons sicical bilal

[2026-08-05 14:05:05,819][hybrid.speech_recognize][INFO] - 
REF:constance baker motley
HYP:cons sicical bilal


REF:and this became my holy grail my rosetta stone
HYP:and this came my le on my colesod

[2026-08-05 14:05:05,820][hybrid.speech_recognize][INFO] - 
REF:and this became my holy grail my rosetta stone
HYP:and this came my le on my colesod


REF:and then something falls off the wall
HYP:and then is something something off of the work

[2026-08-05 14:05:05,821][hybrid.speech_recognize][INFO] - 
REF:and then something falls off the wall
HYP:and then is something something off of the work


REF:so naturally i asked what is african
HYP:so entally a has it'sitit

[2026-08-05 14:05:05,822][hybrid.speech_recognize][INFO] - 
REF:so naturally i asked what is african
HYP:so entally a has it'sitit


REF:so it's the demand that brings them to the table
HYP:so it's in the place and what exppppy to exppe

[2026-08-05 14:05:05,823][hybrid.speech_recognize][INFO] - 
REF:so it's the demand that brings them to the table
HYP:so it's in the place and what exppppy to exppe


REF:he also had 11 children
HYP:they also want to have it to do to do

[2026-08-05 14:05:05,824][hybrid.speech_recognize][INFO] - 
REF:he also had 11 children
HYP:they also want to have it to do to do


REF:and one of them said we had a robbery two weeks ago
HYP:and one of thems that we had we had 2owoce

[2026-08-05 14:05:05,825][hybrid.speech_recognize][INFO] - 
REF:and one of them said we had a robbery two weeks ago
HYP:and one of thems that we had we had 2owoce


REF:i don't even know if it's a real job title to be honest
HYP:i don't know these a job to be to be to be

[2026-08-05 14:05:05,826][hybrid.speech_recognize][INFO] - 
REF:i don't even know if it's a real job title to be honest
HYP:i don't know these a job to be to be to be


REF:efficiency is for robots
HYP:if there is sming for ris

[2026-08-05 14:05:05,827][hybrid.speech_recognize][INFO] - 
REF:efficiency is for robots
HYP:if there is sming for ris


REF:the nazis invaded the netherlands
HYP:the answer is that in the factss

[2026-08-05 14:05:05,828][hybrid.speech_recognize][INFO] - 
REF:the nazis invaded the netherlands
HYP:the answer is that in the factss


REF:well that's going to be a breeding ground for compassion
HYP:we get to be more more and more

[2026-08-05 14:05:05,829][hybrid.speech_recognize][INFO] - 
REF:well that's going to be a breeding ground for compassion
HYP:we get to be more more and more


REF:designers aspire to be really great designers
HYP:it's not expeed to beneneits

[2026-08-05 14:05:05,830][hybrid.speech_recognize][INFO] - 
REF:designers aspire to be really great designers
HYP:it's not expeed to beneneits


REF:i mean that interface is beautiful
HYP:but that is hhers is us is

[2026-08-05 14:05:05,831][hybrid.speech_recognize][INFO] - 
REF:i mean that interface is beautiful
HYP:but that is hhers is us is


REF:but it's also an important date for another reason
HYP:but it's also begin for also for another take

[2026-08-05 14:05:05,831][hybrid.speech_recognize][INFO] - 
REF:but it's also an important date for another reason
HYP:but it's also begin for also for another take


REF:when we share ideas we all get more
HYP:we wits we get more more

[2026-08-05 14:05:05,832][hybrid.speech_recognize][INFO] - 
REF:when we share ideas we all get more
HYP:we wits we get more more


REF:i got about 3000 emails
HYP:i got about three about rnths

[2026-08-05 14:05:05,833][hybrid.speech_recognize][INFO] - 
REF:i got about 3000 emails
HYP:i got about three about rnths


REF:it's the best way to shut people down on an airplane
HYP:it's the best way people on an hangs

[2026-08-05 14:05:06,308][hybrid.speech_recognize][INFO] - 
REF:it's the best way to shut people down on an airplane
HYP:it's the best way people on an hangs


REF:and so how does your brain give you that detail
HYP:so how do your hand you're give that di

[2026-08-05 14:05:06,309][hybrid.speech_recognize][INFO] - 
REF:and so how does your brain give you that detail
HYP:so how do your hand you're give that di


REF:one way around this is to draw pictures
HYP:one want we are these trgagtishs

[2026-08-05 14:05:06,310][hybrid.speech_recognize][INFO] - 
REF:one way around this is to draw pictures
HYP:one want we are these trgagtishs


REF:but some of our grandchildren probably will
HYP:i'm some rooms of our problems we's

[2026-08-05 14:05:06,311][hybrid.speech_recognize][INFO] - 
REF:but some of our grandchildren probably will
HYP:i'm some rooms of our problems we's


REF:my spine curves spiral
HYP:my depieed toove to trwing

[2026-08-05 14:05:06,311][hybrid.speech_recognize][INFO] - 
REF:my spine curves spiral
HYP:my depieed toove to trwing


REF:how can somebody like that make you feel smart
HYP:how would surming that i'm going to surs for right

[2026-08-05 14:05:06,312][hybrid.speech_recognize][INFO] - 
REF:how can somebody like that make you feel smart
HYP:how would surming that i'm going to surs for right


REF:that's different from actually having an effective ad campaign
HYP:it's not different different that's of the expe

[2026-08-05 14:05:06,313][hybrid.speech_recognize][INFO] - 
REF:that's different from actually having an effective ad campaign
HYP:it's not different different that's of the expe


REF:i even read many self help books
HYP:i even one one one of a porrels a pors

[2026-08-05 14:05:06,314][hybrid.speech_recognize][INFO] - 
REF:i even read many self help books
HYP:i even one one one of a porrels a pors


REF:i was the first non family investor in amazon
HYP:i was the first onmamamamy

[2026-08-05 14:05:06,315][hybrid.speech_recognize][INFO] - 
REF:i was the first non family investor in amazon
HYP:i was the first onmamamamy


REF:and that's what i'm calling for here now
HYP:and that's what i'mlam now

[2026-08-05 14:05:06,315][hybrid.speech_recognize][INFO] - 
REF:and that's what i'm calling for here now
HYP:and that's what i'mlam now


REF:why did my child develop autism
HYP:why are my children develops develops

[2026-08-05 14:05:06,316][hybrid.speech_recognize][INFO] - 
REF:why did my child develop autism
HYP:why are my children develops develops


REF:that even small scale farmers can leverage
HYP:they's even even urst in facts inms

[2026-08-05 14:05:06,317][hybrid.speech_recognize][INFO] - 
REF:that even small scale farmers can leverage
HYP:they's even even urst in facts inms


REF:we need to reinvent labor organizing
HYP:we need to remlilictingly

[2026-08-05 14:05:06,318][hybrid.speech_recognize][INFO] - 
REF:we need to reinvent labor organizing
HYP:we need to remlilictingly


REF:it wasn't like them to miss practice
HYP:it wasn't like them to be limited to be

[2026-08-05 14:05:06,318][hybrid.speech_recognize][INFO] - 
REF:it wasn't like them to miss practice
HYP:it wasn't like them to be limited to be


REF:we didn't understand the program
HYP:we need a lot of any the problem

[2026-08-05 14:05:06,319][hybrid.speech_recognize][INFO] - 
REF:we didn't understand the program
HYP:we need a lot of any the problem


REF:my other great passion is the environment
HYP:by the greatortamon is armish

[2026-08-05 14:05:06,320][hybrid.speech_recognize][INFO] - 
REF:my other great passion is the environment
HYP:by the greatortamon is armish


REF:one year i came up with a bright idea
HYP:one year i came up up ideas idea up idea

[2026-08-05 14:05:06,682][hybrid.speech_recognize][INFO] - 
REF:one year i came up with a bright idea
HYP:one year i came up up ideas idea up idea


REF:and you walk around and it points to things
HYP:you had dras around you drucks

[2026-08-05 14:05:06,683][hybrid.speech_recognize][INFO] - 
REF:and you walk around and it points to things
HYP:you had dras around you drucks


REF:what would that change about quality of life and nutrition
HYP:what would changes about my changes like life

[2026-08-05 14:05:06,684][hybrid.speech_recognize][INFO] - 
REF:what would that change about quality of life and nutrition
HYP:what would changes about my changes like life


REF:so when we met chuck was a senior in high school
HYP:so when when wemas was mistors

[2026-08-05 14:05:06,685][hybrid.speech_recognize][INFO] - 
REF:so when we met chuck was a senior in high school
HYP:so when when wemas was mistors


REF:that robot put on a great show
HYP:that ra bule on a rod on a great sock

[2026-08-05 14:05:06,685][hybrid.speech_recognize][INFO] - 
REF:that robot put on a great show
HYP:that ra bule on a rod on a great sock


REF:so we have these feast and famine cycles
HYP:so we have a dis in facts

[2026-08-05 14:05:06,686][hybrid.speech_recognize][INFO] - 
REF:so we have these feast and famine cycles
HYP:so we have a dis in facts


REF:when you grow up poor you want to be rich
HYP:when you go it be more more to berir

[2026-08-05 14:05:06,687][hybrid.speech_recognize][INFO] - 
REF:when you grow up poor you want to be rich
HYP:when you go it be more more to berir


REF:you see there's a lot of things we just don't have data on
HYP:you see there's lots of things which can have a lot

[2026-08-05 14:05:06,688][hybrid.speech_recognize][INFO] - 
REF:you see there's a lot of things we just don't have data on
HYP:you see there's lots of things which can have a lot


REF:and i couldn't get this information out
HYP:and i couldn't get this

[2026-08-05 14:05:06,688][hybrid.speech_recognize][INFO] - 
REF:and i couldn't get this information out
HYP:and i couldn't get this


REF:well let's hold on to that thought for just a minute
HYP:but these colllon do turn to do make

[2026-08-05 14:05:06,689][hybrid.speech_recognize][INFO] - 
REF:well let's hold on to that thought for just a minute
HYP:but these colllon do turn to do make


REF:and he said on the spot absolutely yes
HYP:it is the other otherppbed it's

[2026-08-05 14:05:06,690][hybrid.speech_recognize][INFO] - 
REF:and he said on the spot absolutely yes
HYP:it is the other otherppbed it's


REF:let's think about your ethical footprint
HYP:it's think about you're growing

[2026-08-05 14:05:06,691][hybrid.speech_recognize][INFO] - 
REF:let's think about your ethical footprint
HYP:it's think about you're growing


REF:and what i need now is to learn to be like that
HYP:and we now now to now to be like that

[2026-08-05 14:05:06,691][hybrid.speech_recognize][INFO] - 
REF:and what i need now is to learn to be like that
HYP:and we now now to now to be like that


REF:they signed up because they wanted some form of revenge
HYP:that's not because they want for fleper for a fiz

[2026-08-05 14:05:06,692][hybrid.speech_recognize][INFO] - 
REF:they signed up because they wanted some form of revenge
HYP:that's not because they want for fleper for a fiz


REF:and the way to do it is through the bloodstream
HYP:and then they watch is us from that's sucy

[2026-08-05 14:05:06,693][hybrid.speech_recognize][INFO] - 
REF:and the way to do it is through the bloodstream
HYP:and then they watch is us from that's sucy


REF:why does a jellyfish emit light
HYP:why is that kind of my life

[2026-08-05 14:05:06,694][hybrid.speech_recognize][INFO] - 
REF:why does a jellyfish emit light
HYP:why is that kind of my life


REF:and let me just put this in context
HYP:and let me this just this in this time

[2026-08-05 14:05:07,121][hybrid.speech_recognize][INFO] - 
REF:and let me just put this in context
HYP:and let me this just this in this time


REF:they're often not recognized sent home
HYP:they're not refed that don't know

[2026-08-05 14:05:07,122][hybrid.speech_recognize][INFO] - 
REF:they're often not recognized sent home
HYP:they're not refed that don't know


REF:it would be a mall and not a park
HYP:it would be a bol and notlll

[2026-08-05 14:05:07,123][hybrid.speech_recognize][INFO] - 
REF:it would be a mall and not a park
HYP:it would be a bol and notlll


REF:the rituals were familiar
HYP:the researchces were were regguged

[2026-08-05 14:05:07,124][hybrid.speech_recognize][INFO] - 
REF:the rituals were familiar
HYP:the researchces were were regguged


REF:that's the work that stands before us
HYP:that's the work that's that's

[2026-08-05 14:05:07,125][hybrid.speech_recognize][INFO] - 
REF:that's the work that stands before us
HYP:that's the work that's that's


REF:so we did the analysis again a slightly different way
HYP:so we need that the answer as it's see

[2026-08-05 14:05:07,126][hybrid.speech_recognize][INFO] - 
REF:so we did the analysis again a slightly different way
HYP:so we need that the answer as it's see


REF:how could i come from a nation
HYP:how could i come i come from an

[2026-08-05 14:05:07,126][hybrid.speech_recognize][INFO] - 
REF:how could i come from a nation
HYP:how could i come i come from an


REF:it really is quite phenomenal
HYP:it really is entit forcalral

[2026-08-05 14:05:07,127][hybrid.speech_recognize][INFO] - 
REF:it really is quite phenomenal
HYP:it really is entit forcalral


REF:he kept one in the glove compartment of our car
HYP:he cameed someone of the emomment of our porment

[2026-08-05 14:05:07,128][hybrid.speech_recognize][INFO] - 
REF:he kept one in the glove compartment of our car
HYP:he cameed someone of the emomment of our porment


REF:what kind of rituals are these
HYP:what kinds kindstistististists

[2026-08-05 14:05:07,129][hybrid.speech_recognize][INFO] - 
REF:what kind of rituals are these
HYP:what kinds kindstistististists


REF:which brings me to my second point
HYP:what researchss at my my second

[2026-08-05 14:05:07,130][hybrid.speech_recognize][INFO] - 
REF:which brings me to my second point
HYP:what researchss at my my second


REF:i was going through a hard time as well
HYP:i was horing through our time as well well

[2026-08-05 14:05:07,131][hybrid.speech_recognize][INFO] - 
REF:i was going through a hard time as well
HYP:i was horing through our time as well well


REF:here i'm one person talking to you
HYP:and i'm one person person to do to do

[2026-08-05 14:05:07,132][hybrid.speech_recognize][INFO] - 
REF:here i'm one person talking to you
HYP:and i'm one person person to do to do


REF:this is a really important chapter to me
HYP:this is a really really interesting me to me

[2026-08-05 14:05:07,133][hybrid.speech_recognize][INFO] - 
REF:this is a really important chapter to me
HYP:this is a really really interesting me to me


REF:i can stand up and do something
HYP:i did to sapy and i could something something something

[2026-08-05 14:05:07,133][hybrid.speech_recognize][INFO] - 
REF:i can stand up and do something
HYP:i did to sapy and i could something something something


REF:so what was i going to do
HYP:so what was i going to do to do

[2026-08-05 14:05:07,134][hybrid.speech_recognize][INFO] - 
REF:so what was i going to do
HYP:so what was i going to do to do


REF:he was also the first person to call me a feminist
HYP:it was also a firstmmmmmmmamal

[2026-08-05 14:05:07,580][hybrid.speech_recognize][INFO] - 
REF:he was also the first person to call me a feminist
HYP:it was also a firstmmmmmmmamal


REF:it's not like teaching them how to ride a bike
HYP:i said i said her about a bririck

[2026-08-05 14:05:07,581][hybrid.speech_recognize][INFO] - 
REF:it's not like teaching them how to ride a bike
HYP:i said i said her about a bririck


REF:every kid lives near nature
HYP:every can see

[2026-08-05 14:05:07,582][hybrid.speech_recognize][INFO] - 
REF:every kid lives near nature
HYP:every can see


REF:she had to impersonate a man
HYP:she had to do and and put and put

[2026-08-05 14:05:07,583][hybrid.speech_recognize][INFO] - 
REF:she had to impersonate a man
HYP:she had to do and and put and put


REF:we connect more and more
HYP:we needd more more more

[2026-08-05 14:05:07,583][hybrid.speech_recognize][INFO] - 
REF:we connect more and more
HYP:we needd more more more


REF:why aren't people washing their hands
HYP:why are people people were laguging using

[2026-08-05 14:05:07,584][hybrid.speech_recognize][INFO] - 
REF:why aren't people washing their hands
HYP:why are people people were laguging using


REF:what difference does it make if they talk like jerry seinfeld
HYP:what if you just just in the kind of these ffffers

[2026-08-05 14:05:07,585][hybrid.speech_recognize][INFO] - 
REF:what difference does it make if they talk like jerry seinfeld
HYP:what if you just just in the kind of these ffffers


REF:after all i was a bit unconventional
HYP:i was all all that was adn's

[2026-08-05 14:05:07,586][hybrid.speech_recognize][INFO] - 
REF:after all i was a bit unconventional
HYP:i was all all that was adn's


REF:what would that change about how we live
HYP:what would change that change about how we live

[2026-08-05 14:05:07,587][hybrid.speech_recognize][INFO] - 
REF:what would that change about how we live
HYP:what would change that change about how we live


REF:don't get me wrong it's not like we don't have comedy in the middle east
HYP:you don't w around that we don't have have thatmssmtaments

[2026-08-05 14:05:07,588][hybrid.speech_recognize][INFO] - 
REF:don't get me wrong it's not like we don't have comedy in the middle east
HYP:you don't w around that we don't have have thatmssmtaments


REF:it's like a piece of junk mail to be thrown away
HYP:it's a little a bit of sledod a way

[2026-08-05 14:05:07,590][hybrid.speech_recognize][INFO] - 
REF:it's like a piece of junk mail to be thrown away
HYP:it's a little a bit of sledod a way


REF:it's all about what can you do for me
HYP:it's all about what yearss for me

[2026-08-05 14:05:07,590][hybrid.speech_recognize][INFO] - 
REF:it's all about what can you do for me
HYP:it's all about what yearss for me


REF:we can do that because we know
HYP:we can do that

[2026-08-05 14:05:07,591][hybrid.speech_recognize][INFO] - 
REF:we can do that because we know
HYP:we can do that


REF:try it and let me know how it works for you
HYP:i'm an try how you works for you works

[2026-08-05 14:05:07,592][hybrid.speech_recognize][INFO] - 
REF:try it and let me know how it works for you
HYP:i'm an try how you works for you works


REF:they're like the baseball scouts 20 years ago
HYP:they're like the bast to be 2 2 years years

[2026-08-05 14:05:07,593][hybrid.speech_recognize][INFO] - 
REF:they're like the baseball scouts 20 years ago
HYP:they're like the bast to be 2 2 years years


REF:what can we do in all of this
HYP:we can can can do with all of us

[2026-08-05 14:05:07,594][hybrid.speech_recognize][INFO] - 
REF:what can we do in all of this
HYP:we can can can do with all of us


REF:it's kind of the anti reality tv
HYP:it's kind of the end0

[2026-08-05 14:05:08,044][hybrid.speech_recognize][INFO] - 
REF:it's kind of the anti reality tv
HYP:it's kind of the end0


REF:she wanted to change policy at the government level
HYP:so we need to changes we all the other

[2026-08-05 14:05:08,046][hybrid.speech_recognize][INFO] - 
REF:she wanted to change policy at the government level
HYP:so we need to changes we all the other


REF:you just had to do things sometimes
HYP:you just just to do to do

[2026-08-05 14:05:08,047][hybrid.speech_recognize][INFO] - 
REF:you just had to do things sometimes
HYP:you just just to do to do


REF:we're blessed with people who listen to us
HYP:we're see where people in you will is us is us

[2026-08-05 14:05:08,048][hybrid.speech_recognize][INFO] - 
REF:we're blessed with people who listen to us
HYP:we're see where people in you will is us is us


REF:he's at a technology conference in florida
HYP:he said say that say over a years of arrr

[2026-08-05 14:05:08,049][hybrid.speech_recognize][INFO] - 
REF:he's at a technology conference in florida
HYP:he said say that say over a years of arrr


REF:and they put on an opera all night long
HYP:and they put on on a colod and all

[2026-08-05 14:05:08,049][hybrid.speech_recognize][INFO] - 
REF:and they put on an opera all night long
HYP:and they put on on a colod and all


REF:and in fact it probably won't
HYP:in the ends of really really w's really work

[2026-08-05 14:05:08,050][hybrid.speech_recognize][INFO] - 
REF:and in fact it probably won't
HYP:in the ends of really really w's really work


REF:and she's looking as young as ever
HYP:it's not ong as shhit as it's

[2026-08-05 14:05:08,051][hybrid.speech_recognize][INFO] - 
REF:and she's looking as young as ever
HYP:it's not ong as shhit as it's


REF:it's a debate about words about metaphors
HYP:this is a made about work about work about me

[2026-08-05 14:05:08,052][hybrid.speech_recognize][INFO] - 
REF:it's a debate about words about metaphors
HYP:this is a made about work about work about me


REF:it cracked open my world
HYP:it had handed my world in my world

[2026-08-05 14:05:08,053][hybrid.speech_recognize][INFO] - 
REF:it cracked open my world
HYP:it had handed my world in my world


REF:we almost don't feel ourselves
HYP:we all mis don'ters

[2026-08-05 14:05:08,054][hybrid.speech_recognize][INFO] - 
REF:we almost don't feel ourselves
HYP:we all mis don'ters


REF:my parents came from germany
HYP:my parentpamid came to sumuging

[2026-08-05 14:05:08,055][hybrid.speech_recognize][INFO] - 
REF:my parents came from germany
HYP:my parentpamid came to sumuging


REF:you learn more about how computers work
HYP:you're more about how to be this one this

[2026-08-05 14:05:08,055][hybrid.speech_recognize][INFO] - 
REF:you learn more about how computers work
HYP:you're more about how to be this one this


REF:and i'm sure the figures are similar in other countries
HYP:and i'm sure footers are the other numbers on other

[2026-08-05 14:05:08,056][hybrid.speech_recognize][INFO] - 
REF:and i'm sure the figures are similar in other countries
HYP:and i'm sure footers are the other numbers on other


REF:she would hide in the closet
HYP:she was busting she

[2026-08-05 14:05:08,057][hybrid.speech_recognize][INFO] - 
REF:she would hide in the closet
HYP:she was busting she


REF:i have an idea for saving the world
HYP:now i've the an in the world in the world in the world

[2026-08-05 14:05:08,058][hybrid.speech_recognize][INFO] - 
REF:i have an idea for saving the world
HYP:now i've the an in the world in the world in the world


REF:we suspended our values
HYP:we are the expittates of a values

[2026-08-05 14:05:08,456][hybrid.speech_recognize][INFO] - 
REF:we suspended our values
HYP:we are the expittates of a values


REF:i exist because i have my women friends
HYP:i hadn't have my woman my one

[2026-08-05 14:05:08,457][hybrid.speech_recognize][INFO] - 
REF:i exist because i have my women friends
HYP:i hadn't have my woman my one


REF:so what do you think happens to these gals
HYP:so what in the lamt is sus in this

[2026-08-05 14:05:08,458][hybrid.speech_recognize][INFO] - 
REF:so what do you think happens to these gals
HYP:so what in the lamt is sus in this


REF:you don't get the same witnesses or depositions
HYP:you know at the same is that at thatpptations

[2026-08-05 14:05:08,459][hybrid.speech_recognize][INFO] - 
REF:you don't get the same witnesses or depositions
HYP:you know at the same is that at thatpptations


REF:do that only if you're paid by the hour
HYP:so they all needing by now by now

[2026-08-05 14:05:08,460][hybrid.speech_recognize][INFO] - 
REF:do that only if you're paid by the hour
HYP:so they all needing by now by now


REF:why are we embedded in social networks
HYP:why are we wemtins safes

[2026-08-05 14:05:08,460][hybrid.speech_recognize][INFO] - 
REF:why are we embedded in social networks
HYP:why are we wemtins safes


REF:so just like with a bike we don't talk about it
HYP:so you don't want we don't talking about it

[2026-08-05 14:05:08,461][hybrid.speech_recognize][INFO] - 
REF:so just like with a bike we don't talk about it
HYP:so you don't want we don't talking about it


REF:it's a pretty simple idea right
HYP:it's a put slice right right right right right

[2026-08-05 14:05:08,462][hybrid.speech_recognize][INFO] - 
REF:it's a pretty simple idea right
HYP:it's a put slice right right right right right


REF:the irony is so obvious right
HYP:the ground is so so so

[2026-08-05 14:05:08,462][hybrid.speech_recognize][INFO] - 
REF:the irony is so obvious right
HYP:the ground is so so so


REF:that's something we ought to celebrate
HYP:and that is something we had a play

[2026-08-05 14:05:08,463][hybrid.speech_recognize][INFO] - 
REF:that's something we ought to celebrate
HYP:and that is something we had a play


REF:and that's why it's been a pleasure speaking to you
HYP:and that's what it'sperering it's to

[2026-08-05 14:05:08,464][hybrid.speech_recognize][INFO] - 
REF:and that's why it's been a pleasure speaking to you
HYP:and that's what it'sperering it's to


REF:there is an animated series in the works
HYP:there's a little surses in the works

[2026-08-05 14:05:08,465][hybrid.speech_recognize][INFO] - 
REF:there is an animated series in the works
HYP:there's a little surses in the works


REF:and i was really scared
HYP:and i was really seiled

[2026-08-05 14:05:08,466][hybrid.speech_recognize][INFO] - 
REF:and i was really scared
HYP:and i was really seiled


REF:first they founded political parties
HYP:it first the person that's the placy

[2026-08-05 14:05:08,466][hybrid.speech_recognize][INFO] - 
REF:first they founded political parties
HYP:it first the person that's the placy


REF:i'm a fifth generation texan
HYP:i'm going to fations as the ration

[2026-08-05 14:05:08,467][hybrid.speech_recognize][INFO] - 
REF:i'm a fifth generation texan
HYP:i'm going to fations as the ration


REF:buildings can be like people
HYP:but it's a little a lot of people

[2026-08-05 14:05:08,468][hybrid.speech_recognize][INFO] - 
REF:buildings can be like people
HYP:but it's a little a lot of people


REF:let's help them have a voice
HYP:let's help they have a woman

[2026-08-05 14:05:08,847][hybrid.speech_recognize][INFO] - 
REF:let's help them have a voice
HYP:let's help they have a woman


REF:i'm pushing and pulling with this object
HYP:i'm preinging and i'med this process

[2026-08-05 14:05:08,848][hybrid.speech_recognize][INFO] - 
REF:i'm pushing and pulling with this object
HYP:i'm preinging and i'med this process


REF:and he surprised me by saying you know what
HYP:it's surs to see you know

[2026-08-05 14:05:08,849][hybrid.speech_recognize][INFO] - 
REF:and he surprised me by saying you know what
HYP:it's surs to see you know


REF:there's nothing underground about it
HYP:there was nothing about unrrate about it

[2026-08-05 14:05:08,850][hybrid.speech_recognize][INFO] - 
REF:there's nothing underground about it
HYP:there was nothing about unrrate about it


REF:that may not always be the case
HYP:that fleal by my go by coilid

[2026-08-05 14:05:08,850][hybrid.speech_recognize][INFO] - 
REF:that may not always be the case
HYP:that fleal by my go by coilid


REF:i'm 27 years old
HYP:i'm 1 17 old old old

[2026-08-05 14:05:08,851][hybrid.speech_recognize][INFO] - 
REF:i'm 27 years old
HYP:i'm 1 17 old old old


REF:but there's actually more to the story than that
HYP:but there's actually morern's to do that

[2026-08-05 14:05:08,852][hybrid.speech_recognize][INFO] - 
REF:but there's actually more to the story than that
HYP:but there's actually morern's to do that


REF:okay then we can make a mobile geiger counter
HYP:okay ok you make a make a moleal lamal

[2026-08-05 14:05:08,853][hybrid.speech_recognize][INFO] - 
REF:okay then we can make a mobile geiger counter
HYP:okay ok you make a make a moleal lamal


REF:well i didn't have any idea
HYP:well i don't have ie enough

[2026-08-05 14:05:08,853][hybrid.speech_recognize][INFO] - 
REF:well i didn't have any idea
HYP:well i don't have ie enough


REF:so i started a research project with them
HYP:so i started started a research with them

[2026-08-05 14:05:08,854][hybrid.speech_recognize][INFO] - 
REF:so i started a research project with them
HYP:so i started started a research with them


REF:they change from person to person
HYP:they change for change from the point

[2026-08-05 14:05:08,855][hybrid.speech_recognize][INFO] - 
REF:they change from person to person
HYP:they change for change from the point


REF:well i think about this all the time
HYP:well i think this all all the time

[2026-08-05 14:05:08,855][hybrid.speech_recognize][INFO] - 
REF:well i think about this all the time
HYP:well i think this all all the time


REF:no plankton means no fish
HYP:you don't have this in this friish

[2026-08-05 14:05:08,856][hybrid.speech_recognize][INFO] - 
REF:no plankton means no fish
HYP:you don't have this in this friish


REF:you make it flow under and over
HYP:you make a make it's over over over

[2026-08-05 14:05:08,857][hybrid.speech_recognize][INFO] - 
REF:you make it flow under and over
HYP:you make a make it's over over over


REF:so they felt safe to come there
HYP:so their frs for come down there come

[2026-08-05 14:05:08,857][hybrid.speech_recognize][INFO] - 
REF:so they felt safe to come there
HYP:so their frs for come down there come


REF:i don't understand
HYP:i got i don't understand understand that

[2026-08-05 14:05:08,858][hybrid.speech_recognize][INFO] - 
REF:i don't understand
HYP:i got i don't understand understand that


REF:sexual harassment doesn't discriminate
HYP:tell her le your omted

[2026-08-05 14:05:09,265][hybrid.speech_recognize][INFO] - 
REF:sexual harassment doesn't discriminate
HYP:tell her le your omted


REF:i will craft my own drum
HYP:i will agree rock my my home on my own

[2026-08-05 14:05:09,267][hybrid.speech_recognize][INFO] - 
REF:i will craft my own drum
HYP:i will agree rock my my home on my own


REF:so how does this work
HYP:so how does this work

[2026-08-05 14:05:09,267][hybrid.speech_recognize][INFO] - 
REF:so how does this work
HYP:so how does this work


REF:i have three sons so i see how they fight
HYP:i have always to res how if they found in the vuy

[2026-08-05 14:05:09,268][hybrid.speech_recognize][INFO] - 
REF:i have three sons so i see how they fight
HYP:i have always to res how if they found in the vuy


REF:when it's 10 degrees below zero
HYP:but it's the redccocors o

[2026-08-05 14:05:09,269][hybrid.speech_recognize][INFO] - 
REF:when it's 10 degrees below zero
HYP:but it's the redccocors o


REF:and guess what silicon valley
HYP:it has one on sencllas val

[2026-08-05 14:05:09,270][hybrid.speech_recognize][INFO] - 
REF:and guess what silicon valley
HYP:it has one on sencllas val


REF:and he thinks i'm saying take my picture
HYP:and i thinking my take my bamager

[2026-08-05 14:05:09,271][hybrid.speech_recognize][INFO] - 
REF:and he thinks i'm saying take my picture
HYP:and i thinking my take my bamager


REF:you say you're working more than 60 hours
HYP:you see to more more than more than than than than

[2026-08-05 14:05:09,272][hybrid.speech_recognize][INFO] - 
REF:you say you're working more than 60 hours
HYP:you see to more more than more than than than than


REF:my grandfather worked at this factory
HYP:my glldnth in this funs on this

[2026-08-05 14:05:09,273][hybrid.speech_recognize][INFO] - 
REF:my grandfather worked at this factory
HYP:my glldnth in this funs on this


REF:actually studied hormones
HYP:actually i actuallyiallymorsmmmm

[2026-08-05 14:05:09,274][hybrid.speech_recognize][INFO] - 
REF:actually studied hormones
HYP:actually i actuallyiallymorsmmmm


REF:take a look at one of our spots
HYP:take can look at one at ones of those

[2026-08-05 14:05:09,275][hybrid.speech_recognize][INFO] - 
REF:take a look at one of our spots
HYP:take can look at one at ones of those


REF:faced with absence
HYP:and fact with enpers with a expance

[2026-08-05 14:05:09,276][hybrid.speech_recognize][INFO] - 
REF:faced with absence
HYP:and fact with enpers with a expance


REF:i was not going to cry myself to sleep
HYP:i was not cuted my omamding i was them

[2026-08-05 14:05:09,277][hybrid.speech_recognize][INFO] - 
REF:i was not going to cry myself to sleep
HYP:i was not cuted my omamding i was them


REF:i am torn by your love for me
HYP:i am told to own own are me for me

[2026-08-05 14:05:09,277][hybrid.speech_recognize][INFO] - 
REF:i am torn by your love for me
HYP:i am told to own own are me for me


REF:and so it's perfect for something like that
HYP:and she was profos to do that

[2026-08-05 14:05:09,278][hybrid.speech_recognize][INFO] - 
REF:and so it's perfect for something like that
HYP:and she was profos to do that


REF:i started looking at them really carefully
HYP:i started started looking at a's looking at it

[2026-08-05 14:05:09,279][hybrid.speech_recognize][INFO] - 
REF:i started looking at them really carefully
HYP:i started started looking at a's looking at it


REF:there won't be a single moment in the schedule
HYP:it will be in entisting

[2026-08-05 14:05:09,762][hybrid.speech_recognize][INFO] - 
REF:there won't be a single moment in the schedule
HYP:it will be in entisting


REF:that allowed me to take a stand for myself
HYP:they all meed to take me for myself

[2026-08-05 14:05:09,763][hybrid.speech_recognize][INFO] - 
REF:that allowed me to take a stand for myself
HYP:they all meed to take me for myself


REF:my father worked at this factory he said
HYP:my mother with this day at this's inhhory

[2026-08-05 14:05:09,764][hybrid.speech_recognize][INFO] - 
REF:my father worked at this factory he said
HYP:my mother with this day at this's inhhory


REF:they were unexpected pleasures
HYP:they were not extasted

[2026-08-05 14:05:09,765][hybrid.speech_recognize][INFO] - 
REF:they were unexpected pleasures
HYP:they were not extasted


REF:it was like a star trek episode you know
HYP:it was like otutiy

[2026-08-05 14:05:09,766][hybrid.speech_recognize][INFO] - 
REF:it was like a star trek episode you know
HYP:it was like otutiy


REF:all of you are members of tribes
HYP:all of you may are numbers of all

[2026-08-05 14:05:09,766][hybrid.speech_recognize][INFO] - 
REF:all of you are members of tribes
HYP:all of you may are numbers of all


REF:and use is what creates impact
HYP:and do this baccacted

[2026-08-05 14:05:09,767][hybrid.speech_recognize][INFO] - 
REF:and use is what creates impact
HYP:and do this baccacted


REF:and he wanted one so badly
HYP:i didn't want you wanted so so

[2026-08-05 14:05:09,768][hybrid.speech_recognize][INFO] - 
REF:and he wanted one so badly
HYP:i didn't want you wanted so so


REF:that's what's so complicated about war
HYP:that's what learns what's shis about work

[2026-08-05 14:05:09,769][hybrid.speech_recognize][INFO] - 
REF:that's what's so complicated about war
HYP:that's what learns what's shis about work


REF:has a coherent movement
HYP:as it's the corcveivement

[2026-08-05 14:05:09,770][hybrid.speech_recognize][INFO] - 
REF:has a coherent movement
HYP:as it's the corcveivement


REF:so this is obvious right
HYP:so this is the time

[2026-08-05 14:05:09,771][hybrid.speech_recognize][INFO] - 
REF:so this is obvious right
HYP:so this is the time


REF:not the wife not the kids
HYP:corrss the not is us

[2026-08-05 14:05:09,771][hybrid.speech_recognize][INFO] - 
REF:not the wife not the kids
HYP:corrss the not is us


REF:or do you think the government should redistribute
HYP:you think the religion of government you need to remer

[2026-08-05 14:05:09,772][hybrid.speech_recognize][INFO] - 
REF:or do you think the government should redistribute
HYP:you think the religion of government you need to remer


REF:i tagged along with my neighbors
HYP:i's a last with my veoss with mymmmor

[2026-08-05 14:05:09,773][hybrid.speech_recognize][INFO] - 
REF:i tagged along with my neighbors
HYP:i's a last with my veoss with mymmmor


REF:the answer to that question is a very definitive
HYP:the answer is that's very very very very very frive

[2026-08-05 14:05:09,774][hybrid.speech_recognize][INFO] - 
REF:the answer to that question is a very definitive
HYP:the answer is that's very very very very very frive


REF:we can see everything on wikipedia
HYP:we can see see you can be

[2026-08-05 14:05:09,775][hybrid.speech_recognize][INFO] - 
REF:we can see everything on wikipedia
HYP:we can see see you can be


REF:we only sell you airtime
HYP:we onlyled to do le

[2026-08-05 14:05:10,223][hybrid.speech_recognize][INFO] - 
REF:we only sell you airtime
HYP:we onlyled to do le


REF:and nothing happened at all
HYP:and nothing thing has happen

[2026-08-05 14:05:10,224][hybrid.speech_recognize][INFO] - 
REF:and nothing happened at all
HYP:and nothing thing has happen


REF:did you hear he has gone mad
HYP:did is you can look at a war

[2026-08-05 14:05:10,224][hybrid.speech_recognize][INFO] - 
REF:did you hear he has gone mad
HYP:did is you can look at a war


REF:one woman gives birth to borders
HYP:what will believe the beneits

[2026-08-05 14:05:10,225][hybrid.speech_recognize][INFO] - 
REF:one woman gives birth to borders
HYP:what will believe the beneits


REF:one woman gives birth to a baby
HYP:prrrs a women have a bamy by

[2026-08-05 14:05:10,226][hybrid.speech_recognize][INFO] - 
REF:one woman gives birth to a baby
HYP:prrrs a women have a bamy by


REF:we've just somehow forgotten how to see it
HYP:we've just how out how to see

[2026-08-05 14:05:10,227][hybrid.speech_recognize][INFO] - 
REF:we've just somehow forgotten how to see it
HYP:we've just how out how to see


REF:government officials are extremely mad
HYP:if we are be be this bacinamed

[2026-08-05 14:05:10,227][hybrid.speech_recognize][INFO] - 
REF:government officials are extremely mad
HYP:if we are be be this bacinamed


REF:and they don't need to ask for permission
HYP:and they don't need for per

[2026-08-05 14:05:10,228][hybrid.speech_recognize][INFO] - 
REF:and they don't need to ask for permission
HYP:and they don't need for per


REF:i didn't feel like i was in the wrong body
HYP:i didn't felt i was los in the ris

[2026-08-05 14:05:10,229][hybrid.speech_recognize][INFO] - 
REF:i didn't feel like i was in the wrong body
HYP:i didn't felt i was los in the ris


REF:let me tell you about a couple of them
HYP:and i'm going to talk of them of them

[2026-08-05 14:05:10,230][hybrid.speech_recognize][INFO] - 
REF:let me tell you about a couple of them
HYP:and i'm going to talk of them of them


REF:and my whole world did open up
HYP:and how own wordss in your comes

[2026-08-05 14:05:10,230][hybrid.speech_recognize][INFO] - 
REF:and my whole world did open up
HYP:and how own wordss in your comes


REF:well we rejected all of that
HYP:well we'veed all all of that

[2026-08-05 14:05:10,231][hybrid.speech_recognize][INFO] - 
REF:well we rejected all of that
HYP:well we'veed all all of that


REF:and i won't name names but you know who you are
HYP:i won back back back back to meranly

[2026-08-05 14:05:10,232][hybrid.speech_recognize][INFO] - 
REF:and i won't name names but you know who you are
HYP:i won back back back back to meranly


REF:but there's so much potential
HYP:but there's much much monalion

[2026-08-05 14:05:10,232][hybrid.speech_recognize][INFO] - 
REF:but there's so much potential
HYP:but there's much much monalion


REF:i am full of contradictions
HYP:i'm only for condations

[2026-08-05 14:05:10,233][hybrid.speech_recognize][INFO] - 
REF:i am full of contradictions
HYP:i'm only for condations


REF:well that's what predictions are
HYP:well that's what copestion are are are

[2026-08-05 14:05:10,234][hybrid.speech_recognize][INFO] - 
REF:well that's what predictions are
HYP:well that's what copestion are are are


REF:did you learn to wash your hands at home
HYP:it's aththththt has brow

[2026-08-05 14:05:10,578][hybrid.speech_recognize][INFO] - 
REF:did you learn to wash your hands at home
HYP:it's aththththt has brow


REF:so i looked for furniture
HYP:so a end of the litic

[2026-08-05 14:05:10,579][hybrid.speech_recognize][INFO] - 
REF:so i looked for furniture
HYP:so a end of the litic


REF:and this routine went on for some time
HYP:and the true is we can cond for some some

[2026-08-05 14:05:10,580][hybrid.speech_recognize][INFO] - 
REF:and this routine went on for some time
HYP:and the true is we can cond for some some


REF:but i love it for a totally different reason
HYP:but i love it't want to give it

[2026-08-05 14:05:10,581][hybrid.speech_recognize][INFO] - 
REF:but i love it for a totally different reason
HYP:but i love it't want to give it


REF:it's natural connective tissue
HYP:it's salcal

[2026-08-05 14:05:10,581][hybrid.speech_recognize][INFO] - 
REF:it's natural connective tissue
HYP:it's salcal


REF:she got a support network
HYP:she had that ssks

[2026-08-05 14:05:10,582][hybrid.speech_recognize][INFO] - 
REF:she got a support network
HYP:she had that ssks


REF:how frustrated are you right now
HYP:i have fhreaced i can now

[2026-08-05 14:05:10,583][hybrid.speech_recognize][INFO] - 
REF:how frustrated are you right now
HYP:i have fhreaced i can now


REF:one woman never did
HYP:are one one

[2026-08-05 14:05:10,583][hybrid.speech_recognize][INFO] - 
REF:one woman never did
HYP:are one one


REF:and i was like oh the amazon
HYP:i was like like la

[2026-08-05 14:05:10,584][hybrid.speech_recognize][INFO] - 
REF:and i was like oh the amazon
HYP:i was like like la


REF:but that doesn't mean that we can't
HYP:but that's something that we't

[2026-08-05 14:05:10,585][hybrid.speech_recognize][INFO] - 
REF:but that doesn't mean that we can't
HYP:but that's something that we't


REF:you would be issuing orders from above
HYP:you were be to beustus

[2026-08-05 14:05:10,585][hybrid.speech_recognize][INFO] - 
REF:you would be issuing orders from above
HYP:you were be to beustus


REF:but that really isn't true anymore
HYP:but they really didn't do it

[2026-08-05 14:05:10,586][hybrid.speech_recognize][INFO] - 
REF:but that really isn't true anymore
HYP:but they really didn't do it


REF:they haven't yet been convicted of a crime
HYP:i haven't have a contisted of the class

[2026-08-05 14:05:10,587][hybrid.speech_recognize][INFO] - 
REF:they haven't yet been convicted of a crime
HYP:i haven't have a contisted of the class


REF:it's a marker of empathy
HYP:he's the body

[2026-08-05 14:05:10,587][hybrid.speech_recognize][INFO] - 
REF:it's a marker of empathy
HYP:he's the body


REF:pretty much everybody else who does polls
HYP:one of my effinstoss

[2026-08-05 14:05:10,588][hybrid.speech_recognize][INFO] - 
REF:pretty much everybody else who does polls
HYP:one of my effinstoss


REF:and it's not that they didn't want me to think critically
HYP:it's not the things women women's

[2026-08-05 14:05:10,589][hybrid.speech_recognize][INFO] - 
REF:and it's not that they didn't want me to think critically
HYP:it's not the things women women's


REF:it's an unconscious process
HYP:it's not on aucoges

[2026-08-05 14:05:10,948][hybrid.speech_recognize][INFO] - 
REF:it's an unconscious process
HYP:it's not on aucoges


REF:but the question is who will have it
HYP:but but the questions who will have it will

[2026-08-05 14:05:10,949][hybrid.speech_recognize][INFO] - 
REF:but the question is who will have it
HYP:but but the questions who will have it will


REF:did you learn to wash your hands in school
HYP:then you go through your with asks

[2026-08-05 14:05:10,949][hybrid.speech_recognize][INFO] - 
REF:did you learn to wash your hands in school
HYP:then you go through your with asks


REF:we created a diagnostic test
HYP:we createed to a diys

[2026-08-05 14:05:10,950][hybrid.speech_recognize][INFO] - 
REF:we created a diagnostic test
HYP:we createed to a diys


REF:most independent media was shut down
HYP:but it's going to make what make he's not make

[2026-08-05 14:05:10,951][hybrid.speech_recognize][INFO] - 
REF:most independent media was shut down
HYP:but it's going to make what make he's not make


REF:we're not playing with each other
HYP:we're not lakeing with each other

[2026-08-05 14:05:10,951][hybrid.speech_recognize][INFO] - 
REF:we're not playing with each other
HYP:we're not lakeing with each other


REF:sort of leadership by humiliation
HYP:so here is a biggest otion

[2026-08-05 14:05:10,952][hybrid.speech_recognize][INFO] - 
REF:sort of leadership by humiliation
HYP:so here is a biggest otion


REF:so i'd like to leave you with these thoughts
HYP:so i't like it with with us

[2026-08-05 14:05:10,953][hybrid.speech_recognize][INFO] - 
REF:so i'd like to leave you with these thoughts
HYP:so i't like it with with us


REF:what kind of trauma am i talking about here
HYP:we can kind of talk about i talk about here

[2026-08-05 14:05:10,953][hybrid.speech_recognize][INFO] - 
REF:what kind of trauma am i talking about here
HYP:we can kind of talk about i talk about here


REF:irreconcilable differences right
HYP:in incizable is differentable

[2026-08-05 14:05:10,954][hybrid.speech_recognize][INFO] - 
REF:irreconcilable differences right
HYP:in incizable is differentable


REF:so i went to church as often as i could
HYP:so when i started talking to often and i was

[2026-08-05 14:05:10,955][hybrid.speech_recognize][INFO] - 
REF:so i went to church as often as i could
HYP:so when i started talking to often and i was


REF:which means take my camera
HYP:which which means my ez

[2026-08-05 14:05:10,955][hybrid.speech_recognize][INFO] - 
REF:which means take my camera
HYP:which which means my ez


REF:i want no part of any of that
HYP:i want to go if i don't want of that

[2026-08-05 14:05:10,956][hybrid.speech_recognize][INFO] - 
REF:i want no part of any of that
HYP:i want to go if i don't want of that


REF:everything in the universe wears out
HYP:everything is you thinks from you

[2026-08-05 14:05:10,957][hybrid.speech_recognize][INFO] - 
REF:everything in the universe wears out
HYP:everything is you thinks from you


REF:i wasn't very good at reading things
HYP:i was frred i was work

[2026-08-05 14:05:10,957][hybrid.speech_recognize][INFO] - 
REF:i wasn't very good at reading things
HYP:i was frred i was work


REF:cluster bombs left behind
HYP:i known't have your commmed

[2026-08-05 14:05:10,958][hybrid.speech_recognize][INFO] - 
REF:cluster bombs left behind
HYP:i known't have your commmed


REF:why do i believe this
HYP:why don't believe this in this

[2026-08-05 14:05:11,400][hybrid.speech_recognize][INFO] - 
REF:why do i believe this
HYP:why don't believe this in this


REF:storytelling is so important
HYP:str is is is important

[2026-08-05 14:05:11,401][hybrid.speech_recognize][INFO] - 
REF:storytelling is so important
HYP:str is is is important


REF:how much can we change
HYP:how much we change much we change

[2026-08-05 14:05:11,402][hybrid.speech_recognize][INFO] - 
REF:how much can we change
HYP:how much we change much we change


REF:the question why does she stay
HYP:the question question why she say

[2026-08-05 14:05:11,402][hybrid.speech_recognize][INFO] - 
REF:the question why does she stay
HYP:the question question why she say


REF:it's an automatic process
HYP:it's an other mothtic

[2026-08-05 14:05:11,403][hybrid.speech_recognize][INFO] - 
REF:it's an automatic process
HYP:it's an other mothtic


REF:my history wasn't right
HYP:my y't right what right what right

[2026-08-05 14:05:11,404][hybrid.speech_recognize][INFO] - 
REF:my history wasn't right
HYP:my y't right what right what right


REF:that will change everything when we see that
HYP:that was agree cofers was that was the day

[2026-08-05 14:05:11,405][hybrid.speech_recognize][INFO] - 
REF:that will change everything when we see that
HYP:that was agree cofers was that was the day


REF:human relationships are not efficient
HYP:humanomnt's of stus

[2026-08-05 14:05:11,406][hybrid.speech_recognize][INFO] - 
REF:human relationships are not efficient
HYP:humanomnt's of stus


REF:there's a million different ways to eat pizza
HYP:there are in a marcestis in ones

[2026-08-05 14:05:11,407][hybrid.speech_recognize][INFO] - 
REF:there's a million different ways to eat pizza
HYP:there are in a marcestis in ones


REF:we weren't considered the real thing
HYP:we want to workal realing it

[2026-08-05 14:05:11,407][hybrid.speech_recognize][INFO] - 
REF:we weren't considered the real thing
HYP:we want to workal realing it


REF:they have to be able to teach us something as well
HYP:they have to be being a dis as wos as

[2026-08-05 14:05:11,408][hybrid.speech_recognize][INFO] - 
REF:they have to be able to teach us something as well
HYP:they have to be being a dis as wos as


REF:that doesn't probably happen every day
HYP:that doesn't probably happen

[2026-08-05 14:05:11,409][hybrid.speech_recognize][INFO] - 
REF:that doesn't probably happen every day
HYP:that doesn't probably happen


REF:and boy they were like what
HYP:and they were they were like

[2026-08-05 14:05:11,410][hybrid.speech_recognize][INFO] - 
REF:and boy they were like what
HYP:and they were they were like


REF:like why did i really have to mow the lawn
HYP:and right now i have to be a smart

[2026-08-05 14:05:11,411][hybrid.speech_recognize][INFO] - 
REF:like why did i really have to mow the lawn
HYP:and right now i have to be a smart


REF:so i went in that direction
HYP:so i went in that went

[2026-08-05 14:05:11,411][hybrid.speech_recognize][INFO] - 
REF:so i went in that direction
HYP:so i went in that went


REF:and they were basically having fun
HYP:and they were belyly

[2026-08-05 14:05:11,412][hybrid.speech_recognize][INFO] - 
REF:and they were basically having fun
HYP:and they were belyly


REF:i needed an education
HYP:i needn't get anything

[2026-08-05 14:05:11,833][hybrid.speech_recognize][INFO] - 
REF:i needed an education
HYP:i needn't get anything


REF:this will pay dividends
HYP:this will pleticing

[2026-08-05 14:05:11,834][hybrid.speech_recognize][INFO] - 
REF:this will pay dividends
HYP:this will pleticing


REF:i was talking about interaction design
HYP:i was talk toward about destion

[2026-08-05 14:05:11,835][hybrid.speech_recognize][INFO] - 
REF:i was talking about interaction design
HYP:i was talk toward about destion


REF:i had just graduated from harvard college
HYP:i had to auguveas lacks

[2026-08-05 14:05:11,836][hybrid.speech_recognize][INFO] - 
REF:i had just graduated from harvard college
HYP:i had to auguveas lacks


REF:it needs to happen
HYP:it can need to happen

[2026-08-05 14:05:11,837][hybrid.speech_recognize][INFO] - 
REF:it needs to happen
HYP:it can need to happen


REF:remember what i said my love
HYP:but remember i said what i said my love

[2026-08-05 14:05:11,837][hybrid.speech_recognize][INFO] - 
REF:remember what i said my love
HYP:but remember i said what i said my love


REF:they had her scanned inside out
HYP:and i understand the staads

[2026-08-05 14:05:11,838][hybrid.speech_recognize][INFO] - 
REF:they had her scanned inside out
HYP:and i understand the staads


REF:this is going to become really freaking obvious
HYP:it's going to put a friend of rnras three three tas

[2026-08-05 14:05:11,839][hybrid.speech_recognize][INFO] - 
REF:this is going to become really freaking obvious
HYP:it's going to put a friend of rnras three three tas


REF:i am certainly not the hardest working
HYP:i'm not goodrs the work

[2026-08-05 14:05:11,840][hybrid.speech_recognize][INFO] - 
REF:i am certainly not the hardest working
HYP:i'm not goodrs the work


REF:one woman loses her head
HYP:a one one women's los looks

[2026-08-05 14:05:11,841][hybrid.speech_recognize][INFO] - 
REF:one woman loses her head
HYP:a one one women's los looks


REF:i feel that god knows me
HYP:i feel that fhn't know to go me

[2026-08-05 14:05:11,842][hybrid.speech_recognize][INFO] - 
REF:i feel that god knows me
HYP:i feel that fhn't know to go me


REF:it was the coldest i've ever been
HYP:it was the the whoevern've been been

[2026-08-05 14:05:11,842][hybrid.speech_recognize][INFO] - 
REF:it was the coldest i've ever been
HYP:it was the the whoevern've been been


REF:i looked at slaves
HYP:i looked learned a lot of samas

[2026-08-05 14:05:11,843][hybrid.speech_recognize][INFO] - 
REF:i looked at slaves
HYP:i looked learned a lot of samas


REF:take a moment to say thank you
HYP:take taking a moment

[2026-08-05 14:05:11,844][hybrid.speech_recognize][INFO] - 
REF:take a moment to say thank you
HYP:take taking a moment


REF:i want to be the center of attention
HYP:i want to be a single cons oftasation

[2026-08-05 14:05:11,845][hybrid.speech_recognize][INFO] - 
REF:i want to be the center of attention
HYP:i want to be a single cons oftasation


REF:what are the researchers learning
HYP:what are the resssers

[2026-08-05 14:05:11,846][hybrid.speech_recognize][INFO] - 
REF:what are the researchers learning
HYP:what are the resssers


REF:it's been thought about for a while
HYP:it's been talking about th

[2026-08-05 14:05:12,261][hybrid.speech_recognize][INFO] - 
REF:it's been thought about for a while
HYP:it's been talking about th


REF:we can't identify with that part
HYP:we need to dffffain with that say

[2026-08-05 14:05:12,262][hybrid.speech_recognize][INFO] - 
REF:we can't identify with that part
HYP:we need to dffffain with that say


REF:the answer was no
HYP:ys it was

[2026-08-05 14:05:12,263][hybrid.speech_recognize][INFO] - 
REF:the answer was no
HYP:ys it was


REF:well we bought one of these
HYP:well we put this where

[2026-08-05 14:05:12,264][hybrid.speech_recognize][INFO] - 
REF:well we bought one of these
HYP:well we put this where


REF:one woman feeds on trash
HYP:our will would be sasstas

[2026-08-05 14:05:12,264][hybrid.speech_recognize][INFO] - 
REF:one woman feeds on trash
HYP:our will would be sasstas


REF:they're just waiting for their day in court
HYP:they just waiting for their take for theiracting

[2026-08-05 14:05:12,265][hybrid.speech_recognize][INFO] - 
REF:they're just waiting for their day in court
HYP:they just waiting for their take for theiracting


REF:we can't see it most of the time
HYP:we can see seeing most

[2026-08-05 14:05:12,266][hybrid.speech_recognize][INFO] - 
REF:we can't see it most of the time
HYP:we can see seeing most


REF:we all know what he's talking about
HYP:we all know what is about

[2026-08-05 14:05:12,267][hybrid.speech_recognize][INFO] - 
REF:we all know what he's talking about
HYP:we all know what is about


REF:i want to know how i impact them
HYP:i wanted to know how im how

[2026-08-05 14:05:12,268][hybrid.speech_recognize][INFO] - 
REF:i want to know how i impact them
HYP:i wanted to know how im how


REF:they're not heavily subsidized
HYP:they're not have thesesssss

[2026-08-05 14:05:12,269][hybrid.speech_recognize][INFO] - 
REF:they're not heavily subsidized
HYP:they're not have thesesssss


REF:we have no control over these forces
HYP:we have no trasees of these restors

[2026-08-05 14:05:12,270][hybrid.speech_recognize][INFO] - 
REF:we have no control over these forces
HYP:we have no trasees of these restors


REF:your job needs to be challenging
HYP:you're going to changeing

[2026-08-05 14:05:12,270][hybrid.speech_recognize][INFO] - 
REF:your job needs to be challenging
HYP:you're going to changeing


REF:now that's a very very good point
HYP:now if that's very very important

[2026-08-05 14:05:12,271][hybrid.speech_recognize][INFO] - 
REF:now that's a very very good point
HYP:now if that's very very important


REF:they supported me all the way through it
HYP:that's so so all all all all story

[2026-08-05 14:05:12,272][hybrid.speech_recognize][INFO] - 
REF:they supported me all the way through it
HYP:that's so so all all all all story


REF:but it's a global phenomenon
HYP:but it is the lomimenm

[2026-08-05 14:05:12,273][hybrid.speech_recognize][INFO] - 
REF:but it's a global phenomenon
HYP:but it is the lomimenm


REF:how do i get through the hardest part
HYP:and we need from the home and the home

[2026-08-05 14:05:12,274][hybrid.speech_recognize][INFO] - 
REF:how do i get through the hardest part
HYP:and we need from the home and the home


REF:my brothers are not as interested as i am
HYP:my mother mothered it's not daying in the caring

[2026-08-05 14:05:12,714][hybrid.speech_recognize][INFO] - 
REF:my brothers are not as interested as i am
HYP:my mother mothered it's not daying in the caring


REF:it impacts crime and violence
HYP:it's about ramizing a vus

[2026-08-05 14:05:12,715][hybrid.speech_recognize][INFO] - 
REF:it impacts crime and violence
HYP:it's about ramizing a vus


REF:now i know why i'm here
HYP:now i know i know why

[2026-08-05 14:05:12,716][hybrid.speech_recognize][INFO] - 
REF:now i know why i'm here
HYP:now i know i know why


REF:i am thinking of your love for me
HYP:i put the lrove through mes me me

[2026-08-05 14:05:12,717][hybrid.speech_recognize][INFO] - 
REF:i am thinking of your love for me
HYP:i put the lrove through mes me me


REF:this is how stuff is made memorable
HYP:this is not kindmmmmable

[2026-08-05 14:05:12,717][hybrid.speech_recognize][INFO] - 
REF:this is how stuff is made memorable
HYP:this is not kindmmmmable


REF:the key here really is knowledge
HYP:that he can stus

[2026-08-05 14:05:12,718][hybrid.speech_recognize][INFO] - 
REF:the key here really is knowledge
HYP:that he can stus


REF:i tried everything
HYP:i tried everything

[2026-08-05 14:05:12,719][hybrid.speech_recognize][INFO] - 
REF:i tried everything
HYP:i tried everything


REF:data drives better decisions
HYP:take and ras ens

[2026-08-05 14:05:12,720][hybrid.speech_recognize][INFO] - 
REF:data drives better decisions
HYP:take and ras ens


REF:you're doing incredibly important work
HYP:it's also weming people to work

[2026-08-05 14:05:12,720][hybrid.speech_recognize][INFO] - 
REF:you're doing incredibly important work
HYP:it's also weming people to work


REF:they were wonderful people
HYP:they were wonderful wonderful

[2026-08-05 14:05:12,721][hybrid.speech_recognize][INFO] - 
REF:they were wonderful people
HYP:they were wonderful wonderful


REF:and in many cases we don't
HYP:and in many case we don't know

[2026-08-05 14:05:12,722][hybrid.speech_recognize][INFO] - 
REF:and in many cases we don't
HYP:and in many case we don't know


REF:they have social meaning
HYP:they have social social media

[2026-08-05 14:05:12,723][hybrid.speech_recognize][INFO] - 
REF:they have social meaning
HYP:they have social social media


REF:we hear terrorism
HYP:we see a sral

[2026-08-05 14:05:12,723][hybrid.speech_recognize][INFO] - 
REF:we hear terrorism
HYP:we see a sral


REF:we don't need moore's law to continue
HYP:we don't more more art to do

[2026-08-05 14:05:12,724][hybrid.speech_recognize][INFO] - 
REF:we don't need moore's law to continue
HYP:we don't more more art to do


REF:only we don't know that it's a homeless shelter
HYP:who don't know we don't know

[2026-08-05 14:05:12,725][hybrid.speech_recognize][INFO] - 
REF:only we don't know that it's a homeless shelter
HYP:who don't know we don't know


REF:you don't get a chance to mess it up
HYP:you don't get to be myself

[2026-08-05 14:05:12,726][hybrid.speech_recognize][INFO] - 
REF:you don't get a chance to mess it up
HYP:you don't get to be myself


REF:we have to turn that around
HYP:what is a happy of the help with the colatithies

[2026-08-05 14:05:13,129][hybrid.speech_recognize][INFO] - 
REF:we have to turn that around
HYP:what is a happy of the help with the colatithies


REF:this is the only part that's battery backed up
HYP:this's only only bast at the back

[2026-08-05 14:05:13,130][hybrid.speech_recognize][INFO] - 
REF:this is the only part that's battery backed up
HYP:this's only only bast at the back


REF:i'm not a social problem guy
HYP:and i'm not social problems the problem

[2026-08-05 14:05:13,131][hybrid.speech_recognize][INFO] - 
REF:i'm not a social problem guy
HYP:and i'm not social problems the problem


REF:and they're not just focused on money
HYP:and they're not just focused

[2026-08-05 14:05:13,132][hybrid.speech_recognize][INFO] - 
REF:and they're not just focused on money
HYP:and they're not just focused


REF:we could only think of one way
HYP:we can only think of one one

[2026-08-05 14:05:13,132][hybrid.speech_recognize][INFO] - 
REF:we could only think of one way
HYP:we can only think of one one


REF:that was her fight
HYP:that was a farid

[2026-08-05 14:05:13,133][hybrid.speech_recognize][INFO] - 
REF:that was her fight
HYP:that was a farid


REF:we know that we are right and they are wrong
HYP:we know that we know that we all

[2026-08-05 14:05:13,134][hybrid.speech_recognize][INFO] - 
REF:we know that we are right and they are wrong
HYP:we know that we know that we all


REF:we're seeing the baby brain
HYP:we see that see

[2026-08-05 14:05:13,135][hybrid.speech_recognize][INFO] - 
REF:we're seeing the baby brain
HYP:we see that see


REF:let us have a hong kong nearby
HYP:things is i have thellllal

[2026-08-05 14:05:13,136][hybrid.speech_recognize][INFO] - 
REF:let us have a hong kong nearby
HYP:things is i have thellllal


REF:and they did it in the good old fashioned way
HYP:and they think it's in the ways ways

[2026-08-05 14:05:13,136][hybrid.speech_recognize][INFO] - 
REF:and they did it in the good old fashioned way
HYP:and they think it's in the ways ways


REF:i am sick to my stomach
HYP:i amn'm to two a so coming

[2026-08-05 14:05:13,137][hybrid.speech_recognize][INFO] - 
REF:i am sick to my stomach
HYP:i amn'm to two a so coming


REF:this isn't information
HYP:and this is an institutionation

[2026-08-05 14:05:13,138][hybrid.speech_recognize][INFO] - 
REF:this isn't information
HYP:and this is an institutionation


REF:some people call it data science
HYP:some people called called say

[2026-08-05 14:05:13,139][hybrid.speech_recognize][INFO] - 
REF:some people call it data science
HYP:some people called called say


REF:there will be invisible capacity
HYP:there were meastrabticed a bas

[2026-08-05 14:05:13,140][hybrid.speech_recognize][INFO] - 
REF:there will be invisible capacity
HYP:there were meastrabticed a bas


REF:there's a flip side as well
HYP:there's abiz as well well well as well

[2026-08-05 14:05:13,141][hybrid.speech_recognize][INFO] - 
REF:there's a flip side as well
HYP:there's abiz as well well well as well


REF:i said we work together
HYP:i think we workn't have

[2026-08-05 14:05:13,141][hybrid.speech_recognize][INFO] - 
REF:i said we work together
HYP:i think we workn't have


REF:it's very hard to get of course
HYP:it's very hard to get hard

[2026-08-05 14:05:13,487][hybrid.speech_recognize][INFO] - 
REF:it's very hard to get of course
HYP:it's very hard to get hard


REF:it's not a dirty word
HYP:it's not not work

[2026-08-05 14:05:13,489][hybrid.speech_recognize][INFO] - 
REF:it's not a dirty word
HYP:it's not not work


REF:i remember what you said to me
HYP:i remember a number what jararar

[2026-08-05 14:05:13,489][hybrid.speech_recognize][INFO] - 
REF:i remember what you said to me
HYP:i remember a number what jararar


REF:we know why kids don't learn
HYP:we know what know why

[2026-08-05 14:05:13,490][hybrid.speech_recognize][INFO] - 
REF:we know why kids don't learn
HYP:we know what know why


REF:we need portable health benefits
HYP:we need to helpererisafticics

[2026-08-05 14:05:13,491][hybrid.speech_recognize][INFO] - 
REF:we need portable health benefits
HYP:we need to helpererisafticics


REF:who cleans up after us
HYP:who can los up have rir

[2026-08-05 14:05:13,492][hybrid.speech_recognize][INFO] - 
REF:who cleans up after us
HYP:who can los up have rir


REF:allow many people to come in
HYP:and how many people people

[2026-08-05 14:05:13,493][hybrid.speech_recognize][INFO] - 
REF:allow many people to come in
HYP:and how many people people


REF:we're always trying to make it faster
HYP:we always want to make it make a fuck

[2026-08-05 14:05:13,494][hybrid.speech_recognize][INFO] - 
REF:we're always trying to make it faster
HYP:we always want to make it make a fuck


REF:how else can we create new ideas
HYP:i also want to a great into these

[2026-08-05 14:05:13,494][hybrid.speech_recognize][INFO] - 
REF:how else can we create new ideas
HYP:i also want to a great into these


REF:some did not everybody
HYP:it sedn't even any kind of a way

[2026-08-05 14:05:13,495][hybrid.speech_recognize][INFO] - 
REF:some did not everybody
HYP:it sedn't even any kind of a way


REF:that wasn't being asked
HYP:that wasn't the ask

[2026-08-05 14:05:13,496][hybrid.speech_recognize][INFO] - 
REF:that wasn't being asked
HYP:that wasn't the ask


REF:just when that's the last thing you want to do
HYP:just that's the last i want to do

[2026-08-05 14:05:13,497][hybrid.speech_recognize][INFO] - 
REF:just when that's the last thing you want to do
HYP:just that's the last i want to do


REF:but i'm a big fan of you as a person
HYP:but i'm a be of you'mer

[2026-08-05 14:05:13,498][hybrid.speech_recognize][INFO] - 
REF:but i'm a big fan of you as a person
HYP:but i'm a be of you'mer


REF:1 percent who get to do that
HYP:one producics dos do to do that

[2026-08-05 14:05:13,498][hybrid.speech_recognize][INFO] - 
REF:1 percent who get to do that
HYP:one producics dos do to do that


REF:we have to get quiet
HYP:we have to get of her

[2026-08-05 14:05:13,499][hybrid.speech_recognize][INFO] - 
REF:we have to get quiet
HYP:we have to get of her


REF:trust is the response
HYP:just susnononed

[2026-08-05 14:05:13,500][hybrid.speech_recognize][INFO] - 
REF:trust is the response
HYP:just susnononed


REF:at some point i'm going to get out
HYP:at the point i'm important out out out

[2026-08-05 14:05:13,932][hybrid.speech_recognize][INFO] - 
REF:at some point i'm going to get out
HYP:at the point i'm important out out out


REF:what can i learn with you
HYP:what can i learn with you

[2026-08-05 14:05:13,933][hybrid.speech_recognize][INFO] - 
REF:what can i learn with you
HYP:what can i learn with you


REF:the children were killed on the spot
HYP:the so learn of this on this on this

[2026-08-05 14:05:13,934][hybrid.speech_recognize][INFO] - 
REF:the children were killed on the spot
HYP:the so learn of this on this on this


REF:but that's kind of a big problem
HYP:but that a kind of a problem

[2026-08-05 14:05:13,935][hybrid.speech_recognize][INFO] - 
REF:but that's kind of a big problem
HYP:but that a kind of a problem


REF:so was mother teresa
HYP:it's no one what doesn's

[2026-08-05 14:05:13,936][hybrid.speech_recognize][INFO] - 
REF:so was mother teresa
HYP:it's no one what doesn's


REF:we just need to act on it
HYP:we just needs on

[2026-08-05 14:05:13,937][hybrid.speech_recognize][INFO] - 
REF:we just need to act on it
HYP:we just needs on


REF:but eventually they did come around
HYP:but eventually they didn't comen't

[2026-08-05 14:05:13,938][hybrid.speech_recognize][INFO] - 
REF:but eventually they did come around
HYP:but eventually they didn't comen't


REF:what are your intentions toward others
HYP:the prasssess for otherss

[2026-08-05 14:05:13,939][hybrid.speech_recognize][INFO] - 
REF:what are your intentions toward others
HYP:the prasssess for otherss


REF:so we decided to go to the mosque
HYP:so we decided to go to the gos

[2026-08-05 14:05:13,939][hybrid.speech_recognize][INFO] - 
REF:so we decided to go to the mosque
HYP:so we decided to go to the gos


REF:not when you get lung cancer
HYP:now you can're you get you can do

[2026-08-05 14:05:13,940][hybrid.speech_recognize][INFO] - 
REF:not when you get lung cancer
HYP:now you can're you get you can do


REF:it's a fucking orgy
HYP:it's a afraid

[2026-08-05 14:05:13,941][hybrid.speech_recognize][INFO] - 
REF:it's a fucking orgy
HYP:it's a afraid


REF:we've known since we were babies
HYP:one of the cons we were pamentmentmentment

[2026-08-05 14:05:13,942][hybrid.speech_recognize][INFO] - 
REF:we've known since we were babies
HYP:one of the cons we were pamentmentmentment


REF:it should be inspiring
HYP:it could beihiled

[2026-08-05 14:05:13,943][hybrid.speech_recognize][INFO] - 
REF:it should be inspiring
HYP:it could beihiled


REF:well there's a self fulfilling prophecy
HYP:with there's a sre proententy

[2026-08-05 14:05:13,944][hybrid.speech_recognize][INFO] - 
REF:well there's a self fulfilling prophecy
HYP:with there's a sre proententy


REF:but you know what the actual facts are
HYP:but you know what's what the act hards are

[2026-08-05 14:05:13,945][hybrid.speech_recognize][INFO] - 
REF:but you know what the actual facts are
HYP:but you know what's what the act hards are


REF:one of them got caught up in the water
HYP:one of them come of the we'm at the world

[2026-08-05 14:05:13,945][hybrid.speech_recognize][INFO] - 
REF:one of them got caught up in the water
HYP:one of them come of the we'm at the world


REF:rhythm is half silence
HYP:what doess you have sles

[2026-08-05 14:05:14,309][hybrid.speech_recognize][INFO] - 
REF:rhythm is half silence
HYP:what doess you have sles


REF:one woman shoots her face
HYP:no will will be to bes

[2026-08-05 14:05:14,310][hybrid.speech_recognize][INFO] - 
REF:one woman shoots her face
HYP:no will will be to bes


REF:or any national leader
HYP:what i need to the answer

[2026-08-05 14:05:14,311][hybrid.speech_recognize][INFO] - 
REF:or any national leader
HYP:what i need to the answer


REF:you probably won't
HYP:you're probablyly

[2026-08-05 14:05:14,311][hybrid.speech_recognize][INFO] - 
REF:you probably won't
HYP:you're probablyly


REF:we can change our minds
HYP:by againded it was onedds

[2026-08-05 14:05:14,312][hybrid.speech_recognize][INFO] - 
REF:we can change our minds
HYP:by againded it was onedds


REF:but people did not relate to this
HYP:but people are toogggged

[2026-08-05 14:05:14,313][hybrid.speech_recognize][INFO] - 
REF:but people did not relate to this
HYP:but people are toogggged


REF:and i said that's a good job
HYP:it's a a job job job

[2026-08-05 14:05:14,314][hybrid.speech_recognize][INFO] - 
REF:and i said that's a good job
HYP:it's a a job job job


REF:again it will not happen overnight
HYP:again it's it will over over over again

[2026-08-05 14:05:14,315][hybrid.speech_recognize][INFO] - 
REF:again it will not happen overnight
HYP:again it's it will over over over again


REF:i want to know how they impact me
HYP:i want to know how they know me

[2026-08-05 14:05:14,316][hybrid.speech_recognize][INFO] - 
REF:i want to know how they impact me
HYP:i want to know how they know me


REF:one woman straps herself
HYP:when one will sras yourself yourself yourself

[2026-08-05 14:05:14,316][hybrid.speech_recognize][INFO] - 
REF:one woman straps herself
HYP:when one will sras yourself yourself yourself


REF:stories are amazing
HYP:so storys are amazing

[2026-08-05 14:05:14,317][hybrid.speech_recognize][INFO] - 
REF:stories are amazing
HYP:so storys are amazing


REF:there's pollination going on
HYP:there's no los's going on go

[2026-08-05 14:05:14,318][hybrid.speech_recognize][INFO] - 
REF:there's pollination going on
HYP:there's no los's going on go


REF:does the water stay there forever
HYP:this is drcking for they're never

[2026-08-05 14:05:14,319][hybrid.speech_recognize][INFO] - 
REF:does the water stay there forever
HYP:this is drcking for they're never


REF:my life really sucks
HYP:my life is really change

[2026-08-05 14:05:14,320][hybrid.speech_recognize][INFO] - 
REF:my life really sucks
HYP:my life is really change


REF:you need to be able to do something with it
HYP:you're be be to be with it with it

[2026-08-05 14:05:14,320][hybrid.speech_recognize][INFO] - 
REF:you need to be able to do something with it
HYP:you're be be to be with it with it


REF:brought in younger men
HYP:both in theressstalss

[2026-08-05 14:05:14,321][hybrid.speech_recognize][INFO] - 
REF:brought in younger men
HYP:both in theressstalss


REF:he wanted to keep score
HYP:what is speaking the sumor

[2026-08-05 14:05:15,108][hybrid.speech_recognize][INFO] - 
REF:he wanted to keep score
HYP:what is speaking the sumor


REF:and that's exactly what that is
HYP:and that's what that is that is that

[2026-08-05 14:05:15,109][hybrid.speech_recognize][INFO] - 
REF:and that's exactly what that is
HYP:and that's what that is that is that


REF:it's right there for you to find
HYP:it's right you're forget

[2026-08-05 14:05:15,110][hybrid.speech_recognize][INFO] - 
REF:it's right there for you to find
HYP:it's right you're forget


REF:and dance has progressed
HYP:it's senxx has srackss

[2026-08-05 14:05:15,194][hybrid.speech_recognize][INFO] - 
REF:and dance has progressed
HYP:it's senxx has srackss


REF:and we finally figured out how to do it
HYP:we found a very conmed

[2026-08-05 14:05:15,195][hybrid.speech_recognize][INFO] - 
REF:and we finally figured out how to do it
HYP:we found a very conmed


REF:and this leads to oddities
HYP:and this lalled it is

[2026-08-05 14:05:15,196][hybrid.speech_recognize][INFO] - 
REF:and this leads to oddities
HYP:and this lalled it is


REF:we let other people worry about it
HYP:but they're get people about it will

[2026-08-05 14:05:15,197][hybrid.speech_recognize][INFO] - 
REF:we let other people worry about it
HYP:but they're get people about it will


REF:so momentum is good
HYP:this is the best the rgal

[2026-08-05 14:05:15,197][hybrid.speech_recognize][INFO] - 
REF:so momentum is good
HYP:this is the best the rgal


REF:we now have a platform
HYP:we now have a expacttine

[2026-08-05 14:05:15,198][hybrid.speech_recognize][INFO] - 
REF:we now have a platform
HYP:we now have a expacttine


REF:people started contributing ideas
HYP:people are try to createamactak

[2026-08-05 14:05:15,199][hybrid.speech_recognize][INFO] - 
REF:people started contributing ideas
HYP:people are try to createamactak


REF:here's where i stand
HYP:here here where i were

[2026-08-05 14:05:15,200][hybrid.speech_recognize][INFO] - 
REF:here's where i stand
HYP:here here where i were


REF:they have bad ideas
HYP:they have a ideas

[2026-08-05 14:05:15,201][hybrid.speech_recognize][INFO] - 
REF:they have bad ideas
HYP:they have a ideas


REF:and here's where those guns come in
HYP:and here's one of these in those srames

[2026-08-05 14:05:15,201][hybrid.speech_recognize][INFO] - 
REF:and here's where those guns come in
HYP:and here's one of these in those srames


REF:well you get several things
HYP:we had a things things of things

[2026-08-05 14:05:15,202][hybrid.speech_recognize][INFO] - 
REF:well you get several things
HYP:we had a things things of things


REF:but this is the source of innovation
HYP:but this is the sort ofnovasion

[2026-08-05 14:05:15,203][hybrid.speech_recognize][INFO] - 
REF:but this is the source of innovation
HYP:but this is the sort ofnovasion


REF:now i'm ready for my interview
HYP:now i'mrred for my journey

[2026-08-05 14:05:15,204][hybrid.speech_recognize][INFO] - 
REF:now i'm ready for my interview
HYP:now i'mrred for my journey


REF:we hear the chaos of war
HYP:we can a lot of the lot of

[2026-08-05 14:05:16,078][hybrid.speech_recognize][INFO] - 
REF:we hear the chaos of war
HYP:we can a lot of the lot of


REF:why do we need to study this anymore
HYP:why don't going to be more more

[2026-08-05 14:05:16,079][hybrid.speech_recognize][INFO] - 
REF:why do we need to study this anymore
HYP:why don't going to be more more


REF:the science is there
HYP:the father is fles is

[2026-08-05 14:05:16,080][hybrid.speech_recognize][INFO] - 
REF:the science is there
HYP:the father is fles is


REF:and now i love languages
HYP:it's of out of loves

[2026-08-05 14:05:16,081][hybrid.speech_recognize][INFO] - 
REF:and now i love languages
HYP:it's of out of loves


REF:i'm in the crucible right now
HYP:i'm be now now now now

[2026-08-05 14:05:16,082][hybrid.speech_recognize][INFO] - 
REF:i'm in the crucible right now
HYP:i'm be now now now now


REF:he should not have been surprised
HYP:it's been been svepris

[2026-08-05 14:05:16,083][hybrid.speech_recognize][INFO] - 
REF:he should not have been surprised
HYP:it's been been svepris


REF:it's about the data
HYP:it's a partner about the her

[2026-08-05 14:05:16,083][hybrid.speech_recognize][INFO] - 
REF:it's about the data
HYP:it's a partner about the her


REF:that's not an improbable sample
HYP:that's not a problem

[2026-08-05 14:05:16,084][hybrid.speech_recognize][INFO] - 
REF:that's not an improbable sample
HYP:that's not a problem


REF:and he's a bad guy
HYP:this's a bad

[2026-08-05 14:05:16,085][hybrid.speech_recognize][INFO] - 
REF:and he's a bad guy
HYP:this's a bad


REF:look at this pretty structure
HYP:you can's the points

[2026-08-05 14:05:16,086][hybrid.speech_recognize][INFO] - 
REF:look at this pretty structure
HYP:you can's the points


REF:and that might have been the case
HYP:and that might be the next

[2026-08-05 14:05:16,087][hybrid.speech_recognize][INFO] - 
REF:and that might have been the case
HYP:and that might be the next


REF:and how is that possible
HYP:and how's how possible

[2026-08-05 14:05:16,087][hybrid.speech_recognize][INFO] - 
REF:and how is that possible
HYP:and how's how possible


REF:and that's actually what happened
HYP:and that's actually actually

[2026-08-05 14:05:16,088][hybrid.speech_recognize][INFO] - 
REF:and that's actually what happened
HYP:and that's actually actually


REF:there's no need to play the market
HYP:it's the more blllal

[2026-08-05 14:05:16,089][hybrid.speech_recognize][INFO] - 
REF:there's no need to play the market
HYP:it's the more blllal


REF:nobody comes to get famous
HYP:nobody comes to get to get

[2026-08-05 14:05:16,090][hybrid.speech_recognize][INFO] - 
REF:nobody comes to get famous
HYP:nobody comes to get to get


REF:we need to see beyond the surface
HYP:we need to see on the seon

[2026-08-05 14:05:16,090][hybrid.speech_recognize][INFO] - 
REF:we need to see beyond the surface
HYP:we need to see on the seon


REF:and this change is getting more rapid
HYP:and these change to get more

[2026-08-05 14:05:16,398][hybrid.speech_recognize][INFO] - 
REF:and this change is getting more rapid
HYP:and these change to get more


REF:that was the only way to get anything done
HYP:that was the only i wentn't want

[2026-08-05 14:05:16,399][hybrid.speech_recognize][INFO] - 
REF:that was the only way to get anything done
HYP:that was the only i wentn't want


REF:you can't run around in the dark
HYP:you can can re around around around the chuchch

[2026-08-05 14:05:16,400][hybrid.speech_recognize][INFO] - 
REF:you can't run around in the dark
HYP:you can can re around around around the chuchch


REF:my dad has alzheimer's disease
HYP:myd is not is mosting

[2026-08-05 14:05:16,401][hybrid.speech_recognize][INFO] - 
REF:my dad has alzheimer's disease
HYP:myd is not is mosting


REF:what is it that he misses
HYP:what is it the time

[2026-08-05 14:05:16,402][hybrid.speech_recognize][INFO] - 
REF:what is it that he misses
HYP:what is it the time


REF:this is not a put down of anyone
HYP:it's an the end of them's

[2026-08-05 14:05:16,403][hybrid.speech_recognize][INFO] - 
REF:this is not a put down of anyone
HYP:it's an the end of them's


REF:well why is that
HYP:well is that is that

[2026-08-05 14:05:16,404][hybrid.speech_recognize][INFO] - 
REF:well why is that
HYP:well is that is that


REF:it wasn't who i was
HYP:it was or 2

[2026-08-05 14:05:16,405][hybrid.speech_recognize][INFO] - 
REF:it wasn't who i was
HYP:it was or 2


REF:but now it's turned around
HYP:but now now he turn around

[2026-08-05 14:05:16,406][hybrid.speech_recognize][INFO] - 
REF:but now it's turned around
HYP:but now now he turn around


REF:they will sit in them forever
HYP:they're delling for them

[2026-08-05 14:05:16,407][hybrid.speech_recognize][INFO] - 
REF:they will sit in them forever
HYP:they're delling for them


REF:i love building robots
HYP:i loved me so much

[2026-08-05 14:05:16,407][hybrid.speech_recognize][INFO] - 
REF:i love building robots
HYP:i loved me so much


REF:that's really important
HYP:and that's really important

[2026-08-05 14:05:16,408][hybrid.speech_recognize][INFO] - 
REF:that's really important
HYP:and that's really important


REF:what is the abstraction
HYP:what does that's a question

[2026-08-05 14:05:16,409][hybrid.speech_recognize][INFO] - 
REF:what is the abstraction
HYP:what does that's a question


REF:that's sort of the state of the art
HYP:that's kind of the sent

[2026-08-05 14:05:16,410][hybrid.speech_recognize][INFO] - 
REF:that's sort of the state of the art
HYP:that's kind of the sent


REF:are we brave enough to welcome it
HYP:i will provvivoving

[2026-08-05 14:05:16,411][hybrid.speech_recognize][INFO] - 
REF:are we brave enough to welcome it
HYP:i will provvivoving


REF:we really don't walk anymore
HYP:people don't work work work

[2026-08-05 14:05:16,412][hybrid.speech_recognize][INFO] - 
REF:we really don't walk anymore
HYP:people don't work work work


REF:again it had no choice
HYP:i had no had

[2026-08-05 14:05:16,838][hybrid.speech_recognize][INFO] - 
REF:again it had no choice
HYP:i had no had


REF:i have passion in my heart
HYP:i have pastionionion my hausion

[2026-08-05 14:05:16,839][hybrid.speech_recognize][INFO] - 
REF:i have passion in my heart
HYP:i have pastionionion my hausion


REF:so let's watch what happens
HYP:so that's what happened what happened

[2026-08-05 14:05:16,840][hybrid.speech_recognize][INFO] - 
REF:so let's watch what happens
HYP:so that's what happened what happened


REF:where are the philosophers
HYP:we are the drug of the y

[2026-08-05 14:05:16,841][hybrid.speech_recognize][INFO] - 
REF:where are the philosophers
HYP:we are the drug of the y


REF:do the same thing at work
HYP:do is the world world

[2026-08-05 14:05:16,842][hybrid.speech_recognize][INFO] - 
REF:do the same thing at work
HYP:do is the world world


REF:is it that i write very well
HYP:if there's not grown't really happen

[2026-08-05 14:05:16,842][hybrid.speech_recognize][INFO] - 
REF:is it that i write very well
HYP:if there's not grown't really happen


REF:again let's just play
HYP:i can's just just just play

[2026-08-05 14:05:16,843][hybrid.speech_recognize][INFO] - 
REF:again let's just play
HYP:i can's just just just play


REF:can we really scale this up
HYP:that was really stoding that

[2026-08-05 14:05:16,844][hybrid.speech_recognize][INFO] - 
REF:can we really scale this up
HYP:that was really stoding that


REF:terrorists are doing this
HYP:it's not going to do it

[2026-08-05 14:05:16,845][hybrid.speech_recognize][INFO] - 
REF:terrorists are doing this
HYP:it's not going to do it


REF:they have divergent values
HYP:they have diferss values

[2026-08-05 14:05:16,846][hybrid.speech_recognize][INFO] - 
REF:they have divergent values
HYP:they have diferss values


REF:he told me not to tell anyone
HYP:he told me that tell it't tell

[2026-08-05 14:05:16,846][hybrid.speech_recognize][INFO] - 
REF:he told me not to tell anyone
HYP:he told me that tell it't tell


REF:the other was to be a baseball player
HYP:and other ones about pastete

[2026-08-05 14:05:16,847][hybrid.speech_recognize][INFO] - 
REF:the other was to be a baseball player
HYP:and other ones about pastete


REF:i was able to do more things
HYP:i was able to do more more

[2026-08-05 14:05:16,848][hybrid.speech_recognize][INFO] - 
REF:i was able to do more things
HYP:i was able to do more more


REF:we're not just part of the same species
HYP:we're not going at the same time

[2026-08-05 14:05:16,849][hybrid.speech_recognize][INFO] - 
REF:we're not just part of the same species
HYP:we're not going at the same time


REF:it showed no blockages
HYP:it's no knows and minds

[2026-08-05 14:05:16,850][hybrid.speech_recognize][INFO] - 
REF:it showed no blockages
HYP:it's no knows and minds


REF:we had law enforcement partners
HYP:and all the best and we's prous

[2026-08-05 14:05:16,851][hybrid.speech_recognize][INFO] - 
REF:we had law enforcement partners
HYP:and all the best and we's prous


REF:there are no external cameras
HYP:you want to do that happens

[2026-08-05 14:05:16,851][hybrid.speech_recognize][INFO] - 
REF:there are no external cameras
HYP:you want to do that happens


REF:i've built a career
HYP:everyone see a creire

[2026-08-05 14:05:16,852][hybrid.speech_recognize][INFO] - 
REF:i've built a career
HYP:everyone see a creire


REF:yes it's hard
HYP:y is has

[2026-08-05 14:05:16,853][hybrid.speech_recognize][INFO] - 
REF:yes it's hard
HYP:y is has


REF:so thank you for your attention
HYP:so you're for good

[2026-08-05 14:05:16,854][hybrid.speech_recognize][INFO] - 
REF:so thank you for your attention
HYP:so you're for good


REF:they're not my children
HYP:they're not my comeeed

[2026-08-05 14:05:16,854][hybrid.speech_recognize][INFO] - 
REF:they're not my children
HYP:they're not my comeeed


REF:in fact it's more like five percent
HYP:in fact it's at put 5

[2026-08-05 14:05:16,855][hybrid.speech_recognize][INFO] - 
REF:in fact it's more like five percent
HYP:in fact it's at put 5


REF:well that's what i thought
HYP:that's when i thought

[2026-08-05 14:05:16,856][hybrid.speech_recognize][INFO] - 
REF:well that's what i thought
HYP:that's when i thought


REF:most of my friends were taking japanese
HYP:most of it was in arasthoty

[2026-08-05 14:05:16,857][hybrid.speech_recognize][INFO] - 
REF:most of my friends were taking japanese
HYP:most of it was in arasthoty


REF:could we leverage the cloud
HYP:who never to vugugus

[2026-08-05 14:05:17,314][hybrid.speech_recognize][INFO] - 
REF:could we leverage the cloud
HYP:who never to vugugus


REF:i hadn't bathed in three days
HYP:i had back to her

[2026-08-05 14:05:17,316][hybrid.speech_recognize][INFO] - 
REF:i hadn't bathed in three days
HYP:i had back to her


REF:i was a mediocre student
HYP:i was in a media os rate

[2026-08-05 14:05:17,316][hybrid.speech_recognize][INFO] - 
REF:i was a mediocre student
HYP:i was in a media os rate


REF:and you don't leave them where they are
HYP:and so the end than the more

[2026-08-05 14:05:17,317][hybrid.speech_recognize][INFO] - 
REF:and you don't leave them where they are
HYP:and so the end than the more


REF:it's not exactly rocket science
HYP:it's not raceed

[2026-08-05 14:05:17,318][hybrid.speech_recognize][INFO] - 
REF:it's not exactly rocket science
HYP:it's not raceed


REF:do they have a common cold
HYP:they have our comes or a daomor or they have

[2026-08-05 14:05:17,319][hybrid.speech_recognize][INFO] - 
REF:do they have a common cold
HYP:they have our comes or a daomor or they have


REF:he could come over and help me
HYP:and i'll deared to come

[2026-08-05 14:05:17,320][hybrid.speech_recognize][INFO] - 
REF:he could come over and help me
HYP:and i'll deared to come


REF:it's not what i had expected
HYP:i dided what excccted

[2026-08-05 14:05:17,321][hybrid.speech_recognize][INFO] - 
REF:it's not what i had expected
HYP:i dided what excccted


REF:so i thought why not punish myself
HYP:so i don't want to be myself

[2026-08-05 14:05:17,322][hybrid.speech_recognize][INFO] - 
REF:so i thought why not punish myself
HYP:so i don't want to be myself


REF:it would skip a beat
HYP:it was couldpppping

[2026-08-05 14:05:17,322][hybrid.speech_recognize][INFO] - 
REF:it would skip a beat
HYP:it was couldpppping


REF:the boys are up there for a year
HYP:the bolled up up on franished

[2026-08-05 14:05:17,323][hybrid.speech_recognize][INFO] - 
REF:the boys are up there for a year
HYP:the bolled up up on franished


REF:i've tried engaging people
HYP:i've triin the people the people

[2026-08-05 14:05:17,324][hybrid.speech_recognize][INFO] - 
REF:i've tried engaging people
HYP:i've triin the people the people


REF:i was living in my own apartment
HYP:i was living in my bamenttment

[2026-08-05 14:05:17,325][hybrid.speech_recognize][INFO] - 
REF:i was living in my own apartment
HYP:i was living in my bamenttment


REF:so that's it for now
HYP:so that's different different

[2026-08-05 14:05:17,326][hybrid.speech_recognize][INFO] - 
REF:so that's it for now
HYP:so that's different different


REF:that's a terrible waste of time
HYP:that's a way of time of time

[2026-08-05 14:05:17,327][hybrid.speech_recognize][INFO] - 
REF:that's a terrible waste of time
HYP:that's a way of time of time


REF:it's a performance venue
HYP:it's a family'sted

[2026-08-05 14:05:17,327][hybrid.speech_recognize][INFO] - 
REF:it's a performance venue
HYP:it's a family'sted


REF:so i learned never to move
HYP:it's not the movece

[2026-08-05 14:05:17,328][hybrid.speech_recognize][INFO] - 
REF:so i learned never to move
HYP:it's not the movece


REF:why is it not working
HYP:why is not not

[2026-08-05 14:05:17,329][hybrid.speech_recognize][INFO] - 
REF:why is it not working
HYP:why is not not


REF:i can use it in my company
HYP:i am doing doing it'm doing

[2026-08-05 14:05:17,330][hybrid.speech_recognize][INFO] - 
REF:i can use it in my company
HYP:i am doing doing it'm doing


REF:that's not to say it's impossible
HYP:let's not you's possible

[2026-08-05 14:05:17,331][hybrid.speech_recognize][INFO] - 
REF:that's not to say it's impossible
HYP:let's not you's possible


REF:please sign here right now
HYP:but it's now now

[2026-08-05 14:05:17,331][hybrid.speech_recognize][INFO] - 
REF:please sign here right now
HYP:but it's now now


REF:4 times the mass of the sun
HYP:for the best the best the best

[2026-08-05 14:05:17,332][hybrid.speech_recognize][INFO] - 
REF:4 times the mass of the sun
HYP:for the best the best the best


REF:so bear with me
HYP:so i're want to me

[2026-08-05 14:05:17,333][hybrid.speech_recognize][INFO] - 
REF:so bear with me
HYP:so i're want to me


REF:and that's pretty amazing
HYP:and that the bormenmedss

[2026-08-05 14:05:17,334][hybrid.speech_recognize][INFO] - 
REF:and that's pretty amazing
HYP:and that the bormenmedss


REF:what do we need to do
HYP:what do you need

[2026-08-05 14:05:17,787][hybrid.speech_recognize][INFO] - 
REF:what do we need to do
HYP:what do you need


REF:we have no suspects
HYP:we have no noensens

[2026-08-05 14:05:17,788][hybrid.speech_recognize][INFO] - 
REF:we have no suspects
HYP:we have no noensens


REF:we are all responsible
HYP:we all all

[2026-08-05 14:05:17,788][hybrid.speech_recognize][INFO] - 
REF:we are all responsible
HYP:we all all


REF:they make sense of the past
HYP:we made a bas of your pas

[2026-08-05 14:05:17,789][hybrid.speech_recognize][INFO] - 
REF:they make sense of the past
HYP:we made a bas of your pas


REF:i feel guilty sometimes
HYP:i feel you feel sometimes sometimes

[2026-08-05 14:05:17,790][hybrid.speech_recognize][INFO] - 
REF:i feel guilty sometimes
HYP:i feel you feel sometimes sometimes


REF:i know you understand that
HYP:and you know you understand that

[2026-08-05 14:05:17,791][hybrid.speech_recognize][INFO] - 
REF:i know you understand that
HYP:and you know you understand that


REF:let's go back and visit our equation
HYP:it's not a question of us question

[2026-08-05 14:05:17,792][hybrid.speech_recognize][INFO] - 
REF:let's go back and visit our equation
HYP:it's not a question of us question


REF:and what was the result of that
HYP:and what was the res of that

[2026-08-05 14:05:17,792][hybrid.speech_recognize][INFO] - 
REF:and what was the result of that
HYP:and what was the res of that


REF:but it's more complicated
HYP:it's more more important

[2026-08-05 14:05:17,793][hybrid.speech_recognize][INFO] - 
REF:but it's more complicated
HYP:it's more more important


REF:gov just six people
HYP:it's just these dis people

[2026-08-05 14:05:17,794][hybrid.speech_recognize][INFO] - 
REF:gov just six people
HYP:it's just these dis people


REF:so what is an idea drawing
HYP:so what is an ideaing

[2026-08-05 14:05:17,795][hybrid.speech_recognize][INFO] - 
REF:so what is an idea drawing
HYP:so what is an ideaing


REF:why is it important now
HYP:why is it

[2026-08-05 14:05:17,795][hybrid.speech_recognize][INFO] - 
REF:why is it important now
HYP:why is it


REF:i was considered a radical
HYP:i was in contered i was

[2026-08-05 14:05:17,796][hybrid.speech_recognize][INFO] - 
REF:i was considered a radical
HYP:i was in contered i was


REF:how far away was the finish line
HYP:how do we rafuks

[2026-08-05 14:05:17,797][hybrid.speech_recognize][INFO] - 
REF:how far away was the finish line
HYP:how do we rafuks


REF:i don't have an overview
HYP:i don't have the university of you

[2026-08-05 14:05:17,798][hybrid.speech_recognize][INFO] - 
REF:i don't have an overview
HYP:i don't have the university of you


REF:and that led me to this project
HYP:and that's what a job

[2026-08-05 14:05:17,799][hybrid.speech_recognize][INFO] - 
REF:and that led me to this project
HYP:and that's what a job


REF:we're losing a ritual
HYP:we are cusing it's suct

[2026-08-05 14:05:17,800][hybrid.speech_recognize][INFO] - 
REF:we're losing a ritual
HYP:we are cusing it's suct


REF:so that's mobile manipulation
HYP:so that's most momical

[2026-08-05 14:05:17,801][hybrid.speech_recognize][INFO] - 
REF:so that's mobile manipulation
HYP:so that's most momical


REF:we're going to stay with them forever
HYP:we're going to say with them them

[2026-08-05 14:05:17,801][hybrid.speech_recognize][INFO] - 
REF:we're going to stay with them forever
HYP:we're going to say with them them


REF:we lost valuable data
HYP:we're loseable

[2026-08-05 14:05:17,802][hybrid.speech_recognize][INFO] - 
REF:we lost valuable data
HYP:we're loseable


REF:we have to fix our education
HYP:we have to funreafation

[2026-08-05 14:05:17,803][hybrid.speech_recognize][INFO] - 
REF:we have to fix our education
HYP:we have to funreafation


REF:are they a potential mate
HYP:vlemimations

[2026-08-05 14:05:17,804][hybrid.speech_recognize][INFO] - 
REF:are they a potential mate
HYP:vlemimations


REF:she learned about her rights
HYP:she learned about it

[2026-08-05 14:05:17,804][hybrid.speech_recognize][INFO] - 
REF:she learned about her rights
HYP:she learned about it


REF:i don't mean giving up the internet
HYP:i don't give up up up up

[2026-08-05 14:05:17,805][hybrid.speech_recognize][INFO] - 
REF:i don't mean giving up the internet
HYP:i don't give up up up up


REF:the boys reminded me of home
HYP:the boyss are me of who home

[2026-08-05 14:05:18,204][hybrid.speech_recognize][INFO] - 
REF:the boys reminded me of home
HYP:the boyss are me of who home


REF:supporting local economies
HYP:it's multiingccceies

[2026-08-05 14:05:18,205][hybrid.speech_recognize][INFO] - 
REF:supporting local economies
HYP:it's multiingccceies


REF:it's not optional
HYP:it's not a common in the cus

[2026-08-05 14:05:18,206][hybrid.speech_recognize][INFO] - 
REF:it's not optional
HYP:it's not a common in the cus


REF:i'm talking about teachers
HYP:i'm not talking to talk about teach

[2026-08-05 14:05:18,207][hybrid.speech_recognize][INFO] - 
REF:i'm talking about teachers
HYP:i'm not talking to talk about teach


REF:to me it's not that clear
HYP:something is that is that at that

[2026-08-05 14:05:18,208][hybrid.speech_recognize][INFO] - 
REF:to me it's not that clear
HYP:something is that is that at that


REF:and work like a dog
HYP:and what i want to

[2026-08-05 14:05:18,209][hybrid.speech_recognize][INFO] - 
REF:and work like a dog
HYP:and what i want to


REF:so let's get started now
HYP:so let's let start to now

[2026-08-05 14:05:18,209][hybrid.speech_recognize][INFO] - 
REF:so let's get started now
HYP:so let's let start to now


REF:it's a win all around
HYP:it's the we on all all

[2026-08-05 14:05:18,210][hybrid.speech_recognize][INFO] - 
REF:it's a win all around
HYP:it's the we on all all


REF:that's what moves you
HYP:that will will moveveve

[2026-08-05 14:05:18,211][hybrid.speech_recognize][INFO] - 
REF:that's what moves you
HYP:that will will moveveve


REF:and i thought we should just stay home
HYP:now i thought you should all home

[2026-08-05 14:05:18,212][hybrid.speech_recognize][INFO] - 
REF:and i thought we should just stay home
HYP:now i thought you should all home


REF:it is the default option
HYP:it doesn't get a problems

[2026-08-05 14:05:18,213][hybrid.speech_recognize][INFO] - 
REF:it is the default option
HYP:it doesn't get a problems


REF:how do you find a dinosaur
HYP:how unfiented the suck

[2026-08-05 14:05:18,214][hybrid.speech_recognize][INFO] - 
REF:how do you find a dinosaur
HYP:how unfiented the suck


REF:and who does that benefit
HYP:i usn't that does person

[2026-08-05 14:05:18,214][hybrid.speech_recognize][INFO] - 
REF:and who does that benefit
HYP:i usn't that does person


REF:so why don't we leverage that
HYP:so what did we ever to share

[2026-08-05 14:05:18,215][hybrid.speech_recognize][INFO] - 
REF:so why don't we leverage that
HYP:so what did we ever to share


REF:how do you get informed
HYP:how do we need

[2026-08-05 14:05:18,216][hybrid.speech_recognize][INFO] - 
REF:how do you get informed
HYP:how do we need


REF:so no more missing guys
HYP:so no baganigical

[2026-08-05 14:05:18,217][hybrid.speech_recognize][INFO] - 
REF:so no more missing guys
HYP:so no baganigical


REF:harness your internal strength
HYP:all of yourustrate

[2026-08-05 14:05:18,218][hybrid.speech_recognize][INFO] - 
REF:harness your internal strength
HYP:all of yourustrate


REF:that's more expensive
HYP:that's more more

[2026-08-05 14:05:18,218][hybrid.speech_recognize][INFO] - 
REF:that's more expensive
HYP:that's more more


REF:what is worth dying for
HYP:what is the rine

[2026-08-05 14:05:18,219][hybrid.speech_recognize][INFO] - 
REF:what is worth dying for
HYP:what is the rine


REF:how do you know for sure
HYP:how to look for you look

[2026-08-05 14:05:18,220][hybrid.speech_recognize][INFO] - 
REF:how do you know for sure
HYP:how to look for you look


REF:i said where is he now
HYP:i said it is now now

[2026-08-05 14:05:18,221][hybrid.speech_recognize][INFO] - 
REF:i said where is he now
HYP:i said it is now now


REF:what can i do about it
HYP:what don't want to do it

[2026-08-05 14:05:18,221][hybrid.speech_recognize][INFO] - 
REF:what can i do about it
HYP:what don't want to do it


REF:you haven't earned it
HYP:you have all it

[2026-08-05 14:05:18,222][hybrid.speech_recognize][INFO] - 
REF:you haven't earned it
HYP:you have all it


REF:they are doing it together
HYP:they are going to do it

[2026-08-05 14:05:18,223][hybrid.speech_recognize][INFO] - 
REF:they are doing it together
HYP:they are going to do it


REF:what about martin luther king
HYP:what about my mostocal

[2026-08-05 14:05:18,681][hybrid.speech_recognize][INFO] - 
REF:what about martin luther king
HYP:what about my mostocal


REF:i would listen to the heart
HYP:and we asked us

[2026-08-05 14:05:18,682][hybrid.speech_recognize][INFO] - 
REF:i would listen to the heart
HYP:and we asked us


REF:we have to fix the internet
HYP:we have a fronia

[2026-08-05 14:05:18,683][hybrid.speech_recognize][INFO] - 
REF:we have to fix the internet
HYP:we have a fronia


REF:how sad are you right now
HYP:how shhhd right now now

[2026-08-05 14:05:18,683][hybrid.speech_recognize][INFO] - 
REF:how sad are you right now
HYP:how shhhd right now now


REF:i could make that decision
HYP:i don't get that diy

[2026-08-05 14:05:18,684][hybrid.speech_recognize][INFO] - 
REF:i could make that decision
HYP:i don't get that diy


REF:well what difference does this make
HYP:well i went to for the fhak

[2026-08-05 14:05:18,685][hybrid.speech_recognize][INFO] - 
REF:well what difference does this make
HYP:well i went to for the fhak


REF:why are we skipping over this
HYP:why was it'sing over over over

[2026-08-05 14:05:18,686][hybrid.speech_recognize][INFO] - 
REF:why are we skipping over this
HYP:why was it'sing over over over


REF:when you're six maybe you can do that
HYP:i wentn't say to shunies

[2026-08-05 14:05:18,687][hybrid.speech_recognize][INFO] - 
REF:when you're six maybe you can do that
HYP:i wentn't say to shunies


REF:it impacts sentencing
HYP:it in me

[2026-08-05 14:05:18,687][hybrid.speech_recognize][INFO] - 
REF:it impacts sentencing
HYP:it in me


REF:i think i'm a normal person
HYP:think i'm a no person person person

[2026-08-05 14:05:18,688][hybrid.speech_recognize][INFO] - 
REF:i think i'm a normal person
HYP:think i'm a no person person person


REF:she never wanted to tell me
HYP:she hadn't want to tell me

[2026-08-05 14:05:18,689][hybrid.speech_recognize][INFO] - 
REF:she never wanted to tell me
HYP:she hadn't want to tell me


REF:we're going to eat these cows
HYP:it's in these designs

[2026-08-05 14:05:18,690][hybrid.speech_recognize][INFO] - 
REF:we're going to eat these cows
HYP:it's in these designs


REF:you don't do much editing
HYP:we are trying to jaging

[2026-08-05 14:05:18,691][hybrid.speech_recognize][INFO] - 
REF:you don't do much editing
HYP:we are trying to jaging


REF:we have the right to respect
HYP:we have to restd

[2026-08-05 14:05:18,691][hybrid.speech_recognize][INFO] - 
REF:we have the right to respect
HYP:we have to restd


REF:why did you bring this up
HYP:why did you put this happen

[2026-08-05 14:05:18,692][hybrid.speech_recognize][INFO] - 
REF:why did you bring this up
HYP:why did you put this happen


REF:and i don't have to do anything
HYP:i don't have to do anything

[2026-08-05 14:05:18,693][hybrid.speech_recognize][INFO] - 
REF:and i don't have to do anything
HYP:i don't have to do anything


REF:we are magic
HYP:we are our me

[2026-08-05 14:05:18,693][hybrid.speech_recognize][INFO] - 
REF:we are magic
HYP:we are our me


REF:that's next to impossible
HYP:that's not past

[2026-08-05 14:05:18,694][hybrid.speech_recognize][INFO] - 
REF:that's next to impossible
HYP:that's not past


REF:it was incredibly hot
HYP:it was an incredible

[2026-08-05 14:05:18,695][hybrid.speech_recognize][INFO] - 
REF:it was incredibly hot
HYP:it was an incredible


REF:make it about the other party
HYP:medical it about the other about the other

[2026-08-05 14:05:18,696][hybrid.speech_recognize][INFO] - 
REF:make it about the other party
HYP:medical it about the other about the other


REF:look at the end to see the animal
HYP:you learn at the end and the cy

[2026-08-05 14:05:18,697][hybrid.speech_recognize][INFO] - 
REF:look at the end to see the animal
HYP:you learn at the end and the cy


REF:so that's what i'm doing
HYP:so that do do i've doing it

[2026-08-05 14:05:18,697][hybrid.speech_recognize][INFO] - 
REF:so that's what i'm doing
HYP:so that do do i've doing it


REF:i think it might be a lifeline
HYP:i think it make a lot of life

[2026-08-05 14:05:18,698][hybrid.speech_recognize][INFO] - 
REF:i think it might be a lifeline
HYP:i think it make a lot of life


REF:the oil will never run out
HYP:they len't have have that

[2026-08-05 14:05:18,699][hybrid.speech_recognize][INFO] - 
REF:the oil will never run out
HYP:they len't have have that


REF:and you know what else we did
HYP:and not had we't get

[2026-08-05 14:05:19,083][hybrid.speech_recognize][INFO] - 
REF:and you know what else we did
HYP:and not had we't get


REF:and this is happening every day
HYP:it's going to tinin

[2026-08-05 14:05:19,084][hybrid.speech_recognize][INFO] - 
REF:and this is happening every day
HYP:it's going to tinin


REF:did i get my upgrade
HYP:i can make it make up

[2026-08-05 14:05:19,085][hybrid.speech_recognize][INFO] - 
REF:did i get my upgrade
HYP:i can make it make up


REF:that's the status quo today
HYP:that's what say what i's

[2026-08-05 14:05:19,086][hybrid.speech_recognize][INFO] - 
REF:that's the status quo today
HYP:that's what say what i's


REF:they don't get their money out
HYP:they don't get out out out out

[2026-08-05 14:05:19,087][hybrid.speech_recognize][INFO] - 
REF:they don't get their money out
HYP:they don't get out out out out


REF:i did not know this
HYP:i said us told it't told

[2026-08-05 14:05:19,087][hybrid.speech_recognize][INFO] - 
REF:i did not know this
HYP:i said us told it't told


REF:the economy needs them
HYP:the colommtally there

[2026-08-05 14:05:19,088][hybrid.speech_recognize][INFO] - 
REF:the economy needs them
HYP:the colommtally there


REF:we can open up city hall
HYP:we can hop up up it on it

[2026-08-05 14:05:19,089][hybrid.speech_recognize][INFO] - 
REF:we can open up city hall
HYP:we can hop up up it on it


REF:i was no longer homeless
HYP:i was no long

[2026-08-05 14:05:19,090][hybrid.speech_recognize][INFO] - 
REF:i was no longer homeless
HYP:i was no long


REF:this is when i was in texas
HYP:2oweentens

[2026-08-05 14:05:19,091][hybrid.speech_recognize][INFO] - 
REF:this is when i was in texas
HYP:2oweentens


REF:but it wasn't just individuals
HYP:but what wasn's inters

[2026-08-05 14:05:19,091][hybrid.speech_recognize][INFO] - 
REF:but it wasn't just individuals
HYP:but what wasn's inters


REF:but we all should
HYP:but we are

[2026-08-05 14:05:19,092][hybrid.speech_recognize][INFO] - 
REF:but we all should
HYP:but we are


REF:you made it work for me
HYP:youmaged work for me

[2026-08-05 14:05:19,093][hybrid.speech_recognize][INFO] - 
REF:you made it work for me
HYP:youmaged work for me


REF:is it about equality
HYP:and there's about what one

[2026-08-05 14:05:19,093][hybrid.speech_recognize][INFO] - 
REF:is it about equality
HYP:and there's about what one


REF:young people as well
HYP:there's people people people

[2026-08-05 14:05:19,094][hybrid.speech_recognize][INFO] - 
REF:young people as well
HYP:there's people people people


REF:i wanted to stay in this relationship
HYP:i wasn't see the repation

[2026-08-05 14:05:19,095][hybrid.speech_recognize][INFO] - 
REF:i wanted to stay in this relationship
HYP:i wasn't see the repation


REF:i just disagree with this
HYP:i just just to do with things

[2026-08-05 14:05:19,096][hybrid.speech_recognize][INFO] - 
REF:i just disagree with this
HYP:i just just to do with things


REF:so what can we do
HYP:so what we need that

[2026-08-05 14:05:19,097][hybrid.speech_recognize][INFO] - 
REF:so what can we do
HYP:so what we need that


REF:they have different interests
HYP:they have different different

[2026-08-05 14:05:19,097][hybrid.speech_recognize][INFO] - 
REF:they have different interests
HYP:they have different different


REF:you know they do polls right
HYP:you're bulols right right right

[2026-08-05 14:05:19,098][hybrid.speech_recognize][INFO] - 
REF:you know they do polls right
HYP:you're bulols right right right


REF:at the same time
HYP:at at the same time

[2026-08-05 14:05:19,099][hybrid.speech_recognize][INFO] - 
REF:at the same time
HYP:at at the same time


REF:i mean how do they form
HYP:i mean they for they for

[2026-08-05 14:05:19,099][hybrid.speech_recognize][INFO] - 
REF:i mean how do they form
HYP:i mean they for they for


REF:sometimes it goes further
HYP:sometimes sometimes

[2026-08-05 14:05:19,100][hybrid.speech_recognize][INFO] - 
REF:sometimes it goes further
HYP:sometimes sometimes


REF:this is a real mystery
HYP:this didn't really be up up

[2026-08-05 14:05:19,101][hybrid.speech_recognize][INFO] - 
REF:this is a real mystery
HYP:this didn't really be up up


REF:what about manipulation
HYP:what about about meigation

[2026-08-05 14:05:19,506][hybrid.speech_recognize][INFO] - 
REF:what about manipulation
HYP:what about about meigation


REF:could we merge
HYP:you mans

[2026-08-05 14:05:19,507][hybrid.speech_recognize][INFO] - 
REF:could we merge
HYP:you mans


REF:a digital world farm
HYP:i think you could to do

[2026-08-05 14:05:19,508][hybrid.speech_recognize][INFO] - 
REF:a digital world farm
HYP:i think you could to do


REF:they get scared to walk around
HYP:they can get to see your walk

[2026-08-05 14:05:19,509][hybrid.speech_recognize][INFO] - 
REF:they get scared to walk around
HYP:they can get to see your walk


REF:it's the war on terror
HYP:it's the words

[2026-08-05 14:05:19,509][hybrid.speech_recognize][INFO] - 
REF:it's the war on terror
HYP:it's the words


REF:doesn't happen very much
HYP:does doesn't very much

[2026-08-05 14:05:19,510][hybrid.speech_recognize][INFO] - 
REF:doesn't happen very much
HYP:does doesn't very much


REF:have you lost your mind
HYP:i're your los and minds minds

[2026-08-05 14:05:19,511][hybrid.speech_recognize][INFO] - 
REF:have you lost your mind
HYP:i're your los and minds minds


REF:that's nothing special
HYP:that's not something to be

[2026-08-05 14:05:19,512][hybrid.speech_recognize][INFO] - 
REF:that's nothing special
HYP:that's not something to be


REF:we have no suspects
HYP:we have no no decented

[2026-08-05 14:05:19,513][hybrid.speech_recognize][INFO] - 
REF:we have no suspects
HYP:we have no no decented


REF:and is this really the solution
HYP:and this is where a took

[2026-08-05 14:05:19,513][hybrid.speech_recognize][INFO] - 
REF:and is this really the solution
HYP:and this is where a took


REF:and here's what you need to know
HYP:and here's where you need to

[2026-08-05 14:05:19,514][hybrid.speech_recognize][INFO] - 
REF:and here's what you need to know
HYP:and here's where you need to


REF:i teach at stanford
HYP:and it's the sters

[2026-08-05 14:05:19,515][hybrid.speech_recognize][INFO] - 
REF:i teach at stanford
HYP:and it's the sters


REF:that wasn't the case for me
HYP:that wasn't the case of me

[2026-08-05 14:05:19,516][hybrid.speech_recognize][INFO] - 
REF:that wasn't the case for me
HYP:that wasn't the case of me


REF:boy it matters a lot
HYP:boagesks a lots

[2026-08-05 14:05:19,516][hybrid.speech_recognize][INFO] - 
REF:boy it matters a lot
HYP:boagesks a lots


REF:why is that hard
HYP:why is they go on

[2026-08-05 14:05:19,517][hybrid.speech_recognize][INFO] - 
REF:why is that hard
HYP:why is they go on


REF:so what did they do
HYP:so what we need

[2026-08-05 14:05:19,518][hybrid.speech_recognize][INFO] - 
REF:so what did they do
HYP:so what we need


REF:i'm trying to become a better person
HYP:i'm going to be a person

[2026-08-05 14:05:19,519][hybrid.speech_recognize][INFO] - 
REF:i'm trying to become a better person
HYP:i'm going to be a person


REF:it's just incredible
HYP:and it's incccre

[2026-08-05 14:05:19,519][hybrid.speech_recognize][INFO] - 
REF:it's just incredible
HYP:and it's incccre


REF:it's just not possible
HYP:it's not just

[2026-08-05 14:05:19,520][hybrid.speech_recognize][INFO] - 
REF:it's just not possible
HYP:it's not just


REF:they had hit the jackpot
HYP:they can get the job

[2026-08-05 14:05:19,521][hybrid.speech_recognize][INFO] - 
REF:they had hit the jackpot
HYP:they can get the job


REF:the group gels
HYP:it's a comer

[2026-08-05 14:05:19,522][hybrid.speech_recognize][INFO] - 
REF:the group gels
HYP:it's a comer


REF:does any of this matter
HYP:take it take of this man

[2026-08-05 14:05:19,522][hybrid.speech_recognize][INFO] - 
REF:does any of this matter
HYP:take it take of this man


REF:so it's up to us
HYP:so is stast has us

[2026-08-05 14:05:19,523][hybrid.speech_recognize][INFO] - 
REF:so it's up to us
HYP:so is stast has us


REF:what's this guy talking about
HYP:what is i't going to do about them

[2026-08-05 14:05:19,524][hybrid.speech_recognize][INFO] - 
REF:what's this guy talking about
HYP:what is i't going to do about them


REF:one was to be a soldier
HYP:what would the make

[2026-08-05 14:05:19,940][hybrid.speech_recognize][INFO] - 
REF:one was to be a soldier
HYP:what would the make


REF:they're not being shipped up here
HYP:that's been compreed

[2026-08-05 14:05:19,941][hybrid.speech_recognize][INFO] - 
REF:they're not being shipped up here
HYP:that's been compreed


REF:and we couldn't just turn it off
HYP:and we mean to see the off

[2026-08-05 14:05:19,942][hybrid.speech_recognize][INFO] - 
REF:and we couldn't just turn it off
HYP:and we mean to see the off


REF:we just need to keep going
HYP:we just you keep going to keep

[2026-08-05 14:05:19,943][hybrid.speech_recognize][INFO] - 
REF:we just need to keep going
HYP:we just you keep going to keep


REF:it is irresponsible
HYP:and i was recmable

[2026-08-05 14:05:19,944][hybrid.speech_recognize][INFO] - 
REF:it is irresponsible
HYP:and i was recmable


REF:i would never want to do that
HYP:i'm never do that do that

[2026-08-05 14:05:19,944][hybrid.speech_recognize][INFO] - 
REF:i would never want to do that
HYP:i'm never do that do that


REF:that's your grandfather
HYP:let've got it hearrth

[2026-08-05 14:05:19,945][hybrid.speech_recognize][INFO] - 
REF:that's your grandfather
HYP:let've got it hearrth


REF:but it's not just china
HYP:but it's not just

[2026-08-05 14:05:19,946][hybrid.speech_recognize][INFO] - 
REF:but it's not just china
HYP:but it's not just


REF:i would love to hear from you
HYP:i would loved to give

[2026-08-05 14:05:19,947][hybrid.speech_recognize][INFO] - 
REF:i would love to hear from you
HYP:i would loved to give


REF:it has never happened
HYP:it doesn't never happen

[2026-08-05 14:05:19,947][hybrid.speech_recognize][INFO] - 
REF:it has never happened
HYP:it doesn't never happen


REF:we're not going to be able to do that
HYP:we're not be to do that

[2026-08-05 14:05:19,948][hybrid.speech_recognize][INFO] - 
REF:we're not going to be able to do that
HYP:we're not be to do that


REF:now i will maintain
HYP:i don't want to say

[2026-08-05 14:05:19,949][hybrid.speech_recognize][INFO] - 
REF:now i will maintain
HYP:i don't want to say


REF:and i thought this would be great fun
HYP:i thought this thought is

[2026-08-05 14:05:19,950][hybrid.speech_recognize][INFO] - 
REF:and i thought this would be great fun
HYP:i thought this thought is


REF:i was winning awards
HYP:i was workinging

[2026-08-05 14:05:19,951][hybrid.speech_recognize][INFO] - 
REF:i was winning awards
HYP:i was workinging


REF:but it's not enough
HYP:but it's not enough

[2026-08-05 14:05:19,951][hybrid.speech_recognize][INFO] - 
REF:but it's not enough
HYP:but it's not enough


REF:i take it to therapy
HYP:i take it

[2026-08-05 14:05:19,952][hybrid.speech_recognize][INFO] - 
REF:i take it to therapy
HYP:i take it


REF:or a firefly
HYP:or if i could

[2026-08-05 14:05:19,953][hybrid.speech_recognize][INFO] - 
REF:or a firefly
HYP:or if i could


REF:this is nonsense
HYP:this is not

[2026-08-05 14:05:19,953][hybrid.speech_recognize][INFO] - 
REF:this is nonsense
HYP:this is not


REF:and that's what we did
HYP:and that's what we need

[2026-08-05 14:05:19,954][hybrid.speech_recognize][INFO] - 
REF:and that's what we did
HYP:and that's what we need


REF:even that wasn't enough
HYP:if that was an

[2026-08-05 14:05:19,955][hybrid.speech_recognize][INFO] - 
REF:even that wasn't enough
HYP:if that was an


REF:it's changed the way we talk
HYP:you's sheeee it on

[2026-08-05 14:05:19,956][hybrid.speech_recognize][INFO] - 
REF:it's changed the way we talk
HYP:you's sheeee it on


REF:now don't get me wrong
HYP:now don't want to wrong

[2026-08-05 14:05:19,956][hybrid.speech_recognize][INFO] - 
REF:now don't get me wrong
HYP:now don't want to wrong


REF:i have to take a year off
HYP:i haven't even off up

[2026-08-05 14:05:19,957][hybrid.speech_recognize][INFO] - 
REF:i have to take a year off
HYP:i haven't even off up


REF:so what to do next
HYP:don's like nos

[2026-08-05 14:05:19,958][hybrid.speech_recognize][INFO] - 
REF:so what to do next
HYP:don's like nos


REF:and i did not know what to say
HYP:and i did that the other

[2026-08-05 14:05:20,362][hybrid.speech_recognize][INFO] - 
REF:and i did not know what to say
HYP:and i did that the other


REF:art is not efficient
HYP:our initieeation

[2026-08-05 14:05:20,364][hybrid.speech_recognize][INFO] - 
REF:art is not efficient
HYP:our initieeation


REF:we can see how to do that
HYP:we didn't do to do that

[2026-08-05 14:05:20,365][hybrid.speech_recognize][INFO] - 
REF:we can see how to do that
HYP:we didn't do to do that


REF:is it about systems
HYP:it's about sensted

[2026-08-05 14:05:20,365][hybrid.speech_recognize][INFO] - 
REF:is it about systems
HYP:it's about sensted


REF:but i would go in on occasion
HYP:but we're know in gon'tation

[2026-08-05 14:05:20,366][hybrid.speech_recognize][INFO] - 
REF:but i would go in on occasion
HYP:but we're know in gon'tation


REF:i started off in uganda
HYP:i said out of you could

[2026-08-05 14:05:20,367][hybrid.speech_recognize][INFO] - 
REF:i started off in uganda
HYP:i said out of you could


REF:we shouldn't be nationalistic
HYP:we should be a little a little

[2026-08-05 14:05:20,368][hybrid.speech_recognize][INFO] - 
REF:we shouldn't be nationalistic
HYP:we should be a little a little


REF:you might get impeached for that
HYP:we can a business a bit

[2026-08-05 14:05:20,369][hybrid.speech_recognize][INFO] - 
REF:you might get impeached for that
HYP:we can a business a bit


REF:there were no back doors
HYP:there was no back

[2026-08-05 14:05:20,369][hybrid.speech_recognize][INFO] - 
REF:there were no back doors
HYP:there was no back


REF:it impacts everything
HYP:it es everything everything everything

[2026-08-05 14:05:20,370][hybrid.speech_recognize][INFO] - 
REF:it impacts everything
HYP:it es everything everything everything


REF:this is possible
HYP:this is this possible

[2026-08-05 14:05:20,371][hybrid.speech_recognize][INFO] - 
REF:this is possible
HYP:this is this possible


REF:how far do they reach
HYP:how do they rarkk

[2026-08-05 14:05:20,372][hybrid.speech_recognize][INFO] - 
REF:how far do they reach
HYP:how do they rarkk


REF:that is the right answer
HYP:j is you's not

[2026-08-05 14:05:20,372][hybrid.speech_recognize][INFO] - 
REF:that is the right answer
HYP:j is you's not


REF:i had to have faith
HYP:i had to get

[2026-08-05 14:05:20,373][hybrid.speech_recognize][INFO] - 
REF:i had to have faith
HYP:i had to get


REF:why didn't you just tell me that
HYP:why did you tell you that

[2026-08-05 14:05:20,374][hybrid.speech_recognize][INFO] - 
REF:why didn't you just tell me that
HYP:why did you tell you that


REF:i know it works
HYP:i know what it works

[2026-08-05 14:05:20,374][hybrid.speech_recognize][INFO] - 
REF:i know it works
HYP:i know what it works


REF:do you remember what it was
HYP:you remember the work what the work

[2026-08-05 14:05:20,375][hybrid.speech_recognize][INFO] - 
REF:do you remember what it was
HYP:you remember the work what the work


REF:we wouldn't tolerate that
HYP:we will tell that

[2026-08-05 14:05:20,376][hybrid.speech_recognize][INFO] - 
REF:we wouldn't tolerate that
HYP:we will tell that


REF:what makes the heart unique
HYP:what makess

[2026-08-05 14:05:20,377][hybrid.speech_recognize][INFO] - 
REF:what makes the heart unique
HYP:what makess


REF:i was right there with you
HYP:and we're trying to do it

[2026-08-05 14:05:20,377][hybrid.speech_recognize][INFO] - 
REF:i was right there with you
HYP:and we're trying to do it


REF:that's available right now
HYP:thank you's very right now now

[2026-08-05 14:05:20,378][hybrid.speech_recognize][INFO] - 
REF:that's available right now
HYP:thank you's very right now now


REF:we're looking for something more
HYP:but we looking something

[2026-08-05 14:05:20,379][hybrid.speech_recognize][INFO] - 
REF:we're looking for something more
HYP:but we looking something


REF:and i felt all this
HYP:i've be these these these

[2026-08-05 14:05:20,380][hybrid.speech_recognize][INFO] - 
REF:and i felt all this
HYP:i've be these these these


REF:he got part time i
HYP:and i'm say

[2026-08-05 14:05:20,380][hybrid.speech_recognize][INFO] - 
REF:he got part time i
HYP:and i'm say


REF:i think this is a problem
HYP:and this is this problem

[2026-08-05 14:05:20,762][hybrid.speech_recognize][INFO] - 
REF:i think this is a problem
HYP:and this is this problem


REF:i actually have no idea why
HYP:i just have no idea why

[2026-08-05 14:05:20,763][hybrid.speech_recognize][INFO] - 
REF:i actually have no idea why
HYP:i just have no idea why


REF:i was always very small
HYP:it was always very sus

[2026-08-05 14:05:20,763][hybrid.speech_recognize][INFO] - 
REF:i was always very small
HYP:it was always very sus


REF:you board the plane
HYP:youmed the brain

[2026-08-05 14:05:20,764][hybrid.speech_recognize][INFO] - 
REF:you board the plane
HYP:youmed the brain


REF:i'm going to be so healthy
HYP:i'm not going to help

[2026-08-05 14:05:20,765][hybrid.speech_recognize][INFO] - 
REF:i'm going to be so healthy
HYP:i'm not going to help


REF:how could i let them down
HYP:how can i't come around that

[2026-08-05 14:05:20,766][hybrid.speech_recognize][INFO] - 
REF:how could i let them down
HYP:how can i't come around that


REF:how do you change your behavior
HYP:that's not change the change

[2026-08-05 14:05:20,766][hybrid.speech_recognize][INFO] - 
REF:how do you change your behavior
HYP:that's not change the change


REF:who cares about bosnia
HYP:you cares about brusing

[2026-08-05 14:05:20,767][hybrid.speech_recognize][INFO] - 
REF:who cares about bosnia
HYP:you cares about brusing


REF:she worked in a bank
HYP:she's a little back back back

[2026-08-05 14:05:20,768][hybrid.speech_recognize][INFO] - 
REF:she worked in a bank
HYP:she's a little back back back


REF:we have to throw it away
HYP:you have to safacy

[2026-08-05 14:05:20,769][hybrid.speech_recognize][INFO] - 
REF:we have to throw it away
HYP:you have to safacy


REF:it's actually not that hard
HYP:sounds not not that all all

[2026-08-05 14:05:20,770][hybrid.speech_recognize][INFO] - 
REF:it's actually not that hard
HYP:sounds not not that all all


REF:that didn't go over really well
HYP:i didn't really really well

[2026-08-05 14:05:20,770][hybrid.speech_recognize][INFO] - 
REF:that didn't go over really well
HYP:i didn't really really well


REF:he saw it written down somewhere
HYP:it's not say it's

[2026-08-05 14:05:20,771][hybrid.speech_recognize][INFO] - 
REF:he saw it written down somewhere
HYP:it's not say it's


REF:we would just get noise back
HYP:we would just to just ones

[2026-08-05 14:05:20,772][hybrid.speech_recognize][INFO] - 
REF:we would just get noise back
HYP:we would just to just ones


REF:we've done the research
HYP:we have the tins

[2026-08-05 14:05:20,773][hybrid.speech_recognize][INFO] - 
REF:we've done the research
HYP:we have the tins


REF:he made me feel smart
HYP:it's very very shus

[2026-08-05 14:05:20,773][hybrid.speech_recognize][INFO] - 
REF:he made me feel smart
HYP:it's very very shus


REF:and that blew my mind
HYP:i put put my mind

[2026-08-05 14:05:20,774][hybrid.speech_recognize][INFO] - 
REF:and that blew my mind
HYP:i put put my mind


REF:they want to be part of it
HYP:they want to be part of it

[2026-08-05 14:05:20,775][hybrid.speech_recognize][INFO] - 
REF:they want to be part of it
HYP:they want to be part of it


REF:and looking at that pattern
HYP:and you'll get that back

[2026-08-05 14:05:20,776][hybrid.speech_recognize][INFO] - 
REF:and looking at that pattern
HYP:and you'll get that back


REF:you don't question that
HYP:you don't question that

[2026-08-05 14:05:20,776][hybrid.speech_recognize][INFO] - 
REF:you don't question that
HYP:you don't question that


REF:plus we have stem cells
HYP:because we have a numbers numbers

[2026-08-05 14:05:20,777][hybrid.speech_recognize][INFO] - 
REF:plus we have stem cells
HYP:because we have a numbers numbers


REF:i was terrified
HYP:i was strufed

[2026-08-05 14:05:20,778][hybrid.speech_recognize][INFO] - 
REF:i was terrified
HYP:i was strufed


REF:women's day was coming up
HYP:well my see to see up up

[2026-08-05 14:05:20,779][hybrid.speech_recognize][INFO] - 
REF:women's day was coming up
HYP:well my see to see up up


REF:it's more annoying
HYP:it's more

[2026-08-05 14:05:20,780][hybrid.speech_recognize][INFO] - 
REF:it's more annoying
HYP:it's more


REF:they grow crops
HYP:they grow on raguged

[2026-08-05 14:05:21,236][hybrid.speech_recognize][INFO] - 
REF:they grow crops
HYP:they grow on raguged


REF:you're all collective
HYP:you're all alls of

[2026-08-05 14:05:21,238][hybrid.speech_recognize][INFO] - 
REF:you're all collective
HYP:you're all alls of


REF:no one's ever said that before
HYP:it was never stee that before

[2026-08-05 14:05:21,238][hybrid.speech_recognize][INFO] - 
REF:no one's ever said that before
HYP:it was never stee that before


REF:this is completely bizarre
HYP:this is a little momim

[2026-08-05 14:05:21,239][hybrid.speech_recognize][INFO] - 
REF:this is completely bizarre
HYP:this is a little momim


REF:there was no road map
HYP:there was work on a road

[2026-08-05 14:05:21,240][hybrid.speech_recognize][INFO] - 
REF:there was no road map
HYP:there was work on a road


REF:then they had to bring them in
HYP:then gall had he had point to me

[2026-08-05 14:05:21,241][hybrid.speech_recognize][INFO] - 
REF:then they had to bring them in
HYP:then gall had he had point to me


REF:and this is crazy
HYP:and this is corere

[2026-08-05 14:05:21,242][hybrid.speech_recognize][INFO] - 
REF:and this is crazy
HYP:and this is corere


REF:you can navigate space
HYP:you didn't have any any

[2026-08-05 14:05:21,243][hybrid.speech_recognize][INFO] - 
REF:you can navigate space
HYP:you didn't have any any


REF:and germany and france
HYP:the she'm see the engance

[2026-08-05 14:05:21,244][hybrid.speech_recognize][INFO] - 
REF:and germany and france
HYP:the she'm see the engance


REF:they feel at home
HYP:it's hope at home

[2026-08-05 14:05:21,244][hybrid.speech_recognize][INFO] - 
REF:they feel at home
HYP:it's hope at home


REF:why don't they trust the law
HYP:why don't want torugus

[2026-08-05 14:05:21,245][hybrid.speech_recognize][INFO] - 
REF:why don't they trust the law
HYP:why don't want torugus


REF:it's not one way
HYP:so i went

[2026-08-05 14:05:21,246][hybrid.speech_recognize][INFO] - 
REF:it's not one way
HYP:so i went


REF:i don't look different
HYP:i did you look for vay

[2026-08-05 14:05:21,247][hybrid.speech_recognize][INFO] - 
REF:i don't look different
HYP:i did you look for vay


REF:why are you really here
HYP:what are you were

[2026-08-05 14:05:21,247][hybrid.speech_recognize][INFO] - 
REF:why are you really here
HYP:what are you were


REF:so what happens next
HYP:so when i came

[2026-08-05 14:05:21,248][hybrid.speech_recognize][INFO] - 
REF:so what happens next
HYP:so when i came


REF:how can we do it
HYP:i don't want to be one

[2026-08-05 14:05:21,249][hybrid.speech_recognize][INFO] - 
REF:how can we do it
HYP:i don't want to be one


REF:out to dinner with family
HYP:i was lill with a family family

[2026-08-05 14:05:21,249][hybrid.speech_recognize][INFO] - 
REF:out to dinner with family
HYP:i was lill with a family family


REF:how are we going to do that
HYP:how do we do that

[2026-08-05 14:05:21,250][hybrid.speech_recognize][INFO] - 
REF:how are we going to do that
HYP:how do we do that


REF:i don't paint
HYP:and i don's so py

[2026-08-05 14:05:21,251][hybrid.speech_recognize][INFO] - 
REF:i don't paint
HYP:and i don's so py


REF:how is it made
HYP:how was its

[2026-08-05 14:05:21,252][hybrid.speech_recognize][INFO] - 
REF:how is it made
HYP:how was its


REF:we were so excited
HYP:well we were want is

[2026-08-05 14:05:21,252][hybrid.speech_recognize][INFO] - 
REF:we were so excited
HYP:well we were want is


REF:i mean everyone did
HYP:i meann't want

[2026-08-05 14:05:21,253][hybrid.speech_recognize][INFO] - 
REF:i mean everyone did
HYP:i meann't want


REF:but you can write it
HYP:but you can rereack

[2026-08-05 14:05:21,254][hybrid.speech_recognize][INFO] - 
REF:but you can write it
HYP:but you can rereack


REF:and this is true
HYP:that is true is

[2026-08-05 14:05:21,254][hybrid.speech_recognize][INFO] - 
REF:and this is true
HYP:that is true is


REF:well are you sure
HYP:what are you are

[2026-08-05 14:05:21,748][hybrid.speech_recognize][INFO] - 
REF:well are you sure
HYP:what are you are


REF:it's a top predator
HYP:it's aroroborrate

[2026-08-05 14:05:21,749][hybrid.speech_recognize][INFO] - 
REF:it's a top predator
HYP:it's aroroborrate


REF:what would happen
HYP:what would happen

[2026-08-05 14:05:21,750][hybrid.speech_recognize][INFO] - 
REF:what would happen
HYP:what would happen


REF:and not just that
HYP:i just just that

[2026-08-05 14:05:21,750][hybrid.speech_recognize][INFO] - 
REF:and not just that
HYP:i just just that


REF:that's what happened with my dad
HYP:that's what happen what my day

[2026-08-05 14:05:21,751][hybrid.speech_recognize][INFO] - 
REF:that's what happened with my dad
HYP:that's what happen what my day


REF:i have to report it
HYP:i have to reined

[2026-08-05 14:05:21,752][hybrid.speech_recognize][INFO] - 
REF:i have to report it
HYP:i have to reined


REF:he wouldn't like the answer
HYP:it're like the night

[2026-08-05 14:05:21,753][hybrid.speech_recognize][INFO] - 
REF:he wouldn't like the answer
HYP:it're like the night


REF:you saw him act
HYP:it's going to back

[2026-08-05 14:05:21,753][hybrid.speech_recognize][INFO] - 
REF:you saw him act
HYP:it's going to back


REF:we've all done this
HYP:we've got it

[2026-08-05 14:05:21,754][hybrid.speech_recognize][INFO] - 
REF:we've all done this
HYP:we've got it


REF:they just do it
HYP:they just toos

[2026-08-05 14:05:21,755][hybrid.speech_recognize][INFO] - 
REF:they just do it
HYP:they just toos


REF:i tried everything
HYP:i tried everything

[2026-08-05 14:05:21,756][hybrid.speech_recognize][INFO] - 
REF:i tried everything
HYP:i tried everything


REF:are you losing your mind
HYP:who don't you make you back

[2026-08-05 14:05:21,756][hybrid.speech_recognize][INFO] - 
REF:are you losing your mind
HYP:who don't you make you back


REF:why was it made
HYP:why was it was

[2026-08-05 14:05:21,757][hybrid.speech_recognize][INFO] - 
REF:why was it made
HYP:why was it was


REF:which brought us to this
HYP:what's broken

[2026-08-05 14:05:21,758][hybrid.speech_recognize][INFO] - 
REF:which brought us to this
HYP:what's broken


REF:and i thought what am i thinking
HYP:but that would be

[2026-08-05 14:05:21,758][hybrid.speech_recognize][INFO] - 
REF:and i thought what am i thinking
HYP:but that would be


REF:how is that possible
HYP:how are they pommm

[2026-08-05 14:05:21,759][hybrid.speech_recognize][INFO] - 
REF:how is that possible
HYP:how are they pommm


REF:i had to do something
HYP:i had to do something

[2026-08-05 14:05:21,760][hybrid.speech_recognize][INFO] - 
REF:i had to do something
HYP:i had to do something


REF:that's what texting is
HYP:that's what kinds is it take

[2026-08-05 14:05:21,761][hybrid.speech_recognize][INFO] - 
REF:that's what texting is
HYP:that's what kinds is it take


REF:i was like what
HYP:i still thank

[2026-08-05 14:05:21,761][hybrid.speech_recognize][INFO] - 
REF:i was like what
HYP:i still thank


REF:now do something different
HYP:now will's weming that

[2026-08-05 14:05:21,762][hybrid.speech_recognize][INFO] - 
REF:now do something different
HYP:now will's weming that


REF:i'm totally serious
HYP:i'm no no concer

[2026-08-05 14:05:21,763][hybrid.speech_recognize][INFO] - 
REF:i'm totally serious
HYP:i'm no no concer


REF:we have the plan
HYP:we have a play

[2026-08-05 14:05:21,763][hybrid.speech_recognize][INFO] - 
REF:we have the plan
HYP:we have a play


REF:there's people everywhere
HYP:there's people

[2026-08-05 14:05:21,764][hybrid.speech_recognize][INFO] - 
REF:there's people everywhere
HYP:there's people


REF:you remember carlos
HYP:you remember all cropes

[2026-08-05 14:05:21,765][hybrid.speech_recognize][INFO] - 
REF:you remember carlos
HYP:you remember all cropes


REF:they were all white
HYP:the go one

[2026-08-05 14:05:21,766][hybrid.speech_recognize][INFO] - 
REF:they were all white
HYP:the go one


REF:blocks have names
HYP:play are faimims

[2026-08-05 14:05:21,766][hybrid.speech_recognize][INFO] - 
REF:blocks have names
HYP:play are faimims


REF:we don't trust the man
HYP:we know to rsion about it

[2026-08-05 14:05:21,767][hybrid.speech_recognize][INFO] - 
REF:we don't trust the man
HYP:we know to rsion about it


REF:we're part of the same family
HYP:we're got the trafy

[2026-08-05 14:05:21,768][hybrid.speech_recognize][INFO] - 
REF:we're part of the same family
HYP:we're got the trafy


REF:i'm not a military brat
HYP:about these in things are right

[2026-08-05 14:05:21,769][hybrid.speech_recognize][INFO] - 
REF:i'm not a military brat
HYP:about these in things are right


REF:we have to answer that
HYP:we have to get that and that

[2026-08-05 14:05:21,769][hybrid.speech_recognize][INFO] - 
REF:we have to answer that
HYP:we have to get that and that


REF:and i got pretty into it
HYP:and i got burnted

[2026-08-05 14:05:21,770][hybrid.speech_recognize][INFO] - 
REF:and i got pretty into it
HYP:and i got burnted


REF:that was powerful
HYP:that was the predire

[2026-08-05 14:05:21,771][hybrid.speech_recognize][INFO] - 
REF:that was powerful
HYP:that was the predire


REF:we said yes
HYP:what's that next

[2026-08-05 14:05:22,207][hybrid.speech_recognize][INFO] - 
REF:we said yes
HYP:what's that next


REF:we can drive around
HYP:we need to try it around around

[2026-08-05 14:05:22,209][hybrid.speech_recognize][INFO] - 
REF:we can drive around
HYP:we need to try it around around


REF:quite the opposite
HYP:they rallipatits

[2026-08-05 14:05:22,210][hybrid.speech_recognize][INFO] - 
REF:quite the opposite
HYP:they rallipatits


REF:you can walk around them
HYP:you can watch around them around them

[2026-08-05 14:05:22,210][hybrid.speech_recognize][INFO] - 
REF:you can walk around them
HYP:you can watch around them around them


REF:it's not a luxury
HYP:she's not kinds it

[2026-08-05 14:05:22,211][hybrid.speech_recognize][INFO] - 
REF:it's not a luxury
HYP:she's not kinds it


REF:one billion people
HYP:what it million million

[2026-08-05 14:05:22,212][hybrid.speech_recognize][INFO] - 
REF:one billion people
HYP:what it million million


REF:that would not work
HYP:that's work works works work

[2026-08-05 14:05:22,213][hybrid.speech_recognize][INFO] - 
REF:that would not work
HYP:that's work works works work


REF:we can get volunteers
HYP:we needn't wants

[2026-08-05 14:05:22,213][hybrid.speech_recognize][INFO] - 
REF:we can get volunteers
HYP:we needn't wants


REF:it's so obvious
HYP:it's so obvious

[2026-08-05 14:05:22,214][hybrid.speech_recognize][INFO] - 
REF:it's so obvious
HYP:it's so obvious


REF:i'm not sure what it was
HYP:maybe i'm sure sure one

[2026-08-05 14:05:22,215][hybrid.speech_recognize][INFO] - 
REF:i'm not sure what it was
HYP:maybe i'm sure sure one


REF:but we're not there yet
HYP:but we're notareare

[2026-08-05 14:05:22,216][hybrid.speech_recognize][INFO] - 
REF:but we're not there yet
HYP:but we're notareare


REF:not a lot of hands
HYP:not a lot of a lots

[2026-08-05 14:05:22,216][hybrid.speech_recognize][INFO] - 
REF:not a lot of hands
HYP:not a lot of a lots


REF:what a contradiction
HYP:we're know

[2026-08-05 14:05:22,217][hybrid.speech_recognize][INFO] - 
REF:what a contradiction
HYP:we're know


REF:i was petrified
HYP:i was pastate

[2026-08-05 14:05:22,218][hybrid.speech_recognize][INFO] - 
REF:i was petrified
HYP:i was pastate


REF:they're not donated
HYP:you's not know it

[2026-08-05 14:05:22,219][hybrid.speech_recognize][INFO] - 
REF:they're not donated
HYP:you's not know it


REF:there's no other way
HYP:there's a way of one

[2026-08-05 14:05:22,219][hybrid.speech_recognize][INFO] - 
REF:there's no other way
HYP:there's a way of one


REF:it's my dad
HYP:it's my deck

[2026-08-05 14:05:22,220][hybrid.speech_recognize][INFO] - 
REF:it's my dad
HYP:it's my deck


REF:or where does he live
HYP:who's it love

[2026-08-05 14:05:22,221][hybrid.speech_recognize][INFO] - 
REF:or where does he live
HYP:who's it love


REF:thank you for your time
HYP:because the first time

[2026-08-05 14:05:22,221][hybrid.speech_recognize][INFO] - 
REF:thank you for your time
HYP:because the first time


REF:take a look at these
HYP:take take at this look at

[2026-08-05 14:05:22,222][hybrid.speech_recognize][INFO] - 
REF:take a look at these
HYP:take take at this look at


REF:you know about numbers
HYP:she's think about it's

[2026-08-05 14:05:22,223][hybrid.speech_recognize][INFO] - 
REF:you know about numbers
HYP:she's think about it's


REF:it was appalling
HYP:it was the most

[2026-08-05 14:05:22,224][hybrid.speech_recognize][INFO] - 
REF:it was appalling
HYP:it was the most


REF:let me illustrate this
HYP:i can do you't doing this

[2026-08-05 14:05:22,224][hybrid.speech_recognize][INFO] - 
REF:let me illustrate this
HYP:i can do you't doing this


REF:it had no choice
HYP:it had no ideas

[2026-08-05 14:05:22,225][hybrid.speech_recognize][INFO] - 
REF:it had no choice
HYP:it had no ideas


REF:are they attractive
HYP:i thinkstracted

[2026-08-05 14:05:22,226][hybrid.speech_recognize][INFO] - 
REF:are they attractive
HYP:i thinkstracted


REF:again in a car
HYP:a again in a call

[2026-08-05 14:05:22,227][hybrid.speech_recognize][INFO] - 
REF:again in a car
HYP:a again in a call


REF:but what does
HYP:but what does

[2026-08-05 14:05:22,227][hybrid.speech_recognize][INFO] - 
REF:but what does
HYP:but what does


REF:they don't have meaning
HYP:i don't have me

[2026-08-05 14:05:22,228][hybrid.speech_recognize][INFO] - 
REF:they don't have meaning
HYP:i don't have me


REF:beth israel's in boston
HYP:but this is true

[2026-08-05 14:05:22,229][hybrid.speech_recognize][INFO] - 
REF:beth israel's in boston
HYP:but this is true


REF:they need support
HYP:that's an important

[2026-08-05 14:05:22,229][hybrid.speech_recognize][INFO] - 
REF:they need support
HYP:that's an important


REF:it is in the water
HYP:it's the work

[2026-08-05 14:05:22,230][hybrid.speech_recognize][INFO] - 
REF:it is in the water
HYP:it's the work


REF:i didn't always succeed
HYP:i didn't know it

[2026-08-05 14:05:22,231][hybrid.speech_recognize][INFO] - 
REF:i didn't always succeed
HYP:i didn't know it


REF:and then what happens
HYP:and then that happens

[2026-08-05 14:05:22,655][hybrid.speech_recognize][INFO] - 
REF:and then what happens
HYP:and then that happens


REF:there's no structure
HYP:it's not norss

[2026-08-05 14:05:22,656][hybrid.speech_recognize][INFO] - 
REF:there's no structure
HYP:it's not norss


REF:and it is important
HYP:and it is important

[2026-08-05 14:05:22,657][hybrid.speech_recognize][INFO] - 
REF:and it is important
HYP:and it is important


REF:but i'm not happy
HYP:but i'm not happy

[2026-08-05 14:05:22,658][hybrid.speech_recognize][INFO] - 
REF:but i'm not happy
HYP:but i'm not happy


REF:how do they operate
HYP:how are the upetrarate

[2026-08-05 14:05:22,659][hybrid.speech_recognize][INFO] - 
REF:how do they operate
HYP:how are the upetrarate


REF:i said in arabic
HYP:i said not aumirir

[2026-08-05 14:05:22,659][hybrid.speech_recognize][INFO] - 
REF:i said in arabic
HYP:i said not aumirir


REF:well i was surprised
HYP:well i was the prore

[2026-08-05 14:05:22,660][hybrid.speech_recognize][INFO] - 
REF:well i was surprised
HYP:well i was the prore


REF:and that's what we did
HYP:and that's what we need

[2026-08-05 14:05:22,661][hybrid.speech_recognize][INFO] - 
REF:and that's what we did
HYP:and that's what we need


REF:we harbor bias
HYP:we all all back

[2026-08-05 14:05:22,662][hybrid.speech_recognize][INFO] - 
REF:we harbor bias
HYP:we all all back


REF:it has to stop
HYP:it's the cpp it

[2026-08-05 14:05:22,662][hybrid.speech_recognize][INFO] - 
REF:it has to stop
HYP:it's the cpp it


REF:not a single one
HYP:that's still quite one

[2026-08-05 14:05:22,663][hybrid.speech_recognize][INFO] - 
REF:not a single one
HYP:that's still quite one


REF:you don't want this
HYP:you don't want

[2026-08-05 14:05:22,664][hybrid.speech_recognize][INFO] - 
REF:you don't want this
HYP:you don't want


REF:my own website
HYP:malled the websites

[2026-08-05 14:05:22,665][hybrid.speech_recognize][INFO] - 
REF:my own website
HYP:malled the websites


REF:we will not be there
HYP:we will happening there

[2026-08-05 14:05:22,665][hybrid.speech_recognize][INFO] - 
REF:we will not be there
HYP:we will happening there


REF:5 percent today
HYP:that was telling

[2026-08-05 14:05:22,666][hybrid.speech_recognize][INFO] - 
REF:5 percent today
HYP:that was telling


REF:even when it's so hard
HYP:if the work is so car

[2026-08-05 14:05:22,667][hybrid.speech_recognize][INFO] - 
REF:even when it's so hard
HYP:if the work is so car


REF:how should we work
HYP:how should we were

[2026-08-05 14:05:22,667][hybrid.speech_recognize][INFO] - 
REF:how should we work
HYP:how should we were


REF:the plane takes off
HYP:the biggest itss to have

[2026-08-05 14:05:22,668][hybrid.speech_recognize][INFO] - 
REF:the plane takes off
HYP:the biggest itss to have


REF:i have resources
HYP:and we need this

[2026-08-05 14:05:22,669][hybrid.speech_recognize][INFO] - 
REF:i have resources
HYP:and we need this


REF:i went to the dean
HYP:i wasn't want

[2026-08-05 14:05:22,669][hybrid.speech_recognize][INFO] - 
REF:i went to the dean
HYP:i wasn't want


REF:i will be back
HYP:i'm going to be

[2026-08-05 14:05:22,670][hybrid.speech_recognize][INFO] - 
REF:i will be back
HYP:i'm going to be


REF:so i'm in the media
HYP:so i'm going to be

[2026-08-05 14:05:22,671][hybrid.speech_recognize][INFO] - 
REF:so i'm in the media
HYP:so i'm going to be


REF:i don't know anybody
HYP:i don't know anything

[2026-08-05 14:05:22,672][hybrid.speech_recognize][INFO] - 
REF:i don't know anybody
HYP:i don't know anything


REF:you smell money
HYP:there's a make

[2026-08-05 14:05:22,672][hybrid.speech_recognize][INFO] - 
REF:you smell money
HYP:there's a make


REF:we can do this
HYP:we can do this

[2026-08-05 14:05:22,673][hybrid.speech_recognize][INFO] - 
REF:we can do this
HYP:we can do this


REF:i didn't know where i was
HYP:i didn't know what

[2026-08-05 14:05:22,674][hybrid.speech_recognize][INFO] - 
REF:i didn't know where i was
HYP:i didn't know what


REF:not what is it
HYP:not what is it

[2026-08-05 14:05:22,674][hybrid.speech_recognize][INFO] - 
REF:not what is it
HYP:not what is it


REF:so thank you very much
HYP:so thank you very much

[2026-08-05 14:05:22,675][hybrid.speech_recognize][INFO] - 
REF:so thank you very much
HYP:so thank you very much


REF:but we're not done yet
HYP:but we're not like that

[2026-08-05 14:05:22,676][hybrid.speech_recognize][INFO] - 
REF:but we're not done yet
HYP:but we're not like that


REF:what about you
HYP:what a buirided

[2026-08-05 14:05:22,677][hybrid.speech_recognize][INFO] - 
REF:what about you
HYP:what a buirided


REF:i'm in tucson
HYP:i's going to trd

[2026-08-05 14:05:22,677][hybrid.speech_recognize][INFO] - 
REF:i'm in tucson
HYP:i's going to trd


REF:but things have changed
HYP:but a changes of change

[2026-08-05 14:05:22,678][hybrid.speech_recognize][INFO] - 
REF:but things have changed
HYP:but a changes of change


REF:we're on the grid
HYP:we're not crak

[2026-08-05 14:05:23,105][hybrid.speech_recognize][INFO] - 
REF:we're on the grid
HYP:we're not crak


REF:they want a treatment
HYP:didn't want that explain

[2026-08-05 14:05:23,106][hybrid.speech_recognize][INFO] - 
REF:they want a treatment
HYP:didn't want that explain


REF:they met together
HYP:they mightn't think think

[2026-08-05 14:05:23,106][hybrid.speech_recognize][INFO] - 
REF:they met together
HYP:they mightn't think think


REF:but linda was lucky
HYP:but this was you was

[2026-08-05 14:05:23,107][hybrid.speech_recognize][INFO] - 
REF:but linda was lucky
HYP:but this was you was


REF:something was wrong
HYP:it was the same wrong

[2026-08-05 14:05:23,107][hybrid.speech_recognize][INFO] - 
REF:something was wrong
HYP:it was the same wrong


REF:you'll never walk again
HYP:you haven't work

[2026-08-05 14:05:23,108][hybrid.speech_recognize][INFO] - 
REF:you'll never walk again
HYP:you haven't work


REF:and i said i don't know
HYP:and i said i't know

[2026-08-05 14:05:23,109][hybrid.speech_recognize][INFO] - 
REF:and i said i don't know
HYP:and i said i't know


REF:but i found one
HYP:but i found one

[2026-08-05 14:05:23,109][hybrid.speech_recognize][INFO] - 
REF:but i found one
HYP:but i found one


REF:and that's powerful
HYP:and it is power

[2026-08-05 14:05:23,110][hybrid.speech_recognize][INFO] - 
REF:and that's powerful
HYP:and it is power


REF:it's not true
HYP:erecolical

[2026-08-05 14:05:23,110][hybrid.speech_recognize][INFO] - 
REF:it's not true
HYP:erecolical


REF:so i went to my doctor
HYP:i worked to my do

[2026-08-05 14:05:23,111][hybrid.speech_recognize][INFO] - 
REF:so i went to my doctor
HYP:i worked to my do


REF:she was doing okay
HYP:she was going to do

[2026-08-05 14:05:23,111][hybrid.speech_recognize][INFO] - 
REF:she was doing okay
HYP:she was going to do


REF:i'm so sorry
HYP:i'm so so so

[2026-08-05 14:05:23,112][hybrid.speech_recognize][INFO] - 
REF:i'm so sorry
HYP:i'm so so so


REF:well that's exciting
HYP:well that's designing

[2026-08-05 14:05:23,113][hybrid.speech_recognize][INFO] - 
REF:well that's exciting
HYP:well that's designing


REF:the net outcome
HYP:the l out out out

[2026-08-05 14:05:23,113][hybrid.speech_recognize][INFO] - 
REF:the net outcome
HYP:the l out out out


REF:i love red wine
HYP:it's love it work work

[2026-08-05 14:05:23,114][hybrid.speech_recognize][INFO] - 
REF:i love red wine
HYP:it's love it work work


REF:no not how much
HYP:it'll not much

[2026-08-05 14:05:23,115][hybrid.speech_recognize][INFO] - 
REF:no not how much
HYP:it'll not much


REF:how is that possible
HYP:thank thank you'm notrs

[2026-08-05 14:05:23,115][hybrid.speech_recognize][INFO] - 
REF:how is that possible
HYP:thank thank you'm notrs


REF:they want to get out
HYP:they want to have

[2026-08-05 14:05:23,116][hybrid.speech_recognize][INFO] - 
REF:they want to get out
HYP:they want to have


REF:how old are you
HYP:how how how go

[2026-08-05 14:05:23,116][hybrid.speech_recognize][INFO] - 
REF:how old are you
HYP:how how how go


REF:thank you very much
HYP:thank you very very much

[2026-08-05 14:05:23,117][hybrid.speech_recognize][INFO] - 
REF:thank you very much
HYP:thank you very very much


REF:i'm not short
HYP:i'm not sure

[2026-08-05 14:05:23,117][hybrid.speech_recognize][INFO] - 
REF:i'm not short
HYP:i'm not sure


REF:the engine fails
HYP:the i had faishsions

[2026-08-05 14:05:23,118][hybrid.speech_recognize][INFO] - 
REF:the engine fails
HYP:the i had faishsions


REF:you've broken your back
HYP:you've going to be po

[2026-08-05 14:05:23,119][hybrid.speech_recognize][INFO] - 
REF:you've broken your back
HYP:you've going to be po


REF:i do like magic
HYP:i do you do

[2026-08-05 14:05:23,119][hybrid.speech_recognize][INFO] - 
REF:i do like magic
HYP:i do you do


REF:it's just a wall
HYP:it's a work

[2026-08-05 14:05:23,120][hybrid.speech_recognize][INFO] - 
REF:it's just a wall
HYP:it's a work


REF:and does it matter
HYP:it doesn't matter

[2026-08-05 14:05:23,120][hybrid.speech_recognize][INFO] - 
REF:and does it matter
HYP:it doesn't matter


REF:they don't trust the law
HYP:they know to frss

[2026-08-05 14:05:23,121][hybrid.speech_recognize][INFO] - 
REF:they don't trust the law
HYP:they know to frss


REF:but i need your help
HYP:but i didn't help help

[2026-08-05 14:05:23,122][hybrid.speech_recognize][INFO] - 
REF:but i need your help
HYP:but i didn't help help


REF:so that was easy
HYP:so that was into it

[2026-08-05 14:05:23,122][hybrid.speech_recognize][INFO] - 
REF:so that was easy
HYP:so that was into it


REF:life is great
HYP:life is is great

[2026-08-05 14:05:23,123][hybrid.speech_recognize][INFO] - 
REF:life is great
HYP:life is is great


REF:please look at me
HYP:you're not so so

[2026-08-05 14:05:23,123][hybrid.speech_recognize][INFO] - 
REF:please look at me
HYP:you're not so so


REF:of course they would
HYP:of course it it was

[2026-08-05 14:05:23,503][hybrid.speech_recognize][INFO] - 
REF:of course they would
HYP:of course it it was


REF:take my child
HYP:and my challenge

[2026-08-05 14:05:23,504][hybrid.speech_recognize][INFO] - 
REF:take my child
HYP:and my challenge


REF:you were born to
HYP:you were more

[2026-08-05 14:05:23,505][hybrid.speech_recognize][INFO] - 
REF:you were born to
HYP:you were more


REF:we all want to
HYP:we all want to

[2026-08-05 14:05:23,505][hybrid.speech_recognize][INFO] - 
REF:we all want to
HYP:we all want to


REF:i can hardly wait
HYP:i don't all the way

[2026-08-05 14:05:23,506][hybrid.speech_recognize][INFO] - 
REF:i can hardly wait
HYP:i don't all the way


REF:i study shame
HYP:i's a little change

[2026-08-05 14:05:23,507][hybrid.speech_recognize][INFO] - 
REF:i study shame
HYP:i's a little change


REF:surely we know enough
HYP:so i're now now

[2026-08-05 14:05:23,507][hybrid.speech_recognize][INFO] - 
REF:surely we know enough
HYP:so i're now now


REF:give me input
HYP:i've make a make up

[2026-08-05 14:05:23,508][hybrid.speech_recognize][INFO] - 
REF:give me input
HYP:i've make a make up


REF:come on man
HYP:i'm bid

[2026-08-05 14:05:23,508][hybrid.speech_recognize][INFO] - 
REF:come on man
HYP:i'm bid


REF:thank you very much
HYP:thank you very much

[2026-08-05 14:05:23,509][hybrid.speech_recognize][INFO] - 
REF:thank you very much
HYP:thank you very much


REF:but here's the thing
HYP:but here's that

[2026-08-05 14:05:23,510][hybrid.speech_recognize][INFO] - 
REF:but here's the thing
HYP:but here's that


REF:your wife left you
HYP:you have you have toove

[2026-08-05 14:05:23,510][hybrid.speech_recognize][INFO] - 
REF:your wife left you
HYP:you have you have toove


REF:i don't have an answer
HYP:i don't have it

[2026-08-05 14:05:23,511][hybrid.speech_recognize][INFO] - 
REF:i don't have an answer
HYP:i don't have it


REF:who wrote that
HYP:who god that

[2026-08-05 14:05:23,511][hybrid.speech_recognize][INFO] - 
REF:who wrote that
HYP:who god that


REF:this is your chance
HYP:it is good is

[2026-08-05 14:05:23,512][hybrid.speech_recognize][INFO] - 
REF:this is your chance
HYP:it is good is


REF:you just move away
HYP:you just love more a way

[2026-08-05 14:05:23,513][hybrid.speech_recognize][INFO] - 
REF:you just move away
HYP:you just love more a way


REF:talk to farmers
HYP:so so you ramams

[2026-08-05 14:05:23,513][hybrid.speech_recognize][INFO] - 
REF:talk to farmers
HYP:so so you ramams


REF:i know i have
HYP:i know i have

[2026-08-05 14:05:23,514][hybrid.speech_recognize][INFO] - 
REF:i know i have
HYP:i know i have


REF:but it's different
HYP:but a different different

[2026-08-05 14:05:23,514][hybrid.speech_recognize][INFO] - 
REF:but it's different
HYP:but a different different


REF:things were going well
HYP:i didn't want

[2026-08-05 14:05:23,515][hybrid.speech_recognize][INFO] - 
REF:things were going well
HYP:i didn't want


REF:i'll let you continue
HYP:i'd you tell you tell

[2026-08-05 14:05:23,515][hybrid.speech_recognize][INFO] - 
REF:i'll let you continue
HYP:i'd you tell you tell


REF:we don't have enough money
HYP:we don't have a mind

[2026-08-05 14:05:23,516][hybrid.speech_recognize][INFO] - 
REF:we don't have enough money
HYP:we don't have a mind


REF:it's about people
HYP:it's about people

[2026-08-05 14:05:23,517][hybrid.speech_recognize][INFO] - 
REF:it's about people
HYP:it's about people


REF:how should we live
HYP:how should should we believe

[2026-08-05 14:05:23,517][hybrid.speech_recognize][INFO] - 
REF:how should we live
HYP:how should should we believe


REF:i'll meet you there
HYP:i's you faff

[2026-08-05 14:05:23,518][hybrid.speech_recognize][INFO] - 
REF:i'll meet you there
HYP:i's you faff


REF:tell me about that
HYP:i don't know that

[2026-08-05 14:05:23,518][hybrid.speech_recognize][INFO] - 
REF:tell me about that
HYP:i don't know that


REF:we can do it again
HYP:we can do it

[2026-08-05 14:05:23,519][hybrid.speech_recognize][INFO] - 
REF:we can do it again
HYP:we can do it


REF:do they have aids
HYP:you had a vas

[2026-08-05 14:05:23,520][hybrid.speech_recognize][INFO] - 
REF:do they have aids
HYP:you had a vas


REF:you're more cautious
HYP:it's not just importants

[2026-08-05 14:05:23,520][hybrid.speech_recognize][INFO] - 
REF:you're more cautious
HYP:it's not just importants


REF:she got unlucky
HYP:she can got

[2026-08-05 14:05:23,521][hybrid.speech_recognize][INFO] - 
REF:she got unlucky
HYP:she can got


REF:he's five years old
HYP:what was my make

[2026-08-05 14:05:23,521][hybrid.speech_recognize][INFO] - 
REF:he's five years old
HYP:what was my make


REF:you want to work for him
HYP:we don't work for them

[2026-08-05 14:05:23,522][hybrid.speech_recognize][INFO] - 
REF:you want to work for him
HYP:we don't work for them


REF:where would it go
HYP:why do we go

[2026-08-05 14:05:23,898][hybrid.speech_recognize][INFO] - 
REF:where would it go
HYP:why do we go


REF:i'm the opposite
HYP:i'm a say

[2026-08-05 14:05:23,899][hybrid.speech_recognize][INFO] - 
REF:i'm the opposite
HYP:i'm a say


REF:the whole internet
HYP:all intres

[2026-08-05 14:05:23,900][hybrid.speech_recognize][INFO] - 
REF:the whole internet
HYP:all intres


REF:so how do we do that
HYP:so how do we do that

[2026-08-05 14:05:23,900][hybrid.speech_recognize][INFO] - 
REF:so how do we do that
HYP:so how do we do that


REF:it is wrong
HYP:it is work

[2026-08-05 14:05:23,901][hybrid.speech_recognize][INFO] - 
REF:it is wrong
HYP:it is work


REF:i tried everything
HYP:that's kind of

[2026-08-05 14:05:23,901][hybrid.speech_recognize][INFO] - 
REF:i tried everything
HYP:that's kind of


REF:because we can
HYP:because we can't

[2026-08-05 14:05:23,902][hybrid.speech_recognize][INFO] - 
REF:because we can
HYP:because we can't


REF:go pick up the keys
HYP:you'll them up up

[2026-08-05 14:05:23,903][hybrid.speech_recognize][INFO] - 
REF:go pick up the keys
HYP:you'll them up up


REF:well not so fast
HYP:it's the fact

[2026-08-05 14:05:23,903][hybrid.speech_recognize][INFO] - 
REF:well not so fast
HYP:it's the fact


REF:he's a great guy
HYP:it's a great

[2026-08-05 14:05:23,904][hybrid.speech_recognize][INFO] - 
REF:he's a great guy
HYP:it's a great


REF:thanks very much
HYP:thank you very much

[2026-08-05 14:05:23,904][hybrid.speech_recognize][INFO] - 
REF:thanks very much
HYP:thank you very much


REF:and i cried
HYP:and i cred

[2026-08-05 14:05:23,905][hybrid.speech_recognize][INFO] - 
REF:and i cried
HYP:and i cred


REF:i didn't talk to them
HYP:i dided to them

[2026-08-05 14:05:23,906][hybrid.speech_recognize][INFO] - 
REF:i didn't talk to them
HYP:i dided to them


REF:so i was jealous
HYP:so i was a chos

[2026-08-05 14:05:23,906][hybrid.speech_recognize][INFO] - 
REF:so i was jealous
HYP:so i was a chos


REF:thank you very much
HYP:thank you very much

[2026-08-05 14:05:23,907][hybrid.speech_recognize][INFO] - 
REF:thank you very much
HYP:thank you very much


REF:how does that work
HYP:how doesn't work work

[2026-08-05 14:05:23,907][hybrid.speech_recognize][INFO] - 
REF:how does that work
HYP:how doesn't work work


REF:what do you mean
HYP:so what do you were

[2026-08-05 14:05:23,908][hybrid.speech_recognize][INFO] - 
REF:what do you mean
HYP:so what do you were


REF:how cool is that
HYP:that's what kinds

[2026-08-05 14:05:23,909][hybrid.speech_recognize][INFO] - 
REF:how cool is that
HYP:that's what kinds


REF:that's awful right
HYP:that's soters

[2026-08-05 14:05:23,909][hybrid.speech_recognize][INFO] - 
REF:that's awful right
HYP:that's soters


REF:it would start
HYP:it was the start

[2026-08-05 14:05:23,910][hybrid.speech_recognize][INFO] - 
REF:it would start
HYP:it was the start


REF:who's at the event
HYP:you're not think of that

[2026-08-05 14:05:23,910][hybrid.speech_recognize][INFO] - 
REF:who's at the event
HYP:you're not think of that


REF:that didn't happen to me
HYP:that's going to happen to me

[2026-08-05 14:05:23,911][hybrid.speech_recognize][INFO] - 
REF:that didn't happen to me
HYP:that's going to happen to me


REF:i made a mistake
HYP:i make a mistake

[2026-08-05 14:05:23,912][hybrid.speech_recognize][INFO] - 
REF:i made a mistake
HYP:i make a mistake


REF:so let's start there
HYP:it was a starting that

[2026-08-05 14:05:23,912][hybrid.speech_recognize][INFO] - 
REF:so let's start there
HYP:it was a starting that


REF:so what do we do
HYP:so what do we do

[2026-08-05 14:05:23,913][hybrid.speech_recognize][INFO] - 
REF:so what do we do
HYP:so what do we do


REF:just think about it
HYP:she's see in poted

[2026-08-05 14:05:23,913][hybrid.speech_recognize][INFO] - 
REF:just think about it
HYP:she's see in poted


REF:and you know what
HYP:and you know what

[2026-08-05 14:05:23,914][hybrid.speech_recognize][INFO] - 
REF:and you know what
HYP:and you know what


REF:and that's all
HYP:and that's so

[2026-08-05 14:05:23,915][hybrid.speech_recognize][INFO] - 
REF:and that's all
HYP:and that's so


REF:that's what we do
HYP:that's what we do

[2026-08-05 14:05:23,915][hybrid.speech_recognize][INFO] - 
REF:that's what we do
HYP:that's what we do


REF:make me laugh
HYP:maybe a lay

[2026-08-05 14:05:23,916][hybrid.speech_recognize][INFO] - 
REF:make me laugh
HYP:maybe a lay


REF:and it doesn't
HYP:and it doesn't does

[2026-08-05 14:05:23,916][hybrid.speech_recognize][INFO] - 
REF:and it doesn't
HYP:and it doesn't does


REF:i don't know about you
HYP:i had one what

[2026-08-05 14:05:23,917][hybrid.speech_recognize][INFO] - 
REF:i don't know about you
HYP:i had one what


REF:thank you very much
HYP:thank you very much

[2026-08-05 14:05:24,352][hybrid.speech_recognize][INFO] - 
REF:thank you very much
HYP:thank you very much


REF:i made more money
HYP:i made more more

[2026-08-05 14:05:24,353][hybrid.speech_recognize][INFO] - 
REF:i made more money
HYP:i made more more


REF:how much they do
HYP:i'm goinging you

[2026-08-05 14:05:24,354][hybrid.speech_recognize][INFO] - 
REF:how much they do
HYP:i'm goinging you


REF:thank you very much
HYP:thank you very much

[2026-08-05 14:05:24,354][hybrid.speech_recognize][INFO] - 
REF:thank you very much
HYP:thank you very much


REF:that's my question
HYP:that's my my question

[2026-08-05 14:05:24,355][hybrid.speech_recognize][INFO] - 
REF:that's my question
HYP:that's my my question


REF:they get scared to move
HYP:they can tell the world

[2026-08-05 14:05:24,355][hybrid.speech_recognize][INFO] - 
REF:they get scared to move
HYP:they can tell the world


REF:i'm a doctor
HYP:i'm a job

[2026-08-05 14:05:24,356][hybrid.speech_recognize][INFO] - 
REF:i'm a doctor
HYP:i'm a job


REF:well not yet
HYP:well in our los

[2026-08-05 14:05:24,357][hybrid.speech_recognize][INFO] - 
REF:well not yet
HYP:well in our los


REF:thanks for asking
HYP:that's a waying

[2026-08-05 14:05:24,357][hybrid.speech_recognize][INFO] - 
REF:thanks for asking
HYP:that's a waying


REF:what is that
HYP:what is that

[2026-08-05 14:05:24,358][hybrid.speech_recognize][INFO] - 
REF:what is that
HYP:what is that


REF:there's no more of it
HYP:there's no more

[2026-08-05 14:05:24,358][hybrid.speech_recognize][INFO] - 
REF:there's no more of it
HYP:there's no more


REF:who would i meet
HYP:you would imed

[2026-08-05 14:05:24,359][hybrid.speech_recognize][INFO] - 
REF:who would i meet
HYP:you would imed


REF:women are worth it
HYP:we were in it

[2026-08-05 14:05:24,359][hybrid.speech_recognize][INFO] - 
REF:women are worth it
HYP:we were in it


REF:make it go away
HYP:it's the way up up up

[2026-08-05 14:05:24,360][hybrid.speech_recognize][INFO] - 
REF:make it go away
HYP:it's the way up up up


REF:but you know what
HYP:but what know what

[2026-08-05 14:05:24,361][hybrid.speech_recognize][INFO] - 
REF:but you know what
HYP:but what know what


REF:they were right
HYP:it was like it

[2026-08-05 14:05:24,361][hybrid.speech_recognize][INFO] - 
REF:they were right
HYP:it was like it


REF:thank you very much
HYP:thank you very much

[2026-08-05 14:05:24,362][hybrid.speech_recognize][INFO] - 
REF:thank you very much
HYP:thank you very much


REF:i do understand it
HYP:i do you understand

[2026-08-05 14:05:24,362][hybrid.speech_recognize][INFO] - 
REF:i do understand it
HYP:i do you understand


REF:well guess what
HYP:well's why

[2026-08-05 14:05:24,363][hybrid.speech_recognize][INFO] - 
REF:well guess what
HYP:well's why


REF:and we all know this
HYP:i will also to

[2026-08-05 14:05:24,363][hybrid.speech_recognize][INFO] - 
REF:and we all know this
HYP:i will also to


REF:and that's bad
HYP:it's be

[2026-08-05 14:05:24,364][hybrid.speech_recognize][INFO] - 
REF:and that's bad
HYP:it's be


REF:we'd love to help
HYP:we all to help

[2026-08-05 14:05:24,365][hybrid.speech_recognize][INFO] - 
REF:we'd love to help
HYP:we all to help


REF:is it heavy
HYP:it's an

[2026-08-05 14:05:24,365][hybrid.speech_recognize][INFO] - 
REF:is it heavy
HYP:it's an


REF:think about that
HYP:they're not mathing

[2026-08-05 14:05:24,366][hybrid.speech_recognize][INFO] - 
REF:think about that
HYP:they're not mathing


REF:so why is it
HYP:so so it is it

[2026-08-05 14:05:24,366][hybrid.speech_recognize][INFO] - 
REF:so why is it
HYP:so so it is it


REF:it goes wrong
HYP:it's wrong wrong

[2026-08-05 14:05:24,367][hybrid.speech_recognize][INFO] - 
REF:it goes wrong
HYP:it's wrong wrong


REF:it would stop
HYP:it was the time

[2026-08-05 14:05:24,367][hybrid.speech_recognize][INFO] - 
REF:it would stop
HYP:it was the time


REF:and then guess what
HYP:and that's what

[2026-08-05 14:05:24,368][hybrid.speech_recognize][INFO] - 
REF:and then guess what
HYP:and that's what


REF:make it go away
HYP:illn't know

[2026-08-05 14:05:24,368][hybrid.speech_recognize][INFO] - 
REF:make it go away
HYP:illn't know


REF:i know i didn't
HYP:i had no idea

[2026-08-05 14:05:24,369][hybrid.speech_recognize][INFO] - 
REF:i know i didn't
HYP:i had no idea


REF:make it go away
HYP:meing it it

[2026-08-05 14:05:24,370][hybrid.speech_recognize][INFO] - 
REF:make it go away
HYP:meing it it


REF:has it gotten better
HYP:it's not going to make

[2026-08-05 14:05:24,370][hybrid.speech_recognize][INFO] - 
REF:has it gotten better
HYP:it's not going to make


REF:that is great
HYP:that is co right

[2026-08-05 14:05:24,371][hybrid.speech_recognize][INFO] - 
REF:that is great
HYP:that is co right


REF:i didn't want to
HYP:i did want to

[2026-08-05 14:05:24,371][hybrid.speech_recognize][INFO] - 
REF:i didn't want to
HYP:i did want to


REF:how are you
HYP:i doned you

[2026-08-05 14:05:24,372][hybrid.speech_recognize][INFO] - 
REF:how are you
HYP:i doned you


REF:had no idea
HYP:i tried to

[2026-08-05 14:05:24,372][hybrid.speech_recognize][INFO] - 
REF:had no idea
HYP:i tried to


REF:i want to go
HYP:i didn't want

[2026-08-05 14:05:24,373][hybrid.speech_recognize][INFO] - 
REF:i want to go
HYP:i didn't want


REF:and guess what
HYP:and that's one

[2026-08-05 14:05:24,374][hybrid.speech_recognize][INFO] - 
REF:and guess what
HYP:and that's one


REF:let's have that
HYP:it's not back

[2026-08-05 14:05:24,374][hybrid.speech_recognize][INFO] - 
REF:let's have that
HYP:it's not back


REF:could i go there
HYP:she know they go that

[2026-08-05 14:05:24,375][hybrid.speech_recognize][INFO] - 
REF:could i go there
HYP:she know they go that


REF:they won the game
HYP:i wasn't want

[2026-08-05 14:05:24,645][hybrid.speech_recognize][INFO] - 
REF:they won the game
HYP:i wasn't want


REF:but you know what
HYP:and you know what

[2026-08-05 14:05:24,646][hybrid.speech_recognize][INFO] - 
REF:but you know what
HYP:and you know what


REF:you can try it
HYP:you tried

[2026-08-05 14:05:24,647][hybrid.speech_recognize][INFO] - 
REF:you can try it
HYP:you tried


REF:i know nothing
HYP:you're not uk

[2026-08-05 14:05:24,648][hybrid.speech_recognize][INFO] - 
REF:i know nothing
HYP:you're not uk


REF:how does it happen
HYP:how does the happy

[2026-08-05 14:05:24,648][hybrid.speech_recognize][INFO] - 
REF:how does it happen
HYP:how does the happy


REF:i don't care
HYP:i don't know

[2026-08-05 14:05:24,649][hybrid.speech_recognize][INFO] - 
REF:i don't care
HYP:i don't know


REF:life is good
HYP:and there's going

[2026-08-05 14:05:24,649][hybrid.speech_recognize][INFO] - 
REF:life is good
HYP:and there's going


REF:did you find the gold
HYP:it's very very houne

[2026-08-05 14:05:24,650][hybrid.speech_recognize][INFO] - 
REF:did you find the gold
HYP:it's very very houne


REF:what do they have
HYP:they have they have

[2026-08-05 14:05:24,651][hybrid.speech_recognize][INFO] - 
REF:what do they have
HYP:they have they have


REF:what about polio
HYP:what my my best

[2026-08-05 14:05:24,651][hybrid.speech_recognize][INFO] - 
REF:what about polio
HYP:what my my best


REF:lots of money
HYP:a lots lots

[2026-08-05 14:05:24,652][hybrid.speech_recognize][INFO] - 
REF:lots of money
HYP:a lots lots


REF:what do you do
HYP:what do you do

[2026-08-05 14:05:24,652][hybrid.speech_recognize][INFO] - 
REF:what do you do
HYP:what do you do


REF:you're in there
HYP:you know it

[2026-08-05 14:05:24,653][hybrid.speech_recognize][INFO] - 
REF:you're in there
HYP:you know it


REF:thank you very much
HYP:thank you very much

[2026-08-05 14:05:24,653][hybrid.speech_recognize][INFO] - 
REF:thank you very much
HYP:thank you very much


REF:this is great
HYP:it's quite right

[2026-08-05 14:05:24,654][hybrid.speech_recognize][INFO] - 
REF:this is great
HYP:it's quite right


REF:thank you very much
HYP:thank you'll much

[2026-08-05 14:05:24,654][hybrid.speech_recognize][INFO] - 
REF:thank you very much
HYP:thank you'll much


REF:we were wrong
HYP:what we were wrong

[2026-08-05 14:05:24,655][hybrid.speech_recognize][INFO] - 
REF:we were wrong
HYP:what we were wrong


REF:raise your hands
HYP:what should she

[2026-08-05 14:05:24,656][hybrid.speech_recognize][INFO] - 
REF:raise your hands
HYP:what should she


REF:she said yeah
HYP:just she just that

[2026-08-05 14:05:24,656][hybrid.speech_recognize][INFO] - 
REF:she said yeah
HYP:just she just that


REF:the board of ed
HYP:the more more that

[2026-08-05 14:05:24,657][hybrid.speech_recognize][INFO] - 
REF:the board of ed
HYP:the more more that


REF:that's pretty cool
HYP:it's aish

[2026-08-05 14:05:24,657][hybrid.speech_recognize][INFO] - 
REF:that's pretty cool
HYP:it's aish


REF:i don't know
HYP:i don't know

[2026-08-05 14:05:24,658][hybrid.speech_recognize][INFO] - 
REF:i don't know
HYP:i don't know


REF:i don't know
HYP:and so so

[2026-08-05 14:05:24,658][hybrid.speech_recognize][INFO] - 
REF:i don't know
HYP:and so so


REF:i don't know
HYP:i don't know

[2026-08-05 14:05:24,659][hybrid.speech_recognize][INFO] - 
REF:i don't know
HYP:i don't know


REF:not right now
HYP:i'd know

[2026-08-05 14:05:24,727][hybrid.speech_recognize][INFO] - 
REF:not right now
HYP:i'd know


REF:i don't know
HYP:and of course

[2026-08-05 14:05:24,727][hybrid.speech_recognize][INFO] - 
REF:i don't know
HYP:and of course


REF:but i don't
HYP:but i don't know

[2026-08-05 14:05:24,728][hybrid.speech_recognize][INFO] - 
REF:but i don't
HYP:but i don't know

NOTE: hypothesis and token scores are output in base 2
[2026-08-05 14:05:24,728][hybrid.speech_recognize][INFO] - NOTE: hypothesis and token scores are output in base 2
Recognized 1,321 utterances (15693 tokens) in 41.3s (32.02 sentences/s, 380.39 tokens/s)
[2026-08-05 14:05:24,728][hybrid.speech_recognize][INFO] - Recognized 1,321 utterances (15693 tokens) in 41.3s (32.02 sentences/s, 380.39 tokens/s)
WER: 74.43882709807886%
[2026-08-05 14:05:24,735][hybrid.speech_recognize][INFO] - WER: 74.43882709807886%
EVAL_EXIT=0
