config: aispeak_lora_decoder   data: /workspace/av-hubert-ai-speak/data/aispeak_ser_data
[2026-08-29 23:32:19,435][fairseq_cli.train][INFO] - {'_name': None, 'common': {'_name': None, 'no_progress_bar': False, 'log_interval': 100, 'log_format': 'json', 'log_file': None, 'tensorboard_logdir': 'tblog', 'wandb_project': None, 'azureml_logging': False, 'seed': 1337, 'cpu': False, 'tpu': False, 'bf16': False, 'memory_efficient_bf16': False, 'fp16': True, 'memory_efficient_fp16': False, 'fp16_no_flatten_grads': False, 'fp16_init_scale': 128, 'fp16_scale_window': None, 'fp16_scale_tolerance': 0.0, 'on_cpu_convert_precision': False, 'min_loss_scale': 0.0001, 'threshold_loss_scale': None, 'amp': False, 'amp_batch_retries': 2, 'amp_init_scale': 128, 'amp_scale_window': None, 'user_dir': '/workspace/av-hubert-ai-speak/av_hubert/avhubert', 'empty_cache_freq': 0, 'all_gather_list_size': 16384, 'model_parallel_size': 1, 'quantization_config_path': None, 'profile': False, 'reset_logging': False, 'suppress_crashes': False, 'use_plasma_view': False, 'plasma_path': '/tmp/plasma'}, 'common_eval': {'_name': None, 'path': None, 'post_process': None, 'quiet': False, 'model_overrides': '{}', 'results_path': None}, 'distributed_training': {'_name': None, 'distributed_world_size': 1, 'distributed_num_procs': 1, 'distributed_rank': 0, 'distributed_backend': 'nccl', 'distributed_init_method': None, 'distributed_port': -1, 'device_id': 0, 'distributed_no_spawn': False, 'ddp_backend': 'c10d', 'ddp_comm_hook': 'none', 'bucket_cap_mb': 25, 'fix_batches_to_gpus': False, 'find_unused_parameters': True, 'fast_stat_sync': False, 'heartbeat_timeout': -1, 'broadcast_buffers': False, 'slowmo_momentum': None, 'slowmo_algorithm': 'LocalSGD', 'localsgd_frequency': 3, 'nprocs_per_node': 1, 'pipeline_model_parallel': False, 'pipeline_balance': None, 'pipeline_devices': None, 'pipeline_chunks': 0, 'pipeline_encoder_balance': None, 'pipeline_encoder_devices': None, 'pipeline_decoder_balance': None, 'pipeline_decoder_devices': None, 'pipeline_checkpoint': 'never', 'zero_sharding': 'none', 'fp16': True, 'memory_efficient_fp16': False, 'tpu': False, 'no_reshard_after_forward': False, 'fp32_reduce_scatter': False, 'cpu_offload': False, 'use_sharded_state': False}, 'dataset': {'_name': None, 'num_workers': 8, 'skip_invalid_size_inputs_valid_test': False, 'max_tokens': 2000, 'batch_size': None, 'required_batch_size_multiple': 8, 'required_seq_len_multiple': 1, 'dataset_impl': None, 'data_buffer_size': 10, 'train_subset': 'train', 'valid_subset': 'valid', 'combine_valid_subsets': None, 'ignore_unused_valid_subsets': False, 'validate_interval': 1, 'validate_interval_updates': 0, 'validate_after_updates': 0, 'fixed_validation_seed': None, 'disable_validation': False, 'max_tokens_valid': 2000, 'batch_size_valid': None, 'max_valid_steps': None, 'curriculum': 0, 'gen_subset': 'test', 'num_shards': 1, 'shard_id': 0}, 'optimization': {'_name': None, 'max_epoch': 0, 'max_update': 3000, 'stop_time_hours': 0.0, 'clip_norm': 0.0, 'sentence_avg': True, 'update_freq': [4], 'lr': [0.003], 'stop_min_lr': -1.0, 'use_bmuf': False}, 'checkpoint': {'_name': None, 'save_dir': 'checkpoints', 'restore_file': 'checkpoint_last.pt', 'finetune_from_model': None, 'reset_dataloader': False, 'reset_lr_scheduler': False, 'reset_meters': False, 'reset_optimizer': False, 'optimizer_overrides': '{}', 'save_interval': 1, 'save_interval_updates': 0, 'keep_interval_updates': 1, 'keep_interval_updates_pattern': -1, 'keep_last_epochs': -1, 'keep_best_checkpoints': -1, 'no_save': False, 'no_epoch_checkpoints': True, 'no_last_checkpoints': False, 'no_save_optimizer_state': False, 'best_checkpoint_metric': 'accuracy', 'maximize_best_checkpoint_metric': True, 'patience': 8, 'checkpoint_suffix': '', 'checkpoint_shard_count': 1, 'load_checkpoint_on_all_dp_ranks': False, 'write_checkpoints_asynchronously': False, 'model_parallel_size': 1}, 'bmuf': {'_name': None, 'block_lr': 1.0, 'block_momentum': 0.875, 'global_sync_iter': 50, 'warmup_iterations': 500, 'use_nbm': False, 'average_sync': False, 'distributed_world_size': 1}, 'generation': {'_name': None, 'beam': 5, 'nbest': 1, 'max_len_a': 0.0, 'max_len_b': 200, 'min_len': 1, 'match_source_len': False, 'unnormalized': False, 'no_early_stop': False, 'no_beamable_mm': False, 'lenpen': 1.0, 'unkpen': 0.0, 'replace_unk': None, 'sacrebleu': False, 'score_reference': False, 'prefix_size': 0, 'no_repeat_ngram_size': 0, 'sampling': False, 'sampling_topk': -1, 'sampling_topp': -1.0, 'constraints': None, 'temperature': 1.0, 'diverse_beam_groups': -1, 'diverse_beam_strength': 0.5, 'diversity_rate': -1.0, 'print_alignment': None, 'print_step': False, 'lm_path': None, 'lm_weight': 0.0, 'iter_decode_eos_penalty': 0.0, 'iter_decode_max_iter': 10, 'iter_decode_force_max_iter': False, 'iter_decode_with_beam': 1, 'iter_decode_with_external_reranker': False, 'retain_iter_history': False, 'retain_dropout': False, 'retain_dropout_modules': None, 'decoding_format': None, 'no_seed_provided': False}, 'eval_lm': {'_name': None, 'output_word_probs': False, 'output_word_stats': False, 'context_window': 0, 'softmax_batch': 9223372036854775807}, 'interactive': {'_name': None, 'buffer_size': 0, 'input': '-'}, 'model': {'_name': 'av_hubert_seq2seq', 'w2v_path': '/workspace/av-hubert-ai-speak/workspace/checkpoints/base_vox_433h_encoder.pt', 'lora_enable': True, 'lora_r': 16, 'lora_alpha': 16, 'lora_dropout': 0.05, 'lora_targets': 'q_proj,v_proj', 'lora_scope': 'decoder', 'freeze_finetune_updates': 0, 'apply_mask': False, 'mask_selection': 'static', 'mask_length': 10, 'mask_other': 0, 'mask_prob': 0.75, 'mask_channel_selection': 'static', 'mask_channel_length': 64, 'mask_channel_other': 0, 'mask_channel_prob': 0.5, 'layerdrop': 0.1, 'dropout': 0.0, 'activation_dropout': 0.1, 'attention_dropout': 0.0, 'feature_grad_mult': 1.0, 'decoder_layers': 6, 'decoder_dropout': 0.1, 'decoder_attention_dropout': 0.0, 'decoder_activation_dropout': 0.1, 'share_decoder_input_output_embed': True, 'decoder_normalize_before': True}, 'task': {'_name': 'av_hubert_pretraining', 'is_s2s': True, 'data': '/workspace/av-hubert-ai-speak/data/aispeak_ser_data', 'label_dir': '/workspace/av-hubert-ai-speak/data/aispeak_ser_data', 'tokenizer_bpe_model': '/workspace/av-hubert-ai-speak/data/aispeak_ser_data/spm_unigram500.model', 'normalize': True, 'labels': ['wrd'], 'single_target': True, 'fine_tuning': True, 'stack_order_audio': 4, 'tokenizer_bpe_name': 'sentencepiece', 'max_sample_size': 500, 'modalities': ['video'], 'image_aug': True, 'pad_audio': True, 'random_crop': False}, 'criterion': {'_name': 'label_smoothed_cross_entropy', 'label_smoothing': 0.1, 'report_accuracy': True, 'ignore_prefix_size': 0, 'sentence_avg': True}, 'optimizer': {'_name': 'adam', 'adam_betas': '(0.9,0.98)', 'adam_eps': 1e-08, 'weight_decay': 0.0, 'use_old_adam': False, 'tpu': False, 'lr': [0.003]}, 'lr_scheduler': {'_name': 'tri_stage', 'warmup_steps': 400, 'hold_steps': 0, 'decay_steps': 4000, 'phase_ratio': None, 'init_lr_scale': 0.01, 'final_lr_scale': 0.05, 'max_update': 3000, 'lr': [0.003]}, 'scoring': None, 'bpe': None, 'tokenizer': None, 'job_logging_cfg': {'version': 1, 'formatters': {'simple': {'format': '[%(asctime)s][%(name)s][%(levelname)s] - %(message)s'}}, 'handlers': {'console': {'class': 'logging.StreamHandler', 'formatter': 'simple', 'stream': 'ext://sys.stdout'}, 'file': {'class': 'logging.FileHandler', 'formatter': 'simple', 'filename': 'hydra_train.log'}}, 'root': {'level': 'INFO', 'handlers': ['console', 'file']}, 'disable_existing_loggers': False}}
[2026-08-29 23:32:19,441][avhubert.hubert_pretraining][INFO] - current directory is /workspace/av-hubert-ai-speak/workspace/experiments/final_decoder
[2026-08-29 23:32:19,441][avhubert.hubert_pretraining][INFO] - AVHubertPretrainingTask Config {'_name': 'av_hubert_pretraining', 'data': '/workspace/av-hubert-ai-speak/data/aispeak_ser_data', 'labels': ['wrd'], 'label_dir': '/workspace/av-hubert-ai-speak/data/aispeak_ser_data', 'label_rate': -1, 'sample_rate': 16000, 'normalize': True, 'enable_padding': False, 'max_sample_size': 500, 'min_sample_size': None, 'max_trim_sample_size': '${task.max_sample_size}', 'single_target': True, 'random_crop': False, 'pad_audio': True, 'pdb': False, 'stack_order_audio': 4, 'skip_verify': False, 'image_aug': True, 'image_crop_size': 88, 'image_mean': 0.421, 'image_std': 0.165, 'modalities': ['video'], 'is_s2s': True, 'tokenizer_bpe_name': 'sentencepiece', 'tokenizer_bpe_model': '/workspace/av-hubert-ai-speak/data/aispeak_ser_data/spm_unigram500.model', 'noise_wav': None, 'noise_prob': 0.0, 'noise_snr': '0', 'noise_num': 1, 'fine_tuning': True}
[2026-08-29 23:32:22,838][avhubert.hubert_pretraining][INFO] - current directory is /workspace/av-hubert-ai-speak/workspace/experiments/final_decoder
[2026-08-29 23:32:22,839][avhubert.hubert_pretraining][INFO] - AVHubertPretrainingTask Config {'_name': 'av_hubert_pretraining', 'data': '/workspace/av-hubert-ai-speak/data/aispeak_ser_data', 'labels': ['km'], 'label_dir': '/checkpoint/bshi/data/lrs3//video/hubert/stitch-iters/envox-iter4-l12c2000/', 'label_rate': 25, 'sample_rate': 25, 'normalize': True, 'enable_padding': False, 'max_sample_size': 2000, 'min_sample_size': 5, 'max_trim_sample_size': 400, 'single_target': False, 'random_crop': True, 'pad_audio': False, 'pdb': False, 'stack_order_audio': 4, 'skip_verify': False, 'image_aug': True, 'image_crop_size': 88, 'image_mean': 0.421, 'image_std': 0.165, 'modalities': ['audio', 'video'], 'is_s2s': False, 'tokenizer_bpe_name': None, 'tokenizer_bpe_model': None, 'noise_wav': None, 'noise_prob': 0.0, 'noise_snr': '0', 'noise_num': 1, 'fine_tuning': False}
[2026-08-29 23:32:22,847][avhubert.hubert][INFO] - HubertModel Config: {'_name': 'av_hubert', 'label_rate': 25, 'input_modality': '${task.input_modality}', 'extractor_mode': default, 'encoder_layers': 12, 'encoder_embed_dim': 768, 'encoder_ffn_embed_dim': 3072, 'encoder_attention_heads': 12, 'activation_fn': gelu, 'dropout': 0.0, 'attention_dropout': 0.0, 'activation_dropout': 0.1, 'encoder_layerdrop': 0.1, 'dropout_input': 0.0, 'dropout_features': 0.1, 'final_dim': 256, 'untie_final_proj': True, 'layer_norm_first': True, 'conv_feature_layers': '[(512,10,5)] + [(512,3,2)] * 4 + [(512,2,2)] * 2', 'conv_bias': False, 'logit_temp': 0.1, 'target_glu': False, 'feature_grad_mult': 1.0, 'mask_length_audio': 10, 'mask_prob_audio': 0.8, 'mask_length_image': 5, 'mask_prob_image': 0.3, 'mask_selection': static, 'mask_other': 0.0, 'no_mask_overlap': False, 'mask_min_space': 1, 'mask_channel_length': 10, 'mask_channel_prob': 0.0, 'mask_channel_selection': static, 'mask_channel_other': 0.0, 'no_mask_channel_overlap': False, 'mask_channel_min_space': 1, 'conv_pos': 128, 'conv_pos_groups': 16, 'latent_temp': [2.0, 0.5, 0.999995], 'skip_masked': False, 'skip_nomask': False, 'resnet_relu_type': 'prelu', 'resnet_weights': None, 'sim_type': 'cosine', 'sub_encoder_layers': 0, 'audio_feat_dim': 104, 'modality_dropout': 0.5, 'audio_dropout': 0.5, 'modality_fuse': 'concat', 'selection_type': 'same_seq', 'masking_type': 'input', 'decoder_embed_dim': 768, 'decoder_ffn_embed_dim': 3072, 'decoder_layers': 6, 'decoder_layerdrop': 0.0, 'decoder_attention_heads': 4, 'decoder_learned_pos': False, 'decoder_normalize_before': False, 'no_token_positional_embeddings': False, 'decoder_dropout': 0.1, 'decoder_attention_dropout': 0.1, 'decoder_activation_dropout': 0.0, 'max_target_positions': 2048, 'share_decoder_input_output_embed': False, 'no_scale_embedding': True}
[2026-08-29 23:32:25,910][avhubert.hubert_asr][INFO] - [LoRA] scope=decoder targets=('q_proj', 'v_proj') r=16 alpha=16: adapted 24 layers, trainable 589,824/160,819,432 (0.37%)
[2026-08-29 23:32:25,914][fairseq_cli.train][INFO] - AVHubertSeq2Seq(
  (encoder): HubertEncoderWrapper(
    (w2v_model): AVHubertModel(
      (feature_extractor_audio): SubModel(
        (proj): Linear(in_features=104, out_features=768, bias=True)
      )
      (feature_extractor_video): SubModel(
        (resnet): ResEncoder(
          (frontend3D): Sequential(
            (0): Conv3d(1, 64, kernel_size=(5, 7, 7), stride=(1, 2, 2), padding=(2, 3, 3), bias=False)
            (1): BatchNorm3d(64, eps=1e-05, momentum=0.1, affine=True, track_running_stats=True)
            (2): PReLU(num_parameters=64)
            (3): MaxPool3d(kernel_size=(1, 3, 3), stride=(1, 2, 2), padding=(0, 1, 1), dilation=1, ceil_mode=False)
          )
          (trunk): ResNet(
            (layer1): Sequential(
              (0): BasicBlock(
                (conv1): Conv2d(64, 64, kernel_size=(3, 3), stride=(1, 1), padding=(1, 1), bias=False)
                (bn1): BatchNorm2d(64, eps=1e-05, momentum=0.1, affine=True, track_running_stats=True)
                (relu1): PReLU(num_parameters=64)
                (relu2): PReLU(num_parameters=64)
                (conv2): Conv2d(64, 64, kernel_size=(3, 3), stride=(1, 1), padding=(1, 1), bias=False)
                (bn2): BatchNorm2d(64, eps=1e-05, momentum=0.1, affine=True, track_running_stats=True)
              )
              (1): BasicBlock(
                (conv1): Conv2d(64, 64, kernel_size=(3, 3), stride=(1, 1), padding=(1, 1), bias=False)
                (bn1): BatchNorm2d(64, eps=1e-05, momentum=0.1, affine=True, track_running_stats=True)
                (relu1): PReLU(num_parameters=64)
                (relu2): PReLU(num_parameters=64)
                (conv2): Conv2d(64, 64, kernel_size=(3, 3), stride=(1, 1), padding=(1, 1), bias=False)
                (bn2): BatchNorm2d(64, eps=1e-05, momentum=0.1, affine=True, track_running_stats=True)
              )
            )
            (layer2): Sequential(
              (0): BasicBlock(
                (conv1): Conv2d(64, 128, kernel_size=(3, 3), stride=(2, 2), padding=(1, 1), bias=False)
                (bn1): BatchNorm2d(128, eps=1e-05, momentum=0.1, affine=True, track_running_stats=True)
                (relu1): PReLU(num_parameters=128)
                (relu2): PReLU(num_parameters=128)
                (conv2): Conv2d(128, 128, kernel_size=(3, 3), stride=(1, 1), padding=(1, 1), bias=False)
                (bn2): BatchNorm2d(128, eps=1e-05, momentum=0.1, affine=True, track_running_stats=True)
                (downsample): Sequential(
                  (0): Conv2d(64, 128, kernel_size=(1, 1), stride=(2, 2), bias=False)
                  (1): BatchNorm2d(128, eps=1e-05, momentum=0.1, affine=True, track_running_stats=True)
                )
              )
              (1): BasicBlock(
                (conv1): Conv2d(128, 128, kernel_size=(3, 3), stride=(1, 1), padding=(1, 1), bias=False)
                (bn1): BatchNorm2d(128, eps=1e-05, momentum=0.1, affine=True, track_running_stats=True)
                (relu1): PReLU(num_parameters=128)
                (relu2): PReLU(num_parameters=128)
                (conv2): Conv2d(128, 128, kernel_size=(3, 3), stride=(1, 1), padding=(1, 1), bias=False)
                (bn2): BatchNorm2d(128, eps=1e-05, momentum=0.1, affine=True, track_running_stats=True)
              )
            )
            (layer3): Sequential(
              (0): BasicBlock(
                (conv1): Conv2d(128, 256, kernel_size=(3, 3), stride=(2, 2), padding=(1, 1), bias=False)
                (bn1): BatchNorm2d(256, eps=1e-05, momentum=0.1, affine=True, track_running_stats=True)
                (relu1): PReLU(num_parameters=256)
                (relu2): PReLU(num_parameters=256)
                (conv2): Conv2d(256, 256, kernel_size=(3, 3), stride=(1, 1), padding=(1, 1), bias=False)
                (bn2): BatchNorm2d(256, eps=1e-05, momentum=0.1, affine=True, track_running_stats=True)
                (downsample): Sequential(
                  (0): Conv2d(128, 256, kernel_size=(1, 1), stride=(2, 2), bias=False)
                  (1): BatchNorm2d(256, eps=1e-05, momentum=0.1, affine=True, track_running_stats=True)
                )
              )
              (1): BasicBlock(
                (conv1): Conv2d(256, 256, kernel_size=(3, 3), stride=(1, 1), padding=(1, 1), bias=False)
                (bn1): BatchNorm2d(256, eps=1e-05, momentum=0.1, affine=True, track_running_stats=True)
                (relu1): PReLU(num_parameters=256)
                (relu2): PReLU(num_parameters=256)
                (conv2): Conv2d(256, 256, kernel_size=(3, 3), stride=(1, 1), padding=(1, 1), bias=False)
                (bn2): BatchNorm2d(256, eps=1e-05, momentum=0.1, affine=True, track_running_stats=True)
              )
            )
            (layer4): Sequential(
              (0): BasicBlock(
                (conv1): Conv2d(256, 512, kernel_size=(3, 3), stride=(2, 2), padding=(1, 1), bias=False)
                (bn1): BatchNorm2d(512, eps=1e-05, momentum=0.1, affine=True, track_running_stats=True)
                (relu1): PReLU(num_parameters=512)
                (relu2): PReLU(num_parameters=512)
                (conv2): Conv2d(512, 512, kernel_size=(3, 3), stride=(1, 1), padding=(1, 1), bias=False)
                (bn2): BatchNorm2d(512, eps=1e-05, momentum=0.1, affine=True, track_running_stats=True)
                (downsample): Sequential(
                  (0): Conv2d(256, 512, kernel_size=(1, 1), stride=(2, 2), bias=False)
                  (1): BatchNorm2d(512, eps=1e-05, momentum=0.1, affine=True, track_running_stats=True)
                )
              )
              (1): BasicBlock(
                (conv1): Conv2d(512, 512, kernel_size=(3, 3), stride=(1, 1), padding=(1, 1), bias=False)
                (bn1): BatchNorm2d(512, eps=1e-05, momentum=0.1, affine=True, track_running_stats=True)
                (relu1): PReLU(num_parameters=512)
                (relu2): PReLU(num_parameters=512)
                (conv2): Conv2d(512, 512, kernel_size=(3, 3), stride=(1, 1), padding=(1, 1), bias=False)
                (bn2): BatchNorm2d(512, eps=1e-05, momentum=0.1, affine=True, track_running_stats=True)
              )
            )
            (avgpool): AdaptiveAvgPool2d(output_size=1)
          )
        )
        (proj): Linear(in_features=512, out_features=768, bias=True)
      )
      (post_extract_proj): Linear(in_features=1536, out_features=768, bias=True)
      (dropout_input): Dropout(p=0.0, inplace=False)
      (dropout_features): Dropout(p=0.1, inplace=False)
      (encoder): TransformerEncoder(
        (pos_conv): Sequential(
          (0): Conv1d(768, 768, kernel_size=(128,), stride=(1,), padding=(64,), groups=16)
          (1): SamePad()
          (2): GELU(approximate='none')
        )
        (layers): ModuleList(
          (0): TransformerSentenceEncoderLayer(
            (self_attn): MultiheadAttention(
              (dropout_module): FairseqDropout()
              (k_proj): Linear(in_features=768, out_features=768, bias=True)
              (v_proj): Linear(in_features=768, out_features=768, bias=True)
              (q_proj): Linear(in_features=768, out_features=768, bias=True)
              (out_proj): Linear(in_features=768, out_features=768, bias=True)
            )
            (dropout1): Dropout(p=0.0, inplace=False)
            (dropout2): Dropout(p=0.1, inplace=False)
            (dropout3): Dropout(p=0.0, inplace=False)
            (self_attn_layer_norm): LayerNorm((768,), eps=1e-05, elementwise_affine=True)
            (fc1): Linear(in_features=768, out_features=3072, bias=True)
            (fc2): Linear(in_features=3072, out_features=768, bias=True)
            (final_layer_norm): LayerNorm((768,), eps=1e-05, elementwise_affine=True)
          )
          (1): TransformerSentenceEncoderLayer(
            (self_attn): MultiheadAttention(
              (dropout_module): FairseqDropout()
              (k_proj): Linear(in_features=768, out_features=768, bias=True)
              (v_proj): Linear(in_features=768, out_features=768, bias=True)
              (q_proj): Linear(in_features=768, out_features=768, bias=True)
              (out_proj): Linear(in_features=768, out_features=768, bias=True)
            )
            (dropout1): Dropout(p=0.0, inplace=False)
            (dropout2): Dropout(p=0.1, inplace=False)
            (dropout3): Dropout(p=0.0, inplace=False)
            (self_attn_layer_norm): LayerNorm((768,), eps=1e-05, elementwise_affine=True)
            (fc1): Linear(in_features=768, out_features=3072, bias=True)
            (fc2): Linear(in_features=3072, out_features=768, bias=True)
            (final_layer_norm): LayerNorm((768,), eps=1e-05, elementwise_affine=True)
          )
          (2): TransformerSentenceEncoderLayer(
            (self_attn): MultiheadAttention(
              (dropout_module): FairseqDropout()
              (k_proj): Linear(in_features=768, out_features=768, bias=True)
              (v_proj): Linear(in_features=768, out_features=768, bias=True)
              (q_proj): Linear(in_features=768, out_features=768, bias=True)
              (out_proj): Linear(in_features=768, out_features=768, bias=True)
            )
            (dropout1): Dropout(p=0.0, inplace=False)
            (dropout2): Dropout(p=0.1, inplace=False)
            (dropout3): Dropout(p=0.0, inplace=False)
            (self_attn_layer_norm): LayerNorm((768,), eps=1e-05, elementwise_affine=True)
            (fc1): Linear(in_features=768, out_features=3072, bias=True)
            (fc2): Linear(in_features=3072, out_features=768, bias=True)
            (final_layer_norm): LayerNorm((768,), eps=1e-05, elementwise_affine=True)
          )
          (3): TransformerSentenceEncoderLayer(
            (self_attn): MultiheadAttention(
              (dropout_module): FairseqDropout()
              (k_proj): Linear(in_features=768, out_features=768, bias=True)
              (v_proj): Linear(in_features=768, out_features=768, bias=True)
              (q_proj): Linear(in_features=768, out_features=768, bias=True)
              (out_proj): Linear(in_features=768, out_features=768, bias=True)
            )
            (dropout1): Dropout(p=0.0, inplace=False)
            (dropout2): Dropout(p=0.1, inplace=False)
            (dropout3): Dropout(p=0.0, inplace=False)
            (self_attn_layer_norm): LayerNorm((768,), eps=1e-05, elementwise_affine=True)
            (fc1): Linear(in_features=768, out_features=3072, bias=True)
            (fc2): Linear(in_features=3072, out_features=768, bias=True)
            (final_layer_norm): LayerNorm((768,), eps=1e-05, elementwise_affine=True)
          )
          (4): TransformerSentenceEncoderLayer(
            (self_attn): MultiheadAttention(
              (dropout_module): FairseqDropout()
              (k_proj): Linear(in_features=768, out_features=768, bias=True)
              (v_proj): Linear(in_features=768, out_features=768, bias=True)
              (q_proj): Linear(in_features=768, out_features=768, bias=True)
              (out_proj): Linear(in_features=768, out_features=768, bias=True)
            )
            (dropout1): Dropout(p=0.0, inplace=False)
            (dropout2): Dropout(p=0.1, inplace=False)
            (dropout3): Dropout(p=0.0, inplace=False)
            (self_attn_layer_norm): LayerNorm((768,), eps=1e-05, elementwise_affine=True)
            (fc1): Linear(in_features=768, out_features=3072, bias=True)
            (fc2): Linear(in_features=3072, out_features=768, bias=True)
            (final_layer_norm): LayerNorm((768,), eps=1e-05, elementwise_affine=True)
          )
          (5): TransformerSentenceEncoderLayer(
            (self_attn): MultiheadAttention(
              (dropout_module): FairseqDropout()
              (k_proj): Linear(in_features=768, out_features=768, bias=True)
              (v_proj): Linear(in_features=768, out_features=768, bias=True)
              (q_proj): Linear(in_features=768, out_features=768, bias=True)
              (out_proj): Linear(in_features=768, out_features=768, bias=True)
            )
            (dropout1): Dropout(p=0.0, inplace=False)
            (dropout2): Dropout(p=0.1, inplace=False)
            (dropout3): Dropout(p=0.0, inplace=False)
            (self_attn_layer_norm): LayerNorm((768,), eps=1e-05, elementwise_affine=True)
            (fc1): Linear(in_features=768, out_features=3072, bias=True)
            (fc2): Linear(in_features=3072, out_features=768, bias=True)
            (final_layer_norm): LayerNorm((768,), eps=1e-05, elementwise_affine=True)
          )
          (6): TransformerSentenceEncoderLayer(
            (self_attn): MultiheadAttention(
              (dropout_module): FairseqDropout()
              (k_proj): Linear(in_features=768, out_features=768, bias=True)
              (v_proj): Linear(in_features=768, out_features=768, bias=True)
              (q_proj): Linear(in_features=768, out_features=768, bias=True)
              (out_proj): Linear(in_features=768, out_features=768, bias=True)
            )
            (dropout1): Dropout(p=0.0, inplace=False)
            (dropout2): Dropout(p=0.1, inplace=False)
            (dropout3): Dropout(p=0.0, inplace=False)
            (self_attn_layer_norm): LayerNorm((768,), eps=1e-05, elementwise_affine=True)
            (fc1): Linear(in_features=768, out_features=3072, bias=True)
            (fc2): Linear(in_features=3072, out_features=768, bias=True)
            (final_layer_norm): LayerNorm((768,), eps=1e-05, elementwise_affine=True)
          )
          (7): TransformerSentenceEncoderLayer(
            (self_attn): MultiheadAttention(
              (dropout_module): FairseqDropout()
              (k_proj): Linear(in_features=768, out_features=768, bias=True)
              (v_proj): Linear(in_features=768, out_features=768, bias=True)
              (q_proj): Linear(in_features=768, out_features=768, bias=True)
              (out_proj): Linear(in_features=768, out_features=768, bias=True)
            )
            (dropout1): Dropout(p=0.0, inplace=False)
            (dropout2): Dropout(p=0.1, inplace=False)
            (dropout3): Dropout(p=0.0, inplace=False)
            (self_attn_layer_norm): LayerNorm((768,), eps=1e-05, elementwise_affine=True)
            (fc1): Linear(in_features=768, out_features=3072, bias=True)
            (fc2): Linear(in_features=3072, out_features=768, bias=True)
            (final_layer_norm): LayerNorm((768,), eps=1e-05, elementwise_affine=True)
          )
          (8): TransformerSentenceEncoderLayer(
            (self_attn): MultiheadAttention(
              (dropout_module): FairseqDropout()
              (k_proj): Linear(in_features=768, out_features=768, bias=True)
              (v_proj): Linear(in_features=768, out_features=768, bias=True)
              (q_proj): Linear(in_features=768, out_features=768, bias=True)
              (out_proj): Linear(in_features=768, out_features=768, bias=True)
            )
            (dropout1): Dropout(p=0.0, inplace=False)
            (dropout2): Dropout(p=0.1, inplace=False)
            (dropout3): Dropout(p=0.0, inplace=False)
            (self_attn_layer_norm): LayerNorm((768,), eps=1e-05, elementwise_affine=True)
            (fc1): Linear(in_features=768, out_features=3072, bias=True)
            (fc2): Linear(in_features=3072, out_features=768, bias=True)
            (final_layer_norm): LayerNorm((768,), eps=1e-05, elementwise_affine=True)
          )
          (9): TransformerSentenceEncoderLayer(
            (self_attn): MultiheadAttention(
              (dropout_module): FairseqDropout()
              (k_proj): Linear(in_features=768, out_features=768, bias=True)
              (v_proj): Linear(in_features=768, out_features=768, bias=True)
              (q_proj): Linear(in_features=768, out_features=768, bias=True)
              (out_proj): Linear(in_features=768, out_features=768, bias=True)
            )
            (dropout1): Dropout(p=0.0, inplace=False)
            (dropout2): Dropout(p=0.1, inplace=False)
            (dropout3): Dropout(p=0.0, inplace=False)
            (self_attn_layer_norm): LayerNorm((768,), eps=1e-05, elementwise_affine=True)
            (fc1): Linear(in_features=768, out_features=3072, bias=True)
            (fc2): Linear(in_features=3072, out_features=768, bias=True)
            (final_layer_norm): LayerNorm((768,), eps=1e-05, elementwise_affine=True)
          )
          (10): TransformerSentenceEncoderLayer(
            (self_attn): MultiheadAttention(
              (dropout_module): FairseqDropout()
              (k_proj): Linear(in_features=768, out_features=768, bias=True)
              (v_proj): Linear(in_features=768, out_features=768, bias=True)
              (q_proj): Linear(in_features=768, out_features=768, bias=True)
              (out_proj): Linear(in_features=768, out_features=768, bias=True)
            )
            (dropout1): Dropout(p=0.0, inplace=False)
            (dropout2): Dropout(p=0.1, inplace=False)
            (dropout3): Dropout(p=0.0, inplace=False)
            (self_attn_layer_norm): LayerNorm((768,), eps=1e-05, elementwise_affine=True)
            (fc1): Linear(in_features=768, out_features=3072, bias=True)
            (fc2): Linear(in_features=3072, out_features=768, bias=True)
            (final_layer_norm): LayerNorm((768,), eps=1e-05, elementwise_affine=True)
          )
          (11): TransformerSentenceEncoderLayer(
            (self_attn): MultiheadAttention(
              (dropout_module): FairseqDropout()
              (k_proj): Linear(in_features=768, out_features=768, bias=True)
              (v_proj): Linear(in_features=768, out_features=768, bias=True)
              (q_proj): Linear(in_features=768, out_features=768, bias=True)
              (out_proj): Linear(in_features=768, out_features=768, bias=True)
            )
            (dropout1): Dropout(p=0.0, inplace=False)
            (dropout2): Dropout(p=0.1, inplace=False)
            (dropout3): Dropout(p=0.0, inplace=False)
            (self_attn_layer_norm): LayerNorm((768,), eps=1e-05, elementwise_affine=True)
            (fc1): Linear(in_features=768, out_features=3072, bias=True)
            (fc2): Linear(in_features=3072, out_features=768, bias=True)
            (final_layer_norm): LayerNorm((768,), eps=1e-05, elementwise_affine=True)
          )
        )
        (layer_norm): LayerNorm((768,), eps=1e-05, elementwise_affine=True)
      )
      (layer_norm): LayerNorm((1536,), eps=1e-05, elementwise_affine=True)
      (final_proj): None
    )
  )
  (decoder): TransformerDecoder(
    (embed_tokens): Embedding(500, 768, padding_idx=1)
    (embed_positions): SinusoidalPositionalEmbedding()
    (layers): ModuleList(
      (0): TransformerDecoderLayer(
        (dropout_module): FairseqDropout()
        (self_attn): MultiheadAttention(
          (dropout_module): FairseqDropout()
          (k_proj): Linear(in_features=768, out_features=768, bias=True)
          (v_proj): LoRALinear(
            (base): Linear(in_features=768, out_features=768, bias=True)
            (lora_dropout): Dropout(p=0.05, inplace=False)
          )
          (q_proj): LoRALinear(
            (base): Linear(in_features=768, out_features=768, bias=True)
            (lora_dropout): Dropout(p=0.05, inplace=False)
          )
          (out_proj): Linear(in_features=768, out_features=768, bias=True)
        )
        (activation_dropout_module): FairseqDropout()
        (self_attn_layer_norm): LayerNorm((768,), eps=1e-05, elementwise_affine=True)
        (encoder_attn): MultiheadAttention(
          (dropout_module): FairseqDropout()
          (k_proj): Linear(in_features=768, out_features=768, bias=True)
          (v_proj): LoRALinear(
            (base): Linear(in_features=768, out_features=768, bias=True)
            (lora_dropout): Dropout(p=0.05, inplace=False)
          )
          (q_proj): LoRALinear(
            (base): Linear(in_features=768, out_features=768, bias=True)
            (lora_dropout): Dropout(p=0.05, inplace=False)
          )
          (out_proj): Linear(in_features=768, out_features=768, bias=True)
        )
        (encoder_attn_layer_norm): LayerNorm((768,), eps=1e-05, elementwise_affine=True)
        (fc1): Linear(in_features=768, out_features=3072, bias=True)
        (fc2): Linear(in_features=3072, out_features=768, bias=True)
        (final_layer_norm): LayerNorm((768,), eps=1e-05, elementwise_affine=True)
      )
      (1): TransformerDecoderLayer(
        (dropout_module): FairseqDropout()
        (self_attn): MultiheadAttention(
          (dropout_module): FairseqDropout()
          (k_proj): Linear(in_features=768, out_features=768, bias=True)
          (v_proj): LoRALinear(
            (base): Linear(in_features=768, out_features=768, bias=True)
            (lora_dropout): Dropout(p=0.05, inplace=False)
          )
          (q_proj): LoRALinear(
            (base): Linear(in_features=768, out_features=768, bias=True)
            (lora_dropout): Dropout(p=0.05, inplace=False)
          )
          (out_proj): Linear(in_features=768, out_features=768, bias=True)
        )
        (activation_dropout_module): FairseqDropout()
        (self_attn_layer_norm): LayerNorm((768,), eps=1e-05, elementwise_affine=True)
        (encoder_attn): MultiheadAttention(
          (dropout_module): FairseqDropout()
          (k_proj): Linear(in_features=768, out_features=768, bias=True)
          (v_proj): LoRALinear(
            (base): Linear(in_features=768, out_features=768, bias=True)
            (lora_dropout): Dropout(p=0.05, inplace=False)
          )
          (q_proj): LoRALinear(
            (base): Linear(in_features=768, out_features=768, bias=True)
            (lora_dropout): Dropout(p=0.05, inplace=False)
          )
          (out_proj): Linear(in_features=768, out_features=768, bias=True)
        )
        (encoder_attn_layer_norm): LayerNorm((768,), eps=1e-05, elementwise_affine=True)
        (fc1): Linear(in_features=768, out_features=3072, bias=True)
        (fc2): Linear(in_features=3072, out_features=768, bias=True)
        (final_layer_norm): LayerNorm((768,), eps=1e-05, elementwise_affine=True)
      )
      (2): TransformerDecoderLayer(
        (dropout_module): FairseqDropout()
        (self_attn): MultiheadAttention(
          (dropout_module): FairseqDropout()
          (k_proj): Linear(in_features=768, out_features=768, bias=True)
          (v_proj): LoRALinear(
            (base): Linear(in_features=768, out_features=768, bias=True)
            (lora_dropout): Dropout(p=0.05, inplace=False)
          )
          (q_proj): LoRALinear(
            (base): Linear(in_features=768, out_features=768, bias=True)
            (lora_dropout): Dropout(p=0.05, inplace=False)
          )
          (out_proj): Linear(in_features=768, out_features=768, bias=True)
        )
        (activation_dropout_module): FairseqDropout()
        (self_attn_layer_norm): LayerNorm((768,), eps=1e-05, elementwise_affine=True)
        (encoder_attn): MultiheadAttention(
          (dropout_module): FairseqDropout()
          (k_proj): Linear(in_features=768, out_features=768, bias=True)
          (v_proj): LoRALinear(
            (base): Linear(in_features=768, out_features=768, bias=True)
            (lora_dropout): Dropout(p=0.05, inplace=False)
          )
          (q_proj): LoRALinear(
            (base): Linear(in_features=768, out_features=768, bias=True)
            (lora_dropout): Dropout(p=0.05, inplace=False)
          )
          (out_proj): Linear(in_features=768, out_features=768, bias=True)
        )
        (encoder_attn_layer_norm): LayerNorm((768,), eps=1e-05, elementwise_affine=True)
        (fc1): Linear(in_features=768, out_features=3072, bias=True)
        (fc2): Linear(in_features=3072, out_features=768, bias=True)
        (final_layer_norm): LayerNorm((768,), eps=1e-05, elementwise_affine=True)
      )
      (3): TransformerDecoderLayer(
        (dropout_module): FairseqDropout()
        (self_attn): MultiheadAttention(
          (dropout_module): FairseqDropout()
          (k_proj): Linear(in_features=768, out_features=768, bias=True)
          (v_proj): LoRALinear(
            (base): Linear(in_features=768, out_features=768, bias=True)
            (lora_dropout): Dropout(p=0.05, inplace=False)
          )
          (q_proj): LoRALinear(
            (base): Linear(in_features=768, out_features=768, bias=True)
            (lora_dropout): Dropout(p=0.05, inplace=False)
          )
          (out_proj): Linear(in_features=768, out_features=768, bias=True)
        )
        (activation_dropout_module): FairseqDropout()
        (self_attn_layer_norm): LayerNorm((768,), eps=1e-05, elementwise_affine=True)
        (encoder_attn): MultiheadAttention(
          (dropout_module): FairseqDropout()
          (k_proj): Linear(in_features=768, out_features=768, bias=True)
          (v_proj): LoRALinear(
            (base): Linear(in_features=768, out_features=768, bias=True)
            (lora_dropout): Dropout(p=0.05, inplace=False)
          )
          (q_proj): LoRALinear(
            (base): Linear(in_features=768, out_features=768, bias=True)
            (lora_dropout): Dropout(p=0.05, inplace=False)
          )
          (out_proj): Linear(in_features=768, out_features=768, bias=True)
        )
        (encoder_attn_layer_norm): LayerNorm((768,), eps=1e-05, elementwise_affine=True)
        (fc1): Linear(in_features=768, out_features=3072, bias=True)
        (fc2): Linear(in_features=3072, out_features=768, bias=True)
        (final_layer_norm): LayerNorm((768,), eps=1e-05, elementwise_affine=True)
      )
      (4): TransformerDecoderLayer(
        (dropout_module): FairseqDropout()
        (self_attn): MultiheadAttention(
          (dropout_module): FairseqDropout()
          (k_proj): Linear(in_features=768, out_features=768, bias=True)
          (v_proj): LoRALinear(
            (base): Linear(in_features=768, out_features=768, bias=True)
            (lora_dropout): Dropout(p=0.05, inplace=False)
          )
          (q_proj): LoRALinear(
            (base): Linear(in_features=768, out_features=768, bias=True)
            (lora_dropout): Dropout(p=0.05, inplace=False)
          )
          (out_proj): Linear(in_features=768, out_features=768, bias=True)
        )
        (activation_dropout_module): FairseqDropout()
        (self_attn_layer_norm): LayerNorm((768,), eps=1e-05, elementwise_affine=True)
        (encoder_attn): MultiheadAttention(
          (dropout_module): FairseqDropout()
          (k_proj): Linear(in_features=768, out_features=768, bias=True)
          (v_proj): LoRALinear(
            (base): Linear(in_features=768, out_features=768, bias=True)
            (lora_dropout): Dropout(p=0.05, inplace=False)
          )
          (q_proj): LoRALinear(
            (base): Linear(in_features=768, out_features=768, bias=True)
            (lora_dropout): Dropout(p=0.05, inplace=False)
          )
          (out_proj): Linear(in_features=768, out_features=768, bias=True)
        )
        (encoder_attn_layer_norm): LayerNorm((768,), eps=1e-05, elementwise_affine=True)
        (fc1): Linear(in_features=768, out_features=3072, bias=True)
        (fc2): Linear(in_features=3072, out_features=768, bias=True)
        (final_layer_norm): LayerNorm((768,), eps=1e-05, elementwise_affine=True)
      )
      (5): TransformerDecoderLayer(
        (dropout_module): FairseqDropout()
        (self_attn): MultiheadAttention(
          (dropout_module): FairseqDropout()
          (k_proj): Linear(in_features=768, out_features=768, bias=True)
          (v_proj): LoRALinear(
            (base): Linear(in_features=768, out_features=768, bias=True)
            (lora_dropout): Dropout(p=0.05, inplace=False)
          )
          (q_proj): LoRALinear(
            (base): Linear(in_features=768, out_features=768, bias=True)
            (lora_dropout): Dropout(p=0.05, inplace=False)
          )
          (out_proj): Linear(in_features=768, out_features=768, bias=True)
        )
        (activation_dropout_module): FairseqDropout()
        (self_attn_layer_norm): LayerNorm((768,), eps=1e-05, elementwise_affine=True)
        (encoder_attn): MultiheadAttention(
          (dropout_module): FairseqDropout()
          (k_proj): Linear(in_features=768, out_features=768, bias=True)
          (v_proj): LoRALinear(
            (base): Linear(in_features=768, out_features=768, bias=True)
            (lora_dropout): Dropout(p=0.05, inplace=False)
          )
          (q_proj): LoRALinear(
            (base): Linear(in_features=768, out_features=768, bias=True)
            (lora_dropout): Dropout(p=0.05, inplace=False)
          )
          (out_proj): Linear(in_features=768, out_features=768, bias=True)
        )
        (encoder_attn_layer_norm): LayerNorm((768,), eps=1e-05, elementwise_affine=True)
        (fc1): Linear(in_features=768, out_features=3072, bias=True)
        (fc2): Linear(in_features=3072, out_features=768, bias=True)
        (final_layer_norm): LayerNorm((768,), eps=1e-05, elementwise_affine=True)
      )
    )
    (layer_norm): LayerNorm((768,), eps=1e-05, elementwise_affine=True)
  )
)
[2026-08-29 23:32:25,920][fairseq_cli.train][INFO] - task: AVHubertPretrainingTask
[2026-08-29 23:32:25,922][fairseq_cli.train][INFO] - model: AVHubertSeq2Seq
[2026-08-29 23:32:25,924][fairseq_cli.train][INFO] - criterion: LabelSmoothedCrossEntropyCriterion
[2026-08-29 23:32:25,927][fairseq_cli.train][INFO] - num. shared model params: 160,819,432 (num. trained: 589,824)
[2026-08-29 23:32:25,930][fairseq_cli.train][INFO] - num. expert model params: 0 (num. trained: 0)
[2026-08-29 23:32:25,933][avhubert.hubert_pretraining][INFO] - Using tokenizer
[2026-08-29 23:32:25,950][avhubert.hubert_dataset][INFO] - max_keep=500, min_keep=None, loaded 235, skipped 0 short and 3 long and 0 unaligned, longest-loaded=369, shortest-loaded=32
[2026-08-29 23:32:25,952][avhubert.hubert_dataset][INFO] - /workspace/av-hubert-ai-speak/data/aispeak_ser_data/valid.wrd is sequence label. skipped
[2026-08-29 23:32:25,952][avhubert.hubert_dataset][INFO] - image transform: Compose(
    Normalize(mean=0.0, std=255.0)
    <avhubert.utils.CenterCrop object at 0x79da06c5c160>
    Normalize(mean=0.421, std=0.165)
)
[2026-08-29 23:32:25,953][avhubert.hubert_dataset][INFO] - pad_audio=True, random_crop=False, normalize=True, max_sample_size=500, seqs2seq data=True,
[2026-08-29 23:32:25,953][avhubert.hubert_dataset][INFO] - Noise wav: None->0 wav, Prob: 0.0, SNR: 0, Number of mixture: 1
[2026-08-29 23:32:28,947][fairseq.trainer][INFO] - detected shared parameter: encoder.w2v_model.feature_extractor_video.resnet.frontend3D.0.bias <- encoder.w2v_model.feature_extractor_video.resnet.trunk.layer1.0.conv1.bias
[2026-08-29 23:32:28,948][fairseq.trainer][INFO] - detected shared parameter: encoder.w2v_model.feature_extractor_video.resnet.frontend3D.0.bias <- encoder.w2v_model.feature_extractor_video.resnet.trunk.layer1.0.conv2.bias
[2026-08-29 23:32:28,948][fairseq.trainer][INFO] - detected shared parameter: encoder.w2v_model.feature_extractor_video.resnet.frontend3D.0.bias <- encoder.w2v_model.feature_extractor_video.resnet.trunk.layer1.1.conv1.bias
[2026-08-29 23:32:28,949][fairseq.trainer][INFO] - detected shared parameter: encoder.w2v_model.feature_extractor_video.resnet.frontend3D.0.bias <- encoder.w2v_model.feature_extractor_video.resnet.trunk.layer1.1.conv2.bias
[2026-08-29 23:32:28,950][fairseq.trainer][INFO] - detected shared parameter: encoder.w2v_model.feature_extractor_video.resnet.frontend3D.0.bias <- encoder.w2v_model.feature_extractor_video.resnet.trunk.layer2.0.conv1.bias
[2026-08-29 23:32:28,950][fairseq.trainer][INFO] - detected shared parameter: encoder.w2v_model.feature_extractor_video.resnet.frontend3D.0.bias <- encoder.w2v_model.feature_extractor_video.resnet.trunk.layer2.0.conv2.bias
[2026-08-29 23:32:28,951][fairseq.trainer][INFO] - detected shared parameter: encoder.w2v_model.feature_extractor_video.resnet.frontend3D.0.bias <- encoder.w2v_model.feature_extractor_video.resnet.trunk.layer2.0.downsample.0.bias
[2026-08-29 23:32:28,951][fairseq.trainer][INFO] - detected shared parameter: encoder.w2v_model.feature_extractor_video.resnet.frontend3D.0.bias <- encoder.w2v_model.feature_extractor_video.resnet.trunk.layer2.1.conv1.bias
[2026-08-29 23:32:28,951][fairseq.trainer][INFO] - detected shared parameter: encoder.w2v_model.feature_extractor_video.resnet.frontend3D.0.bias <- encoder.w2v_model.feature_extractor_video.resnet.trunk.layer2.1.conv2.bias
[2026-08-29 23:32:28,952][fairseq.trainer][INFO] - detected shared parameter: encoder.w2v_model.feature_extractor_video.resnet.frontend3D.0.bias <- encoder.w2v_model.feature_extractor_video.resnet.trunk.layer3.0.conv1.bias
[2026-08-29 23:32:28,952][fairseq.trainer][INFO] - detected shared parameter: encoder.w2v_model.feature_extractor_video.resnet.frontend3D.0.bias <- encoder.w2v_model.feature_extractor_video.resnet.trunk.layer3.0.conv2.bias
[2026-08-29 23:32:28,952][fairseq.trainer][INFO] - detected shared parameter: encoder.w2v_model.feature_extractor_video.resnet.frontend3D.0.bias <- encoder.w2v_model.feature_extractor_video.resnet.trunk.layer3.0.downsample.0.bias
[2026-08-29 23:32:28,953][fairseq.trainer][INFO] - detected shared parameter: encoder.w2v_model.feature_extractor_video.resnet.frontend3D.0.bias <- encoder.w2v_model.feature_extractor_video.resnet.trunk.layer3.1.conv1.bias
[2026-08-29 23:32:28,953][fairseq.trainer][INFO] - detected shared parameter: encoder.w2v_model.feature_extractor_video.resnet.frontend3D.0.bias <- encoder.w2v_model.feature_extractor_video.resnet.trunk.layer3.1.conv2.bias
[2026-08-29 23:32:28,954][fairseq.trainer][INFO] - detected shared parameter: encoder.w2v_model.feature_extractor_video.resnet.frontend3D.0.bias <- encoder.w2v_model.feature_extractor_video.resnet.trunk.layer4.0.conv1.bias
[2026-08-29 23:32:28,954][fairseq.trainer][INFO] - detected shared parameter: encoder.w2v_model.feature_extractor_video.resnet.frontend3D.0.bias <- encoder.w2v_model.feature_extractor_video.resnet.trunk.layer4.0.conv2.bias
[2026-08-29 23:32:28,955][fairseq.trainer][INFO] - detected shared parameter: encoder.w2v_model.feature_extractor_video.resnet.frontend3D.0.bias <- encoder.w2v_model.feature_extractor_video.resnet.trunk.layer4.0.downsample.0.bias
[2026-08-29 23:32:28,955][fairseq.trainer][INFO] - detected shared parameter: encoder.w2v_model.feature_extractor_video.resnet.frontend3D.0.bias <- encoder.w2v_model.feature_extractor_video.resnet.trunk.layer4.1.conv1.bias
[2026-08-29 23:32:28,956][fairseq.trainer][INFO] - detected shared parameter: encoder.w2v_model.feature_extractor_video.resnet.frontend3D.0.bias <- encoder.w2v_model.feature_extractor_video.resnet.trunk.layer4.1.conv2.bias
[2026-08-29 23:32:28,956][fairseq.utils][INFO] - ***********************CUDA enviroments for all 1 workers***********************
[2026-08-29 23:32:28,957][fairseq.utils][INFO] - rank   0: capabilities =  8.6  ; total memory = 44.422 GB ; name = NVIDIA A40                              
[2026-08-29 23:32:28,957][fairseq.utils][INFO] - ***********************CUDA enviroments for all 1 workers***********************
[2026-08-29 23:32:28,957][fairseq_cli.train][INFO] - training on 1 devices (GPUs/TPUs)
[2026-08-29 23:32:28,958][fairseq_cli.train][INFO] - max tokens per device = 2000 and max sentences per device = None
[2026-08-29 23:32:28,960][fairseq.trainer][INFO] - Preparing to load checkpoint checkpoints/checkpoint_last.pt
[2026-08-29 23:32:28,961][fairseq.trainer][INFO] - No existing checkpoint found checkpoints/checkpoint_last.pt
[2026-08-29 23:32:28,961][fairseq.trainer][INFO] - loading train data for epoch 1
[2026-08-29 23:32:28,962][avhubert.hubert_pretraining][INFO] - Using tokenizer
[2026-08-29 23:32:28,975][avhubert.hubert_dataset][INFO] - max_keep=500, min_keep=None, loaded 1800, skipped 0 short and 22 long and 0 unaligned, longest-loaded=421, shortest-loaded=29
[2026-08-29 23:32:28,978][avhubert.hubert_dataset][INFO] - /workspace/av-hubert-ai-speak/data/aispeak_ser_data/train.wrd is sequence label. skipped
[2026-08-29 23:32:28,978][avhubert.hubert_dataset][INFO] - image transform: Compose(
    Normalize(mean=0.0, std=255.0)
    RandomCrop(size=(88, 88))
    <avhubert.utils.HorizontalFlip object at 0x79da41f4a190>
    Normalize(mean=0.421, std=0.165)
)
[2026-08-29 23:32:28,978][avhubert.hubert_dataset][INFO] - pad_audio=True, random_crop=False, normalize=True, max_sample_size=500, seqs2seq data=True,
[2026-08-29 23:32:28,979][avhubert.hubert_dataset][INFO] - Noise wav: None->0 wav, Prob: 0.0, SNR: 0, Number of mixture: 1
[2026-08-29 23:32:29,194][fairseq.logging.progress_bar][WARNING] - tensorboard not found, please install with: pip install tensorboard
[2026-08-29 23:32:29,196][fairseq.trainer][INFO] - begin training epoch 1
[2026-08-29 23:32:29,197][fairseq_cli.train][INFO] - Start iterating over samples
[2026-08-29 23:32:42,976][fairseq_cli.train][INFO] - begin validation on "valid" subset
[2026-08-29 23:32:43,598][fairseq.logging.progress_bar][WARNING] - tensorboard not found, please install with: pip install tensorboard
[2026-08-29 23:32:45,624][valid][INFO] - {"epoch": 1, "valid_loss": "153.271", "valid_nll_loss": "9.507", "valid_total": "291.154", "valid_n_correct": "0.384615", "valid_ppl": "727.56", "valid_accuracy": "0.132", "valid_wps": "3361.2", "valid_wpb": "291.2", "valid_bsz": "18.1", "valid_num_updates": "24"}
[2026-08-29 23:32:45,629][fairseq.checkpoint_utils][INFO] - Preparing to save checkpoint for epoch 1 @ 24 updates
[2026-08-29 23:32:45,631][fairseq.trainer][INFO] - Saving checkpoint to checkpoints/checkpoint_best.pt
[2026-08-29 23:32:48,449][fairseq.trainer][INFO] - Finished saving checkpoint to checkpoints/checkpoint_best.pt
[2026-08-29 23:32:53,932][fairseq.checkpoint_utils][INFO] - Saved checkpoint checkpoints/checkpoint_best.pt (epoch 1 @ 24 updates, score 0.132) (writing took 8.302841088734567 seconds)
[2026-08-29 23:32:53,936][fairseq_cli.train][INFO] - end of epoch 1 (average epoch stats below)
[2026-08-29 23:32:53,939][train][INFO] - {"epoch": 1, "train_loss": "154.413", "train_nll_loss": "9.572", "train_total": "1209.17", "train_n_correct": "1.5", "train_ppl": "761.27", "train_accuracy": "0.124", "train_wps": "1348.4", "train_ups": "1.13", "train_wpb": "1209.2", "train_bsz": "75", "train_num_updates": "24", "train_lr": "0.0002082", "train_gnorm": "0.576", "train_loss_scale": "128", "train_train_wall": "12", "train_gb_free": "42.7", "train_wall": "25"}
[2026-08-29 23:32:54,538][fairseq.logging.progress_bar][WARNING] - tensorboard not found, please install with: pip install tensorboard
[2026-08-29 23:32:54,542][fairseq.trainer][INFO] - begin training epoch 2
[2026-08-29 23:32:54,543][fairseq_cli.train][INFO] - Start iterating over samples
[2026-08-29 23:33:05,795][fairseq_cli.train][INFO] - begin validation on "valid" subset
[2026-08-29 23:33:06,391][fairseq.logging.progress_bar][WARNING] - tensorboard not found, please install with: pip install tensorboard
[2026-08-29 23:33:08,139][valid][INFO] - {"epoch": 2, "valid_loss": "144.953", "valid_nll_loss": "8.939", "valid_total": "291.154", "valid_n_correct": "11.2308", "valid_ppl": "490.91", "valid_accuracy": "3.857", "valid_wps": "4447.6", "valid_wpb": "291.2", "valid_bsz": "18.1", "valid_num_updates": "48", "valid_best_accuracy": "3.857"}
[2026-08-29 23:33:08,162][fairseq.checkpoint_utils][INFO] - Preparing to save checkpoint for epoch 2 @ 48 updates
[2026-08-29 23:33:08,163][fairseq.trainer][INFO] - Saving checkpoint to checkpoints/checkpoint_best.pt
[2026-08-29 23:33:10,988][fairseq.trainer][INFO] - Finished saving checkpoint to checkpoints/checkpoint_best.pt
[2026-08-29 23:33:16,338][fairseq.checkpoint_utils][INFO] - Saved checkpoint checkpoints/checkpoint_best.pt (epoch 2 @ 48 updates, score 3.857) (writing took 8.176350354216993 seconds)
[2026-08-29 23:33:16,341][fairseq_cli.train][INFO] - end of epoch 2 (average epoch stats below)
[2026-08-29 23:33:16,345][train][INFO] - {"epoch": 2, "train_loss": "151.549", "train_nll_loss": "9.378", "train_total": "1209.17", "train_n_correct": "7.08333", "train_ppl": "665.55", "train_accuracy": "0.586", "train_wps": "1295.4", "train_ups": "1.07", "train_wpb": "1209.2", "train_bsz": "75", "train_num_updates": "48", "train_lr": "0.0003864", "train_gnorm": "2.194", "train_loss_scale": "128", "train_train_wall": "10", "train_gb_free": "42.9", "train_wall": "47"}
[2026-08-29 23:33:16,956][fairseq.logging.progress_bar][WARNING] - tensorboard not found, please install with: pip install tensorboard
[2026-08-29 23:33:16,959][fairseq.trainer][INFO] - begin training epoch 3
[2026-08-29 23:33:16,960][fairseq_cli.train][INFO] - Start iterating over samples
[2026-08-29 23:33:28,334][fairseq_cli.train][INFO] - begin validation on "valid" subset
[2026-08-29 23:33:28,939][fairseq.logging.progress_bar][WARNING] - tensorboard not found, please install with: pip install tensorboard
[2026-08-29 23:33:30,879][valid][INFO] - {"epoch": 3, "valid_loss": "134.268", "valid_nll_loss": "8.181", "valid_total": "291.154", "valid_n_correct": "11.7692", "valid_ppl": "290.26", "valid_accuracy": "4.042", "valid_wps": "3747.5", "valid_wpb": "291.2", "valid_bsz": "18.1", "valid_num_updates": "72", "valid_best_accuracy": "4.042"}
[2026-08-29 23:33:30,882][fairseq.checkpoint_utils][INFO] - Preparing to save checkpoint for epoch 3 @ 72 updates
[2026-08-29 23:33:30,883][fairseq.trainer][INFO] - Saving checkpoint to checkpoints/checkpoint_best.pt
[2026-08-29 23:33:33,350][fairseq.trainer][INFO] - Finished saving checkpoint to checkpoints/checkpoint_best.pt
[2026-08-29 23:33:36,491][fairseq.checkpoint_utils][INFO] - Saved checkpoint checkpoints/checkpoint_best.pt (epoch 3 @ 72 updates, score 4.042) (writing took 5.608653971925378 seconds)
[2026-08-29 23:33:36,492][fairseq_cli.train][INFO] - end of epoch 3 (average epoch stats below)
[2026-08-29 23:33:36,495][train][INFO] - {"epoch": 3, "train_loss": "140.99", "train_nll_loss": "8.645", "train_total": "1209.17", "train_n_correct": "61.0417", "train_ppl": "400.24", "train_accuracy": "5.048", "train_wps": "1440.3", "train_ups": "1.19", "train_wpb": "1209.2", "train_bsz": "75", "train_num_updates": "72", "train_lr": "0.0005646", "train_gnorm": "2.764", "train_loss_scale": "128", "train_train_wall": "10", "train_gb_free": "42.8", "train_wall": "68"}
[2026-08-29 23:33:37,129][fairseq.logging.progress_bar][WARNING] - tensorboard not found, please install with: pip install tensorboard
[2026-08-29 23:33:37,135][fairseq.trainer][INFO] - begin training epoch 4
[2026-08-29 23:33:37,136][fairseq_cli.train][INFO] - Start iterating over samples
[2026-08-29 23:33:48,838][fairseq_cli.train][INFO] - begin validation on "valid" subset
[2026-08-29 23:33:49,452][fairseq.logging.progress_bar][WARNING] - tensorboard not found, please install with: pip install tensorboard
[2026-08-29 23:33:51,389][valid][INFO] - {"epoch": 4, "valid_loss": "130.299", "valid_nll_loss": "7.9", "valid_total": "291.154", "valid_n_correct": "18.1538", "valid_ppl": "238.91", "valid_accuracy": "6.235", "valid_wps": "3933.9", "valid_wpb": "291.2", "valid_bsz": "18.1", "valid_num_updates": "96", "valid_best_accuracy": "6.235"}
[2026-08-29 23:33:51,392][fairseq.checkpoint_utils][INFO] - Preparing to save checkpoint for epoch 4 @ 96 updates
[2026-08-29 23:33:51,394][fairseq.trainer][INFO] - Saving checkpoint to checkpoints/checkpoint_best.pt
[2026-08-29 23:33:54,246][fairseq.trainer][INFO] - Finished saving checkpoint to checkpoints/checkpoint_best.pt
[2026-08-29 23:33:57,565][fairseq.checkpoint_utils][INFO] - Saved checkpoint checkpoints/checkpoint_best.pt (epoch 4 @ 96 updates, score 6.235) (writing took 6.172152220271528 seconds)
[2026-08-29 23:33:57,566][fairseq_cli.train][INFO] - end of epoch 4 (average epoch stats below)
[2026-08-29 23:33:57,569][train][INFO] - {"epoch": 4, "train_loss": "133.857", "train_nll_loss": "8.139", "train_total": "1209.17", "train_n_correct": "61.9167", "train_ppl": "281.97", "train_accuracy": "5.121", "train_wps": "1377.2", "train_ups": "1.14", "train_wpb": "1209.2", "train_bsz": "75", "train_num_updates": "96", "train_lr": "0.0007428", "train_gnorm": "2.225", "train_loss_scale": "128", "train_train_wall": "10", "train_gb_free": "42.8", "train_wall": "89"}
[2026-08-29 23:33:57,840][fairseq.logging.progress_bar][WARNING] - tensorboard not found, please install with: pip install tensorboard
[2026-08-29 23:33:57,843][fairseq.trainer][INFO] - begin training epoch 5
[2026-08-29 23:33:57,844][fairseq_cli.train][INFO] - Start iterating over samples
[2026-08-29 23:34:00,680][train_inner][INFO] - {"epoch": 5, "update": 4.167, "loss": "144.652", "nll_loss": "8.897", "total": "1208.34", "n_correct": "34.21", "ppl": "476.61", "accuracy": "2.831", "wps": "1369.3", "ups": "1.14", "wpb": "1208.3", "bsz": "75", "num_updates": "100", "lr": "0.0007725", "gnorm": "1.939", "loss_scale": "128", "train_wall": "45", "gb_free": "42.7", "wall": "92"}
[2026-08-29 23:34:09,347][fairseq_cli.train][INFO] - begin validation on "valid" subset
[2026-08-29 23:34:10,030][fairseq.logging.progress_bar][WARNING] - tensorboard not found, please install with: pip install tensorboard
[2026-08-29 23:34:11,942][valid][INFO] - {"epoch": 5, "valid_loss": "128.928", "valid_nll_loss": "7.809", "valid_total": "291.154", "valid_n_correct": "18.0769", "valid_ppl": "224.27", "valid_accuracy": "6.209", "valid_wps": "4225.5", "valid_wpb": "291.2", "valid_bsz": "18.1", "valid_num_updates": "120", "valid_best_accuracy": "6.235"}
[2026-08-29 23:34:11,945][fairseq.checkpoint_utils][INFO] - Preparing to save checkpoint for epoch 5 @ 120 updates
[2026-08-29 23:34:11,947][fairseq.trainer][INFO] - Saving checkpoint to checkpoints/checkpoint_last.pt
[2026-08-29 23:34:14,565][fairseq.trainer][INFO] - Finished saving checkpoint to checkpoints/checkpoint_last.pt
[2026-08-29 23:34:14,567][fairseq.checkpoint_utils][INFO] - Saved checkpoint checkpoints/checkpoint_last.pt (epoch 5 @ 120 updates, score 6.209) (writing took 2.621563478372991 seconds)
[2026-08-29 23:34:14,568][fairseq_cli.train][INFO] - end of epoch 5 (average epoch stats below)
[2026-08-29 23:34:14,569][train][INFO] - {"epoch": 5, "train_loss": "131.179", "train_nll_loss": "7.953", "train_total": "1209.17", "train_n_correct": "70.5417", "train_ppl": "247.77", "train_accuracy": "5.834", "train_wps": "1707.2", "train_ups": "1.41", "train_wpb": "1209.2", "train_bsz": "75", "train_num_updates": "120", "train_lr": "0.000921", "train_gnorm": "1.872", "train_loss_scale": "128", "train_train_wall": "10", "train_gb_free": "42.8", "train_wall": "106"}
[2026-08-29 23:34:15,199][fairseq.logging.progress_bar][WARNING] - tensorboard not found, please install with: pip install tensorboard
[2026-08-29 23:34:15,224][fairseq.trainer][INFO] - begin training epoch 6
[2026-08-29 23:34:15,226][fairseq_cli.train][INFO] - Start iterating over samples
[2026-08-29 23:34:26,585][fairseq_cli.train][INFO] - begin validation on "valid" subset
[2026-08-29 23:34:27,228][fairseq.logging.progress_bar][WARNING] - tensorboard not found, please install with: pip install tensorboard
[2026-08-29 23:34:29,149][valid][INFO] - {"epoch": 6, "valid_loss": "128.241", "valid_nll_loss": "7.766", "valid_total": "291.154", "valid_n_correct": "18.0769", "valid_ppl": "217.63", "valid_accuracy": "6.209", "valid_wps": "3864.9", "valid_wpb": "291.2", "valid_bsz": "18.1", "valid_num_updates": "144", "valid_best_accuracy": "6.235"}
[2026-08-29 23:34:29,153][fairseq.checkpoint_utils][INFO] - Preparing to save checkpoint for epoch 6 @ 144 updates
[2026-08-29 23:34:29,155][fairseq.trainer][INFO] - Saving checkpoint to checkpoints/checkpoint_last.pt
[2026-08-29 23:34:31,504][fairseq.trainer][INFO] - Finished saving checkpoint to checkpoints/checkpoint_last.pt
[2026-08-29 23:34:31,515][fairseq.checkpoint_utils][INFO] - Saved checkpoint checkpoints/checkpoint_last.pt (epoch 6 @ 144 updates, score 6.209) (writing took 2.3622056674212217 seconds)
[2026-08-29 23:34:31,516][fairseq_cli.train][INFO] - end of epoch 6 (average epoch stats below)
[2026-08-29 23:34:31,518][train][INFO] - {"epoch": 6, "train_loss": "129.987", "train_nll_loss": "7.874", "train_total": "1209.17", "train_n_correct": "73.5", "train_ppl": "234.54", "train_accuracy": "6.079", "train_wps": "1712.3", "train_ups": "1.42", "train_wpb": "1209.2", "train_bsz": "75", "train_num_updates": "144", "train_lr": "0.0010992", "train_gnorm": "1.887", "train_loss_scale": "128", "train_train_wall": "10", "train_gb_free": "42.8", "train_wall": "123"}
[2026-08-29 23:34:32,124][fairseq.logging.progress_bar][WARNING] - tensorboard not found, please install with: pip install tensorboard
[2026-08-29 23:34:32,129][fairseq.trainer][INFO] - begin training epoch 7
[2026-08-29 23:34:32,129][fairseq_cli.train][INFO] - Start iterating over samples
[2026-08-29 23:34:43,496][fairseq_cli.train][INFO] - begin validation on "valid" subset
[2026-08-29 23:34:44,128][fairseq.logging.progress_bar][WARNING] - tensorboard not found, please install with: pip install tensorboard
[2026-08-29 23:34:46,103][valid][INFO] - {"epoch": 7, "valid_loss": "127.707", "valid_nll_loss": "7.73", "valid_total": "291.154", "valid_n_correct": "18.0769", "valid_ppl": "212.35", "valid_accuracy": "6.209", "valid_wps": "4258.3", "valid_wpb": "291.2", "valid_bsz": "18.1", "valid_num_updates": "168", "valid_best_accuracy": "6.235"}
[2026-08-29 23:34:46,112][fairseq.checkpoint_utils][INFO] - Preparing to save checkpoint for epoch 7 @ 168 updates
[2026-08-29 23:34:46,114][fairseq.trainer][INFO] - Saving checkpoint to checkpoints/checkpoint_last.pt
[2026-08-29 23:34:48,534][fairseq.trainer][INFO] - Finished saving checkpoint to checkpoints/checkpoint_last.pt
[2026-08-29 23:34:48,541][fairseq.checkpoint_utils][INFO] - Saved checkpoint checkpoints/checkpoint_last.pt (epoch 7 @ 168 updates, score 6.209) (writing took 2.4288752237334847 seconds)
[2026-08-29 23:34:48,542][fairseq_cli.train][INFO] - end of epoch 7 (average epoch stats below)
[2026-08-29 23:34:48,544][train][INFO] - {"epoch": 7, "train_loss": "129.399", "train_nll_loss": "7.837", "train_total": "1209.17", "train_n_correct": "72.9583", "train_ppl": "228.59", "train_accuracy": "6.034", "train_wps": "1704.6", "train_ups": "1.41", "train_wpb": "1209.2", "train_bsz": "75", "train_num_updates": "168", "train_lr": "0.0012774", "train_gnorm": "1.946", "train_loss_scale": "128", "train_train_wall": "10", "train_gb_free": "42.8", "train_wall": "140"}
[2026-08-29 23:34:49,087][fairseq.logging.progress_bar][WARNING] - tensorboard not found, please install with: pip install tensorboard
[2026-08-29 23:34:49,092][fairseq.trainer][INFO] - begin training epoch 8
[2026-08-29 23:34:49,094][fairseq_cli.train][INFO] - Start iterating over samples
[2026-08-29 23:35:00,471][fairseq_cli.train][INFO] - begin validation on "valid" subset
[2026-08-29 23:35:01,128][fairseq.logging.progress_bar][WARNING] - tensorboard not found, please install with: pip install tensorboard
[2026-08-29 23:35:03,117][valid][INFO] - {"epoch": 8, "valid_loss": "126.787", "valid_nll_loss": "7.663", "valid_total": "291.154", "valid_n_correct": "18.0769", "valid_ppl": "202.64", "valid_accuracy": "6.209", "valid_wps": "4260", "valid_wpb": "291.2", "valid_bsz": "18.1", "valid_num_updates": "192", "valid_best_accuracy": "6.235"}
[2026-08-29 23:35:03,121][fairseq.checkpoint_utils][INFO] - Preparing to save checkpoint for epoch 8 @ 192 updates
[2026-08-29 23:35:03,123][fairseq.trainer][INFO] - Saving checkpoint to checkpoints/checkpoint_last.pt
[2026-08-29 23:35:05,810][fairseq.trainer][INFO] - Finished saving checkpoint to checkpoints/checkpoint_last.pt
[2026-08-29 23:35:05,811][fairseq.checkpoint_utils][INFO] - Saved checkpoint checkpoints/checkpoint_last.pt (epoch 8 @ 192 updates, score 6.209) (writing took 2.6902983663603663 seconds)
[2026-08-29 23:35:05,813][fairseq_cli.train][INFO] - end of epoch 8 (average epoch stats below)
[2026-08-29 23:35:05,814][train][INFO] - {"epoch": 8, "train_loss": "128.737", "train_nll_loss": "7.791", "train_total": "1209.17", "train_n_correct": "73.5", "train_ppl": "221.55", "train_accuracy": "6.079", "train_wps": "1680.4", "train_ups": "1.39", "train_wpb": "1209.2", "train_bsz": "75", "train_num_updates": "192", "train_lr": "0.0014556", "train_gnorm": "1.962", "train_loss_scale": "128", "train_train_wall": "10", "train_gb_free": "42.9", "train_wall": "157"}
[2026-08-29 23:35:06,409][fairseq.logging.progress_bar][WARNING] - tensorboard not found, please install with: pip install tensorboard
[2026-08-29 23:35:06,413][fairseq.trainer][INFO] - begin training epoch 9
[2026-08-29 23:35:06,415][fairseq_cli.train][INFO] - Start iterating over samples
[2026-08-29 23:35:11,374][train_inner][INFO] - {"epoch": 9, "update": 8.333, "loss": "130.366", "nll_loss": "7.848", "total": "1215", "n_correct": "72.82", "ppl": "230.47", "accuracy": "5.993", "wps": "1718.7", "ups": "1.41", "wpb": "1215", "bsz": "74.9", "num_updates": "200", "lr": "0.001515", "gnorm": "1.925", "loss_scale": "128", "train_wall": "43", "gb_free": "42.7", "wall": "162"}
[2026-08-29 23:35:18,392][fairseq_cli.train][INFO] - begin validation on "valid" subset
[2026-08-29 23:35:18,956][fairseq.logging.progress_bar][WARNING] - tensorboard not found, please install with: pip install tensorboard
[2026-08-29 23:35:21,079][valid][INFO] - {"epoch": 9, "valid_loss": "125.941", "valid_nll_loss": "7.605", "valid_total": "291.154", "valid_n_correct": "19.0769", "valid_ppl": "194.68", "valid_accuracy": "6.552", "valid_wps": "3044.6", "valid_wpb": "291.2", "valid_bsz": "18.1", "valid_num_updates": "216", "valid_best_accuracy": "6.552"}
[2026-08-29 23:35:21,083][fairseq.checkpoint_utils][INFO] - Preparing to save checkpoint for epoch 9 @ 216 updates
[2026-08-29 23:35:21,087][fairseq.trainer][INFO] - Saving checkpoint to checkpoints/checkpoint_best.pt
[2026-08-29 23:35:23,563][fairseq.trainer][INFO] - Finished saving checkpoint to checkpoints/checkpoint_best.pt
[2026-08-29 23:35:28,551][fairseq.checkpoint_utils][INFO] - Saved checkpoint checkpoints/checkpoint_best.pt (epoch 9 @ 216 updates, score 6.552) (writing took 7.467957560904324 seconds)
[2026-08-29 23:35:28,553][fairseq_cli.train][INFO] - end of epoch 9 (average epoch stats below)
[2026-08-29 23:35:28,557][train][INFO] - {"epoch": 9, "train_loss": "127.961", "train_nll_loss": "7.735", "train_total": "1209.17", "train_n_correct": "74.2917", "train_ppl": "213.11", "train_accuracy": "6.144", "train_wps": "1276.1", "train_ups": "1.06", "train_wpb": "1209.2", "train_bsz": "75", "train_num_updates": "216", "train_lr": "0.0016338", "train_gnorm": "2.016", "train_loss_scale": "128", "train_train_wall": "10", "train_gb_free": "42.9", "train_wall": "180"}
[2026-08-29 23:35:29,112][fairseq.logging.progress_bar][WARNING] - tensorboard not found, please install with: pip install tensorboard
[2026-08-29 23:35:29,117][fairseq.trainer][INFO] - begin training epoch 10
[2026-08-29 23:35:29,118][fairseq_cli.train][INFO] - Start iterating over samples
[2026-08-29 23:35:40,546][fairseq_cli.train][INFO] - begin validation on "valid" subset
[2026-08-29 23:35:41,137][fairseq.logging.progress_bar][WARNING] - tensorboard not found, please install with: pip install tensorboard
[2026-08-29 23:35:43,149][valid][INFO] - {"epoch": 10, "valid_loss": "124.772", "valid_nll_loss": "7.52", "valid_total": "291.154", "valid_n_correct": "23.8462", "valid_ppl": "183.54", "valid_accuracy": "8.19", "valid_wps": "3714.3", "valid_wpb": "291.2", "valid_bsz": "18.1", "valid_num_updates": "240", "valid_best_accuracy": "8.19"}
[2026-08-29 23:35:43,153][fairseq.checkpoint_utils][INFO] - Preparing to save checkpoint for epoch 10 @ 240 updates
[2026-08-29 23:35:43,154][fairseq.trainer][INFO] - Saving checkpoint to checkpoints/checkpoint_best.pt
[2026-08-29 23:35:45,632][fairseq.trainer][INFO] - Finished saving checkpoint to checkpoints/checkpoint_best.pt
[2026-08-29 23:35:48,909][fairseq.checkpoint_utils][INFO] - Saved checkpoint checkpoints/checkpoint_best.pt (epoch 10 @ 240 updates, score 8.19) (writing took 5.756798553280532 seconds)
[2026-08-29 23:35:48,911][fairseq_cli.train][INFO] - end of epoch 10 (average epoch stats below)
[2026-08-29 23:35:48,913][train][INFO] - {"epoch": 10, "train_loss": "126.868", "train_nll_loss": "7.658", "train_total": "1209.17", "train_n_correct": "88.5417", "train_ppl": "201.98", "train_accuracy": "7.323", "train_wps": "1425.7", "train_ups": "1.18", "train_wpb": "1209.2", "train_bsz": "75", "train_num_updates": "240", "train_lr": "0.001812", "train_gnorm": "2.112", "train_loss_scale": "128", "train_train_wall": "10", "train_gb_free": "42.9", "train_wall": "200"}
[2026-08-29 23:35:49,218][fairseq.logging.progress_bar][WARNING] - tensorboard not found, please install with: pip install tensorboard
[2026-08-29 23:35:49,221][fairseq.trainer][INFO] - begin training epoch 11
[2026-08-29 23:35:49,222][fairseq_cli.train][INFO] - Start iterating over samples
[2026-08-29 23:36:00,668][fairseq_cli.train][INFO] - begin validation on "valid" subset
[2026-08-29 23:36:01,310][fairseq.logging.progress_bar][WARNING] - tensorboard not found, please install with: pip install tensorboard
[2026-08-29 23:36:03,037][valid][INFO] - {"epoch": 11, "valid_loss": "123.7", "valid_nll_loss": "7.441", "valid_total": "291.154", "valid_n_correct": "24.6923", "valid_ppl": "173.74", "valid_accuracy": "8.481", "valid_wps": "4080.1", "valid_wpb": "291.2", "valid_bsz": "18.1", "valid_num_updates": "264", "valid_best_accuracy": "8.481"}
[2026-08-29 23:36:03,040][fairseq.checkpoint_utils][INFO] - Preparing to save checkpoint for epoch 11 @ 264 updates
[2026-08-29 23:36:03,041][fairseq.trainer][INFO] - Saving checkpoint to checkpoints/checkpoint_best.pt
[2026-08-29 23:36:05,506][fairseq.trainer][INFO] - Finished saving checkpoint to checkpoints/checkpoint_best.pt
[2026-08-29 23:36:08,738][fairseq.checkpoint_utils][INFO] - Saved checkpoint checkpoints/checkpoint_best.pt (epoch 11 @ 264 updates, score 8.481) (writing took 5.697320600040257 seconds)
[2026-08-29 23:36:08,739][fairseq_cli.train][INFO] - end of epoch 11 (average epoch stats below)
[2026-08-29 23:36:08,742][train][INFO] - {"epoch": 11, "train_loss": "125.778", "train_nll_loss": "7.58", "train_total": "1209.17", "train_n_correct": "96.7917", "train_ppl": "191.37", "train_accuracy": "8.005", "train_wps": "1463.6", "train_ups": "1.21", "train_wpb": "1209.2", "train_bsz": "75", "train_num_updates": "264", "train_lr": "0.0019902", "train_gnorm": "2.132", "train_loss_scale": "128", "train_train_wall": "10", "train_gb_free": "42.8", "train_wall": "220"}
[2026-08-29 23:36:09,167][fairseq.logging.progress_bar][WARNING] - tensorboard not found, please install with: pip install tensorboard
[2026-08-29 23:36:09,171][fairseq.trainer][INFO] - begin training epoch 12
[2026-08-29 23:36:09,172][fairseq_cli.train][INFO] - Start iterating over samples
[2026-08-29 23:36:20,696][fairseq_cli.train][INFO] - begin validation on "valid" subset
[2026-08-29 23:36:21,827][fairseq.logging.progress_bar][WARNING] - tensorboard not found, please install with: pip install tensorboard
[2026-08-29 23:36:23,779][valid][INFO] - {"epoch": 12, "valid_loss": "122.854", "valid_nll_loss": "7.375", "valid_total": "291.154", "valid_n_correct": "26.3846", "valid_ppl": "165.97", "valid_accuracy": "9.062", "valid_wps": "4411", "valid_wpb": "291.2", "valid_bsz": "18.1", "valid_num_updates": "288", "valid_best_accuracy": "9.062"}
[2026-08-29 23:36:23,783][fairseq.checkpoint_utils][INFO] - Preparing to save checkpoint for epoch 12 @ 288 updates
[2026-08-29 23:36:23,784][fairseq.trainer][INFO] - Saving checkpoint to checkpoints/checkpoint_best.pt
[2026-08-29 23:36:26,252][fairseq.trainer][INFO] - Finished saving checkpoint to checkpoints/checkpoint_best.pt
[2026-08-29 23:36:30,766][fairseq.checkpoint_utils][INFO] - Saved checkpoint checkpoints/checkpoint_best.pt (epoch 12 @ 288 updates, score 9.062) (writing took 6.9834776148200035 seconds)
[2026-08-29 23:36:30,768][fairseq_cli.train][INFO] - end of epoch 12 (average epoch stats below)
[2026-08-29 23:36:30,771][train][INFO] - {"epoch": 12, "train_loss": "124.635", "train_nll_loss": "7.497", "train_total": "1209.17", "train_n_correct": "98.875", "train_ppl": "180.64", "train_accuracy": "8.177", "train_wps": "1317.4", "train_ups": "1.09", "train_wpb": "1209.2", "train_bsz": "75", "train_num_updates": "288", "train_lr": "0.0021684", "train_gnorm": "2.348", "train_loss_scale": "128", "train_train_wall": "10", "train_gb_free": "43", "train_wall": "242"}
[2026-08-29 23:36:31,336][fairseq.logging.progress_bar][WARNING] - tensorboard not found, please install with: pip install tensorboard
[2026-08-29 23:36:31,339][fairseq.trainer][INFO] - begin training epoch 13
[2026-08-29 23:36:31,340][fairseq_cli.train][INFO] - Start iterating over samples
[2026-08-29 23:36:37,928][train_inner][INFO] - {"epoch": 13, "update": 12.5, "loss": "124.697", "nll_loss": "7.578", "total": "1195.61", "n_correct": "92.17", "ppl": "191.09", "accuracy": "7.709", "wps": "1381.4", "ups": "1.16", "wpb": "1195.6", "bsz": "74.8", "num_updates": "300", "lr": "0.0022575", "gnorm": "2.24", "loss_scale": "128", "train_wall": "43", "gb_free": "42.7", "wall": "249"}
[2026-08-29 23:36:42,817][fairseq_cli.train][INFO] - begin validation on "valid" subset
[2026-08-29 23:36:43,367][fairseq.logging.progress_bar][WARNING] - tensorboard not found, please install with: pip install tensorboard
[2026-08-29 23:36:45,111][valid][INFO] - {"epoch": 13, "valid_loss": "121.535", "valid_nll_loss": "7.283", "valid_total": "291.154", "valid_n_correct": "27", "valid_ppl": "155.78", "valid_accuracy": "9.273", "valid_wps": "4377.1", "valid_wpb": "291.2", "valid_bsz": "18.1", "valid_num_updates": "312", "valid_best_accuracy": "9.273"}
[2026-08-29 23:36:45,114][fairseq.checkpoint_utils][INFO] - Preparing to save checkpoint for epoch 13 @ 312 updates
[2026-08-29 23:36:45,115][fairseq.trainer][INFO] - Saving checkpoint to checkpoints/checkpoint_best.pt
[2026-08-29 23:36:47,833][fairseq.trainer][INFO] - Finished saving checkpoint to checkpoints/checkpoint_best.pt
[2026-08-29 23:36:51,158][fairseq.checkpoint_utils][INFO] - Saved checkpoint checkpoints/checkpoint_best.pt (epoch 13 @ 312 updates, score 9.273) (writing took 6.044729762710631 seconds)
[2026-08-29 23:36:51,161][fairseq_cli.train][INFO] - end of epoch 13 (average epoch stats below)
[2026-08-29 23:36:51,165][train][INFO] - {"epoch": 13, "train_loss": "123.53", "train_nll_loss": "7.416", "train_total": "1209.17", "train_n_correct": "101.125", "train_ppl": "170.78", "train_accuracy": "8.363", "train_wps": "1423.2", "train_ups": "1.18", "train_wpb": "1209.2", "train_bsz": "75", "train_num_updates": "312", "train_lr": "0.0023466", "train_gnorm": "2.705", "train_loss_scale": "128", "train_train_wall": "10", "train_gb_free": "43", "train_wall": "262"}
[2026-08-29 23:36:51,698][fairseq.logging.progress_bar][WARNING] - tensorboard not found, please install with: pip install tensorboard
[2026-08-29 23:36:51,701][fairseq.trainer][INFO] - begin training epoch 14
[2026-08-29 23:36:51,721][fairseq_cli.train][INFO] - Start iterating over samples
[2026-08-29 23:37:03,030][fairseq_cli.train][INFO] - begin validation on "valid" subset
[2026-08-29 23:37:03,734][fairseq.logging.progress_bar][WARNING] - tensorboard not found, please install with: pip install tensorboard
[2026-08-29 23:37:06,113][valid][INFO] - {"epoch": 14, "valid_loss": "120.407", "valid_nll_loss": "7.197", "valid_total": "291.154", "valid_n_correct": "27.8462", "valid_ppl": "146.77", "valid_accuracy": "9.564", "valid_wps": "2620.9", "valid_wpb": "291.2", "valid_bsz": "18.1", "valid_num_updates": "336", "valid_best_accuracy": "9.564"}
[2026-08-29 23:37:06,139][fairseq.checkpoint_utils][INFO] - Preparing to save checkpoint for epoch 14 @ 336 updates
[2026-08-29 23:37:06,143][fairseq.trainer][INFO] - Saving checkpoint to checkpoints/checkpoint_best.pt
[2026-08-29 23:37:08,662][fairseq.trainer][INFO] - Finished saving checkpoint to checkpoints/checkpoint_best.pt
[2026-08-29 23:37:11,614][fairseq.checkpoint_utils][INFO] - Saved checkpoint checkpoints/checkpoint_best.pt (epoch 14 @ 336 updates, score 9.564) (writing took 5.474729391746223 seconds)
[2026-08-29 23:37:11,616][fairseq_cli.train][INFO] - end of epoch 14 (average epoch stats below)
[2026-08-29 23:37:11,619][train][INFO] - {"epoch": 14, "train_loss": "122.051", "train_nll_loss": "7.31", "train_total": "1209.17", "train_n_correct": "105.667", "train_ppl": "158.74", "train_accuracy": "8.739", "train_wps": "1418.9", "train_ups": "1.17", "train_wpb": "1209.2", "train_bsz": "75", "train_num_updates": "336", "train_lr": "0.0025248", "train_gnorm": "2.649", "train_loss_scale": "128", "train_train_wall": "10", "train_gb_free": "42.7", "train_wall": "283"}
[2026-08-29 23:37:12,126][fairseq.logging.progress_bar][WARNING] - tensorboard not found, please install with: pip install tensorboard
[2026-08-29 23:37:12,131][fairseq.trainer][INFO] - begin training epoch 15
[2026-08-29 23:37:12,132][fairseq_cli.train][INFO] - Start iterating over samples
[2026-08-29 23:37:23,009][fairseq_cli.train][INFO] - begin validation on "valid" subset
[2026-08-29 23:37:23,592][fairseq.logging.progress_bar][WARNING] - tensorboard not found, please install with: pip install tensorboard
[2026-08-29 23:37:25,551][valid][INFO] - {"epoch": 15, "valid_loss": "118.725", "valid_nll_loss": "7.074", "valid_total": "291.154", "valid_n_correct": "28.1538", "valid_ppl": "134.73", "valid_accuracy": "9.67", "valid_wps": "3641.7", "valid_wpb": "291.2", "valid_bsz": "18.1", "valid_num_updates": "360", "valid_best_accuracy": "9.67"}
[2026-08-29 23:37:25,554][fairseq.checkpoint_utils][INFO] - Preparing to save checkpoint for epoch 15 @ 360 updates
[2026-08-29 23:37:25,555][fairseq.trainer][INFO] - Saving checkpoint to checkpoints/checkpoint_best.pt
[2026-08-29 23:37:28,018][fairseq.trainer][INFO] - Finished saving checkpoint to checkpoints/checkpoint_best.pt
[2026-08-29 23:37:31,349][fairseq.checkpoint_utils][INFO] - Saved checkpoint checkpoints/checkpoint_best.pt (epoch 15 @ 360 updates, score 9.67) (writing took 5.795494396239519 seconds)
[2026-08-29 23:37:31,352][fairseq_cli.train][INFO] - end of epoch 15 (average epoch stats below)
[2026-08-29 23:37:31,354][train][INFO] - {"epoch": 15, "train_loss": "120.769", "train_nll_loss": "7.218", "train_total": "1209.17", "train_n_correct": "108.583", "train_ppl": "148.83", "train_accuracy": "8.98", "train_wps": "1470.6", "train_ups": "1.22", "train_wpb": "1209.2", "train_bsz": "75", "train_num_updates": "360", "train_lr": "0.002703", "train_gnorm": "3.115", "train_loss_scale": "128", "train_train_wall": "10", "train_gb_free": "43", "train_wall": "302"}
[2026-08-29 23:37:31,950][fairseq.logging.progress_bar][WARNING] - tensorboard not found, please install with: pip install tensorboard
[2026-08-29 23:37:31,954][fairseq.trainer][INFO] - begin training epoch 16
[2026-08-29 23:37:31,955][fairseq_cli.train][INFO] - Start iterating over samples
[2026-08-29 23:37:43,155][fairseq_cli.train][INFO] - begin validation on "valid" subset
[2026-08-29 23:37:43,797][fairseq.logging.progress_bar][WARNING] - tensorboard not found, please install with: pip install tensorboard
[2026-08-29 23:37:45,601][valid][INFO] - {"epoch": 16, "valid_loss": "117.53", "valid_nll_loss": "6.989", "valid_total": "291.154", "valid_n_correct": "28.3077", "valid_ppl": "127.05", "valid_accuracy": "9.723", "valid_wps": "4001.6", "valid_wpb": "291.2", "valid_bsz": "18.1", "valid_num_updates": "384", "valid_best_accuracy": "9.723"}
[2026-08-29 23:37:45,611][fairseq.checkpoint_utils][INFO] - Preparing to save checkpoint for epoch 16 @ 384 updates
[2026-08-29 23:37:45,613][fairseq.trainer][INFO] - Saving checkpoint to checkpoints/checkpoint_best.pt
[2026-08-29 23:37:48,043][fairseq.trainer][INFO] - Finished saving checkpoint to checkpoints/checkpoint_best.pt
[2026-08-29 23:37:50,947][fairseq.checkpoint_utils][INFO] - Saved checkpoint checkpoints/checkpoint_best.pt (epoch 16 @ 384 updates, score 9.723) (writing took 5.335516664199531 seconds)
[2026-08-29 23:37:50,948][fairseq_cli.train][INFO] - end of epoch 16 (average epoch stats below)
[2026-08-29 23:37:50,951][train][INFO] - {"epoch": 16, "train_loss": "119.073", "train_nll_loss": "7.097", "train_total": "1209.17", "train_n_correct": "113.667", "train_ppl": "136.9", "train_accuracy": "9.4", "train_wps": "1481", "train_ups": "1.22", "train_wpb": "1209.2", "train_bsz": "75", "train_num_updates": "384", "train_lr": "0.0028812", "train_gnorm": "2.886", "train_loss_scale": "128", "train_train_wall": "10", "train_gb_free": "42.7", "train_wall": "322"}
[2026-08-29 23:37:51,274][fairseq.logging.progress_bar][WARNING] - tensorboard not found, please install with: pip install tensorboard
[2026-08-29 23:37:51,278][fairseq.trainer][INFO] - begin training epoch 17
[2026-08-29 23:37:51,279][fairseq_cli.train][INFO] - Start iterating over samples
[2026-08-29 23:37:59,215][train_inner][INFO] - {"epoch": 17, "update": 16.667, "loss": "120.883", "nll_loss": "7.204", "total": "1212.32", "n_correct": "109.64", "ppl": "147.42", "accuracy": "9.044", "wps": "1491.4", "ups": "1.23", "wpb": "1212.3", "bsz": "75", "num_updates": "400", "lr": "0.003", "gnorm": "2.862", "loss_scale": "128", "train_wall": "41", "gb_free": "42.7", "wall": "330"}
[2026-08-29 23:38:02,628][fairseq_cli.train][INFO] - begin validation on "valid" subset
[2026-08-29 23:38:03,249][fairseq.logging.progress_bar][WARNING] - tensorboard not found, please install with: pip install tensorboard
[2026-08-29 23:38:05,295][valid][INFO] - {"epoch": 17, "valid_loss": "116.4", "valid_nll_loss": "6.906", "valid_total": "291.154", "valid_n_correct": "29.3846", "valid_ppl": "119.91", "valid_accuracy": "10.092", "valid_wps": "3366.4", "valid_wpb": "291.2", "valid_bsz": "18.1", "valid_num_updates": "408", "valid_best_accuracy": "10.092"}
[2026-08-29 23:38:05,299][fairseq.checkpoint_utils][INFO] - Preparing to save checkpoint for epoch 17 @ 408 updates
[2026-08-29 23:38:05,310][fairseq.trainer][INFO] - Saving checkpoint to checkpoints/checkpoint_best.pt
[2026-08-29 23:38:07,956][fairseq.trainer][INFO] - Finished saving checkpoint to checkpoints/checkpoint_best.pt
[2026-08-29 23:38:13,471][fairseq.checkpoint_utils][INFO] - Saved checkpoint checkpoints/checkpoint_best.pt (epoch 17 @ 408 updates, score 10.092) (writing took 8.17185234837234 seconds)
[2026-08-29 23:38:13,473][fairseq_cli.train][INFO] - end of epoch 17 (average epoch stats below)
[2026-08-29 23:38:13,477][train][INFO] - {"epoch": 17, "train_loss": "117.697", "train_nll_loss": "6.998", "train_total": "1209.17", "train_n_correct": "118.917", "train_ppl": "127.79", "train_accuracy": "9.835", "train_wps": "1288.3", "train_ups": "1.07", "train_wpb": "1209.2", "train_bsz": "75", "train_num_updates": "408", "train_lr": "0.00298208", "train_gnorm": "2.931", "train_loss_scale": "128", "train_train_wall": "10", "train_gb_free": "42.7", "train_wall": "345"}
[2026-08-29 23:38:14,081][fairseq.logging.progress_bar][WARNING] - tensorboard not found, please install with: pip install tensorboard
[2026-08-29 23:38:14,086][fairseq.trainer][INFO] - begin training epoch 18
[2026-08-29 23:38:14,088][fairseq_cli.train][INFO] - Start iterating over samples
[2026-08-29 23:38:25,780][fairseq_cli.train][INFO] - begin validation on "valid" subset
[2026-08-29 23:38:26,435][fairseq.logging.progress_bar][WARNING] - tensorboard not found, please install with: pip install tensorboard
[2026-08-29 23:38:28,448][valid][INFO] - {"epoch": 18, "valid_loss": "115.042", "valid_nll_loss": "6.806", "valid_total": "291.154", "valid_n_correct": "31.6923", "valid_ppl": "111.89", "valid_accuracy": "10.885", "valid_wps": "3882.9", "valid_wpb": "291.2", "valid_bsz": "18.1", "valid_num_updates": "432", "valid_best_accuracy": "10.885"}
[2026-08-29 23:38:28,452][fairseq.checkpoint_utils][INFO] - Preparing to save checkpoint for epoch 18 @ 432 updates
[2026-08-29 23:38:28,454][fairseq.trainer][INFO] - Saving checkpoint to checkpoints/checkpoint_best.pt
[2026-08-29 23:38:30,839][fairseq.trainer][INFO] - Finished saving checkpoint to checkpoints/checkpoint_best.pt
[2026-08-29 23:38:34,779][fairseq.checkpoint_utils][INFO] - Saved checkpoint checkpoints/checkpoint_best.pt (epoch 18 @ 432 updates, score 10.885) (writing took 6.326446196064353 seconds)
[2026-08-29 23:38:34,781][fairseq_cli.train][INFO] - end of epoch 18 (average epoch stats below)
[2026-08-29 23:38:34,783][train][INFO] - {"epoch": 18, "train_loss": "116.128", "train_nll_loss": "6.886", "train_total": "1209.17", "train_n_correct": "120.958", "train_ppl": "118.26", "train_accuracy": "10.003", "train_wps": "1362.2", "train_ups": "1.13", "train_wpb": "1209.2", "train_bsz": "75", "train_num_updates": "432", "train_lr": "0.00292896", "train_gnorm": "2.956", "train_loss_scale": "128", "train_train_wall": "10", "train_gb_free": "42.7", "train_wall": "366"}
[2026-08-29 23:38:35,733][fairseq.logging.progress_bar][WARNING] - tensorboard not found, please install with: pip install tensorboard
[2026-08-29 23:38:35,736][fairseq.trainer][INFO] - begin training epoch 19
[2026-08-29 23:38:35,737][fairseq_cli.train][INFO] - Start iterating over samples
[2026-08-29 23:38:46,905][fairseq_cli.train][INFO] - begin validation on "valid" subset
[2026-08-29 23:38:47,510][fairseq.logging.progress_bar][WARNING] - tensorboard not found, please install with: pip install tensorboard
[2026-08-29 23:38:49,497][valid][INFO] - {"epoch": 19, "valid_loss": "114.117", "valid_nll_loss": "6.741", "valid_total": "291.154", "valid_n_correct": "33.5385", "valid_ppl": "106.98", "valid_accuracy": "11.519", "valid_wps": "3519.1", "valid_wpb": "291.2", "valid_bsz": "18.1", "valid_num_updates": "456", "valid_best_accuracy": "11.519"}
[2026-08-29 23:38:49,500][fairseq.checkpoint_utils][INFO] - Preparing to save checkpoint for epoch 19 @ 456 updates
[2026-08-29 23:38:49,509][fairseq.trainer][INFO] - Saving checkpoint to checkpoints/checkpoint_best.pt
[2026-08-29 23:38:51,912][fairseq.trainer][INFO] - Finished saving checkpoint to checkpoints/checkpoint_best.pt
[2026-08-29 23:38:55,414][fairseq.checkpoint_utils][INFO] - Saved checkpoint checkpoints/checkpoint_best.pt (epoch 19 @ 456 updates, score 11.519) (writing took 5.913364663720131 seconds)
[2026-08-29 23:38:55,416][fairseq_cli.train][INFO] - end of epoch 19 (average epoch stats below)
[2026-08-29 23:38:55,419][train][INFO] - {"epoch": 19, "train_loss": "114.817", "train_nll_loss": "6.793", "train_total": "1209.17", "train_n_correct": "128.625", "train_ppl": "110.88", "train_accuracy": "10.637", "train_wps": "1406.4", "train_ups": "1.16", "train_wpb": "1209.2", "train_bsz": "75", "train_num_updates": "456", "train_lr": "0.00287678", "train_gnorm": "2.973", "train_loss_scale": "128", "train_train_wall": "10", "train_gb_free": "42.8", "train_wall": "386"}
[2026-08-29 23:38:55,876][fairseq.logging.progress_bar][WARNING] - tensorboard not found, please install with: pip install tensorboard
[2026-08-29 23:38:55,879][fairseq.trainer][INFO] - begin training epoch 20
[2026-08-29 23:38:55,880][fairseq_cli.train][INFO] - Start iterating over samples
[2026-08-29 23:39:07,225][fairseq_cli.train][INFO] - begin validation on "valid" subset
[2026-08-29 23:39:08,224][fairseq.logging.progress_bar][WARNING] - tensorboard not found, please install with: pip install tensorboard
[2026-08-29 23:39:10,125][valid][INFO] - {"epoch": 20, "valid_loss": "112.947", "valid_nll_loss": "6.657", "valid_total": "291.154", "valid_n_correct": "33", "valid_ppl": "100.94", "valid_accuracy": "11.334", "valid_wps": "3826.1", "valid_wpb": "291.2", "valid_bsz": "18.1", "valid_num_updates": "480", "valid_best_accuracy": "11.519"}
[2026-08-29 23:39:10,128][fairseq.checkpoint_utils][INFO] - Preparing to save checkpoint for epoch 20 @ 480 updates
[2026-08-29 23:39:10,129][fairseq.trainer][INFO] - Saving checkpoint to checkpoints/checkpoint_last.pt
[2026-08-29 23:39:12,327][fairseq.trainer][INFO] - Finished saving checkpoint to checkpoints/checkpoint_last.pt
[2026-08-29 23:39:12,328][fairseq.checkpoint_utils][INFO] - Saved checkpoint checkpoints/checkpoint_last.pt (epoch 20 @ 480 updates, score 11.334) (writing took 2.19966424908489 seconds)
[2026-08-29 23:39:12,329][fairseq_cli.train][INFO] - end of epoch 20 (average epoch stats below)
[2026-08-29 23:39:12,331][train][INFO] - {"epoch": 20, "train_loss": "113.683", "train_nll_loss": "6.712", "train_total": "1209.17", "train_n_correct": "131.833", "train_ppl": "104.83", "train_accuracy": "10.903", "train_wps": "1716.1", "train_ups": "1.42", "train_wpb": "1209.2", "train_bsz": "75", "train_num_updates": "480", "train_lr": "0.00282553", "train_gnorm": "3.113", "train_loss_scale": "128", "train_train_wall": "10", "train_gb_free": "42.7", "train_wall": "403"}
[2026-08-29 23:39:12,527][fairseq.logging.progress_bar][WARNING] - tensorboard not found, please install with: pip install tensorboard
[2026-08-29 23:39:12,529][fairseq.trainer][INFO] - begin training epoch 21
[2026-08-29 23:39:12,531][fairseq_cli.train][INFO] - Start iterating over samples
[2026-08-29 23:39:22,324][train_inner][INFO] - {"epoch": 21, "update": 20.833, "loss": "114.974", "nll_loss": "6.785", "total": "1217.55", "n_correct": "129.53", "ppl": "110.29", "accuracy": "10.639", "wps": "1465.1", "ups": "1.2", "wpb": "1217.5", "bsz": "75.3", "num_updates": "500", "lr": "0.00278353", "gnorm": "3.045", "loss_scale": "128", "train_wall": "42", "gb_free": "43", "wall": "413"}
[2026-08-29 23:39:23,889][fairseq_cli.train][INFO] - begin validation on "valid" subset
[2026-08-29 23:39:24,433][fairseq.logging.progress_bar][WARNING] - tensorboard not found, please install with: pip install tensorboard
[2026-08-29 23:39:26,632][valid][INFO] - {"epoch": 21, "valid_loss": "112.169", "valid_nll_loss": "6.599", "valid_total": "291.154", "valid_n_correct": "35.3846", "valid_ppl": "96.93", "valid_accuracy": "12.153", "valid_wps": "3818", "valid_wpb": "291.2", "valid_bsz": "18.1", "valid_num_updates": "504", "valid_best_accuracy": "12.153"}
[2026-08-29 23:39:26,634][fairseq.checkpoint_utils][INFO] - Preparing to save checkpoint for epoch 21 @ 504 updates
[2026-08-29 23:39:26,636][fairseq.trainer][INFO] - Saving checkpoint to checkpoints/checkpoint_best.pt
[2026-08-29 23:39:28,976][fairseq.trainer][INFO] - Finished saving checkpoint to checkpoints/checkpoint_best.pt
[2026-08-29 23:39:31,908][fairseq.checkpoint_utils][INFO] - Saved checkpoint checkpoints/checkpoint_best.pt (epoch 21 @ 504 updates, score 12.153) (writing took 5.273685620166361 seconds)
[2026-08-29 23:39:31,910][fairseq_cli.train][INFO] - end of epoch 21 (average epoch stats below)
[2026-08-29 23:39:31,913][train][INFO] - {"epoch": 21, "train_loss": "112.721", "train_nll_loss": "6.642", "train_total": "1209.17", "train_n_correct": "139.042", "train_ppl": "99.88", "train_accuracy": "11.499", "train_wps": "1482", "train_ups": "1.23", "train_wpb": "1209.2", "train_bsz": "75", "train_num_updates": "504", "train_lr": "0.0027752", "train_gnorm": "3.231", "train_loss_scale": "128", "train_train_wall": "10", "train_gb_free": "42.7", "train_wall": "423"}
[2026-08-29 23:39:32,226][fairseq.logging.progress_bar][WARNING] - tensorboard not found, please install with: pip install tensorboard
[2026-08-29 23:39:32,228][fairseq.trainer][INFO] - begin training epoch 22
[2026-08-29 23:39:32,229][fairseq_cli.train][INFO] - Start iterating over samples
[2026-08-29 23:39:43,661][fairseq_cli.train][INFO] - begin validation on "valid" subset
[2026-08-29 23:39:44,271][fairseq.logging.progress_bar][WARNING] - tensorboard not found, please install with: pip install tensorboard
[2026-08-29 23:39:46,564][valid][INFO] - {"epoch": 22, "valid_loss": "111.396", "valid_nll_loss": "6.54", "valid_total": "291.154", "valid_n_correct": "36", "valid_ppl": "93.06", "valid_accuracy": "12.365", "valid_wps": "3076.7", "valid_wpb": "291.2", "valid_bsz": "18.1", "valid_num_updates": "528", "valid_best_accuracy": "12.365"}
[2026-08-29 23:39:46,568][fairseq.checkpoint_utils][INFO] - Preparing to save checkpoint for epoch 22 @ 528 updates
[2026-08-29 23:39:46,570][fairseq.trainer][INFO] - Saving checkpoint to checkpoints/checkpoint_best.pt
[2026-08-29 23:39:49,592][fairseq.trainer][INFO] - Finished saving checkpoint to checkpoints/checkpoint_best.pt
[2026-08-29 23:39:54,779][fairseq.checkpoint_utils][INFO] - Saved checkpoint checkpoints/checkpoint_best.pt (epoch 22 @ 528 updates, score 12.365) (writing took 8.211181566119194 seconds)
[2026-08-29 23:39:54,781][fairseq_cli.train][INFO] - end of epoch 22 (average epoch stats below)
[2026-08-29 23:39:54,783][train][INFO] - {"epoch": 22, "train_loss": "111.446", "train_nll_loss": "6.553", "train_total": "1209.17", "train_n_correct": "146.833", "train_ppl": "93.88", "train_accuracy": "12.143", "train_wps": "1269", "train_ups": "1.05", "train_wpb": "1209.2", "train_bsz": "75", "train_num_updates": "528", "train_lr": "0.00272576", "train_gnorm": "3.196", "train_loss_scale": "128", "train_train_wall": "10", "train_gb_free": "42.9", "train_wall": "446"}
[2026-08-29 23:39:55,327][fairseq.logging.progress_bar][WARNING] - tensorboard not found, please install with: pip install tensorboard
[2026-08-29 23:39:55,331][fairseq.trainer][INFO] - begin training epoch 23
[2026-08-29 23:39:55,353][fairseq_cli.train][INFO] - Start iterating over samples
[2026-08-29 23:40:06,773][fairseq_cli.train][INFO] - begin validation on "valid" subset
[2026-08-29 23:40:07,068][fairseq.logging.progress_bar][WARNING] - tensorboard not found, please install with: pip install tensorboard
[2026-08-29 23:40:09,102][valid][INFO] - {"epoch": 23, "valid_loss": "110.867", "valid_nll_loss": "6.504", "valid_total": "291.154", "valid_n_correct": "36.9231", "valid_ppl": "90.74", "valid_accuracy": "12.682", "valid_wps": "3837.5", "valid_wpb": "291.2", "valid_bsz": "18.1", "valid_num_updates": "552", "valid_best_accuracy": "12.682"}
[2026-08-29 23:40:09,112][fairseq.checkpoint_utils][INFO] - Preparing to save checkpoint for epoch 23 @ 552 updates
[2026-08-29 23:40:09,114][fairseq.trainer][INFO] - Saving checkpoint to checkpoints/checkpoint_best.pt
[2026-08-29 23:40:11,646][fairseq.trainer][INFO] - Finished saving checkpoint to checkpoints/checkpoint_best.pt
[2026-08-29 23:40:17,460][fairseq.checkpoint_utils][INFO] - Saved checkpoint checkpoints/checkpoint_best.pt (epoch 23 @ 552 updates, score 12.682) (writing took 8.347342504188418 seconds)
[2026-08-29 23:40:17,463][fairseq_cli.train][INFO] - end of epoch 23 (average epoch stats below)
[2026-08-29 23:40:17,466][train][INFO] - {"epoch": 23, "train_loss": "110.7", "train_nll_loss": "6.497", "train_total": "1209.17", "train_n_correct": "149", "train_ppl": "90.3", "train_accuracy": "12.323", "train_wps": "1279.5", "train_ups": "1.06", "train_wpb": "1209.2", "train_bsz": "75", "train_num_updates": "552", "train_lr": "0.00267721", "train_gnorm": "3.121", "train_loss_scale": "128", "train_train_wall": "10", "train_gb_free": "42.8", "train_wall": "469"}
[2026-08-29 23:40:17,792][fairseq.logging.progress_bar][WARNING] - tensorboard not found, please install with: pip install tensorboard
[2026-08-29 23:40:17,795][fairseq.trainer][INFO] - begin training epoch 24
[2026-08-29 23:40:17,821][fairseq_cli.train][INFO] - Start iterating over samples
[2026-08-29 23:40:29,039][fairseq_cli.train][INFO] - begin validation on "valid" subset
[2026-08-29 23:40:29,256][fairseq.logging.progress_bar][WARNING] - tensorboard not found, please install with: pip install tensorboard
[2026-08-29 23:40:31,116][valid][INFO] - {"epoch": 24, "valid_loss": "110.474", "valid_nll_loss": "6.468", "valid_total": "291.154", "valid_n_correct": "39.3846", "valid_ppl": "88.54", "valid_accuracy": "13.527", "valid_wps": "4311.9", "valid_wpb": "291.2", "valid_bsz": "18.1", "valid_num_updates": "576", "valid_best_accuracy": "13.527"}
[2026-08-29 23:40:31,119][fairseq.checkpoint_utils][INFO] - Preparing to save checkpoint for epoch 24 @ 576 updates
[2026-08-29 23:40:31,120][fairseq.trainer][INFO] - Saving checkpoint to checkpoints/checkpoint_best.pt
[2026-08-29 23:40:33,277][fairseq.trainer][INFO] - Finished saving checkpoint to checkpoints/checkpoint_best.pt
[2026-08-29 23:40:36,378][fairseq.checkpoint_utils][INFO] - Saved checkpoint checkpoints/checkpoint_best.pt (epoch 24 @ 576 updates, score 13.527) (writing took 5.259212848730385 seconds)
[2026-08-29 23:40:36,380][fairseq_cli.train][INFO] - end of epoch 24 (average epoch stats below)
[2026-08-29 23:40:36,383][train][INFO] - {"epoch": 24, "train_loss": "109.813", "train_nll_loss": "6.436", "train_total": "1209.17", "train_n_correct": "158.958", "train_ppl": "86.55", "train_accuracy": "13.146", "train_wps": "1534.3", "train_ups": "1.27", "train_wpb": "1209.2", "train_bsz": "75", "train_num_updates": "576", "train_lr": "0.00262952", "train_gnorm": "3.225", "train_loss_scale": "128", "train_train_wall": "10", "train_gb_free": "42.7", "train_wall": "487"}
[2026-08-29 23:40:36,770][fairseq.logging.progress_bar][WARNING] - tensorboard not found, please install with: pip install tensorboard
[2026-08-29 23:40:36,773][fairseq.trainer][INFO] - begin training epoch 25
[2026-08-29 23:40:36,774][fairseq_cli.train][INFO] - Start iterating over samples
[2026-08-29 23:40:48,213][train_inner][INFO] - {"epoch": 25, "update": 25.0, "loss": "110.135", "nll_loss": "6.475", "total": "1206.18", "n_correct": "154.23", "ppl": "88.94", "accuracy": "12.787", "wps": "1404.4", "ups": "1.16", "wpb": "1206.2", "bsz": "75", "num_updates": "600", "lr": "0.00258267", "gnorm": "3.148", "loss_scale": "128", "train_wall": "42", "gb_free": "42.8", "wall": "499"}
[2026-08-29 23:40:48,216][fairseq_cli.train][INFO] - begin validation on "valid" subset
[2026-08-29 23:40:48,424][fairseq.logging.progress_bar][WARNING] - tensorboard not found, please install with: pip install tensorboard
[2026-08-29 23:40:50,140][valid][INFO] - {"epoch": 25, "valid_loss": "109.545", "valid_nll_loss": "6.407", "valid_total": "291.154", "valid_n_correct": "41.1538", "valid_ppl": "84.87", "valid_accuracy": "14.135", "valid_wps": "4327.7", "valid_wpb": "291.2", "valid_bsz": "18.1", "valid_num_updates": "600", "valid_best_accuracy": "14.135"}
[2026-08-29 23:40:50,142][fairseq.checkpoint_utils][INFO] - Preparing to save checkpoint for epoch 25 @ 600 updates
[2026-08-29 23:40:50,143][fairseq.trainer][INFO] - Saving checkpoint to checkpoints/checkpoint_best.pt
[2026-08-29 23:40:52,632][fairseq.trainer][INFO] - Finished saving checkpoint to checkpoints/checkpoint_best.pt
[2026-08-29 23:40:55,614][fairseq.checkpoint_utils][INFO] - Saved checkpoint checkpoints/checkpoint_best.pt (epoch 25 @ 600 updates, score 14.135) (writing took 5.471044476144016 seconds)
[2026-08-29 23:40:55,616][fairseq_cli.train][INFO] - end of epoch 25 (average epoch stats below)
[2026-08-29 23:40:55,618][train][INFO] - {"epoch": 25, "train_loss": "109.084", "train_nll_loss": "6.382", "train_total": "1209.17", "train_n_correct": "165.417", "train_ppl": "83.4", "train_accuracy": "13.68", "train_wps": "1508.8", "train_ups": "1.25", "train_wpb": "1209.2", "train_bsz": "75", "train_num_updates": "600", "train_lr": "0.00258267", "train_gnorm": "3.03", "train_loss_scale": "128", "train_train_wall": "10", "train_gb_free": "42.8", "train_wall": "507"}
[2026-08-29 23:40:55,898][fairseq.logging.progress_bar][WARNING] - tensorboard not found, please install with: pip install tensorboard
[2026-08-29 23:40:55,901][fairseq.trainer][INFO] - begin training epoch 26
[2026-08-29 23:40:55,909][fairseq_cli.train][INFO] - Start iterating over samples
[2026-08-29 23:41:07,175][fairseq_cli.train][INFO] - begin validation on "valid" subset
[2026-08-29 23:41:07,423][fairseq.logging.progress_bar][WARNING] - tensorboard not found, please install with: pip install tensorboard
[2026-08-29 23:41:09,717][valid][INFO] - {"epoch": 26, "valid_loss": "109.565", "valid_nll_loss": "6.398", "valid_total": "291.154", "valid_n_correct": "44.3077", "valid_ppl": "84.35", "valid_accuracy": "15.218", "valid_wps": "3568", "valid_wpb": "291.2", "valid_bsz": "18.1", "valid_num_updates": "624", "valid_best_accuracy": "15.218"}
[2026-08-29 23:41:09,720][fairseq.checkpoint_utils][INFO] - Preparing to save checkpoint for epoch 26 @ 624 updates
[2026-08-29 23:41:09,722][fairseq.trainer][INFO] - Saving checkpoint to checkpoints/checkpoint_best.pt
[2026-08-29 23:41:12,234][fairseq.trainer][INFO] - Finished saving checkpoint to checkpoints/checkpoint_best.pt
[2026-08-29 23:41:14,967][fairseq.checkpoint_utils][INFO] - Saved checkpoint checkpoints/checkpoint_best.pt (epoch 26 @ 624 updates, score 15.218) (writing took 5.247223483398557 seconds)
[2026-08-29 23:41:14,969][fairseq_cli.train][INFO] - end of epoch 26 (average epoch stats below)
[2026-08-29 23:41:14,971][train][INFO] - {"epoch": 26, "train_loss": "108.358", "train_nll_loss": "6.33", "train_total": "1209.17", "train_n_correct": "176.167", "train_ppl": "80.47", "train_accuracy": "14.569", "train_wps": "1499.6", "train_ups": "1.24", "train_wpb": "1209.2", "train_bsz": "75", "train_num_updates": "624", "train_lr": "0.00253667", "train_gnorm": "3.267", "train_loss_scale": "128", "train_train_wall": "10", "train_gb_free": "43", "train_wall": "526"}
[2026-08-29 23:41:15,277][fairseq.logging.progress_bar][WARNING] - tensorboard not found, please install with: pip install tensorboard
[2026-08-29 23:41:15,279][fairseq.trainer][INFO] - begin training epoch 27
[2026-08-29 23:41:15,280][fairseq_cli.train][INFO] - Start iterating over samples
[2026-08-29 23:41:26,674][fairseq_cli.train][INFO] - begin validation on "valid" subset
[2026-08-29 23:41:26,908][fairseq.logging.progress_bar][WARNING] - tensorboard not found, please install with: pip install tensorboard
[2026-08-29 23:41:28,715][valid][INFO] - {"epoch": 27, "valid_loss": "108.498", "valid_nll_loss": "6.326", "valid_total": "291.154", "valid_n_correct": "44.5385", "valid_ppl": "80.21", "valid_accuracy": "15.297", "valid_wps": "4419.7", "valid_wpb": "291.2", "valid_bsz": "18.1", "valid_num_updates": "648", "valid_best_accuracy": "15.297"}
[2026-08-29 23:41:28,718][fairseq.checkpoint_utils][INFO] - Preparing to save checkpoint for epoch 27 @ 648 updates
[2026-08-29 23:41:28,718][fairseq.trainer][INFO] - Saving checkpoint to checkpoints/checkpoint_best.pt
[2026-08-29 23:41:31,219][fairseq.trainer][INFO] - Finished saving checkpoint to checkpoints/checkpoint_best.pt
[2026-08-29 23:41:34,091][fairseq.checkpoint_utils][INFO] - Saved checkpoint checkpoints/checkpoint_best.pt (epoch 27 @ 648 updates, score 15.297) (writing took 5.373150361701846 seconds)
[2026-08-29 23:41:34,093][fairseq_cli.train][INFO] - end of epoch 27 (average epoch stats below)
[2026-08-29 23:41:34,095][train][INFO] - {"epoch": 27, "train_loss": "107.967", "train_nll_loss": "6.302", "train_total": "1209.17", "train_n_correct": "180.75", "train_ppl": "78.91", "train_accuracy": "14.948", "train_wps": "1517.6", "train_ups": "1.26", "train_wpb": "1209.2", "train_bsz": "75", "train_num_updates": "648", "train_lr": "0.00249148", "train_gnorm": "3.066", "train_loss_scale": "128", "train_train_wall": "10", "train_gb_free": "43", "train_wall": "545"}
[2026-08-29 23:41:34,390][fairseq.logging.progress_bar][WARNING] - tensorboard not found, please install with: pip install tensorboard
[2026-08-29 23:41:34,393][fairseq.trainer][INFO] - begin training epoch 28
[2026-08-29 23:41:34,393][fairseq_cli.train][INFO] - Start iterating over samples
[2026-08-29 23:41:45,556][fairseq_cli.train][INFO] - begin validation on "valid" subset
[2026-08-29 23:41:45,753][fairseq.logging.progress_bar][WARNING] - tensorboard not found, please install with: pip install tensorboard
[2026-08-29 23:41:47,587][valid][INFO] - {"epoch": 28, "valid_loss": "108.674", "valid_nll_loss": "6.333", "valid_total": "291.154", "valid_n_correct": "48.1538", "valid_ppl": "80.61", "valid_accuracy": "16.539", "valid_wps": "4461.5", "valid_wpb": "291.2", "valid_bsz": "18.1", "valid_num_updates": "672", "valid_best_accuracy": "16.539"}
[2026-08-29 23:41:47,590][fairseq.checkpoint_utils][INFO] - Preparing to save checkpoint for epoch 28 @ 672 updates
[2026-08-29 23:41:47,591][fairseq.trainer][INFO] - Saving checkpoint to checkpoints/checkpoint_best.pt
[2026-08-29 23:41:49,822][fairseq.trainer][INFO] - Finished saving checkpoint to checkpoints/checkpoint_best.pt
[2026-08-29 23:41:52,447][fairseq.checkpoint_utils][INFO] - Saved checkpoint checkpoints/checkpoint_best.pt (epoch 28 @ 672 updates, score 16.539) (writing took 4.857231721282005 seconds)
[2026-08-29 23:41:52,449][fairseq_cli.train][INFO] - end of epoch 28 (average epoch stats below)
[2026-08-29 23:41:52,451][train][INFO] - {"epoch": 28, "train_loss": "106.951", "train_nll_loss": "6.229", "train_total": "1209.17", "train_n_correct": "194.125", "train_ppl": "75", "train_accuracy": "16.054", "train_wps": "1581", "train_ups": "1.31", "train_wpb": "1209.2", "train_bsz": "75", "train_num_updates": "672", "train_lr": "0.0024471", "train_gnorm": "3.276", "train_loss_scale": "128", "train_train_wall": "10", "train_gb_free": "42.7", "train_wall": "563"}
[2026-08-29 23:41:52,799][fairseq.logging.progress_bar][WARNING] - tensorboard not found, please install with: pip install tensorboard
[2026-08-29 23:41:52,821][fairseq.trainer][INFO] - begin training epoch 29
[2026-08-29 23:41:52,822][fairseq_cli.train][INFO] - Start iterating over samples
[2026-08-29 23:42:04,240][fairseq_cli.train][INFO] - begin validation on "valid" subset
[2026-08-29 23:42:04,871][fairseq.logging.progress_bar][WARNING] - tensorboard not found, please install with: pip install tensorboard
[2026-08-29 23:42:06,865][valid][INFO] - {"epoch": 29, "valid_loss": "107.721", "valid_nll_loss": "6.27", "valid_total": "291.154", "valid_n_correct": "48.5385", "valid_ppl": "77.15", "valid_accuracy": "16.671", "valid_wps": "3835.9", "valid_wpb": "291.2", "valid_bsz": "18.1", "valid_num_updates": "696", "valid_best_accuracy": "16.671"}
[2026-08-29 23:42:06,868][fairseq.checkpoint_utils][INFO] - Preparing to save checkpoint for epoch 29 @ 696 updates
[2026-08-29 23:42:06,869][fairseq.trainer][INFO] - Saving checkpoint to checkpoints/checkpoint_best.pt
[2026-08-29 23:42:09,038][fairseq.trainer][INFO] - Finished saving checkpoint to checkpoints/checkpoint_best.pt
[2026-08-29 23:42:11,634][fairseq.checkpoint_utils][INFO] - Saved checkpoint checkpoints/checkpoint_best.pt (epoch 29 @ 696 updates, score 16.671) (writing took 4.765764634124935 seconds)
[2026-08-29 23:42:11,635][fairseq_cli.train][INFO] - end of epoch 29 (average epoch stats below)
[2026-08-29 23:42:11,638][train][INFO] - {"epoch": 29, "train_loss": "106.483", "train_nll_loss": "6.196", "train_total": "1209.17", "train_n_correct": "198.083", "train_ppl": "73.31", "train_accuracy": "16.382", "train_wps": "1512.6", "train_ups": "1.25", "train_wpb": "1209.2", "train_bsz": "75", "train_num_updates": "696", "train_lr": "0.00240351", "train_gnorm": "3.269", "train_loss_scale": "128", "train_train_wall": "10", "train_gb_free": "42.7", "train_wall": "583"}
[2026-08-29 23:42:11,925][fairseq.logging.progress_bar][WARNING] - tensorboard not found, please install with: pip install tensorboard
[2026-08-29 23:42:11,927][fairseq.trainer][INFO] - begin training epoch 30
[2026-08-29 23:42:11,928][fairseq_cli.train][INFO] - Start iterating over samples
[2026-08-29 23:42:14,971][train_inner][INFO] - {"epoch": 30, "update": 29.167, "loss": "107.024", "nll_loss": "6.261", "total": "1211.13", "n_correct": "188.02", "ppl": "76.69", "accuracy": "15.524", "wps": "1396", "ups": "1.15", "wpb": "1211.1", "bsz": "75.4", "num_updates": "700", "lr": "0.00239632", "gnorm": "3.201", "loss_scale": "128", "train_wall": "42", "gb_free": "42.8", "wall": "586"}
[2026-08-29 23:42:23,152][fairseq_cli.train][INFO] - begin validation on "valid" subset
[2026-08-29 23:42:23,430][fairseq.logging.progress_bar][WARNING] - tensorboard not found, please install with: pip install tensorboard
[2026-08-29 23:42:25,367][valid][INFO] - {"epoch": 30, "valid_loss": "107.505", "valid_nll_loss": "6.256", "valid_total": "291.154", "valid_n_correct": "50.6154", "valid_ppl": "76.42", "valid_accuracy": "17.384", "valid_wps": "4445.5", "valid_wpb": "291.2", "valid_bsz": "18.1", "valid_num_updates": "720", "valid_best_accuracy": "17.384"}
[2026-08-29 23:42:25,370][fairseq.checkpoint_utils][INFO] - Preparing to save checkpoint for epoch 30 @ 720 updates
[2026-08-29 23:42:25,371][fairseq.trainer][INFO] - Saving checkpoint to checkpoints/checkpoint_best.pt
[2026-08-29 23:42:27,611][fairseq.trainer][INFO] - Finished saving checkpoint to checkpoints/checkpoint_best.pt
[2026-08-29 23:42:30,456][fairseq.checkpoint_utils][INFO] - Saved checkpoint checkpoints/checkpoint_best.pt (epoch 30 @ 720 updates, score 17.384) (writing took 5.08638968039304 seconds)
[2026-08-29 23:42:30,459][fairseq_cli.train][INFO] - end of epoch 30 (average epoch stats below)
[2026-08-29 23:42:30,461][train][INFO] - {"epoch": 30, "train_loss": "105.953", "train_nll_loss": "6.158", "train_total": "1209.17", "train_n_correct": "204.208", "train_ppl": "71.4", "train_accuracy": "16.888", "train_wps": "1541.8", "train_ups": "1.28", "train_wpb": "1209.2", "train_bsz": "75", "train_num_updates": "720", "train_lr": "0.00236069", "train_gnorm": "3.207", "train_loss_scale": "128", "train_train_wall": "10", "train_gb_free": "42.7", "train_wall": "602"}
[2026-08-29 23:42:30,639][fairseq.logging.progress_bar][WARNING] - tensorboard not found, please install with: pip install tensorboard
[2026-08-29 23:42:30,642][fairseq.trainer][INFO] - begin training epoch 31
[2026-08-29 23:42:30,643][fairseq_cli.train][INFO] - Start iterating over samples
[2026-08-29 23:42:41,621][fairseq_cli.train][INFO] - begin validation on "valid" subset
[2026-08-29 23:42:41,835][fairseq.logging.progress_bar][WARNING] - tensorboard not found, please install with: pip install tensorboard
[2026-08-29 23:42:43,731][valid][INFO] - {"epoch": 31, "valid_loss": "107.213", "valid_nll_loss": "6.229", "valid_total": "291.154", "valid_n_correct": "50.9231", "valid_ppl": "74.99", "valid_accuracy": "17.49", "valid_wps": "4102.6", "valid_wpb": "291.2", "valid_bsz": "18.1", "valid_num_updates": "744", "valid_best_accuracy": "17.49"}
[2026-08-29 23:42:43,735][fairseq.checkpoint_utils][INFO] - Preparing to save checkpoint for epoch 31 @ 744 updates
[2026-08-29 23:42:43,737][fairseq.trainer][INFO] - Saving checkpoint to checkpoints/checkpoint_best.pt
[2026-08-29 23:42:46,364][fairseq.trainer][INFO] - Finished saving checkpoint to checkpoints/checkpoint_best.pt
[2026-08-29 23:42:49,911][fairseq.checkpoint_utils][INFO] - Saved checkpoint checkpoints/checkpoint_best.pt (epoch 31 @ 744 updates, score 17.49) (writing took 6.1757689928635955 seconds)
[2026-08-29 23:42:49,913][fairseq_cli.train][INFO] - end of epoch 31 (average epoch stats below)
[2026-08-29 23:42:49,915][train][INFO] - {"epoch": 31, "train_loss": "105.18", "train_nll_loss": "6.104", "train_total": "1209.17", "train_n_correct": "213.5", "train_ppl": "68.77", "train_accuracy": "17.657", "train_wps": "1491.8", "train_ups": "1.23", "train_wpb": "1209.2", "train_bsz": "75", "train_num_updates": "744", "train_lr": "0.00231864", "train_gnorm": "3.105", "train_loss_scale": "128", "train_train_wall": "10", "train_gb_free": "42.8", "train_wall": "621"}
[2026-08-29 23:42:50,218][fairseq.logging.progress_bar][WARNING] - tensorboard not found, please install with: pip install tensorboard
[2026-08-29 23:42:50,222][fairseq.trainer][INFO] - begin training epoch 32
[2026-08-29 23:42:50,223][fairseq_cli.train][INFO] - Start iterating over samples
[2026-08-29 23:43:01,628][fairseq_cli.train][INFO] - begin validation on "valid" subset
[2026-08-29 23:43:01,821][fairseq.logging.progress_bar][WARNING] - tensorboard not found, please install with: pip install tensorboard
[2026-08-29 23:43:03,584][valid][INFO] - {"epoch": 32, "valid_loss": "107.075", "valid_nll_loss": "6.22", "valid_total": "291.154", "valid_n_correct": "52.8462", "valid_ppl": "74.52", "valid_accuracy": "18.151", "valid_wps": "4438.1", "valid_wpb": "291.2", "valid_bsz": "18.1", "valid_num_updates": "768", "valid_best_accuracy": "18.151"}
[2026-08-29 23:43:03,587][fairseq.checkpoint_utils][INFO] - Preparing to save checkpoint for epoch 32 @ 768 updates
[2026-08-29 23:43:03,588][fairseq.trainer][INFO] - Saving checkpoint to checkpoints/checkpoint_best.pt
[2026-08-29 23:43:05,774][fairseq.trainer][INFO] - Finished saving checkpoint to checkpoints/checkpoint_best.pt
[2026-08-29 23:43:08,391][fairseq.checkpoint_utils][INFO] - Saved checkpoint checkpoints/checkpoint_best.pt (epoch 32 @ 768 updates, score 18.151) (writing took 4.804263509809971 seconds)
[2026-08-29 23:43:08,392][fairseq_cli.train][INFO] - end of epoch 32 (average epoch stats below)
[2026-08-29 23:43:08,395][train][INFO] - {"epoch": 32, "train_loss": "104.731", "train_nll_loss": "6.07", "train_total": "1209.17", "train_n_correct": "221.333", "train_ppl": "67.17", "train_accuracy": "18.305", "train_wps": "1570.4", "train_ups": "1.3", "train_wpb": "1209.2", "train_bsz": "75", "train_num_updates": "768", "train_lr": "0.00227733", "train_gnorm": "3.227", "train_loss_scale": "128", "train_train_wall": "10", "train_gb_free": "42.9", "train_wall": "639"}
[2026-08-29 23:43:08,731][fairseq.logging.progress_bar][WARNING] - tensorboard not found, please install with: pip install tensorboard
[2026-08-29 23:43:08,733][fairseq.trainer][INFO] - begin training epoch 33
[2026-08-29 23:43:08,734][fairseq_cli.train][INFO] - Start iterating over samples
[2026-08-29 23:43:20,087][fairseq_cli.train][INFO] - begin validation on "valid" subset
[2026-08-29 23:43:20,359][fairseq.logging.progress_bar][WARNING] - tensorboard not found, please install with: pip install tensorboard
[2026-08-29 23:43:22,118][valid][INFO] - {"epoch": 33, "valid_loss": "106.675", "valid_nll_loss": "6.189", "valid_total": "291.154", "valid_n_correct": "54", "valid_ppl": "72.98", "valid_accuracy": "18.547", "valid_wps": "4308.4", "valid_wpb": "291.2", "valid_bsz": "18.1", "valid_num_updates": "792", "valid_best_accuracy": "18.547"}
[2026-08-29 23:43:22,121][fairseq.checkpoint_utils][INFO] - Preparing to save checkpoint for epoch 33 @ 792 updates
[2026-08-29 23:43:22,122][fairseq.trainer][INFO] - Saving checkpoint to checkpoints/checkpoint_best.pt
[2026-08-29 23:43:24,422][fairseq.trainer][INFO] - Finished saving checkpoint to checkpoints/checkpoint_best.pt
[2026-08-29 23:43:27,360][fairseq.checkpoint_utils][INFO] - Saved checkpoint checkpoints/checkpoint_best.pt (epoch 33 @ 792 updates, score 18.547) (writing took 5.2394143575802445 seconds)
[2026-08-29 23:43:27,362][fairseq_cli.train][INFO] - end of epoch 33 (average epoch stats below)
[2026-08-29 23:43:27,364][train][INFO] - {"epoch": 33, "train_loss": "104.075", "train_nll_loss": "6.024", "train_total": "1209.17", "train_n_correct": "223.167", "train_ppl": "65.07", "train_accuracy": "18.456", "train_wps": "1530", "train_ups": "1.27", "train_wpb": "1209.2", "train_bsz": "75", "train_num_updates": "792", "train_lr": "0.00223676", "train_gnorm": "3.123", "train_loss_scale": "128", "train_train_wall": "10", "train_gb_free": "42.7", "train_wall": "658"}
[2026-08-29 23:43:27,669][fairseq.logging.progress_bar][WARNING] - tensorboard not found, please install with: pip install tensorboard
[2026-08-29 23:43:27,672][fairseq.trainer][INFO] - begin training epoch 34
[2026-08-29 23:43:27,673][fairseq_cli.train][INFO] - Start iterating over samples
[2026-08-29 23:43:32,394][train_inner][INFO] - {"epoch": 34, "update": 33.333, "loss": "105.346", "nll_loss": "6.076", "total": "1202.5", "n_correct": "216.38", "ppl": "67.45", "accuracy": "17.994", "wps": "1553.2", "ups": "1.29", "wpb": "1202.5", "bsz": "74.2", "num_updates": "800", "lr": "0.0022234", "gnorm": "3.192", "loss_scale": "128", "train_wall": "42", "gb_free": "42.7", "wall": "663"}
[2026-08-29 23:43:39,162][fairseq_cli.train][INFO] - begin validation on "valid" subset
[2026-08-29 23:43:39,410][fairseq.logging.progress_bar][WARNING] - tensorboard not found, please install with: pip install tensorboard
[2026-08-29 23:43:41,211][valid][INFO] - {"epoch": 34, "valid_loss": "106.101", "valid_nll_loss": "6.151", "valid_total": "291.154", "valid_n_correct": "55.5385", "valid_ppl": "71.04", "valid_accuracy": "19.075", "valid_wps": "3975.5", "valid_wpb": "291.2", "valid_bsz": "18.1", "valid_num_updates": "816", "valid_best_accuracy": "19.075"}
[2026-08-29 23:43:41,214][fairseq.checkpoint_utils][INFO] - Preparing to save checkpoint for epoch 34 @ 816 updates
[2026-08-29 23:43:41,215][fairseq.trainer][INFO] - Saving checkpoint to checkpoints/checkpoint_best.pt
[2026-08-29 23:43:43,762][fairseq.trainer][INFO] - Finished saving checkpoint to checkpoints/checkpoint_best.pt
[2026-08-29 23:43:46,916][fairseq.checkpoint_utils][INFO] - Saved checkpoint checkpoints/checkpoint_best.pt (epoch 34 @ 816 updates, score 19.075) (writing took 5.702213130891323 seconds)
[2026-08-29 23:43:46,918][fairseq_cli.train][INFO] - end of epoch 34 (average epoch stats below)
[2026-08-29 23:43:46,922][train][INFO] - {"epoch": 34, "train_loss": "103.655", "train_nll_loss": "5.994", "train_total": "1209.17", "train_n_correct": "234.5", "train_ppl": "63.72", "train_accuracy": "19.394", "train_wps": "1483.9", "train_ups": "1.23", "train_wpb": "1209.2", "train_bsz": "75", "train_num_updates": "816", "train_lr": "0.00219692", "train_gnorm": "3.085", "train_loss_scale": "128", "train_train_wall": "10", "train_gb_free": "42.7", "train_wall": "678"}
[2026-08-29 23:43:47,528][fairseq.logging.progress_bar][WARNING] - tensorboard not found, please install with: pip install tensorboard
[2026-08-29 23:43:47,533][fairseq.trainer][INFO] - begin training epoch 35
[2026-08-29 23:43:47,534][fairseq_cli.train][INFO] - Start iterating over samples
[2026-08-29 23:43:58,928][fairseq_cli.train][INFO] - begin validation on "valid" subset
[2026-08-29 23:43:59,268][fairseq.logging.progress_bar][WARNING] - tensorboard not found, please install with: pip install tensorboard
[2026-08-29 23:44:01,355][valid][INFO] - {"epoch": 35, "valid_loss": "106.162", "valid_nll_loss": "6.155", "valid_total": "291.154", "valid_n_correct": "56.3846", "valid_ppl": "71.24", "valid_accuracy": "19.366", "valid_wps": "3131", "valid_wpb": "291.2", "valid_bsz": "18.1", "valid_num_updates": "840", "valid_best_accuracy": "19.366"}
[2026-08-29 23:44:01,359][fairseq.checkpoint_utils][INFO] - Preparing to save checkpoint for epoch 35 @ 840 updates
[2026-08-29 23:44:01,361][fairseq.trainer][INFO] - Saving checkpoint to checkpoints/checkpoint_best.pt
[2026-08-29 23:44:03,928][fairseq.trainer][INFO] - Finished saving checkpoint to checkpoints/checkpoint_best.pt
[2026-08-29 23:44:08,288][fairseq.checkpoint_utils][INFO] - Saved checkpoint checkpoints/checkpoint_best.pt (epoch 35 @ 840 updates, score 19.366) (writing took 6.929240508936346 seconds)
[2026-08-29 23:44:08,291][fairseq_cli.train][INFO] - end of epoch 35 (average epoch stats below)
[2026-08-29 23:44:08,292][train][INFO] - {"epoch": 35, "train_loss": "103.243", "train_nll_loss": "5.965", "train_total": "1209.17", "train_n_correct": "235.625", "train_ppl": "62.45", "train_accuracy": "19.487", "train_wps": "1358", "train_ups": "1.12", "train_wpb": "1209.2", "train_bsz": "75", "train_num_updates": "840", "train_lr": "0.00215778", "train_gnorm": "3.384", "train_loss_scale": "128", "train_train_wall": "10", "train_gb_free": "42.7", "train_wall": "699"}
[2026-08-29 23:44:08,618][fairseq.logging.progress_bar][WARNING] - tensorboard not found, please install with: pip install tensorboard
[2026-08-29 23:44:08,623][fairseq.trainer][INFO] - begin training epoch 36
[2026-08-29 23:44:08,624][fairseq_cli.train][INFO] - Start iterating over samples
[2026-08-29 23:44:20,047][fairseq_cli.train][INFO] - begin validation on "valid" subset
[2026-08-29 23:44:20,271][fairseq.logging.progress_bar][WARNING] - tensorboard not found, please install with: pip install tensorboard
[2026-08-29 23:44:22,116][valid][INFO] - {"epoch": 36, "valid_loss": "106.087", "valid_nll_loss": "6.142", "valid_total": "291.154", "valid_n_correct": "57.3077", "valid_ppl": "70.62", "valid_accuracy": "19.683", "valid_wps": "4440.3", "valid_wpb": "291.2", "valid_bsz": "18.1", "valid_num_updates": "864", "valid_best_accuracy": "19.683"}
[2026-08-29 23:44:22,119][fairseq.checkpoint_utils][INFO] - Preparing to save checkpoint for epoch 36 @ 864 updates
[2026-08-29 23:44:22,120][fairseq.trainer][INFO] - Saving checkpoint to checkpoints/checkpoint_best.pt
[2026-08-29 23:44:24,387][fairseq.trainer][INFO] - Finished saving checkpoint to checkpoints/checkpoint_best.pt
[2026-08-29 23:44:26,940][fairseq.checkpoint_utils][INFO] - Saved checkpoint checkpoints/checkpoint_best.pt (epoch 36 @ 864 updates, score 19.683) (writing took 4.820411971770227 seconds)
[2026-08-29 23:44:26,942][fairseq_cli.train][INFO] - end of epoch 36 (average epoch stats below)
[2026-08-29 23:44:26,945][train][INFO] - {"epoch": 36, "train_loss": "102.873", "train_nll_loss": "5.937", "train_total": "1209.17", "train_n_correct": "240.375", "train_ppl": "61.28", "train_accuracy": "19.879", "train_wps": "1555.9", "train_ups": "1.29", "train_wpb": "1209.2", "train_bsz": "75", "train_num_updates": "864", "train_lr": "0.00211935", "train_gnorm": "3.517", "train_loss_scale": "128", "train_train_wall": "10", "train_gb_free": "42.7", "train_wall": "718"}
[2026-08-29 23:44:27,237][fairseq.logging.progress_bar][WARNING] - tensorboard not found, please install with: pip install tensorboard
[2026-08-29 23:44:27,239][fairseq.trainer][INFO] - begin training epoch 37
[2026-08-29 23:44:27,240][fairseq_cli.train][INFO] - Start iterating over samples
[2026-08-29 23:44:38,527][fairseq_cli.train][INFO] - begin validation on "valid" subset
[2026-08-29 23:44:38,738][fairseq.logging.progress_bar][WARNING] - tensorboard not found, please install with: pip install tensorboard
[2026-08-29 23:44:40,501][valid][INFO] - {"epoch": 37, "valid_loss": "105.554", "valid_nll_loss": "6.112", "valid_total": "291.154", "valid_n_correct": "57.2308", "valid_ppl": "69.18", "valid_accuracy": "19.657", "valid_wps": "4389", "valid_wpb": "291.2", "valid_bsz": "18.1", "valid_num_updates": "888", "valid_best_accuracy": "19.683"}
[2026-08-29 23:44:40,510][fairseq.checkpoint_utils][INFO] - Preparing to save checkpoint for epoch 37 @ 888 updates
[2026-08-29 23:44:40,511][fairseq.trainer][INFO] - Saving checkpoint to checkpoints/checkpoint_last.pt
[2026-08-29 23:44:42,751][fairseq.trainer][INFO] - Finished saving checkpoint to checkpoints/checkpoint_last.pt
[2026-08-29 23:44:42,756][fairseq.checkpoint_utils][INFO] - Saved checkpoint checkpoints/checkpoint_last.pt (epoch 37 @ 888 updates, score 19.657) (writing took 2.245490934699774 seconds)
[2026-08-29 23:44:42,757][fairseq_cli.train][INFO] - end of epoch 37 (average epoch stats below)
[2026-08-29 23:44:42,758][train][INFO] - {"epoch": 37, "train_loss": "102.222", "train_nll_loss": "5.892", "train_total": "1209.17", "train_n_correct": "246.75", "train_ppl": "59.37", "train_accuracy": "20.407", "train_wps": "1835.3", "train_ups": "1.52", "train_wpb": "1209.2", "train_bsz": "75", "train_num_updates": "888", "train_lr": "0.00208159", "train_gnorm": "3.348", "train_loss_scale": "128", "train_train_wall": "10", "train_gb_free": "43", "train_wall": "734"}
[2026-08-29 23:44:43,026][fairseq.logging.progress_bar][WARNING] - tensorboard not found, please install with: pip install tensorboard
[2026-08-29 23:44:43,030][fairseq.trainer][INFO] - begin training epoch 38
[2026-08-29 23:44:43,030][fairseq_cli.train][INFO] - Start iterating over samples
[2026-08-29 23:44:49,562][train_inner][INFO] - {"epoch": 38, "update": 37.5, "loss": "102.7", "nll_loss": "5.945", "total": "1226.95", "n_correct": "244.18", "ppl": "61.59", "accuracy": "19.901", "wps": "1590", "ups": "1.3", "wpb": "1227", "bsz": "76.3", "num_updates": "900", "lr": "0.00206297", "gnorm": "3.305", "loss_scale": "128", "train_wall": "43", "gb_free": "43", "wall": "741"}
[2026-08-29 23:44:54,479][fairseq_cli.train][INFO] - begin validation on "valid" subset
[2026-08-29 23:44:54,943][fairseq.logging.progress_bar][WARNING] - tensorboard not found, please install with: pip install tensorboard
[2026-08-29 23:44:56,954][valid][INFO] - {"epoch": 38, "valid_loss": "105.449", "valid_nll_loss": "6.098", "valid_total": "291.154", "valid_n_correct": "58.7692", "valid_ppl": "68.5", "valid_accuracy": "20.185", "valid_wps": "4437", "valid_wpb": "291.2", "valid_bsz": "18.1", "valid_num_updates": "912", "valid_best_accuracy": "20.185"}
[2026-08-29 23:44:56,957][fairseq.checkpoint_utils][INFO] - Preparing to save checkpoint for epoch 38 @ 912 updates
[2026-08-29 23:44:56,958][fairseq.trainer][INFO] - Saving checkpoint to checkpoints/checkpoint_best.pt
[2026-08-29 23:44:59,325][fairseq.trainer][INFO] - Finished saving checkpoint to checkpoints/checkpoint_best.pt
[2026-08-29 23:45:02,096][fairseq.checkpoint_utils][INFO] - Saved checkpoint checkpoints/checkpoint_best.pt (epoch 38 @ 912 updates, score 20.185) (writing took 5.139451278373599 seconds)
[2026-08-29 23:45:02,098][fairseq_cli.train][INFO] - end of epoch 38 (average epoch stats below)
[2026-08-29 23:45:02,099][train][INFO] - {"epoch": 38, "train_loss": "101.769", "train_nll_loss": "5.859", "train_total": "1209.17", "train_n_correct": "252.75", "train_ppl": "58.04", "train_accuracy": "20.903", "train_wps": "1500.5", "train_ups": "1.24", "train_wpb": "1209.2", "train_bsz": "75", "train_num_updates": "912", "train_lr": "0.00204451", "train_gnorm": "3.221", "train_loss_scale": "128", "train_train_wall": "10", "train_gb_free": "42.7", "train_wall": "753"}
[2026-08-29 23:45:02,363][fairseq.logging.progress_bar][WARNING] - tensorboard not found, please install with: pip install tensorboard
[2026-08-29 23:45:02,365][fairseq.trainer][INFO] - begin training epoch 39
[2026-08-29 23:45:02,366][fairseq_cli.train][INFO] - Start iterating over samples
[2026-08-29 23:45:13,988][fairseq_cli.train][INFO] - begin validation on "valid" subset
[2026-08-29 23:45:14,196][fairseq.logging.progress_bar][WARNING] - tensorboard not found, please install with: pip install tensorboard
[2026-08-29 23:45:16,025][valid][INFO] - {"epoch": 39, "valid_loss": "105.386", "valid_nll_loss": "6.093", "valid_total": "291.154", "valid_n_correct": "59.7692", "valid_ppl": "68.28", "valid_accuracy": "20.528", "valid_wps": "4129.4", "valid_wpb": "291.2", "valid_bsz": "18.1", "valid_num_updates": "936", "valid_best_accuracy": "20.528"}
[2026-08-29 23:45:16,027][fairseq.checkpoint_utils][INFO] - Preparing to save checkpoint for epoch 39 @ 936 updates
[2026-08-29 23:45:16,028][fairseq.trainer][INFO] - Saving checkpoint to checkpoints/checkpoint_best.pt
[2026-08-29 23:45:18,152][fairseq.trainer][INFO] - Finished saving checkpoint to checkpoints/checkpoint_best.pt
[2026-08-29 23:45:20,890][fairseq.checkpoint_utils][INFO] - Saved checkpoint checkpoints/checkpoint_best.pt (epoch 39 @ 936 updates, score 20.528) (writing took 4.863025652244687 seconds)
[2026-08-29 23:45:20,892][fairseq_cli.train][INFO] - end of epoch 39 (average epoch stats below)
[2026-08-29 23:45:20,894][train][INFO] - {"epoch": 39, "train_loss": "101.685", "train_nll_loss": "5.853", "train_total": "1209.17", "train_n_correct": "253.708", "train_ppl": "57.79", "train_accuracy": "20.982", "train_wps": "1544.9", "train_ups": "1.28", "train_wpb": "1209.2", "train_bsz": "75", "train_num_updates": "936", "train_lr": "0.00200809", "train_gnorm": "3.488", "train_loss_scale": "128", "train_train_wall": "10", "train_gb_free": "42.9", "train_wall": "772"}
[2026-08-29 23:45:21,209][fairseq.logging.progress_bar][WARNING] - tensorboard not found, please install with: pip install tensorboard
[2026-08-29 23:45:21,221][fairseq.trainer][INFO] - begin training epoch 40
[2026-08-29 23:45:21,222][fairseq_cli.train][INFO] - Start iterating over samples
[2026-08-29 23:45:32,450][fairseq_cli.train][INFO] - begin validation on "valid" subset
[2026-08-29 23:45:32,830][fairseq.logging.progress_bar][WARNING] - tensorboard not found, please install with: pip install tensorboard
[2026-08-29 23:45:34,743][valid][INFO] - {"epoch": 40, "valid_loss": "105.083", "valid_nll_loss": "6.075", "valid_total": "291.154", "valid_n_correct": "60.6154", "valid_ppl": "67.4", "valid_accuracy": "20.819", "valid_wps": "3651.2", "valid_wpb": "291.2", "valid_bsz": "18.1", "valid_num_updates": "960", "valid_best_accuracy": "20.819"}
[2026-08-29 23:45:34,746][fairseq.checkpoint_utils][INFO] - Preparing to save checkpoint for epoch 40 @ 960 updates
[2026-08-29 23:45:34,747][fairseq.trainer][INFO] - Saving checkpoint to checkpoints/checkpoint_best.pt
[2026-08-29 23:45:36,984][fairseq.trainer][INFO] - Finished saving checkpoint to checkpoints/checkpoint_best.pt
[2026-08-29 23:45:39,572][fairseq.checkpoint_utils][INFO] - Saved checkpoint checkpoints/checkpoint_best.pt (epoch 40 @ 960 updates, score 20.819) (writing took 4.826166818849742 seconds)
[2026-08-29 23:45:39,573][fairseq_cli.train][INFO] - end of epoch 40 (average epoch stats below)
[2026-08-29 23:45:39,576][train][INFO] - {"epoch": 40, "train_loss": "101.127", "train_nll_loss": "5.812", "train_total": "1209.17", "train_n_correct": "261.5", "train_ppl": "56.19", "train_accuracy": "21.626", "train_wps": "1553.5", "train_ups": "1.28", "train_wpb": "1209.2", "train_bsz": "75", "train_num_updates": "960", "train_lr": "0.00197232", "train_gnorm": "3.478", "train_loss_scale": "128", "train_train_wall": "10", "train_gb_free": "42.7", "train_wall": "791"}
[2026-08-29 23:45:39,863][fairseq.logging.progress_bar][WARNING] - tensorboard not found, please install with: pip install tensorboard
[2026-08-29 23:45:39,865][fairseq.trainer][INFO] - begin training epoch 41
[2026-08-29 23:45:39,866][fairseq_cli.train][INFO] - Start iterating over samples
[2026-08-29 23:45:50,787][fairseq_cli.train][INFO] - begin validation on "valid" subset
[2026-08-29 23:45:51,323][fairseq.logging.progress_bar][WARNING] - tensorboard not found, please install with: pip install tensorboard
[2026-08-29 23:45:53,255][valid][INFO] - {"epoch": 41, "valid_loss": "105.312", "valid_nll_loss": "6.086", "valid_total": "291.154", "valid_n_correct": "61.7692", "valid_ppl": "67.91", "valid_accuracy": "21.215", "valid_wps": "3494.4", "valid_wpb": "291.2", "valid_bsz": "18.1", "valid_num_updates": "984", "valid_best_accuracy": "21.215"}
[2026-08-29 23:45:53,258][fairseq.checkpoint_utils][INFO] - Preparing to save checkpoint for epoch 41 @ 984 updates
[2026-08-29 23:45:53,261][fairseq.trainer][INFO] - Saving checkpoint to checkpoints/checkpoint_best.pt
[2026-08-29 23:45:55,644][fairseq.trainer][INFO] - Finished saving checkpoint to checkpoints/checkpoint_best.pt
[2026-08-29 23:45:58,294][fairseq.checkpoint_utils][INFO] - Saved checkpoint checkpoints/checkpoint_best.pt (epoch 41 @ 984 updates, score 21.215) (writing took 5.035266020335257 seconds)
[2026-08-29 23:45:58,295][fairseq_cli.train][INFO] - end of epoch 41 (average epoch stats below)
[2026-08-29 23:45:58,298][train][INFO] - {"epoch": 41, "train_loss": "100.714", "train_nll_loss": "5.784", "train_total": "1209.17", "train_n_correct": "266.875", "train_ppl": "55.1", "train_accuracy": "22.071", "train_wps": "1550.1", "train_ups": "1.28", "train_wpb": "1209.2", "train_bsz": "75", "train_num_updates": "984", "train_lr": "0.00193718", "train_gnorm": "3.222", "train_loss_scale": "128", "train_train_wall": "10", "train_gb_free": "42.7", "train_wall": "809"}
[2026-08-29 23:45:58,630][fairseq.logging.progress_bar][WARNING] - tensorboard not found, please install with: pip install tensorboard
[2026-08-29 23:45:58,632][fairseq.trainer][INFO] - begin training epoch 42
[2026-08-29 23:45:58,633][fairseq_cli.train][INFO] - Start iterating over samples
[2026-08-29 23:46:06,436][train_inner][INFO] - {"epoch": 42, "update": 41.667, "loss": "100.897", "nll_loss": "5.797", "total": "1201.76", "n_correct": "260.57", "ppl": "55.62", "accuracy": "21.682", "wps": "1563.3", "ups": "1.3", "wpb": "1201.8", "bsz": "74.5", "num_updates": "1000", "lr": "0.00191411", "gnorm": "3.36", "loss_scale": "128", "train_wall": "42", "gb_free": "42.7", "wall": "817"}
[2026-08-29 23:46:09,740][fairseq_cli.train][INFO] - begin validation on "valid" subset
[2026-08-29 23:46:09,936][fairseq.logging.progress_bar][WARNING] - tensorboard not found, please install with: pip install tensorboard
[2026-08-29 23:46:11,784][valid][INFO] - {"epoch": 42, "valid_loss": "104.946", "valid_nll_loss": "6.059", "valid_total": "291.154", "valid_n_correct": "62.8462", "valid_ppl": "66.66", "valid_accuracy": "21.585", "valid_wps": "4448", "valid_wpb": "291.2", "valid_bsz": "18.1", "valid_num_updates": "1008", "valid_best_accuracy": "21.585"}
[2026-08-29 23:46:11,787][fairseq.checkpoint_utils][INFO] - Preparing to save checkpoint for epoch 42 @ 1008 updates
[2026-08-29 23:46:11,788][fairseq.trainer][INFO] - Saving checkpoint to checkpoints/checkpoint_best.pt
[2026-08-29 23:46:14,106][fairseq.trainer][INFO] - Finished saving checkpoint to checkpoints/checkpoint_best.pt
[2026-08-29 23:46:16,960][fairseq.checkpoint_utils][INFO] - Saved checkpoint checkpoints/checkpoint_best.pt (epoch 42 @ 1008 updates, score 21.585) (writing took 5.173046438954771 seconds)
[2026-08-29 23:46:16,962][fairseq_cli.train][INFO] - end of epoch 42 (average epoch stats below)
[2026-08-29 23:46:16,965][train][INFO] - {"epoch": 42, "train_loss": "100.487", "train_nll_loss": "5.767", "train_total": "1209.17", "train_n_correct": "268.458", "train_ppl": "54.46", "train_accuracy": "22.202", "train_wps": "1554.7", "train_ups": "1.29", "train_wpb": "1209.2", "train_bsz": "75", "train_num_updates": "1008", "train_lr": "0.00190268", "train_gnorm": "3.298", "train_loss_scale": "128", "train_train_wall": "10", "train_gb_free": "43", "train_wall": "828"}
[2026-08-29 23:46:17,362][fairseq.logging.progress_bar][WARNING] - tensorboard not found, please install with: pip install tensorboard
[2026-08-29 23:46:17,365][fairseq.trainer][INFO] - begin training epoch 43
[2026-08-29 23:46:17,366][fairseq_cli.train][INFO] - Start iterating over samples
[2026-08-29 23:46:28,740][fairseq_cli.train][INFO] - begin validation on "valid" subset
[2026-08-29 23:46:29,351][fairseq.logging.progress_bar][WARNING] - tensorboard not found, please install with: pip install tensorboard
[2026-08-29 23:46:31,376][valid][INFO] - {"epoch": 43, "valid_loss": "105.001", "valid_nll_loss": "6.061", "valid_total": "291.154", "valid_n_correct": "63.6154", "valid_ppl": "66.76", "valid_accuracy": "21.849", "valid_wps": "3708.5", "valid_wpb": "291.2", "valid_bsz": "18.1", "valid_num_updates": "1032", "valid_best_accuracy": "21.849"}
[2026-08-29 23:46:31,379][fairseq.checkpoint_utils][INFO] - Preparing to save checkpoint for epoch 43 @ 1032 updates
[2026-08-29 23:46:31,381][fairseq.trainer][INFO] - Saving checkpoint to checkpoints/checkpoint_best.pt
[2026-08-29 23:46:33,773][fairseq.trainer][INFO] - Finished saving checkpoint to checkpoints/checkpoint_best.pt
[2026-08-29 23:46:36,227][fairseq.checkpoint_utils][INFO] - Saved checkpoint checkpoints/checkpoint_best.pt (epoch 43 @ 1032 updates, score 21.849) (writing took 4.848121813498437 seconds)
[2026-08-29 23:46:36,231][fairseq_cli.train][INFO] - end of epoch 43 (average epoch stats below)
[2026-08-29 23:46:36,234][train][INFO] - {"epoch": 43, "train_loss": "99.856", "train_nll_loss": "5.723", "train_total": "1209.17", "train_n_correct": "277.333", "train_ppl": "52.82", "train_accuracy": "22.936", "train_wps": "1506.2", "train_ups": "1.25", "train_wpb": "1209.2", "train_bsz": "75", "train_num_updates": "1032", "train_lr": "0.00186878", "train_gnorm": "3.329", "train_loss_scale": "128", "train_train_wall": "10", "train_gb_free": "42.9", "train_wall": "847"}
[2026-08-29 23:46:36,521][fairseq.logging.progress_bar][WARNING] - tensorboard not found, please install with: pip install tensorboard
[2026-08-29 23:46:36,525][fairseq.trainer][INFO] - begin training epoch 44
[2026-08-29 23:46:36,529][fairseq_cli.train][INFO] - Start iterating over samples
[2026-08-29 23:46:47,794][fairseq_cli.train][INFO] - begin validation on "valid" subset
[2026-08-29 23:46:48,426][fairseq.logging.progress_bar][WARNING] - tensorboard not found, please install with: pip install tensorboard
[2026-08-29 23:46:50,470][valid][INFO] - {"epoch": 44, "valid_loss": "104.864", "valid_nll_loss": "6.052", "valid_total": "291.154", "valid_n_correct": "64.3077", "valid_ppl": "66.33", "valid_accuracy": "22.087", "valid_wps": "4441.1", "valid_wpb": "291.2", "valid_bsz": "18.1", "valid_num_updates": "1056", "valid_best_accuracy": "22.087"}
[2026-08-29 23:46:50,475][fairseq.checkpoint_utils][INFO] - Preparing to save checkpoint for epoch 44 @ 1056 updates
[2026-08-29 23:46:50,476][fairseq.trainer][INFO] - Saving checkpoint to checkpoints/checkpoint_best.pt
[2026-08-29 23:46:53,092][fairseq.trainer][INFO] - Finished saving checkpoint to checkpoints/checkpoint_best.pt
[2026-08-29 23:46:55,609][fairseq.checkpoint_utils][INFO] - Saved checkpoint checkpoints/checkpoint_best.pt (epoch 44 @ 1056 updates, score 22.087) (writing took 5.133998956531286 seconds)
[2026-08-29 23:46:55,611][fairseq_cli.train][INFO] - end of epoch 44 (average epoch stats below)
[2026-08-29 23:46:55,614][train][INFO] - {"epoch": 44, "train_loss": "99.616", "train_nll_loss": "5.704", "train_total": "1209.17", "train_n_correct": "279.708", "train_ppl": "52.14", "train_accuracy": "23.132", "train_wps": "1497.5", "train_ups": "1.24", "train_wpb": "1209.2", "train_bsz": "75", "train_num_updates": "1056", "train_lr": "0.00183549", "train_gnorm": "3.343", "train_loss_scale": "128", "train_train_wall": "10", "train_gb_free": "42.8", "train_wall": "867"}
[2026-08-29 23:46:55,910][fairseq.logging.progress_bar][WARNING] - tensorboard not found, please install with: pip install tensorboard
[2026-08-29 23:46:55,921][fairseq.trainer][INFO] - begin training epoch 45
[2026-08-29 23:46:55,922][fairseq_cli.train][INFO] - Start iterating over samples
[2026-08-29 23:47:07,062][fairseq_cli.train][INFO] - begin validation on "valid" subset
[2026-08-29 23:47:07,728][fairseq.logging.progress_bar][WARNING] - tensorboard not found, please install with: pip install tensorboard
[2026-08-29 23:47:09,764][valid][INFO] - {"epoch": 45, "valid_loss": "104.883", "valid_nll_loss": "6.047", "valid_total": "291.154", "valid_n_correct": "64.5385", "valid_ppl": "66.11", "valid_accuracy": "22.166", "valid_wps": "3809.4", "valid_wpb": "291.2", "valid_bsz": "18.1", "valid_num_updates": "1080", "valid_best_accuracy": "22.166"}
[2026-08-29 23:47:09,768][fairseq.checkpoint_utils][INFO] - Preparing to save checkpoint for epoch 45 @ 1080 updates
[2026-08-29 23:47:09,769][fairseq.trainer][INFO] - Saving checkpoint to checkpoints/checkpoint_best.pt
[2026-08-29 23:47:12,442][fairseq.trainer][INFO] - Finished saving checkpoint to checkpoints/checkpoint_best.pt
[2026-08-29 23:47:15,327][fairseq.checkpoint_utils][INFO] - Saved checkpoint checkpoints/checkpoint_best.pt (epoch 45 @ 1080 updates, score 22.166) (writing took 5.5592205142602324 seconds)
[2026-08-29 23:47:15,329][fairseq_cli.train][INFO] - end of epoch 45 (average epoch stats below)
[2026-08-29 23:47:15,332][train][INFO] - {"epoch": 45, "train_loss": "99.272", "train_nll_loss": "5.68", "train_total": "1209.17", "train_n_correct": "283.208", "train_ppl": "51.27", "train_accuracy": "23.422", "train_wps": "1471.9", "train_ups": "1.22", "train_wpb": "1209.2", "train_bsz": "75", "train_num_updates": "1080", "train_lr": "0.00180279", "train_gnorm": "3.706", "train_loss_scale": "128", "train_train_wall": "10", "train_gb_free": "42.8", "train_wall": "886"}
[2026-08-29 23:47:15,726][fairseq.logging.progress_bar][WARNING] - tensorboard not found, please install with: pip install tensorboard
[2026-08-29 23:47:15,729][fairseq.trainer][INFO] - begin training epoch 46
[2026-08-29 23:47:15,731][fairseq_cli.train][INFO] - Start iterating over samples
[2026-08-29 23:47:25,538][train_inner][INFO] - {"epoch": 46, "update": 45.833, "loss": "99.383", "nll_loss": "5.689", "total": "1198.87", "n_correct": "280.23", "ppl": "51.59", "accuracy": "23.375", "wps": "1515.6", "ups": "1.26", "wpb": "1198.9", "bsz": "74.4", "num_updates": "1100", "lr": "0.00177599", "gnorm": "3.439", "loss_scale": "128", "train_wall": "42", "gb_free": "43", "wall": "897"}
[2026-08-29 23:47:27,156][fairseq_cli.train][INFO] - begin validation on "valid" subset
[2026-08-29 23:47:27,771][fairseq.logging.progress_bar][WARNING] - tensorboard not found, please install with: pip install tensorboard
[2026-08-29 23:47:29,660][valid][INFO] - {"epoch": 46, "valid_loss": "104.509", "valid_nll_loss": "6.025", "valid_total": "291.154", "valid_n_correct": "65.2308", "valid_ppl": "65.14", "valid_accuracy": "22.404", "valid_wps": "4419.2", "valid_wpb": "291.2", "valid_bsz": "18.1", "valid_num_updates": "1104", "valid_best_accuracy": "22.404"}
[2026-08-29 23:47:29,663][fairseq.checkpoint_utils][INFO] - Preparing to save checkpoint for epoch 46 @ 1104 updates
[2026-08-29 23:47:29,665][fairseq.trainer][INFO] - Saving checkpoint to checkpoints/checkpoint_best.pt
[2026-08-29 23:47:32,156][fairseq.trainer][INFO] - Finished saving checkpoint to checkpoints/checkpoint_best.pt
[2026-08-29 23:47:37,211][fairseq.checkpoint_utils][INFO] - Saved checkpoint checkpoints/checkpoint_best.pt (epoch 46 @ 1104 updates, score 22.404) (writing took 7.547987511381507 seconds)
[2026-08-29 23:47:37,214][fairseq_cli.train][INFO] - end of epoch 46 (average epoch stats below)
[2026-08-29 23:47:37,218][train][INFO] - {"epoch": 46, "train_loss": "98.977", "train_nll_loss": "5.659", "train_total": "1209.17", "train_n_correct": "288.958", "train_ppl": "50.54", "train_accuracy": "23.897", "train_wps": "1326.1", "train_ups": "1.1", "train_wpb": "1209.2", "train_bsz": "75", "train_num_updates": "1104", "train_lr": "0.00177068", "train_gnorm": "3.365", "train_loss_scale": "128", "train_train_wall": "10", "train_gb_free": "42.9", "train_wall": "908"}
[2026-08-29 23:47:37,910][fairseq.logging.progress_bar][WARNING] - tensorboard not found, please install with: pip install tensorboard
[2026-08-29 23:47:37,924][fairseq.trainer][INFO] - begin training epoch 47
[2026-08-29 23:47:37,926][fairseq_cli.train][INFO] - Start iterating over samples
[2026-08-29 23:47:49,421][fairseq_cli.train][INFO] - begin validation on "valid" subset
[2026-08-29 23:47:50,023][fairseq.logging.progress_bar][WARNING] - tensorboard not found, please install with: pip install tensorboard
[2026-08-29 23:47:51,939][valid][INFO] - {"epoch": 47, "valid_loss": "104.713", "valid_nll_loss": "6.037", "valid_total": "291.154", "valid_n_correct": "65.6154", "valid_ppl": "65.68", "valid_accuracy": "22.536", "valid_wps": "3731.3", "valid_wpb": "291.2", "valid_bsz": "18.1", "valid_num_updates": "1128", "valid_best_accuracy": "22.536"}
[2026-08-29 23:47:51,942][fairseq.checkpoint_utils][INFO] - Preparing to save checkpoint for epoch 47 @ 1128 updates
[2026-08-29 23:47:51,944][fairseq.trainer][INFO] - Saving checkpoint to checkpoints/checkpoint_best.pt
[2026-08-29 23:47:54,343][fairseq.trainer][INFO] - Finished saving checkpoint to checkpoints/checkpoint_best.pt
[2026-08-29 23:47:57,337][fairseq.checkpoint_utils][INFO] - Saved checkpoint checkpoints/checkpoint_best.pt (epoch 47 @ 1128 updates, score 22.536) (writing took 5.394330680370331 seconds)
[2026-08-29 23:47:57,339][fairseq_cli.train][INFO] - end of epoch 47 (average epoch stats below)
[2026-08-29 23:47:57,341][train][INFO] - {"epoch": 47, "train_loss": "98.716", "train_nll_loss": "5.64", "train_total": "1209.17", "train_n_correct": "290.042", "train_ppl": "49.87", "train_accuracy": "23.987", "train_wps": "1442.3", "train_ups": "1.19", "train_wpb": "1209.2", "train_bsz": "75", "train_num_updates": "1128", "train_lr": "0.00173914", "train_gnorm": "3.385", "train_loss_scale": "128", "train_train_wall": "10", "train_gb_free": "42.9", "train_wall": "928"}
[2026-08-29 23:47:58,223][fairseq.logging.progress_bar][WARNING] - tensorboard not found, please install with: pip install tensorboard
[2026-08-29 23:47:58,226][fairseq.trainer][INFO] - begin training epoch 48
[2026-08-29 23:47:58,227][fairseq_cli.train][INFO] - Start iterating over samples
[2026-08-29 23:48:09,830][fairseq_cli.train][INFO] - begin validation on "valid" subset
[2026-08-29 23:48:10,422][fairseq.logging.progress_bar][WARNING] - tensorboard not found, please install with: pip install tensorboard
[2026-08-29 23:48:12,303][valid][INFO] - {"epoch": 48, "valid_loss": "104.947", "valid_nll_loss": "6.051", "valid_total": "291.154", "valid_n_correct": "65.2308", "valid_ppl": "66.29", "valid_accuracy": "22.404", "valid_wps": "3801.3", "valid_wpb": "291.2", "valid_bsz": "18.1", "valid_num_updates": "1152", "valid_best_accuracy": "22.536"}
[2026-08-29 23:48:12,312][fairseq.checkpoint_utils][INFO] - Preparing to save checkpoint for epoch 48 @ 1152 updates
[2026-08-29 23:48:12,314][fairseq.trainer][INFO] - Saving checkpoint to checkpoints/checkpoint_last.pt
[2026-08-29 23:48:14,720][fairseq.trainer][INFO] - Finished saving checkpoint to checkpoints/checkpoint_last.pt
[2026-08-29 23:48:14,727][fairseq.checkpoint_utils][INFO] - Saved checkpoint checkpoints/checkpoint_last.pt (epoch 48 @ 1152 updates, score 22.404) (writing took 2.4150306889787316 seconds)
[2026-08-29 23:48:14,728][fairseq_cli.train][INFO] - end of epoch 48 (average epoch stats below)
[2026-08-29 23:48:14,730][train][INFO] - {"epoch": 48, "train_loss": "98.581", "train_nll_loss": "5.631", "train_total": "1209.17", "train_n_correct": "290.708", "train_ppl": "49.56", "train_accuracy": "24.042", "train_wps": "1669", "train_ups": "1.38", "train_wpb": "1209.2", "train_bsz": "75", "train_num_updates": "1152", "train_lr": "0.00170816", "train_gnorm": "3.703", "train_loss_scale": "128", "train_train_wall": "10", "train_gb_free": "43", "train_wall": "946"}
[2026-08-29 23:48:15,374][fairseq.logging.progress_bar][WARNING] - tensorboard not found, please install with: pip install tensorboard
[2026-08-29 23:48:15,378][fairseq.trainer][INFO] - begin training epoch 49
[2026-08-29 23:48:15,379][fairseq_cli.train][INFO] - Start iterating over samples
[2026-08-29 23:48:27,123][fairseq_cli.train][INFO] - begin validation on "valid" subset
[2026-08-29 23:48:27,724][fairseq.logging.progress_bar][WARNING] - tensorboard not found, please install with: pip install tensorboard
[2026-08-29 23:48:29,893][valid][INFO] - {"epoch": 49, "valid_loss": "104.456", "valid_nll_loss": "6.016", "valid_total": "291.154", "valid_n_correct": "66.4615", "valid_ppl": "64.73", "valid_accuracy": "22.827", "valid_wps": "3088.1", "valid_wpb": "291.2", "valid_bsz": "18.1", "valid_num_updates": "1176", "valid_best_accuracy": "22.827"}
[2026-08-29 23:48:29,926][fairseq.checkpoint_utils][INFO] - Preparing to save checkpoint for epoch 49 @ 1176 updates
[2026-08-29 23:48:29,928][fairseq.trainer][INFO] - Saving checkpoint to checkpoints/checkpoint_best.pt
[2026-08-29 23:48:32,310][fairseq.trainer][INFO] - Finished saving checkpoint to checkpoints/checkpoint_best.pt
[2026-08-29 23:48:36,211][fairseq.checkpoint_utils][INFO] - Saved checkpoint checkpoints/checkpoint_best.pt (epoch 49 @ 1176 updates, score 22.827) (writing took 6.285048916935921 seconds)
[2026-08-29 23:48:36,214][fairseq_cli.train][INFO] - end of epoch 49 (average epoch stats below)
[2026-08-29 23:48:36,217][train][INFO] - {"epoch": 49, "train_loss": "98.076", "train_nll_loss": "5.594", "train_total": "1209.17", "train_n_correct": "297.583", "train_ppl": "48.3", "train_accuracy": "24.611", "train_wps": "1350.6", "train_ups": "1.12", "train_wpb": "1209.2", "train_bsz": "75", "train_num_updates": "1176", "train_lr": "0.00167773", "train_gnorm": "3.517", "train_loss_scale": "128", "train_train_wall": "10", "train_gb_free": "43", "train_wall": "967"}
[2026-08-29 23:48:36,868][fairseq.logging.progress_bar][WARNING] - tensorboard not found, please install with: pip install tensorboard
[2026-08-29 23:48:36,873][fairseq.trainer][INFO] - begin training epoch 50
[2026-08-29 23:48:36,923][fairseq_cli.train][INFO] - Start iterating over samples
[2026-08-29 23:48:48,380][train_inner][INFO] - {"epoch": 50, "update": 50.0, "loss": "98.575", "nll_loss": "5.622", "total": "1213.79", "n_correct": "294.12", "ppl": "49.26", "accuracy": "24.232", "wps": "1465.2", "ups": "1.21", "wpb": "1213.8", "bsz": "75.2", "num_updates": "1200", "lr": "0.00164784", "gnorm": "3.512", "loss_scale": "128", "train_wall": "43", "gb_free": "42.7", "wall": "979"}
[2026-08-29 23:48:48,383][fairseq_cli.train][INFO] - begin validation on "valid" subset
[2026-08-29 23:48:48,953][fairseq.logging.progress_bar][WARNING] - tensorboard not found, please install with: pip install tensorboard
[2026-08-29 23:48:51,156][valid][INFO] - {"epoch": 50, "valid_loss": "104.674", "valid_nll_loss": "6.03", "valid_total": "291.154", "valid_n_correct": "66.2308", "valid_ppl": "65.36", "valid_accuracy": "22.748", "valid_wps": "3077.5", "valid_wpb": "291.2", "valid_bsz": "18.1", "valid_num_updates": "1200", "valid_best_accuracy": "22.827"}
[2026-08-29 23:48:51,161][fairseq.checkpoint_utils][INFO] - Preparing to save checkpoint for epoch 50 @ 1200 updates
[2026-08-29 23:48:51,163][fairseq.trainer][INFO] - Saving checkpoint to checkpoints/checkpoint_last.pt
[2026-08-29 23:48:53,583][fairseq.trainer][INFO] - Finished saving checkpoint to checkpoints/checkpoint_last.pt
[2026-08-29 23:48:53,588][fairseq.checkpoint_utils][INFO] - Saved checkpoint checkpoints/checkpoint_last.pt (epoch 50 @ 1200 updates, score 22.748) (writing took 2.427422591485083 seconds)
[2026-08-29 23:48:53,590][fairseq_cli.train][INFO] - end of epoch 50 (average epoch stats below)
[2026-08-29 23:48:53,591][train][INFO] - {"epoch": 50, "train_loss": "97.542", "train_nll_loss": "5.558", "train_total": "1209.17", "train_n_correct": "301.833", "train_ppl": "47.1", "train_accuracy": "24.962", "train_wps": "1670.7", "train_ups": "1.38", "train_wpb": "1209.2", "train_bsz": "75", "train_num_updates": "1200", "train_lr": "0.00164784", "train_gnorm": "3.439", "train_loss_scale": "128", "train_train_wall": "10", "train_gb_free": "42.7", "train_wall": "985"}
[2026-08-29 23:48:54,729][fairseq.logging.progress_bar][WARNING] - tensorboard not found, please install with: pip install tensorboard
[2026-08-29 23:48:54,732][fairseq.trainer][INFO] - begin training epoch 51
[2026-08-29 23:48:54,733][fairseq_cli.train][INFO] - Start iterating over samples
[2026-08-29 23:49:06,260][fairseq_cli.train][INFO] - begin validation on "valid" subset
[2026-08-29 23:49:07,432][fairseq.logging.progress_bar][WARNING] - tensorboard not found, please install with: pip install tensorboard
[2026-08-29 23:49:09,817][valid][INFO] - {"epoch": 51, "valid_loss": "104.401", "valid_nll_loss": "6.013", "valid_total": "291.154", "valid_n_correct": "66.4615", "valid_ppl": "64.59", "valid_accuracy": "22.827", "valid_wps": "2773.4", "valid_wpb": "291.2", "valid_bsz": "18.1", "valid_num_updates": "1224", "valid_best_accuracy": "22.827"}
[2026-08-29 23:49:09,821][fairseq.checkpoint_utils][INFO] - Preparing to save checkpoint for epoch 51 @ 1224 updates
[2026-08-29 23:49:09,823][fairseq.trainer][INFO] - Saving checkpoint to checkpoints/checkpoint_best.pt
[2026-08-29 23:49:12,405][fairseq.trainer][INFO] - Finished saving checkpoint to checkpoints/checkpoint_best.pt
[2026-08-29 23:49:17,810][fairseq.checkpoint_utils][INFO] - Saved checkpoint checkpoints/checkpoint_best.pt (epoch 51 @ 1224 updates, score 22.827) (writing took 7.989120624959469 seconds)
[2026-08-29 23:49:17,813][fairseq_cli.train][INFO] - end of epoch 51 (average epoch stats below)
[2026-08-29 23:49:17,825][train][INFO] - {"epoch": 51, "train_loss": "97.519", "train_nll_loss": "5.555", "train_total": "1209.17", "train_n_correct": "303.708", "train_ppl": "47.02", "train_accuracy": "25.117", "train_wps": "1197.6", "train_ups": "0.99", "train_wpb": "1209.2", "train_bsz": "75", "train_num_updates": "1224", "train_lr": "0.00161849", "train_gnorm": "3.326", "train_loss_scale": "128", "train_train_wall": "10", "train_gb_free": "42.7", "train_wall": "1009"}
[2026-08-29 23:49:18,462][fairseq.logging.progress_bar][WARNING] - tensorboard not found, please install with: pip install tensorboard
[2026-08-29 23:49:18,467][fairseq.trainer][INFO] - begin training epoch 52
[2026-08-29 23:49:18,469][fairseq_cli.train][INFO] - Start iterating over samples
[2026-08-29 23:49:29,877][fairseq_cli.train][INFO] - begin validation on "valid" subset
[2026-08-29 23:49:30,441][fairseq.logging.progress_bar][WARNING] - tensorboard not found, please install with: pip install tensorboard
[2026-08-29 23:49:32,717][valid][INFO] - {"epoch": 52, "valid_loss": "105.233", "valid_nll_loss": "6.063", "valid_total": "291.154", "valid_n_correct": "67.6154", "valid_ppl": "66.84", "valid_accuracy": "23.223", "valid_wps": "3135.9", "valid_wpb": "291.2", "valid_bsz": "18.1", "valid_num_updates": "1248", "valid_best_accuracy": "23.223"}
[2026-08-29 23:49:32,722][fairseq.checkpoint_utils][INFO] - Preparing to save checkpoint for epoch 52 @ 1248 updates
[2026-08-29 23:49:32,726][fairseq.trainer][INFO] - Saving checkpoint to checkpoints/checkpoint_best.pt
[2026-08-29 23:49:35,142][fairseq.trainer][INFO] - Finished saving checkpoint to checkpoints/checkpoint_best.pt
[2026-08-29 23:49:38,209][fairseq.checkpoint_utils][INFO] - Saved checkpoint checkpoints/checkpoint_best.pt (epoch 52 @ 1248 updates, score 23.223) (writing took 5.4869343573227525 seconds)
[2026-08-29 23:49:38,211][fairseq_cli.train][INFO] - end of epoch 52 (average epoch stats below)
[2026-08-29 23:49:38,214][train][INFO] - {"epoch": 52, "train_loss": "97.108", "train_nll_loss": "5.526", "train_total": "1209.17", "train_n_correct": "307.75", "train_ppl": "46.08", "train_accuracy": "25.451", "train_wps": "1423.5", "train_ups": "1.18", "train_wpb": "1209.2", "train_bsz": "75", "train_num_updates": "1248", "train_lr": "0.00158966", "train_gnorm": "3.375", "train_loss_scale": "128", "train_train_wall": "10", "train_gb_free": "42.8", "train_wall": "1029"}
[2026-08-29 23:49:38,546][fairseq.logging.progress_bar][WARNING] - tensorboard not found, please install with: pip install tensorboard
[2026-08-29 23:49:38,549][fairseq.trainer][INFO] - begin training epoch 53
[2026-08-29 23:49:38,550][fairseq_cli.train][INFO] - Start iterating over samples
[2026-08-29 23:49:50,356][fairseq_cli.train][INFO] - begin validation on "valid" subset
[2026-08-29 23:49:50,979][fairseq.logging.progress_bar][WARNING] - tensorboard not found, please install with: pip install tensorboard
[2026-08-29 23:49:53,042][valid][INFO] - {"epoch": 53, "valid_loss": "104.312", "valid_nll_loss": "6.006", "valid_total": "291.154", "valid_n_correct": "67.5385", "valid_ppl": "64.28", "valid_accuracy": "23.197", "valid_wps": "3272.5", "valid_wpb": "291.2", "valid_bsz": "18.1", "valid_num_updates": "1272", "valid_best_accuracy": "23.223"}
[2026-08-29 23:49:53,046][fairseq.checkpoint_utils][INFO] - Preparing to save checkpoint for epoch 53 @ 1272 updates
[2026-08-29 23:49:53,048][fairseq.trainer][INFO] - Saving checkpoint to checkpoints/checkpoint_last.pt
[2026-08-29 23:49:55,633][fairseq.trainer][INFO] - Finished saving checkpoint to checkpoints/checkpoint_last.pt
[2026-08-29 23:49:55,639][fairseq.checkpoint_utils][INFO] - Saved checkpoint checkpoints/checkpoint_last.pt (epoch 53 @ 1272 updates, score 23.197) (writing took 2.592933493666351 seconds)
[2026-08-29 23:49:55,641][fairseq_cli.train][INFO] - end of epoch 53 (average epoch stats below)
[2026-08-29 23:49:55,642][train][INFO] - {"epoch": 53, "train_loss": "97.044", "train_nll_loss": "5.522", "train_total": "1209.17", "train_n_correct": "310.167", "train_ppl": "45.94", "train_accuracy": "25.651", "train_wps": "1665.2", "train_ups": "1.38", "train_wpb": "1209.2", "train_bsz": "75", "train_num_updates": "1272", "train_lr": "0.00156134", "train_gnorm": "3.535", "train_loss_scale": "128", "train_train_wall": "10", "train_gb_free": "42.9", "train_wall": "1047"}
[2026-08-29 23:49:56,276][fairseq.logging.progress_bar][WARNING] - tensorboard not found, please install with: pip install tensorboard
[2026-08-29 23:49:56,280][fairseq.trainer][INFO] - begin training epoch 54
[2026-08-29 23:49:56,281][fairseq_cli.train][INFO] - Start iterating over samples
[2026-08-29 23:50:07,918][fairseq_cli.train][INFO] - begin validation on "valid" subset
[2026-08-29 23:50:08,537][fairseq.logging.progress_bar][WARNING] - tensorboard not found, please install with: pip install tensorboard
[2026-08-29 23:50:10,649][valid][INFO] - {"epoch": 54, "valid_loss": "105.003", "valid_nll_loss": "6.048", "valid_total": "291.154", "valid_n_correct": "68.0769", "valid_ppl": "66.17", "valid_accuracy": "23.382", "valid_wps": "3419.8", "valid_wpb": "291.2", "valid_bsz": "18.1", "valid_num_updates": "1296", "valid_best_accuracy": "23.382"}
[2026-08-29 23:50:10,655][fairseq.checkpoint_utils][INFO] - Preparing to save checkpoint for epoch 54 @ 1296 updates
[2026-08-29 23:50:10,657][fairseq.trainer][INFO] - Saving checkpoint to checkpoints/checkpoint_best.pt
[2026-08-29 23:50:13,125][fairseq.trainer][INFO] - Finished saving checkpoint to checkpoints/checkpoint_best.pt
[2026-08-29 23:50:17,857][fairseq.checkpoint_utils][INFO] - Saved checkpoint checkpoints/checkpoint_best.pt (epoch 54 @ 1296 updates, score 23.382) (writing took 7.201979644596577 seconds)
[2026-08-29 23:50:17,859][fairseq_cli.train][INFO] - end of epoch 54 (average epoch stats below)
[2026-08-29 23:50:17,863][train][INFO] - {"epoch": 54, "train_loss": "96.632", "train_nll_loss": "5.492", "train_total": "1209.17", "train_n_correct": "315.708", "train_ppl": "45.01", "train_accuracy": "26.11", "train_wps": "1306.1", "train_ups": "1.08", "train_wpb": "1209.2", "train_bsz": "75", "train_num_updates": "1296", "train_lr": "0.00153352", "train_gnorm": "3.328", "train_loss_scale": "128", "train_train_wall": "10", "train_gb_free": "42.7", "train_wall": "1069"}
[2026-08-29 23:50:18,481][fairseq.logging.progress_bar][WARNING] - tensorboard not found, please install with: pip install tensorboard
[2026-08-29 23:50:18,486][fairseq.trainer][INFO] - begin training epoch 55
[2026-08-29 23:50:18,488][fairseq_cli.train][INFO] - Start iterating over samples
[2026-08-29 23:50:21,494][train_inner][INFO] - {"epoch": 55, "update": 54.167, "loss": "97.079", "nll_loss": "5.522", "total": "1206.04", "n_correct": "308.89", "ppl": "45.97", "accuracy": "25.612", "wps": "1295.3", "ups": "1.07", "wpb": "1206", "bsz": "74.8", "num_updates": "1300", "lr": "0.00152894", "gnorm": "3.391", "loss_scale": "128", "train_wall": "42", "gb_free": "42.7", "wall": "1073"}
[2026-08-29 23:50:29,645][fairseq_cli.train][INFO] - begin validation on "valid" subset
[2026-08-29 23:50:30,284][fairseq.logging.progress_bar][WARNING] - tensorboard not found, please install with: pip install tensorboard
[2026-08-29 23:50:32,534][valid][INFO] - {"epoch": 55, "valid_loss": "105.1", "valid_nll_loss": "6.053", "valid_total": "291.154", "valid_n_correct": "68.0769", "valid_ppl": "66.42", "valid_accuracy": "23.382", "valid_wps": "3037.3", "valid_wpb": "291.2", "valid_bsz": "18.1", "valid_num_updates": "1320", "valid_best_accuracy": "23.382"}
[2026-08-29 23:50:32,538][fairseq.checkpoint_utils][INFO] - Preparing to save checkpoint for epoch 55 @ 1320 updates
[2026-08-29 23:50:32,539][fairseq.trainer][INFO] - Saving checkpoint to checkpoints/checkpoint_best.pt
[2026-08-29 23:50:34,760][fairseq.trainer][INFO] - Finished saving checkpoint to checkpoints/checkpoint_best.pt
[2026-08-29 23:50:37,663][fairseq.checkpoint_utils][INFO] - Saved checkpoint checkpoints/checkpoint_best.pt (epoch 55 @ 1320 updates, score 23.382) (writing took 5.124778086319566 seconds)
[2026-08-29 23:50:37,666][fairseq_cli.train][INFO] - end of epoch 55 (average epoch stats below)
[2026-08-29 23:50:37,670][train][INFO] - {"epoch": 55, "train_loss": "96.491", "train_nll_loss": "5.482", "train_total": "1209.17", "train_n_correct": "315.25", "train_ppl": "44.7", "train_accuracy": "26.072", "train_wps": "1465.3", "train_ups": "1.21", "train_wpb": "1209.2", "train_bsz": "75", "train_num_updates": "1320", "train_lr": "0.00150621", "train_gnorm": "3.502", "train_loss_scale": "128", "train_train_wall": "10", "train_gb_free": "42.7", "train_wall": "1089"}
[2026-08-29 23:50:38,422][fairseq.logging.progress_bar][WARNING] - tensorboard not found, please install with: pip install tensorboard
[2026-08-29 23:50:38,427][fairseq.trainer][INFO] - begin training epoch 56
[2026-08-29 23:50:38,428][fairseq_cli.train][INFO] - Start iterating over samples
[2026-08-29 23:50:50,061][fairseq_cli.train][INFO] - begin validation on "valid" subset
[2026-08-29 23:50:50,646][fairseq.logging.progress_bar][WARNING] - tensorboard not found, please install with: pip install tensorboard
[2026-08-29 23:50:52,886][valid][INFO] - {"epoch": 56, "valid_loss": "104.845", "valid_nll_loss": "6.034", "valid_total": "291.154", "valid_n_correct": "69.6923", "valid_ppl": "65.52", "valid_accuracy": "23.937", "valid_wps": "3146.7", "valid_wpb": "291.2", "valid_bsz": "18.1", "valid_num_updates": "1344", "valid_best_accuracy": "23.937"}
[2026-08-29 23:50:52,891][fairseq.checkpoint_utils][INFO] - Preparing to save checkpoint for epoch 56 @ 1344 updates
[2026-08-29 23:50:52,893][fairseq.trainer][INFO] - Saving checkpoint to checkpoints/checkpoint_best.pt
[2026-08-29 23:50:55,379][fairseq.trainer][INFO] - Finished saving checkpoint to checkpoints/checkpoint_best.pt
[2026-08-29 23:51:00,236][fairseq.checkpoint_utils][INFO] - Saved checkpoint checkpoints/checkpoint_best.pt (epoch 56 @ 1344 updates, score 23.937) (writing took 7.344441904686391 seconds)
[2026-08-29 23:51:00,245][fairseq_cli.train][INFO] - end of epoch 56 (average epoch stats below)
[2026-08-29 23:51:00,248][train][INFO] - {"epoch": 56, "train_loss": "96.17", "train_nll_loss": "5.459", "train_total": "1209.17", "train_n_correct": "319.5", "train_ppl": "44", "train_accuracy": "26.423", "train_wps": "1285.4", "train_ups": "1.06", "train_wpb": "1209.2", "train_bsz": "75", "train_num_updates": "1344", "train_lr": "0.00147937", "train_gnorm": "3.576", "train_loss_scale": "128", "train_train_wall": "10", "train_gb_free": "42.9", "train_wall": "1111"}
[2026-08-29 23:51:00,872][fairseq.logging.progress_bar][WARNING] - tensorboard not found, please install with: pip install tensorboard
[2026-08-29 23:51:00,924][fairseq.trainer][INFO] - begin training epoch 57
[2026-08-29 23:51:00,926][fairseq_cli.train][INFO] - Start iterating over samples
[2026-08-29 23:51:12,476][fairseq_cli.train][INFO] - begin validation on "valid" subset
[2026-08-29 23:51:13,029][fairseq.logging.progress_bar][WARNING] - tensorboard not found, please install with: pip install tensorboard
[2026-08-29 23:51:15,220][valid][INFO] - {"epoch": 57, "valid_loss": "104.721", "valid_nll_loss": "6.027", "valid_total": "291.154", "valid_n_correct": "68.8462", "valid_ppl": "65.22", "valid_accuracy": "23.646", "valid_wps": "3957.6", "valid_wpb": "291.2", "valid_bsz": "18.1", "valid_num_updates": "1368", "valid_best_accuracy": "23.937"}
[2026-08-29 23:51:15,223][fairseq.checkpoint_utils][INFO] - Preparing to save checkpoint for epoch 57 @ 1368 updates
[2026-08-29 23:51:15,224][fairseq.trainer][INFO] - Saving checkpoint to checkpoints/checkpoint_last.pt
[2026-08-29 23:51:17,823][fairseq.trainer][INFO] - Finished saving checkpoint to checkpoints/checkpoint_last.pt
[2026-08-29 23:51:17,824][fairseq.checkpoint_utils][INFO] - Saved checkpoint checkpoints/checkpoint_last.pt (epoch 57 @ 1368 updates, score 23.646) (writing took 2.6010306030511856 seconds)
[2026-08-29 23:51:17,825][fairseq_cli.train][INFO] - end of epoch 57 (average epoch stats below)
[2026-08-29 23:51:17,827][train][INFO] - {"epoch": 57, "train_loss": "95.88", "train_nll_loss": "5.438", "train_total": "1209.17", "train_n_correct": "322.25", "train_ppl": "43.36", "train_accuracy": "26.651", "train_wps": "1651.3", "train_ups": "1.37", "train_wpb": "1209.2", "train_bsz": "75", "train_num_updates": "1368", "train_lr": "0.00145302", "train_gnorm": "3.498", "train_loss_scale": "128", "train_train_wall": "10", "train_gb_free": "42.7", "train_wall": "1129"}
[2026-08-29 23:51:18,423][fairseq.logging.progress_bar][WARNING] - tensorboard not found, please install with: pip install tensorboard
[2026-08-29 23:51:18,427][fairseq.trainer][INFO] - begin training epoch 58
[2026-08-29 23:51:18,432][fairseq_cli.train][INFO] - Start iterating over samples
[2026-08-29 23:51:29,791][fairseq_cli.train][INFO] - begin validation on "valid" subset
[2026-08-29 23:51:30,385][fairseq.logging.progress_bar][WARNING] - tensorboard not found, please install with: pip install tensorboard
[2026-08-29 23:51:32,761][valid][INFO] - {"epoch": 58, "valid_loss": "104.494", "valid_nll_loss": "6.011", "valid_total": "291.154", "valid_n_correct": "70.1538", "valid_ppl": "64.48", "valid_accuracy": "24.095", "valid_wps": "3313.2", "valid_wpb": "291.2", "valid_bsz": "18.1", "valid_num_updates": "1392", "valid_best_accuracy": "24.095"}
[2026-08-29 23:51:32,764][fairseq.checkpoint_utils][INFO] - Preparing to save checkpoint for epoch 58 @ 1392 updates
[2026-08-29 23:51:32,767][fairseq.trainer][INFO] - Saving checkpoint to checkpoints/checkpoint_best.pt
[2026-08-29 23:51:35,340][fairseq.trainer][INFO] - Finished saving checkpoint to checkpoints/checkpoint_best.pt
[2026-08-29 23:51:41,464][fairseq.checkpoint_utils][INFO] - Saved checkpoint checkpoints/checkpoint_best.pt (epoch 58 @ 1392 updates, score 24.095) (writing took 8.700100058689713 seconds)
[2026-08-29 23:51:41,467][fairseq_cli.train][INFO] - end of epoch 58 (average epoch stats below)
[2026-08-29 23:51:41,470][train][INFO] - {"epoch": 58, "train_loss": "95.804", "train_nll_loss": "5.434", "train_total": "1209.17", "train_n_correct": "321.958", "train_ppl": "43.22", "train_accuracy": "26.626", "train_wps": "1227.5", "train_ups": "1.02", "train_wpb": "1209.2", "train_bsz": "75", "train_num_updates": "1392", "train_lr": "0.00142714", "train_gnorm": "3.662", "train_loss_scale": "128", "train_train_wall": "10", "train_gb_free": "42.7", "train_wall": "1153"}
[2026-08-29 23:51:42,078][fairseq.logging.progress_bar][WARNING] - tensorboard not found, please install with: pip install tensorboard
[2026-08-29 23:51:42,082][fairseq.trainer][INFO] - begin training epoch 59
[2026-08-29 23:51:42,085][fairseq_cli.train][INFO] - Start iterating over samples
[2026-08-29 23:51:46,982][train_inner][INFO] - {"epoch": 59, "update": 58.333, "loss": "96.033", "nll_loss": "5.447", "total": "1213.05", "n_correct": "321.11", "ppl": "43.62", "accuracy": "26.471", "wps": "1419.1", "ups": "1.17", "wpb": "1213", "bsz": "75.2", "num_updates": "1400", "lr": "0.00141861", "gnorm": "3.572", "loss_scale": "128", "train_wall": "41", "gb_free": "43", "wall": "1158"}
[2026-08-29 23:51:53,832][fairseq_cli.train][INFO] - begin validation on "valid" subset
[2026-08-29 23:51:54,440][fairseq.logging.progress_bar][WARNING] - tensorboard not found, please install with: pip install tensorboard
[2026-08-29 23:51:56,706][valid][INFO] - {"epoch": 59, "valid_loss": "104.135", "valid_nll_loss": "5.985", "valid_total": "291.154", "valid_n_correct": "70.5385", "valid_ppl": "63.34", "valid_accuracy": "24.227", "valid_wps": "2916.8", "valid_wpb": "291.2", "valid_bsz": "18.1", "valid_num_updates": "1416", "valid_best_accuracy": "24.227"}
[2026-08-29 23:51:56,715][fairseq.checkpoint_utils][INFO] - Preparing to save checkpoint for epoch 59 @ 1416 updates
[2026-08-29 23:51:56,720][fairseq.trainer][INFO] - Saving checkpoint to checkpoints/checkpoint_best.pt
[2026-08-29 23:51:59,406][fairseq.trainer][INFO] - Finished saving checkpoint to checkpoints/checkpoint_best.pt
[2026-08-29 23:52:02,109][fairseq.checkpoint_utils][INFO] - Saved checkpoint checkpoints/checkpoint_best.pt (epoch 59 @ 1416 updates, score 24.227) (writing took 5.39447867218405 seconds)
[2026-08-29 23:52:02,113][fairseq_cli.train][INFO] - end of epoch 59 (average epoch stats below)
[2026-08-29 23:52:02,115][train][INFO] - {"epoch": 59, "train_loss": "95.562", "train_nll_loss": "5.416", "train_total": "1209.17", "train_n_correct": "323.083", "train_ppl": "42.7", "train_accuracy": "26.72", "train_wps": "1405.9", "train_ups": "1.16", "train_wpb": "1209.2", "train_bsz": "75", "train_num_updates": "1416", "train_lr": "0.00140171", "train_gnorm": "3.639", "train_loss_scale": "128", "train_train_wall": "10", "train_gb_free": "42.9", "train_wall": "1173"}
[2026-08-29 23:52:02,535][fairseq.logging.progress_bar][WARNING] - tensorboard not found, please install with: pip install tensorboard
[2026-08-29 23:52:02,621][fairseq.trainer][INFO] - begin training epoch 60
[2026-08-29 23:52:02,623][fairseq_cli.train][INFO] - Start iterating over samples
[2026-08-29 23:52:14,042][fairseq_cli.train][INFO] - begin validation on "valid" subset
[2026-08-29 23:52:14,728][fairseq.logging.progress_bar][WARNING] - tensorboard not found, please install with: pip install tensorboard
[2026-08-29 23:52:16,800][valid][INFO] - {"epoch": 60, "valid_loss": "104.393", "valid_nll_loss": "6.006", "valid_total": "291.154", "valid_n_correct": "68.8462", "valid_ppl": "64.28", "valid_accuracy": "23.646", "valid_wps": "3455.2", "valid_wpb": "291.2", "valid_bsz": "18.1", "valid_num_updates": "1440", "valid_best_accuracy": "24.227"}
[2026-08-29 23:52:16,812][fairseq.checkpoint_utils][INFO] - Preparing to save checkpoint for epoch 60 @ 1440 updates
[2026-08-29 23:52:16,813][fairseq.trainer][INFO] - Saving checkpoint to checkpoints/checkpoint_last.pt
[2026-08-29 23:52:19,361][fairseq.trainer][INFO] - Finished saving checkpoint to checkpoints/checkpoint_last.pt
[2026-08-29 23:52:19,363][fairseq.checkpoint_utils][INFO] - Saved checkpoint checkpoints/checkpoint_last.pt (epoch 60 @ 1440 updates, score 23.646) (writing took 2.551753151230514 seconds)
[2026-08-29 23:52:19,364][fairseq_cli.train][INFO] - end of epoch 60 (average epoch stats below)
[2026-08-29 23:52:19,366][train][INFO] - {"epoch": 60, "train_loss": "95.441", "train_nll_loss": "5.407", "train_total": "1209.17", "train_n_correct": "330", "train_ppl": "42.43", "train_accuracy": "27.292", "train_wps": "1682.3", "train_ups": "1.39", "train_wpb": "1209.2", "train_bsz": "75", "train_num_updates": "1440", "train_lr": "0.00137674", "train_gnorm": "3.602", "train_loss_scale": "128", "train_train_wall": "10", "train_gb_free": "42.7", "train_wall": "1190"}
[2026-08-29 23:52:19,993][fairseq.logging.progress_bar][WARNING] - tensorboard not found, please install with: pip install tensorboard
[2026-08-29 23:52:19,996][fairseq.trainer][INFO] - begin training epoch 61
[2026-08-29 23:52:19,997][fairseq_cli.train][INFO] - Start iterating over samples
[2026-08-29 23:52:31,405][fairseq_cli.train][INFO] - begin validation on "valid" subset
[2026-08-29 23:52:31,653][fairseq.logging.progress_bar][WARNING] - tensorboard not found, please install with: pip install tensorboard
[2026-08-29 23:52:33,704][valid][INFO] - {"epoch": 61, "valid_loss": "104.264", "valid_nll_loss": "5.995", "valid_total": "291.154", "valid_n_correct": "71.0769", "valid_ppl": "63.78", "valid_accuracy": "24.412", "valid_wps": "4404", "valid_wpb": "291.2", "valid_bsz": "18.1", "valid_num_updates": "1464", "valid_best_accuracy": "24.412"}
[2026-08-29 23:52:33,713][fairseq.checkpoint_utils][INFO] - Preparing to save checkpoint for epoch 61 @ 1464 updates
[2026-08-29 23:52:33,714][fairseq.trainer][INFO] - Saving checkpoint to checkpoints/checkpoint_best.pt
[2026-08-29 23:52:36,213][fairseq.trainer][INFO] - Finished saving checkpoint to checkpoints/checkpoint_best.pt
[2026-08-29 23:52:41,796][fairseq.checkpoint_utils][INFO] - Saved checkpoint checkpoints/checkpoint_best.pt (epoch 61 @ 1464 updates, score 24.412) (writing took 8.082499995827675 seconds)
[2026-08-29 23:52:41,798][fairseq_cli.train][INFO] - end of epoch 61 (average epoch stats below)
[2026-08-29 23:52:41,801][train][INFO] - {"epoch": 61, "train_loss": "95.132", "train_nll_loss": "5.386", "train_total": "1209.17", "train_n_correct": "328.75", "train_ppl": "41.81", "train_accuracy": "27.188", "train_wps": "1293.6", "train_ups": "1.07", "train_wpb": "1209.2", "train_bsz": "75", "train_num_updates": "1464", "train_lr": "0.00135222", "train_gnorm": "3.429", "train_loss_scale": "128", "train_train_wall": "10", "train_gb_free": "42.9", "train_wall": "1213"}
[2026-08-29 23:52:42,428][fairseq.logging.progress_bar][WARNING] - tensorboard not found, please install with: pip install tensorboard
[2026-08-29 23:52:42,433][fairseq.trainer][INFO] - begin training epoch 62
[2026-08-29 23:52:42,435][fairseq_cli.train][INFO] - Start iterating over samples
[2026-08-29 23:52:54,059][fairseq_cli.train][INFO] - begin validation on "valid" subset
[2026-08-29 23:52:54,641][fairseq.logging.progress_bar][WARNING] - tensorboard not found, please install with: pip install tensorboard
[2026-08-29 23:52:57,043][valid][INFO] - {"epoch": 62, "valid_loss": "104.732", "valid_nll_loss": "6.024", "valid_total": "291.154", "valid_n_correct": "70.6923", "valid_ppl": "65.07", "valid_accuracy": "24.28", "valid_wps": "3211.9", "valid_wpb": "291.2", "valid_bsz": "18.1", "valid_num_updates": "1488", "valid_best_accuracy": "24.412"}
[2026-08-29 23:52:57,047][fairseq.checkpoint_utils][INFO] - Preparing to save checkpoint for epoch 62 @ 1488 updates
[2026-08-29 23:52:57,049][fairseq.trainer][INFO] - Saving checkpoint to checkpoints/checkpoint_last.pt
[2026-08-29 23:52:59,695][fairseq.trainer][INFO] - Finished saving checkpoint to checkpoints/checkpoint_last.pt
[2026-08-29 23:52:59,698][fairseq.checkpoint_utils][INFO] - Saved checkpoint checkpoints/checkpoint_last.pt (epoch 62 @ 1488 updates, score 24.28) (writing took 2.6508178673684597 seconds)
[2026-08-29 23:52:59,699][fairseq_cli.train][INFO] - end of epoch 62 (average epoch stats below)
[2026-08-29 23:52:59,710][train][INFO] - {"epoch": 62, "train_loss": "94.782", "train_nll_loss": "5.36", "train_total": "1209.17", "train_n_correct": "332.917", "train_ppl": "41.07", "train_accuracy": "27.533", "train_wps": "1621.2", "train_ups": "1.34", "train_wpb": "1209.2", "train_bsz": "75", "train_num_updates": "1488", "train_lr": "0.00132813", "train_gnorm": "3.488", "train_loss_scale": "128", "train_train_wall": "10", "train_gb_free": "42.9", "train_wall": "1231"}
[2026-08-29 23:53:00,323][fairseq.logging.progress_bar][WARNING] - tensorboard not found, please install with: pip install tensorboard
[2026-08-29 23:53:00,328][fairseq.trainer][INFO] - begin training epoch 63
[2026-08-29 23:53:00,329][fairseq_cli.train][INFO] - Start iterating over samples
[2026-08-29 23:53:07,008][train_inner][INFO] - {"epoch": 63, "update": 62.5, "loss": "95.155", "nll_loss": "5.377", "total": "1204.27", "n_correct": "330", "ppl": "41.56", "accuracy": "27.402", "wps": "1504.9", "ups": "1.25", "wpb": "1204.3", "bsz": "74.6", "num_updates": "1500", "lr": "0.00131625", "gnorm": "3.547", "loss_scale": "128", "train_wall": "43", "gb_free": "42.8", "wall": "1238"}
[2026-08-29 23:53:11,984][fairseq_cli.train][INFO] - begin validation on "valid" subset
[2026-08-29 23:53:12,723][fairseq.logging.progress_bar][WARNING] - tensorboard not found, please install with: pip install tensorboard
[2026-08-29 23:53:14,893][valid][INFO] - {"epoch": 63, "valid_loss": "104.608", "valid_nll_loss": "6.021", "valid_total": "291.154", "valid_n_correct": "70.1538", "valid_ppl": "64.92", "valid_accuracy": "24.095", "valid_wps": "3435.5", "valid_wpb": "291.2", "valid_bsz": "18.1", "valid_num_updates": "1512", "valid_best_accuracy": "24.412"}
[2026-08-29 23:53:14,896][fairseq.checkpoint_utils][INFO] - Preparing to save checkpoint for epoch 63 @ 1512 updates
[2026-08-29 23:53:14,898][fairseq.trainer][INFO] - Saving checkpoint to checkpoints/checkpoint_last.pt
[2026-08-29 23:53:17,406][fairseq.trainer][INFO] - Finished saving checkpoint to checkpoints/checkpoint_last.pt
[2026-08-29 23:53:17,410][fairseq.checkpoint_utils][INFO] - Saved checkpoint checkpoints/checkpoint_last.pt (epoch 63 @ 1512 updates, score 24.095) (writing took 2.51343843806535 seconds)
[2026-08-29 23:53:17,412][fairseq_cli.train][INFO] - end of epoch 63 (average epoch stats below)
[2026-08-29 23:53:17,413][train][INFO] - {"epoch": 63, "train_loss": "94.514", "train_nll_loss": "5.341", "train_total": "1209.17", "train_n_correct": "336.542", "train_ppl": "40.52", "train_accuracy": "27.833", "train_wps": "1639.4", "train_ups": "1.36", "train_wpb": "1209.2", "train_bsz": "75", "train_num_updates": "1512", "train_lr": "0.00130447", "train_gnorm": "3.646", "train_loss_scale": "128", "train_train_wall": "10", "train_gb_free": "42.8", "train_wall": "1248"}
[2026-08-29 23:53:18,015][fairseq.logging.progress_bar][WARNING] - tensorboard not found, please install with: pip install tensorboard
[2026-08-29 23:53:18,024][fairseq.trainer][INFO] - begin training epoch 64
[2026-08-29 23:53:18,026][fairseq_cli.train][INFO] - Start iterating over samples
[2026-08-29 23:53:29,715][fairseq_cli.train][INFO] - begin validation on "valid" subset
[2026-08-29 23:53:30,125][fairseq.logging.progress_bar][WARNING] - tensorboard not found, please install with: pip install tensorboard
[2026-08-29 23:53:32,764][valid][INFO] - {"epoch": 64, "valid_loss": "104.382", "valid_nll_loss": "6.001", "valid_total": "291.154", "valid_n_correct": "70.3077", "valid_ppl": "64.05", "valid_accuracy": "24.148", "valid_wps": "3222.7", "valid_wpb": "291.2", "valid_bsz": "18.1", "valid_num_updates": "1536", "valid_best_accuracy": "24.412"}
[2026-08-29 23:53:32,767][fairseq.checkpoint_utils][INFO] - Preparing to save checkpoint for epoch 64 @ 1536 updates
[2026-08-29 23:53:32,769][fairseq.trainer][INFO] - Saving checkpoint to checkpoints/checkpoint_last.pt
[2026-08-29 23:53:35,256][fairseq.trainer][INFO] - Finished saving checkpoint to checkpoints/checkpoint_last.pt
[2026-08-29 23:53:35,257][fairseq.checkpoint_utils][INFO] - Saved checkpoint checkpoints/checkpoint_last.pt (epoch 64 @ 1536 updates, score 24.148) (writing took 2.490021901205182 seconds)
[2026-08-29 23:53:35,259][fairseq_cli.train][INFO] - end of epoch 64 (average epoch stats below)
[2026-08-29 23:53:35,260][train][INFO] - {"epoch": 64, "train_loss": "94.511", "train_nll_loss": "5.341", "train_total": "1209.17", "train_n_correct": "339.5", "train_ppl": "40.54", "train_accuracy": "28.077", "train_wps": "1626.2", "train_ups": "1.34", "train_wpb": "1209.2", "train_bsz": "75", "train_num_updates": "1536", "train_lr": "0.00128123", "train_gnorm": "3.75", "train_loss_scale": "128", "train_train_wall": "10", "train_gb_free": "42.8", "train_wall": "1266"}
[2026-08-29 23:53:35,492][fairseq.logging.progress_bar][WARNING] - tensorboard not found, please install with: pip install tensorboard
[2026-08-29 23:53:35,521][fairseq.trainer][INFO] - begin training epoch 65
[2026-08-29 23:53:35,531][fairseq_cli.train][INFO] - Start iterating over samples
[2026-08-29 23:53:46,588][fairseq_cli.train][INFO] - begin validation on "valid" subset
[2026-08-29 23:53:46,853][fairseq.logging.progress_bar][WARNING] - tensorboard not found, please install with: pip install tensorboard
[2026-08-29 23:53:48,762][valid][INFO] - {"epoch": 65, "valid_loss": "105.553", "valid_nll_loss": "6.075", "valid_total": "291.154", "valid_n_correct": "70.1538", "valid_ppl": "67.43", "valid_accuracy": "24.095", "valid_wps": "3872.7", "valid_wpb": "291.2", "valid_bsz": "18.1", "valid_num_updates": "1560", "valid_best_accuracy": "24.412"}
[2026-08-29 23:53:48,764][fairseq.checkpoint_utils][INFO] - Preparing to save checkpoint for epoch 65 @ 1560 updates
[2026-08-29 23:53:48,765][fairseq.trainer][INFO] - Saving checkpoint to checkpoints/checkpoint_last.pt
[2026-08-29 23:53:51,078][fairseq.trainer][INFO] - Finished saving checkpoint to checkpoints/checkpoint_last.pt
[2026-08-29 23:53:51,080][fairseq.checkpoint_utils][INFO] - Saved checkpoint checkpoints/checkpoint_last.pt (epoch 65 @ 1560 updates, score 24.095) (writing took 2.3160217981785536 seconds)
[2026-08-29 23:53:51,081][fairseq_cli.train][INFO] - end of epoch 65 (average epoch stats below)
[2026-08-29 23:53:51,083][train][INFO] - {"epoch": 65, "train_loss": "94.605", "train_nll_loss": "5.348", "train_total": "1209.17", "train_n_correct": "336.375", "train_ppl": "40.74", "train_accuracy": "27.819", "train_wps": "1834.2", "train_ups": "1.52", "train_wpb": "1209.2", "train_bsz": "75", "train_num_updates": "1560", "train_lr": "0.00125841", "train_gnorm": "3.622", "train_loss_scale": "128", "train_train_wall": "10", "train_gb_free": "42.7", "train_wall": "1282"}
[2026-08-29 23:53:51,331][fairseq.logging.progress_bar][WARNING] - tensorboard not found, please install with: pip install tensorboard
[2026-08-29 23:53:51,333][fairseq.trainer][INFO] - begin training epoch 66
[2026-08-29 23:53:51,334][fairseq_cli.train][INFO] - Start iterating over samples
[2026-08-29 23:54:02,762][fairseq_cli.train][INFO] - begin validation on "valid" subset
[2026-08-29 23:54:03,023][fairseq.logging.progress_bar][WARNING] - tensorboard not found, please install with: pip install tensorboard
[2026-08-29 23:54:04,988][valid][INFO] - {"epoch": 66, "valid_loss": "104.414", "valid_nll_loss": "6.004", "valid_total": "291.154", "valid_n_correct": "71.5385", "valid_ppl": "64.18", "valid_accuracy": "24.571", "valid_wps": "4415.4", "valid_wpb": "291.2", "valid_bsz": "18.1", "valid_num_updates": "1584", "valid_best_accuracy": "24.571"}
[2026-08-29 23:54:04,995][fairseq.checkpoint_utils][INFO] - Preparing to save checkpoint for epoch 66 @ 1584 updates
[2026-08-29 23:54:04,996][fairseq.trainer][INFO] - Saving checkpoint to checkpoints/checkpoint_best.pt
[2026-08-29 23:54:07,248][fairseq.trainer][INFO] - Finished saving checkpoint to checkpoints/checkpoint_best.pt
[2026-08-29 23:54:09,937][fairseq.checkpoint_utils][INFO] - Saved checkpoint checkpoints/checkpoint_best.pt (epoch 66 @ 1584 updates, score 24.571) (writing took 4.9423952884972095 seconds)
[2026-08-29 23:54:09,940][fairseq_cli.train][INFO] - end of epoch 66 (average epoch stats below)
[2026-08-29 23:54:09,942][train][INFO] - {"epoch": 66, "train_loss": "94.068", "train_nll_loss": "5.309", "train_total": "1209.17", "train_n_correct": "340.625", "train_ppl": "39.65", "train_accuracy": "28.17", "train_wps": "1538.9", "train_ups": "1.27", "train_wpb": "1209.2", "train_bsz": "75", "train_num_updates": "1584", "train_lr": "0.00123599", "train_gnorm": "3.642", "train_loss_scale": "128", "train_train_wall": "10", "train_gb_free": "42.8", "train_wall": "1301"}
[2026-08-29 23:54:10,291][fairseq.logging.progress_bar][WARNING] - tensorboard not found, please install with: pip install tensorboard
[2026-08-29 23:54:10,293][fairseq.trainer][INFO] - begin training epoch 67
[2026-08-29 23:54:10,295][fairseq_cli.train][INFO] - Start iterating over samples
[2026-08-29 23:54:18,373][train_inner][INFO] - {"epoch": 67, "update": 66.667, "loss": "94.236", "nll_loss": "5.344", "total": "1222.98", "n_correct": "340.74", "ppl": "40.62", "accuracy": "27.861", "wps": "1713.8", "ups": "1.4", "wpb": "1223", "bsz": "76.1", "num_updates": "1600", "lr": "0.00122127", "gnorm": "3.66", "loss_scale": "128", "train_wall": "42", "gb_free": "42.8", "wall": "1309"}
[2026-08-29 23:54:21,592][fairseq_cli.train][INFO] - begin validation on "valid" subset
[2026-08-29 23:54:21,826][fairseq.logging.progress_bar][WARNING] - tensorboard not found, please install with: pip install tensorboard
[2026-08-29 23:54:23,752][valid][INFO] - {"epoch": 67, "valid_loss": "104.246", "valid_nll_loss": "5.994", "valid_total": "291.154", "valid_n_correct": "70.3077", "valid_ppl": "63.72", "valid_accuracy": "24.148", "valid_wps": "4187.1", "valid_wpb": "291.2", "valid_bsz": "18.1", "valid_num_updates": "1608", "valid_best_accuracy": "24.571"}
[2026-08-29 23:54:23,755][fairseq.checkpoint_utils][INFO] - Preparing to save checkpoint for epoch 67 @ 1608 updates
[2026-08-29 23:54:23,756][fairseq.trainer][INFO] - Saving checkpoint to checkpoints/checkpoint_last.pt
[2026-08-29 23:54:26,039][fairseq.trainer][INFO] - Finished saving checkpoint to checkpoints/checkpoint_last.pt
[2026-08-29 23:54:26,046][fairseq.checkpoint_utils][INFO] - Saved checkpoint checkpoints/checkpoint_last.pt (epoch 67 @ 1608 updates, score 24.148) (writing took 2.2909948229789734 seconds)
[2026-08-29 23:54:26,049][fairseq_cli.train][INFO] - end of epoch 67 (average epoch stats below)
[2026-08-29 23:54:26,051][train][INFO] - {"epoch": 67, "train_loss": "94.028", "train_nll_loss": "5.307", "train_total": "1209.17", "train_n_correct": "344.708", "train_ppl": "39.58", "train_accuracy": "28.508", "train_wps": "1801.6", "train_ups": "1.49", "train_wpb": "1209.2", "train_bsz": "75", "train_num_updates": "1608", "train_lr": "0.00121398", "train_gnorm": "3.673", "train_loss_scale": "128", "train_train_wall": "10", "train_gb_free": "42.8", "train_wall": "1317"}
[2026-08-29 23:54:26,627][fairseq.logging.progress_bar][WARNING] - tensorboard not found, please install with: pip install tensorboard
[2026-08-29 23:54:26,632][fairseq.trainer][INFO] - begin training epoch 68
[2026-08-29 23:54:26,633][fairseq_cli.train][INFO] - Start iterating over samples
[2026-08-29 23:54:37,700][fairseq_cli.train][INFO] - begin validation on "valid" subset
[2026-08-29 23:54:38,010][fairseq.logging.progress_bar][WARNING] - tensorboard not found, please install with: pip install tensorboard
[2026-08-29 23:54:39,795][valid][INFO] - {"epoch": 68, "valid_loss": "104.665", "valid_nll_loss": "6.017", "valid_total": "291.154", "valid_n_correct": "70.3846", "valid_ppl": "64.78", "valid_accuracy": "24.174", "valid_wps": "4403.8", "valid_wpb": "291.2", "valid_bsz": "18.1", "valid_num_updates": "1632", "valid_best_accuracy": "24.571"}
[2026-08-29 23:54:39,798][fairseq.checkpoint_utils][INFO] - Preparing to save checkpoint for epoch 68 @ 1632 updates
[2026-08-29 23:54:39,799][fairseq.trainer][INFO] - Saving checkpoint to checkpoints/checkpoint_last.pt
[2026-08-29 23:54:42,187][fairseq.trainer][INFO] - Finished saving checkpoint to checkpoints/checkpoint_last.pt
[2026-08-29 23:54:42,189][fairseq.checkpoint_utils][INFO] - Saved checkpoint checkpoints/checkpoint_last.pt (epoch 68 @ 1632 updates, score 24.174) (writing took 2.3908075569197536 seconds)
[2026-08-29 23:54:42,190][fairseq_cli.train][INFO] - end of epoch 68 (average epoch stats below)
[2026-08-29 23:54:42,192][train][INFO] - {"epoch": 68, "train_loss": "93.943", "train_nll_loss": "5.3", "train_total": "1209.17", "train_n_correct": "342.958", "train_ppl": "39.41", "train_accuracy": "28.363", "train_wps": "1798", "train_ups": "1.49", "train_wpb": "1209.2", "train_bsz": "75", "train_num_updates": "1632", "train_lr": "0.00119235", "train_gnorm": "3.562", "train_loss_scale": "128", "train_train_wall": "10", "train_gb_free": "42.7", "train_wall": "1333"}
[2026-08-29 23:54:42,562][fairseq.logging.progress_bar][WARNING] - tensorboard not found, please install with: pip install tensorboard
[2026-08-29 23:54:42,565][fairseq.trainer][INFO] - begin training epoch 69
[2026-08-29 23:54:42,566][fairseq_cli.train][INFO] - Start iterating over samples
[2026-08-29 23:54:54,208][fairseq_cli.train][INFO] - begin validation on "valid" subset
[2026-08-29 23:54:54,466][fairseq.logging.progress_bar][WARNING] - tensorboard not found, please install with: pip install tensorboard
[2026-08-29 23:54:56,372][valid][INFO] - {"epoch": 69, "valid_loss": "105.531", "valid_nll_loss": "6.074", "valid_total": "291.154", "valid_n_correct": "71.6154", "valid_ppl": "67.38", "valid_accuracy": "24.597", "valid_wps": "3661.4", "valid_wpb": "291.2", "valid_bsz": "18.1", "valid_num_updates": "1656", "valid_best_accuracy": "24.597"}
[2026-08-29 23:54:56,374][fairseq.checkpoint_utils][INFO] - Preparing to save checkpoint for epoch 69 @ 1656 updates
[2026-08-29 23:54:56,376][fairseq.trainer][INFO] - Saving checkpoint to checkpoints/checkpoint_best.pt
[2026-08-29 23:54:59,052][fairseq.trainer][INFO] - Finished saving checkpoint to checkpoints/checkpoint_best.pt
[2026-08-29 23:55:01,809][fairseq.checkpoint_utils][INFO] - Saved checkpoint checkpoints/checkpoint_best.pt (epoch 69 @ 1656 updates, score 24.597) (writing took 5.4345781886950135 seconds)
[2026-08-29 23:55:01,811][fairseq_cli.train][INFO] - end of epoch 69 (average epoch stats below)
[2026-08-29 23:55:01,813][train][INFO] - {"epoch": 69, "train_loss": "93.603", "train_nll_loss": "5.276", "train_total": "1209.17", "train_n_correct": "347.167", "train_ppl": "38.74", "train_accuracy": "28.711", "train_wps": "1479.1", "train_ups": "1.22", "train_wpb": "1209.2", "train_bsz": "75", "train_num_updates": "1656", "train_lr": "0.00117111", "train_gnorm": "3.635", "train_loss_scale": "128", "train_train_wall": "10", "train_gb_free": "42.9", "train_wall": "1353"}
[2026-08-29 23:55:02,209][fairseq.logging.progress_bar][WARNING] - tensorboard not found, please install with: pip install tensorboard
[2026-08-29 23:55:02,223][fairseq.trainer][INFO] - begin training epoch 70
[2026-08-29 23:55:02,224][fairseq_cli.train][INFO] - Start iterating over samples
[2026-08-29 23:55:14,103][fairseq_cli.train][INFO] - begin validation on "valid" subset
[2026-08-29 23:55:14,365][fairseq.logging.progress_bar][WARNING] - tensorboard not found, please install with: pip install tensorboard
[2026-08-29 23:55:16,263][valid][INFO] - {"epoch": 70, "valid_loss": "104.631", "valid_nll_loss": "6.014", "valid_total": "291.154", "valid_n_correct": "71.5385", "valid_ppl": "64.62", "valid_accuracy": "24.571", "valid_wps": "4434.3", "valid_wpb": "291.2", "valid_bsz": "18.1", "valid_num_updates": "1680", "valid_best_accuracy": "24.597"}
[2026-08-29 23:55:16,266][fairseq.checkpoint_utils][INFO] - Preparing to save checkpoint for epoch 70 @ 1680 updates
[2026-08-29 23:55:16,268][fairseq.trainer][INFO] - Saving checkpoint to checkpoints/checkpoint_last.pt
[2026-08-29 23:55:18,560][fairseq.trainer][INFO] - Finished saving checkpoint to checkpoints/checkpoint_last.pt
[2026-08-29 23:55:18,564][fairseq.checkpoint_utils][INFO] - Saved checkpoint checkpoints/checkpoint_last.pt (epoch 70 @ 1680 updates, score 24.571) (writing took 2.2981934286653996 seconds)
[2026-08-29 23:55:18,565][fairseq_cli.train][INFO] - end of epoch 70 (average epoch stats below)
[2026-08-29 23:55:18,566][train][INFO] - {"epoch": 70, "train_loss": "93.45", "train_nll_loss": "5.265", "train_total": "1209.17", "train_n_correct": "346.875", "train_ppl": "38.46", "train_accuracy": "28.687", "train_wps": "1732.6", "train_ups": "1.43", "train_wpb": "1209.2", "train_bsz": "75", "train_num_updates": "1680", "train_lr": "0.00115025", "train_gnorm": "3.628", "train_loss_scale": "128", "train_train_wall": "10", "train_gb_free": "42.9", "train_wall": "1370"}
[2026-08-29 23:55:18,768][fairseq.logging.progress_bar][WARNING] - tensorboard not found, please install with: pip install tensorboard
[2026-08-29 23:55:18,770][fairseq.trainer][INFO] - begin training epoch 71
[2026-08-29 23:55:18,771][fairseq_cli.train][INFO] - Start iterating over samples
[2026-08-29 23:55:28,489][train_inner][INFO] - {"epoch": 71, "update": 70.833, "loss": "93.622", "nll_loss": "5.269", "total": "1201.73", "n_correct": "345.89", "ppl": "38.57", "accuracy": "28.783", "wps": "1714", "ups": "1.43", "wpb": "1201.7", "bsz": "74.5", "num_updates": "1700", "lr": "0.00113315", "gnorm": "3.632", "loss_scale": "128", "train_wall": "42", "gb_free": "42.7", "wall": "1380"}
[2026-08-29 23:55:30,069][fairseq_cli.train][INFO] - begin validation on "valid" subset
[2026-08-29 23:55:30,925][fairseq.logging.progress_bar][WARNING] - tensorboard not found, please install with: pip install tensorboard
[2026-08-29 23:55:32,784][valid][INFO] - {"epoch": 71, "valid_loss": "103.75", "valid_nll_loss": "5.958", "valid_total": "291.154", "valid_n_correct": "72.0769", "valid_ppl": "62.18", "valid_accuracy": "24.756", "valid_wps": "4439.1", "valid_wpb": "291.2", "valid_bsz": "18.1", "valid_num_updates": "1704", "valid_best_accuracy": "24.756"}
[2026-08-29 23:55:32,787][fairseq.checkpoint_utils][INFO] - Preparing to save checkpoint for epoch 71 @ 1704 updates
[2026-08-29 23:55:32,788][fairseq.trainer][INFO] - Saving checkpoint to checkpoints/checkpoint_best.pt
[2026-08-29 23:55:34,980][fairseq.trainer][INFO] - Finished saving checkpoint to checkpoints/checkpoint_best.pt
[2026-08-29 23:55:38,286][fairseq.checkpoint_utils][INFO] - Saved checkpoint checkpoints/checkpoint_best.pt (epoch 71 @ 1704 updates, score 24.756) (writing took 5.498407763428986 seconds)
[2026-08-29 23:55:38,287][fairseq_cli.train][INFO] - end of epoch 71 (average epoch stats below)
[2026-08-29 23:55:38,290][train][INFO] - {"epoch": 71, "train_loss": "93.326", "train_nll_loss": "5.257", "train_total": "1209.17", "train_n_correct": "349.958", "train_ppl": "38.23", "train_accuracy": "28.942", "train_wps": "1471.5", "train_ups": "1.22", "train_wpb": "1209.2", "train_bsz": "75", "train_num_updates": "1704", "train_lr": "0.00112976", "train_gnorm": "3.679", "train_loss_scale": "128", "train_train_wall": "10", "train_gb_free": "42.8", "train_wall": "1389"}
[2026-08-29 23:55:38,850][fairseq.logging.progress_bar][WARNING] - tensorboard not found, please install with: pip install tensorboard
[2026-08-29 23:55:38,852][fairseq.trainer][INFO] - begin training epoch 72
[2026-08-29 23:55:38,853][fairseq_cli.train][INFO] - Start iterating over samples
[2026-08-29 23:55:50,026][fairseq_cli.train][INFO] - begin validation on "valid" subset
[2026-08-29 23:55:50,309][fairseq.logging.progress_bar][WARNING] - tensorboard not found, please install with: pip install tensorboard
[2026-08-29 23:55:52,086][valid][INFO] - {"epoch": 72, "valid_loss": "104.351", "valid_nll_loss": "6", "valid_total": "291.154", "valid_n_correct": "70.7692", "valid_ppl": "64.02", "valid_accuracy": "24.306", "valid_wps": "4333", "valid_wpb": "291.2", "valid_bsz": "18.1", "valid_num_updates": "1728", "valid_best_accuracy": "24.756"}
[2026-08-29 23:55:52,088][fairseq.checkpoint_utils][INFO] - Preparing to save checkpoint for epoch 72 @ 1728 updates
[2026-08-29 23:55:52,089][fairseq.trainer][INFO] - Saving checkpoint to checkpoints/checkpoint_last.pt
[2026-08-29 23:55:54,304][fairseq.trainer][INFO] - Finished saving checkpoint to checkpoints/checkpoint_last.pt
[2026-08-29 23:55:54,311][fairseq.checkpoint_utils][INFO] - Saved checkpoint checkpoints/checkpoint_last.pt (epoch 72 @ 1728 updates, score 24.306) (writing took 2.222309283912182 seconds)
[2026-08-29 23:55:54,312][fairseq_cli.train][INFO] - end of epoch 72 (average epoch stats below)
[2026-08-29 23:55:54,314][train][INFO] - {"epoch": 72, "train_loss": "93.268", "train_nll_loss": "5.252", "train_total": "1209.17", "train_n_correct": "347.583", "train_ppl": "38.12", "train_accuracy": "28.746", "train_wps": "1811.2", "train_ups": "1.5", "train_wpb": "1209.2", "train_bsz": "75", "train_num_updates": "1728", "train_lr": "0.00110963", "train_gnorm": "3.576", "train_loss_scale": "128", "train_train_wall": "10", "train_gb_free": "42.9", "train_wall": "1405"}
[2026-08-29 23:55:54,545][fairseq.logging.progress_bar][WARNING] - tensorboard not found, please install with: pip install tensorboard
[2026-08-29 23:55:54,547][fairseq.trainer][INFO] - begin training epoch 73
[2026-08-29 23:55:54,548][fairseq_cli.train][INFO] - Start iterating over samples
[2026-08-29 23:56:05,722][fairseq_cli.train][INFO] - begin validation on "valid" subset
[2026-08-29 23:56:05,954][fairseq.logging.progress_bar][WARNING] - tensorboard not found, please install with: pip install tensorboard
[2026-08-29 23:56:07,876][valid][INFO] - {"epoch": 73, "valid_loss": "104.352", "valid_nll_loss": "5.994", "valid_total": "291.154", "valid_n_correct": "71.7692", "valid_ppl": "63.75", "valid_accuracy": "24.65", "valid_wps": "3908.6", "valid_wpb": "291.2", "valid_bsz": "18.1", "valid_num_updates": "1752", "valid_best_accuracy": "24.756"}
[2026-08-29 23:56:07,879][fairseq.checkpoint_utils][INFO] - Preparing to save checkpoint for epoch 73 @ 1752 updates
[2026-08-29 23:56:07,880][fairseq.trainer][INFO] - Saving checkpoint to checkpoints/checkpoint_last.pt
[2026-08-29 23:56:10,150][fairseq.trainer][INFO] - Finished saving checkpoint to checkpoints/checkpoint_last.pt
[2026-08-29 23:56:10,152][fairseq.checkpoint_utils][INFO] - Saved checkpoint checkpoints/checkpoint_last.pt (epoch 73 @ 1752 updates, score 24.65) (writing took 2.2732926588505507 seconds)
[2026-08-29 23:56:10,153][fairseq_cli.train][INFO] - end of epoch 73 (average epoch stats below)
[2026-08-29 23:56:10,154][train][INFO] - {"epoch": 73, "train_loss": "92.861", "train_nll_loss": "5.225", "train_total": "1209.17", "train_n_correct": "353.083", "train_ppl": "37.39", "train_accuracy": "29.201", "train_wps": "1832.2", "train_ups": "1.52", "train_wpb": "1209.2", "train_bsz": "75", "train_num_updates": "1752", "train_lr": "0.00108987", "train_gnorm": "3.776", "train_loss_scale": "128", "train_train_wall": "10", "train_gb_free": "43.1", "train_wall": "1421"}
[2026-08-29 23:56:10,458][fairseq.logging.progress_bar][WARNING] - tensorboard not found, please install with: pip install tensorboard
[2026-08-29 23:56:10,460][fairseq.trainer][INFO] - begin training epoch 74
[2026-08-29 23:56:10,461][fairseq_cli.train][INFO] - Start iterating over samples
[2026-08-29 23:56:21,492][fairseq_cli.train][INFO] - begin validation on "valid" subset
[2026-08-29 23:56:21,752][fairseq.logging.progress_bar][WARNING] - tensorboard not found, please install with: pip install tensorboard
[2026-08-29 23:56:23,712][valid][INFO] - {"epoch": 74, "valid_loss": "104.592", "valid_nll_loss": "6.013", "valid_total": "291.154", "valid_n_correct": "71.6923", "valid_ppl": "64.6", "valid_accuracy": "24.624", "valid_wps": "3861", "valid_wpb": "291.2", "valid_bsz": "18.1", "valid_num_updates": "1776", "valid_best_accuracy": "24.756"}
[2026-08-29 23:56:23,715][fairseq.checkpoint_utils][INFO] - Preparing to save checkpoint for epoch 74 @ 1776 updates
[2026-08-29 23:56:23,718][fairseq.trainer][INFO] - Saving checkpoint to checkpoints/checkpoint_last.pt
[2026-08-29 23:56:26,021][fairseq.trainer][INFO] - Finished saving checkpoint to checkpoints/checkpoint_last.pt
[2026-08-29 23:56:26,030][fairseq.checkpoint_utils][INFO] - Saved checkpoint checkpoints/checkpoint_last.pt (epoch 74 @ 1776 updates, score 24.624) (writing took 2.315097477287054 seconds)
[2026-08-29 23:56:26,032][fairseq_cli.train][INFO] - end of epoch 74 (average epoch stats below)
[2026-08-29 23:56:26,033][train][INFO] - {"epoch": 74, "train_loss": "92.631", "train_nll_loss": "5.207", "train_total": "1209.17", "train_n_correct": "358.917", "train_ppl": "36.94", "train_accuracy": "29.683", "train_wps": "1827.7", "train_ups": "1.51", "train_wpb": "1209.2", "train_bsz": "75", "train_num_updates": "1776", "train_lr": "0.00107045", "train_gnorm": "3.813", "train_loss_scale": "128", "train_train_wall": "10", "train_gb_free": "43", "train_wall": "1437"}
[2026-08-29 23:56:26,240][fairseq.logging.progress_bar][WARNING] - tensorboard not found, please install with: pip install tensorboard
[2026-08-29 23:56:26,242][fairseq.trainer][INFO] - begin training epoch 75
[2026-08-29 23:56:26,243][fairseq_cli.train][INFO] - Start iterating over samples
[2026-08-29 23:56:37,212][train_inner][INFO] - {"epoch": 75, "update": 75.0, "loss": "92.991", "nll_loss": "5.232", "total": "1206.93", "n_correct": "352.47", "ppl": "37.59", "accuracy": "29.204", "wps": "1756.8", "ups": "1.46", "wpb": "1206.9", "bsz": "74.8", "num_updates": "1800", "lr": "0.00105138", "gnorm": "3.777", "loss_scale": "128", "train_wall": "41", "gb_free": "42.7", "wall": "1448"}
[2026-08-29 23:56:37,214][fairseq_cli.train][INFO] - begin validation on "valid" subset
[2026-08-29 23:56:37,435][fairseq.logging.progress_bar][WARNING] - tensorboard not found, please install with: pip install tensorboard
[2026-08-29 23:56:39,324][valid][INFO] - {"epoch": 75, "valid_loss": "104.444", "valid_nll_loss": "6.003", "valid_total": "291.154", "valid_n_correct": "72.2308", "valid_ppl": "64.14", "valid_accuracy": "24.808", "valid_wps": "4205.4", "valid_wpb": "291.2", "valid_bsz": "18.1", "valid_num_updates": "1800", "valid_best_accuracy": "24.808"}
[2026-08-29 23:56:39,327][fairseq.checkpoint_utils][INFO] - Preparing to save checkpoint for epoch 75 @ 1800 updates
[2026-08-29 23:56:39,328][fairseq.trainer][INFO] - Saving checkpoint to checkpoints/checkpoint_best.pt
[2026-08-29 23:56:41,655][fairseq.trainer][INFO] - Finished saving checkpoint to checkpoints/checkpoint_best.pt
[2026-08-29 23:56:44,323][fairseq.checkpoint_utils][INFO] - Saved checkpoint checkpoints/checkpoint_best.pt (epoch 75 @ 1800 updates, score 24.808) (writing took 4.995465265586972 seconds)
[2026-08-29 23:56:44,325][fairseq_cli.train][INFO] - end of epoch 75 (average epoch stats below)
[2026-08-29 23:56:44,327][train][INFO] - {"epoch": 75, "train_loss": "92.942", "train_nll_loss": "5.23", "train_total": "1209.17", "train_n_correct": "354.25", "train_ppl": "37.52", "train_accuracy": "29.297", "train_wps": "1586.4", "train_ups": "1.31", "train_wpb": "1209.2", "train_bsz": "75", "train_num_updates": "1800", "train_lr": "0.00105138", "train_gnorm": "3.95", "train_loss_scale": "128", "train_train_wall": "10", "train_gb_free": "42.7", "train_wall": "1455"}
[2026-08-29 23:56:44,617][fairseq.logging.progress_bar][WARNING] - tensorboard not found, please install with: pip install tensorboard
[2026-08-29 23:56:44,619][fairseq.trainer][INFO] - begin training epoch 76
[2026-08-29 23:56:44,621][fairseq_cli.train][INFO] - Start iterating over samples
[2026-08-29 23:56:55,624][fairseq_cli.train][INFO] - begin validation on "valid" subset
[2026-08-29 23:56:55,926][fairseq.logging.progress_bar][WARNING] - tensorboard not found, please install with: pip install tensorboard
[2026-08-29 23:56:57,864][valid][INFO] - {"epoch": 76, "valid_loss": "104.658", "valid_nll_loss": "6.017", "valid_total": "291.154", "valid_n_correct": "71.4615", "valid_ppl": "64.77", "valid_accuracy": "24.544", "valid_wps": "4428.4", "valid_wpb": "291.2", "valid_bsz": "18.1", "valid_num_updates": "1824", "valid_best_accuracy": "24.808"}
[2026-08-29 23:56:57,867][fairseq.checkpoint_utils][INFO] - Preparing to save checkpoint for epoch 76 @ 1824 updates
[2026-08-29 23:56:57,868][fairseq.trainer][INFO] - Saving checkpoint to checkpoints/checkpoint_last.pt
[2026-08-29 23:57:00,264][fairseq.trainer][INFO] - Finished saving checkpoint to checkpoints/checkpoint_last.pt
[2026-08-29 23:57:00,271][fairseq.checkpoint_utils][INFO] - Saved checkpoint checkpoints/checkpoint_last.pt (epoch 76 @ 1824 updates, score 24.544) (writing took 2.4043679097667336 seconds)
[2026-08-29 23:57:00,272][fairseq_cli.train][INFO] - end of epoch 76 (average epoch stats below)
[2026-08-29 23:57:00,274][train][INFO] - {"epoch": 76, "train_loss": "92.835", "train_nll_loss": "5.221", "train_total": "1209.17", "train_n_correct": "355.792", "train_ppl": "37.31", "train_accuracy": "29.425", "train_wps": "1820", "train_ups": "1.51", "train_wpb": "1209.2", "train_bsz": "75", "train_num_updates": "1824", "train_lr": "0.00103265", "train_gnorm": "3.788", "train_loss_scale": "128", "train_train_wall": "10", "train_gb_free": "42.7", "train_wall": "1471"}
[2026-08-29 23:57:00,520][fairseq.logging.progress_bar][WARNING] - tensorboard not found, please install with: pip install tensorboard
[2026-08-29 23:57:00,523][fairseq.trainer][INFO] - begin training epoch 77
[2026-08-29 23:57:00,523][fairseq_cli.train][INFO] - Start iterating over samples
[2026-08-29 23:57:11,608][fairseq_cli.train][INFO] - begin validation on "valid" subset
[2026-08-29 23:57:11,923][fairseq.logging.progress_bar][WARNING] - tensorboard not found, please install with: pip install tensorboard
[2026-08-29 23:57:13,911][valid][INFO] - {"epoch": 77, "valid_loss": "104.353", "valid_nll_loss": "5.997", "valid_total": "291.154", "valid_n_correct": "72.3077", "valid_ppl": "63.86", "valid_accuracy": "24.835", "valid_wps": "4206.5", "valid_wpb": "291.2", "valid_bsz": "18.1", "valid_num_updates": "1848", "valid_best_accuracy": "24.835"}
[2026-08-29 23:57:13,914][fairseq.checkpoint_utils][INFO] - Preparing to save checkpoint for epoch 77 @ 1848 updates
[2026-08-29 23:57:13,914][fairseq.trainer][INFO] - Saving checkpoint to checkpoints/checkpoint_best.pt
[2026-08-29 23:57:16,308][fairseq.trainer][INFO] - Finished saving checkpoint to checkpoints/checkpoint_best.pt
[2026-08-29 23:57:18,976][fairseq.checkpoint_utils][INFO] - Saved checkpoint checkpoints/checkpoint_best.pt (epoch 77 @ 1848 updates, score 24.835) (writing took 5.061822804622352 seconds)
[2026-08-29 23:57:18,977][fairseq_cli.train][INFO] - end of epoch 77 (average epoch stats below)
[2026-08-29 23:57:18,980][train][INFO] - {"epoch": 77, "train_loss": "92.727", "train_nll_loss": "5.215", "train_total": "1209.17", "train_n_correct": "355.625", "train_ppl": "37.14", "train_accuracy": "29.411", "train_wps": "1551.5", "train_ups": "1.28", "train_wpb": "1209.2", "train_bsz": "75", "train_num_updates": "1848", "train_lr": "0.00101426", "train_gnorm": "3.855", "train_loss_scale": "128", "train_train_wall": "10", "train_gb_free": "42.8", "train_wall": "1490"}
[2026-08-29 23:57:19,288][fairseq.logging.progress_bar][WARNING] - tensorboard not found, please install with: pip install tensorboard
[2026-08-29 23:57:19,290][fairseq.trainer][INFO] - begin training epoch 78
[2026-08-29 23:57:19,291][fairseq_cli.train][INFO] - Start iterating over samples
[2026-08-29 23:57:30,317][fairseq_cli.train][INFO] - begin validation on "valid" subset
[2026-08-29 23:57:30,625][fairseq.logging.progress_bar][WARNING] - tensorboard not found, please install with: pip install tensorboard
[2026-08-29 23:57:32,553][valid][INFO] - {"epoch": 78, "valid_loss": "104.786", "valid_nll_loss": "6.025", "valid_total": "291.154", "valid_n_correct": "71.6923", "valid_ppl": "65.12", "valid_accuracy": "24.624", "valid_wps": "4211", "valid_wpb": "291.2", "valid_bsz": "18.1", "valid_num_updates": "1872", "valid_best_accuracy": "24.835"}
[2026-08-29 23:57:32,556][fairseq.checkpoint_utils][INFO] - Preparing to save checkpoint for epoch 78 @ 1872 updates
[2026-08-29 23:57:32,557][fairseq.trainer][INFO] - Saving checkpoint to checkpoints/checkpoint_last.pt
[2026-08-29 23:57:34,854][fairseq.trainer][INFO] - Finished saving checkpoint to checkpoints/checkpoint_last.pt
[2026-08-29 23:57:34,861][fairseq.checkpoint_utils][INFO] - Saved checkpoint checkpoints/checkpoint_last.pt (epoch 78 @ 1872 updates, score 24.624) (writing took 2.3047716254368424 seconds)
[2026-08-29 23:57:34,861][fairseq_cli.train][INFO] - end of epoch 78 (average epoch stats below)
[2026-08-29 23:57:34,862][train][INFO] - {"epoch": 78, "train_loss": "92.566", "train_nll_loss": "5.203", "train_total": "1209.17", "train_n_correct": "358.333", "train_ppl": "36.83", "train_accuracy": "29.635", "train_wps": "1827.3", "train_ups": "1.51", "train_wpb": "1209.2", "train_bsz": "75", "train_num_updates": "1872", "train_lr": "0.00099619", "train_gnorm": "3.741", "train_loss_scale": "128", "train_train_wall": "10", "train_gb_free": "42.7", "train_wall": "1506"}
[2026-08-29 23:57:35,064][fairseq.logging.progress_bar][WARNING] - tensorboard not found, please install with: pip install tensorboard
[2026-08-29 23:57:35,067][fairseq.trainer][INFO] - begin training epoch 79
[2026-08-29 23:57:35,067][fairseq_cli.train][INFO] - Start iterating over samples
[2026-08-29 23:57:46,151][fairseq_cli.train][INFO] - begin validation on "valid" subset
[2026-08-29 23:57:46,356][fairseq.logging.progress_bar][WARNING] - tensorboard not found, please install with: pip install tensorboard
[2026-08-29 23:57:48,328][valid][INFO] - {"epoch": 79, "valid_loss": "104.441", "valid_nll_loss": "5.999", "valid_total": "291.154", "valid_n_correct": "72.8462", "valid_ppl": "63.97", "valid_accuracy": "25.02", "valid_wps": "3708.5", "valid_wpb": "291.2", "valid_bsz": "18.1", "valid_num_updates": "1896", "valid_best_accuracy": "25.02"}
[2026-08-29 23:57:48,331][fairseq.checkpoint_utils][INFO] - Preparing to save checkpoint for epoch 79 @ 1896 updates
[2026-08-29 23:57:48,332][fairseq.trainer][INFO] - Saving checkpoint to checkpoints/checkpoint_best.pt
[2026-08-29 23:57:50,606][fairseq.trainer][INFO] - Finished saving checkpoint to checkpoints/checkpoint_best.pt
[2026-08-29 23:57:53,390][fairseq.checkpoint_utils][INFO] - Saved checkpoint checkpoints/checkpoint_best.pt (epoch 79 @ 1896 updates, score 25.02) (writing took 5.059515168890357 seconds)
[2026-08-29 23:57:53,391][fairseq_cli.train][INFO] - end of epoch 79 (average epoch stats below)
[2026-08-29 23:57:53,394][train][INFO] - {"epoch": 79, "train_loss": "92.099", "train_nll_loss": "5.17", "train_total": "1209.17", "train_n_correct": "362.25", "train_ppl": "36", "train_accuracy": "29.959", "train_wps": "1566.1", "train_ups": "1.3", "train_wpb": "1209.2", "train_bsz": "75", "train_num_updates": "1896", "train_lr": "0.000978444", "train_gnorm": "3.626", "train_loss_scale": "128", "train_train_wall": "10", "train_gb_free": "42.8", "train_wall": "1524"}
[2026-08-29 23:57:53,736][fairseq.logging.progress_bar][WARNING] - tensorboard not found, please install with: pip install tensorboard
[2026-08-29 23:57:53,822][fairseq.trainer][INFO] - begin training epoch 80
[2026-08-29 23:57:53,824][fairseq_cli.train][INFO] - Start iterating over samples
[2026-08-29 23:57:56,583][train_inner][INFO] - {"epoch": 80, "update": 79.167, "loss": "92.518", "nll_loss": "5.205", "total": "1216.6", "n_correct": "359.55", "ppl": "36.88", "accuracy": "29.554", "wps": "1532.8", "ups": "1.26", "wpb": "1216.6", "bsz": "75.5", "num_updates": "1900", "lr": "0.000975517", "gnorm": "3.738", "loss_scale": "128", "train_wall": "41", "gb_free": "42.8", "wall": "1528"}
[2026-08-29 23:58:04,724][fairseq_cli.train][INFO] - begin validation on "valid" subset
[2026-08-29 23:58:05,027][fairseq.logging.progress_bar][WARNING] - tensorboard not found, please install with: pip install tensorboard
[2026-08-29 23:58:06,875][valid][INFO] - {"epoch": 80, "valid_loss": "104.905", "valid_nll_loss": "6.03", "valid_total": "291.154", "valid_n_correct": "72.2308", "valid_ppl": "65.33", "valid_accuracy": "24.808", "valid_wps": "4369.9", "valid_wpb": "291.2", "valid_bsz": "18.1", "valid_num_updates": "1920", "valid_best_accuracy": "25.02"}
[2026-08-29 23:58:06,878][fairseq.checkpoint_utils][INFO] - Preparing to save checkpoint for epoch 80 @ 1920 updates
[2026-08-29 23:58:06,879][fairseq.trainer][INFO] - Saving checkpoint to checkpoints/checkpoint_last.pt
[2026-08-29 23:58:09,211][fairseq.trainer][INFO] - Finished saving checkpoint to checkpoints/checkpoint_last.pt
[2026-08-29 23:58:09,217][fairseq.checkpoint_utils][INFO] - Saved checkpoint checkpoints/checkpoint_last.pt (epoch 80 @ 1920 updates, score 24.808) (writing took 2.339247633703053 seconds)
[2026-08-29 23:58:09,218][fairseq_cli.train][INFO] - end of epoch 80 (average epoch stats below)
[2026-08-29 23:58:09,219][train][INFO] - {"epoch": 80, "train_loss": "92.232", "train_nll_loss": "5.179", "train_total": "1209.17", "train_n_correct": "357.042", "train_ppl": "36.23", "train_accuracy": "29.528", "train_wps": "1834", "train_ups": "1.52", "train_wpb": "1209.2", "train_bsz": "75", "train_num_updates": "1920", "train_lr": "0.000961014", "train_gnorm": "3.67", "train_loss_scale": "128", "train_train_wall": "10", "train_gb_free": "42.8", "train_wall": "1540"}
[2026-08-29 23:58:09,452][fairseq.logging.progress_bar][WARNING] - tensorboard not found, please install with: pip install tensorboard
[2026-08-29 23:58:09,454][fairseq.trainer][INFO] - begin training epoch 81
[2026-08-29 23:58:09,455][fairseq_cli.train][INFO] - Start iterating over samples
[2026-08-29 23:58:20,555][fairseq_cli.train][INFO] - begin validation on "valid" subset
[2026-08-29 23:58:20,824][fairseq.logging.progress_bar][WARNING] - tensorboard not found, please install with: pip install tensorboard
[2026-08-29 23:58:22,690][valid][INFO] - {"epoch": 81, "valid_loss": "104.343", "valid_nll_loss": "5.992", "valid_total": "291.154", "valid_n_correct": "73.9231", "valid_ppl": "63.66", "valid_accuracy": "25.39", "valid_wps": "4445", "valid_wpb": "291.2", "valid_bsz": "18.1", "valid_num_updates": "1944", "valid_best_accuracy": "25.39"}
[2026-08-29 23:58:22,692][fairseq.checkpoint_utils][INFO] - Preparing to save checkpoint for epoch 81 @ 1944 updates
[2026-08-29 23:58:22,692][fairseq.trainer][INFO] - Saving checkpoint to checkpoints/checkpoint_best.pt
[2026-08-29 23:58:25,154][fairseq.trainer][INFO] - Finished saving checkpoint to checkpoints/checkpoint_best.pt
[2026-08-29 23:58:28,010][fairseq.checkpoint_utils][INFO] - Saved checkpoint checkpoints/checkpoint_best.pt (epoch 81 @ 1944 updates, score 25.39) (writing took 5.318357160314918 seconds)
[2026-08-29 23:58:28,013][fairseq_cli.train][INFO] - end of epoch 81 (average epoch stats below)
[2026-08-29 23:58:28,015][train][INFO] - {"epoch": 81, "train_loss": "91.665", "train_nll_loss": "5.139", "train_total": "1209.17", "train_n_correct": "362.083", "train_ppl": "35.24", "train_accuracy": "29.945", "train_wps": "1544.1", "train_ups": "1.28", "train_wpb": "1209.2", "train_bsz": "75", "train_num_updates": "1944", "train_lr": "0.000943895", "train_gnorm": "3.687", "train_loss_scale": "128", "train_train_wall": "10", "train_gb_free": "42.9", "train_wall": "1559"}
[2026-08-29 23:58:28,359][fairseq.logging.progress_bar][WARNING] - tensorboard not found, please install with: pip install tensorboard
[2026-08-29 23:58:28,362][fairseq.trainer][INFO] - begin training epoch 82
[2026-08-29 23:58:28,363][fairseq_cli.train][INFO] - Start iterating over samples
[2026-08-29 23:58:39,299][fairseq_cli.train][INFO] - begin validation on "valid" subset
[2026-08-29 23:58:39,538][fairseq.logging.progress_bar][WARNING] - tensorboard not found, please install with: pip install tensorboard
[2026-08-29 23:58:41,486][valid][INFO] - {"epoch": 82, "valid_loss": "104.861", "valid_nll_loss": "6.026", "valid_total": "291.154", "valid_n_correct": "72.1538", "valid_ppl": "65.15", "valid_accuracy": "24.782", "valid_wps": "4316.4", "valid_wpb": "291.2", "valid_bsz": "18.1", "valid_num_updates": "1968", "valid_best_accuracy": "25.39"}
[2026-08-29 23:58:41,489][fairseq.checkpoint_utils][INFO] - Preparing to save checkpoint for epoch 82 @ 1968 updates
[2026-08-29 23:58:41,490][fairseq.trainer][INFO] - Saving checkpoint to checkpoints/checkpoint_last.pt
[2026-08-29 23:58:43,660][fairseq.trainer][INFO] - Finished saving checkpoint to checkpoints/checkpoint_last.pt
[2026-08-29 23:58:43,662][fairseq.checkpoint_utils][INFO] - Saved checkpoint checkpoints/checkpoint_last.pt (epoch 82 @ 1968 updates, score 24.782) (writing took 2.173020701855421 seconds)
[2026-08-29 23:58:43,663][fairseq_cli.train][INFO] - end of epoch 82 (average epoch stats below)
[2026-08-29 23:58:43,664][train][INFO] - {"epoch": 82, "train_loss": "91.668", "train_nll_loss": "5.14", "train_total": "1209.17", "train_n_correct": "361.708", "train_ppl": "35.25", "train_accuracy": "29.914", "train_wps": "1854.9", "train_ups": "1.53", "train_wpb": "1209.2", "train_bsz": "75", "train_num_updates": "1968", "train_lr": "0.000927081", "train_gnorm": "3.802", "train_loss_scale": "128", "train_train_wall": "10", "train_gb_free": "42.8", "train_wall": "1575"}
[2026-08-29 23:58:43,858][fairseq.logging.progress_bar][WARNING] - tensorboard not found, please install with: pip install tensorboard
[2026-08-29 23:58:43,861][fairseq.trainer][INFO] - begin training epoch 83
[2026-08-29 23:58:43,861][fairseq_cli.train][INFO] - Start iterating over samples
[2026-08-29 23:58:55,460][fairseq_cli.train][INFO] - begin validation on "valid" subset
[2026-08-29 23:58:55,740][fairseq.logging.progress_bar][WARNING] - tensorboard not found, please install with: pip install tensorboard
[2026-08-29 23:58:57,664][valid][INFO] - {"epoch": 83, "valid_loss": "104.615", "valid_nll_loss": "6.008", "valid_total": "291.154", "valid_n_correct": "72.4615", "valid_ppl": "64.37", "valid_accuracy": "24.888", "valid_wps": "4427.9", "valid_wpb": "291.2", "valid_bsz": "18.1", "valid_num_updates": "1992", "valid_best_accuracy": "25.39"}
[2026-08-29 23:58:57,667][fairseq.checkpoint_utils][INFO] - Preparing to save checkpoint for epoch 83 @ 1992 updates
[2026-08-29 23:58:57,667][fairseq.trainer][INFO] - Saving checkpoint to checkpoints/checkpoint_last.pt
[2026-08-29 23:59:00,151][fairseq.trainer][INFO] - Finished saving checkpoint to checkpoints/checkpoint_last.pt
[2026-08-29 23:59:00,153][fairseq.checkpoint_utils][INFO] - Saved checkpoint checkpoints/checkpoint_last.pt (epoch 83 @ 1992 updates, score 24.888) (writing took 2.4861599346622825 seconds)
[2026-08-29 23:59:00,154][fairseq_cli.train][INFO] - end of epoch 83 (average epoch stats below)
[2026-08-29 23:59:00,155][train][INFO] - {"epoch": 83, "train_loss": "91.881", "train_nll_loss": "5.154", "train_total": "1209.17", "train_n_correct": "362.375", "train_ppl": "35.61", "train_accuracy": "29.969", "train_wps": "1760.1", "train_ups": "1.46", "train_wpb": "1209.2", "train_bsz": "75", "train_num_updates": "1992", "train_lr": "0.000910566", "train_gnorm": "3.716", "train_loss_scale": "128", "train_train_wall": "10", "train_gb_free": "42.7", "train_wall": "1591"}
[2026-08-29 23:59:00,392][fairseq.logging.progress_bar][WARNING] - tensorboard not found, please install with: pip install tensorboard
[2026-08-29 23:59:00,395][fairseq.trainer][INFO] - begin training epoch 84
[2026-08-29 23:59:00,396][fairseq_cli.train][INFO] - Start iterating over samples
[2026-08-29 23:59:05,229][train_inner][INFO] - {"epoch": 84, "update": 83.333, "loss": "91.815", "nll_loss": "5.158", "total": "1212.59", "n_correct": "361.05", "ppl": "35.71", "accuracy": "29.775", "wps": "1766.5", "ups": "1.46", "wpb": "1212.6", "bsz": "75.3", "num_updates": "2000", "lr": "0.000905126", "gnorm": "3.711", "loss_scale": "128", "train_wall": "41", "gb_free": "42.8", "wall": "1596"}
[2026-08-29 23:59:11,736][fairseq_cli.train][INFO] - begin validation on "valid" subset
[2026-08-29 23:59:11,934][fairseq.logging.progress_bar][WARNING] - tensorboard not found, please install with: pip install tensorboard
[2026-08-29 23:59:13,844][valid][INFO] - {"epoch": 84, "valid_loss": "104.79", "valid_nll_loss": "6.019", "valid_total": "291.154", "valid_n_correct": "73.0769", "valid_ppl": "64.84", "valid_accuracy": "25.099", "valid_wps": "4068.2", "valid_wpb": "291.2", "valid_bsz": "18.1", "valid_num_updates": "2016", "valid_best_accuracy": "25.39"}
[2026-08-29 23:59:13,848][fairseq.checkpoint_utils][INFO] - Preparing to save checkpoint for epoch 84 @ 2016 updates
[2026-08-29 23:59:13,850][fairseq.trainer][INFO] - Saving checkpoint to checkpoints/checkpoint_last.pt
[2026-08-29 23:59:16,210][fairseq.trainer][INFO] - Finished saving checkpoint to checkpoints/checkpoint_last.pt
[2026-08-29 23:59:16,212][fairseq.checkpoint_utils][INFO] - Saved checkpoint checkpoints/checkpoint_last.pt (epoch 84 @ 2016 updates, score 25.099) (writing took 2.3639628412202 seconds)
[2026-08-29 23:59:16,213][fairseq_cli.train][INFO] - end of epoch 84 (average epoch stats below)
[2026-08-29 23:59:16,214][train][INFO] - {"epoch": 84, "train_loss": "91.978", "train_nll_loss": "5.161", "train_total": "1209.17", "train_n_correct": "361.167", "train_ppl": "35.78", "train_accuracy": "29.869", "train_wps": "1807.2", "train_ups": "1.49", "train_wpb": "1209.2", "train_bsz": "75", "train_num_updates": "2016", "train_lr": "0.000894345", "train_gnorm": "3.744", "train_loss_scale": "128", "train_train_wall": "10", "train_gb_free": "42.8", "train_wall": "1607"}
[2026-08-29 23:59:16,418][fairseq.logging.progress_bar][WARNING] - tensorboard not found, please install with: pip install tensorboard
[2026-08-29 23:59:16,420][fairseq.trainer][INFO] - begin training epoch 85
[2026-08-29 23:59:16,421][fairseq_cli.train][INFO] - Start iterating over samples
[2026-08-29 23:59:27,670][fairseq_cli.train][INFO] - begin validation on "valid" subset
[2026-08-29 23:59:27,922][fairseq.logging.progress_bar][WARNING] - tensorboard not found, please install with: pip install tensorboard
[2026-08-29 23:59:30,079][valid][INFO] - {"epoch": 85, "valid_loss": "104.497", "valid_nll_loss": "6.003", "valid_total": "291.154", "valid_n_correct": "72.6154", "valid_ppl": "64.12", "valid_accuracy": "24.941", "valid_wps": "3300.4", "valid_wpb": "291.2", "valid_bsz": "18.1", "valid_num_updates": "2040", "valid_best_accuracy": "25.39"}
[2026-08-29 23:59:30,082][fairseq.checkpoint_utils][INFO] - Preparing to save checkpoint for epoch 85 @ 2040 updates
[2026-08-29 23:59:30,082][fairseq.trainer][INFO] - Saving checkpoint to checkpoints/checkpoint_last.pt
[2026-08-29 23:59:32,285][fairseq.trainer][INFO] - Finished saving checkpoint to checkpoints/checkpoint_last.pt
[2026-08-29 23:59:32,291][fairseq.checkpoint_utils][INFO] - Saved checkpoint checkpoints/checkpoint_last.pt (epoch 85 @ 2040 updates, score 24.941) (writing took 2.2097349083051085 seconds)
[2026-08-29 23:59:32,292][fairseq_cli.train][INFO] - end of epoch 85 (average epoch stats below)
[2026-08-29 23:59:32,293][train][INFO] - {"epoch": 85, "train_loss": "91.49", "train_nll_loss": "5.126", "train_total": "1209.17", "train_n_correct": "365.333", "train_ppl": "34.93", "train_accuracy": "30.214", "train_wps": "1804.9", "train_ups": "1.49", "train_wpb": "1209.2", "train_bsz": "75", "train_num_updates": "2040", "train_lr": "0.000878413", "train_gnorm": "3.746", "train_loss_scale": "128", "train_train_wall": "10", "train_gb_free": "42.7", "train_wall": "1623"}
[2026-08-29 23:59:32,599][fairseq.logging.progress_bar][WARNING] - tensorboard not found, please install with: pip install tensorboard
[2026-08-29 23:59:32,621][fairseq.trainer][INFO] - begin training epoch 86
[2026-08-29 23:59:32,622][fairseq_cli.train][INFO] - Start iterating over samples
[2026-08-29 23:59:43,555][fairseq_cli.train][INFO] - begin validation on "valid" subset
[2026-08-29 23:59:43,787][fairseq.logging.progress_bar][WARNING] - tensorboard not found, please install with: pip install tensorboard
[2026-08-29 23:59:45,680][valid][INFO] - {"epoch": 86, "valid_loss": "104.131", "valid_nll_loss": "5.98", "valid_total": "291.154", "valid_n_correct": "72.4615", "valid_ppl": "63.12", "valid_accuracy": "24.888", "valid_wps": "4442.1", "valid_wpb": "291.2", "valid_bsz": "18.1", "valid_num_updates": "2064", "valid_best_accuracy": "25.39"}
[2026-08-29 23:59:45,682][fairseq.checkpoint_utils][INFO] - Preparing to save checkpoint for epoch 86 @ 2064 updates
[2026-08-29 23:59:45,683][fairseq.trainer][INFO] - Saving checkpoint to checkpoints/checkpoint_last.pt
[2026-08-29 23:59:47,910][fairseq.trainer][INFO] - Finished saving checkpoint to checkpoints/checkpoint_last.pt
[2026-08-29 23:59:47,911][fairseq.checkpoint_utils][INFO] - Saved checkpoint checkpoints/checkpoint_last.pt (epoch 86 @ 2064 updates, score 24.888) (writing took 2.2289411267265677 seconds)
[2026-08-29 23:59:47,912][fairseq_cli.train][INFO] - end of epoch 86 (average epoch stats below)
[2026-08-29 23:59:47,913][train][INFO] - {"epoch": 86, "train_loss": "91.705", "train_nll_loss": "5.142", "train_total": "1209.17", "train_n_correct": "362.417", "train_ppl": "35.3", "train_accuracy": "29.972", "train_wps": "1858", "train_ups": "1.54", "train_wpb": "1209.2", "train_bsz": "75", "train_num_updates": "2064", "train_lr": "0.000862766", "train_gnorm": "4.001", "train_loss_scale": "128", "train_train_wall": "10", "train_gb_free": "42.8", "train_wall": "1639"}
[2026-08-29 23:59:48,120][fairseq.logging.progress_bar][WARNING] - tensorboard not found, please install with: pip install tensorboard
[2026-08-29 23:59:48,123][fairseq.trainer][INFO] - begin training epoch 87
[2026-08-29 23:59:48,123][fairseq_cli.train][INFO] - Start iterating over samples
[2026-08-29 23:59:59,359][fairseq_cli.train][INFO] - begin validation on "valid" subset
[2026-08-29 23:59:59,566][fairseq.logging.progress_bar][WARNING] - tensorboard not found, please install with: pip install tensorboard
[2026-08-30 00:00:03,076][valid][INFO] - {"epoch": 87, "valid_loss": "104.597", "valid_nll_loss": "6.01", "valid_total": "291.154", "valid_n_correct": "73.8462", "valid_ppl": "64.43", "valid_accuracy": "25.363", "valid_wps": "4364.8", "valid_wpb": "291.2", "valid_bsz": "18.1", "valid_num_updates": "2088", "valid_best_accuracy": "25.39"}
[2026-08-30 00:00:03,079][fairseq.checkpoint_utils][INFO] - Preparing to save checkpoint for epoch 87 @ 2088 updates
[2026-08-30 00:00:03,080][fairseq.trainer][INFO] - Saving checkpoint to checkpoints/checkpoint_last.pt
[2026-08-30 00:00:05,368][fairseq.trainer][INFO] - Finished saving checkpoint to checkpoints/checkpoint_last.pt
[2026-08-30 00:00:05,375][fairseq.checkpoint_utils][INFO] - Saved checkpoint checkpoints/checkpoint_last.pt (epoch 87 @ 2088 updates, score 25.363) (writing took 2.2964612003415823 seconds)
[2026-08-30 00:00:05,376][fairseq_cli.train][INFO] - end of epoch 87 (average epoch stats below)
[2026-08-30 00:00:05,377][train][INFO] - {"epoch": 87, "train_loss": "91.334", "train_nll_loss": "5.116", "train_total": "1209.17", "train_n_correct": "368.625", "train_ppl": "34.68", "train_accuracy": "30.486", "train_wps": "1661.8", "train_ups": "1.37", "train_wpb": "1209.2", "train_bsz": "75", "train_num_updates": "2088", "train_lr": "0.000847396", "train_gnorm": "3.9", "train_loss_scale": "128", "train_train_wall": "10", "train_gb_free": "42.8", "train_wall": "1656"}
[2026-08-30 00:00:05,710][fairseq.logging.progress_bar][WARNING] - tensorboard not found, please install with: pip install tensorboard
[2026-08-30 00:00:05,721][fairseq.trainer][INFO] - begin training epoch 88
[2026-08-30 00:00:05,722][fairseq_cli.train][INFO] - Start iterating over samples
[2026-08-30 00:00:11,755][train_inner][INFO] - {"epoch": 88, "update": 87.5, "loss": "91.397", "nll_loss": "5.124", "total": "1196.64", "n_correct": "362.29", "ppl": "34.87", "accuracy": "30.276", "wps": "1798.8", "ups": "1.5", "wpb": "1196.6", "bsz": "74.3", "num_updates": "2100", "lr": "0.000839815", "gnorm": "3.864", "loss_scale": "128", "train_wall": "41", "gb_free": "42.7", "wall": "1663"}
[2026-08-30 00:00:16,598][fairseq_cli.train][INFO] - begin validation on "valid" subset
[2026-08-30 00:00:16,821][fairseq.logging.progress_bar][WARNING] - tensorboard not found, please install with: pip install tensorboard
[2026-08-30 00:00:18,624][valid][INFO] - {"epoch": 88, "valid_loss": "104.65", "valid_nll_loss": "6.01", "valid_total": "291.154", "valid_n_correct": "72.8462", "valid_ppl": "64.42", "valid_accuracy": "25.02", "valid_wps": "4417.4", "valid_wpb": "291.2", "valid_bsz": "18.1", "valid_num_updates": "2112", "valid_best_accuracy": "25.39"}
[2026-08-30 00:00:18,627][fairseq.checkpoint_utils][INFO] - Preparing to save checkpoint for epoch 88 @ 2112 updates
[2026-08-30 00:00:18,628][fairseq.trainer][INFO] - Saving checkpoint to checkpoints/checkpoint_last.pt
[2026-08-30 00:00:20,853][fairseq.trainer][INFO] - Finished saving checkpoint to checkpoints/checkpoint_last.pt
[2026-08-30 00:00:20,859][fairseq.checkpoint_utils][INFO] - Saved checkpoint checkpoints/checkpoint_last.pt (epoch 88 @ 2112 updates, score 25.02) (writing took 2.2321829963475466 seconds)
[2026-08-30 00:00:20,860][fairseq_cli.train][INFO] - end of epoch 88 (average epoch stats below)
[2026-08-30 00:00:20,862][train][INFO] - {"epoch": 88, "train_loss": "90.97", "train_nll_loss": "5.09", "train_total": "1209.17", "train_n_correct": "369.583", "train_ppl": "34.06", "train_accuracy": "30.565", "train_wps": "1874.3", "train_ups": "1.55", "train_wpb": "1209.2", "train_bsz": "75", "train_num_updates": "2112", "train_lr": "0.000832301", "train_gnorm": "3.749", "train_loss_scale": "128", "train_train_wall": "10", "train_gb_free": "42.7", "train_wall": "1672"}
[2026-08-30 00:00:21,129][fairseq.logging.progress_bar][WARNING] - tensorboard not found, please install with: pip install tensorboard
[2026-08-30 00:00:21,132][fairseq.trainer][INFO] - begin training epoch 89
[2026-08-30 00:00:21,133][fairseq_cli.train][INFO] - Start iterating over samples
[2026-08-30 00:00:32,362][fairseq_cli.train][INFO] - begin validation on "valid" subset
[2026-08-30 00:00:33,226][fairseq.logging.progress_bar][WARNING] - tensorboard not found, please install with: pip install tensorboard
[2026-08-30 00:00:35,167][valid][INFO] - {"epoch": 89, "valid_loss": "104.755", "valid_nll_loss": "6.016", "valid_total": "291.154", "valid_n_correct": "72.7692", "valid_ppl": "64.71", "valid_accuracy": "24.993", "valid_wps": "4443.3", "valid_wpb": "291.2", "valid_bsz": "18.1", "valid_num_updates": "2136", "valid_best_accuracy": "25.39"}
[2026-08-30 00:00:35,169][fairseq_cli.train][INFO] - early stop since valid performance hasn't improved for last 8 runs
[2026-08-30 00:00:35,171][fairseq.checkpoint_utils][INFO] - Preparing to save checkpoint for epoch 89 @ 2136 updates
[2026-08-30 00:00:35,172][fairseq.trainer][INFO] - Saving checkpoint to checkpoints/checkpoint_last.pt
[2026-08-30 00:00:37,525][fairseq.trainer][INFO] - Finished saving checkpoint to checkpoints/checkpoint_last.pt
[2026-08-30 00:00:37,527][fairseq.checkpoint_utils][INFO] - Saved checkpoint checkpoints/checkpoint_last.pt (epoch 89 @ 2136 updates, score 24.993) (writing took 2.355319855734706 seconds)
[2026-08-30 00:00:37,528][fairseq_cli.train][INFO] - end of epoch 89 (average epoch stats below)
[2026-08-30 00:00:37,529][train][INFO] - {"epoch": 89, "train_loss": "91.19", "train_nll_loss": "5.105", "train_total": "1209.17", "train_n_correct": "365.542", "train_ppl": "34.42", "train_accuracy": "30.231", "train_wps": "1741.3", "train_ups": "1.44", "train_wpb": "1209.2", "train_bsz": "75", "train_num_updates": "2136", "train_lr": "0.000817475", "train_gnorm": "3.782", "train_loss_scale": "128", "train_train_wall": "10", "train_gb_free": "42.7", "train_wall": "1689"}
[2026-08-30 00:00:37,530][fairseq_cli.train][INFO] - done training in 1688.3 seconds
workspace/scripts/common/run_finetune.sh: line 71: unexpected EOF while looking for matching `"'
