config: aispeak_lora_encdec   data: /workspace/av-hubert-ai-speak/data/aispeak_ser_data
[2026-08-30 00:01:16,412][fairseq_cli.train][INFO] - {'_name': None, 'common': {'_name': None, 'no_progress_bar': False, 'log_interval': 100, 'log_format': 'json', 'log_file': None, 'tensorboard_logdir': 'tblog', 'wandb_project': None, 'azureml_logging': False, 'seed': 1337, 'cpu': False, 'tpu': False, 'bf16': False, 'memory_efficient_bf16': False, 'fp16': True, 'memory_efficient_fp16': False, 'fp16_no_flatten_grads': False, 'fp16_init_scale': 128, 'fp16_scale_window': None, 'fp16_scale_tolerance': 0.0, 'on_cpu_convert_precision': False, 'min_loss_scale': 0.0001, 'threshold_loss_scale': None, 'amp': False, 'amp_batch_retries': 2, 'amp_init_scale': 128, 'amp_scale_window': None, 'user_dir': '/workspace/av-hubert-ai-speak/av_hubert/avhubert', 'empty_cache_freq': 0, 'all_gather_list_size': 16384, 'model_parallel_size': 1, 'quantization_config_path': None, 'profile': False, 'reset_logging': False, 'suppress_crashes': False, 'use_plasma_view': False, 'plasma_path': '/tmp/plasma'}, 'common_eval': {'_name': None, 'path': None, 'post_process': None, 'quiet': False, 'model_overrides': '{}', 'results_path': None}, 'distributed_training': {'_name': None, 'distributed_world_size': 1, 'distributed_num_procs': 1, 'distributed_rank': 0, 'distributed_backend': 'nccl', 'distributed_init_method': None, 'distributed_port': -1, 'device_id': 0, 'distributed_no_spawn': False, 'ddp_backend': 'c10d', 'ddp_comm_hook': 'none', 'bucket_cap_mb': 25, 'fix_batches_to_gpus': False, 'find_unused_parameters': True, 'fast_stat_sync': False, 'heartbeat_timeout': -1, 'broadcast_buffers': False, 'slowmo_momentum': None, 'slowmo_algorithm': 'LocalSGD', 'localsgd_frequency': 3, 'nprocs_per_node': 1, 'pipeline_model_parallel': False, 'pipeline_balance': None, 'pipeline_devices': None, 'pipeline_chunks': 0, 'pipeline_encoder_balance': None, 'pipeline_encoder_devices': None, 'pipeline_decoder_balance': None, 'pipeline_decoder_devices': None, 'pipeline_checkpoint': 'never', 'zero_sharding': 'none', 'fp16': True, 'memory_efficient_fp16': False, 'tpu': False, 'no_reshard_after_forward': False, 'fp32_reduce_scatter': False, 'cpu_offload': False, 'use_sharded_state': False}, 'dataset': {'_name': None, 'num_workers': 8, 'skip_invalid_size_inputs_valid_test': False, 'max_tokens': 2000, 'batch_size': None, 'required_batch_size_multiple': 8, 'required_seq_len_multiple': 1, 'dataset_impl': None, 'data_buffer_size': 10, 'train_subset': 'train', 'valid_subset': 'valid', 'combine_valid_subsets': None, 'ignore_unused_valid_subsets': False, 'validate_interval': 1, 'validate_interval_updates': 0, 'validate_after_updates': 0, 'fixed_validation_seed': None, 'disable_validation': False, 'max_tokens_valid': 2000, 'batch_size_valid': None, 'max_valid_steps': None, 'curriculum': 0, 'gen_subset': 'test', 'num_shards': 1, 'shard_id': 0}, 'optimization': {'_name': None, 'max_epoch': 0, 'max_update': 3000, 'stop_time_hours': 0.0, 'clip_norm': 0.0, 'sentence_avg': True, 'update_freq': [4], 'lr': [0.003], 'stop_min_lr': -1.0, 'use_bmuf': False}, 'checkpoint': {'_name': None, 'save_dir': 'checkpoints', 'restore_file': 'checkpoint_last.pt', 'finetune_from_model': None, 'reset_dataloader': False, 'reset_lr_scheduler': False, 'reset_meters': False, 'reset_optimizer': False, 'optimizer_overrides': '{}', 'save_interval': 1, 'save_interval_updates': 0, 'keep_interval_updates': 1, 'keep_interval_updates_pattern': -1, 'keep_last_epochs': -1, 'keep_best_checkpoints': -1, 'no_save': False, 'no_epoch_checkpoints': True, 'no_last_checkpoints': False, 'no_save_optimizer_state': False, 'best_checkpoint_metric': 'accuracy', 'maximize_best_checkpoint_metric': True, 'patience': 8, 'checkpoint_suffix': '', 'checkpoint_shard_count': 1, 'load_checkpoint_on_all_dp_ranks': False, 'write_checkpoints_asynchronously': False, 'model_parallel_size': 1}, 'bmuf': {'_name': None, 'block_lr': 1.0, 'block_momentum': 0.875, 'global_sync_iter': 50, 'warmup_iterations': 500, 'use_nbm': False, 'average_sync': False, 'distributed_world_size': 1}, 'generation': {'_name': None, 'beam': 5, 'nbest': 1, 'max_len_a': 0.0, 'max_len_b': 200, 'min_len': 1, 'match_source_len': False, 'unnormalized': False, 'no_early_stop': False, 'no_beamable_mm': False, 'lenpen': 1.0, 'unkpen': 0.0, 'replace_unk': None, 'sacrebleu': False, 'score_reference': False, 'prefix_size': 0, 'no_repeat_ngram_size': 0, 'sampling': False, 'sampling_topk': -1, 'sampling_topp': -1.0, 'constraints': None, 'temperature': 1.0, 'diverse_beam_groups': -1, 'diverse_beam_strength': 0.5, 'diversity_rate': -1.0, 'print_alignment': None, 'print_step': False, 'lm_path': None, 'lm_weight': 0.0, 'iter_decode_eos_penalty': 0.0, 'iter_decode_max_iter': 10, 'iter_decode_force_max_iter': False, 'iter_decode_with_beam': 1, 'iter_decode_with_external_reranker': False, 'retain_iter_history': False, 'retain_dropout': False, 'retain_dropout_modules': None, 'decoding_format': None, 'no_seed_provided': False}, 'eval_lm': {'_name': None, 'output_word_probs': False, 'output_word_stats': False, 'context_window': 0, 'softmax_batch': 9223372036854775807}, 'interactive': {'_name': None, 'buffer_size': 0, 'input': '-'}, 'model': {'_name': 'av_hubert_seq2seq', 'w2v_path': '/workspace/av-hubert-ai-speak/workspace/checkpoints/base_vox_433h_encoder.pt', 'lora_enable': True, 'lora_r': 16, 'lora_alpha': 16, 'lora_dropout': 0.05, 'lora_targets': 'q_proj,v_proj', 'lora_scope': 'all', 'freeze_finetune_updates': 0, 'apply_mask': False, 'mask_selection': 'static', 'mask_length': 10, 'mask_other': 0, 'mask_prob': 0.75, 'mask_channel_selection': 'static', 'mask_channel_length': 64, 'mask_channel_other': 0, 'mask_channel_prob': 0.5, 'layerdrop': 0.1, 'dropout': 0.0, 'activation_dropout': 0.1, 'attention_dropout': 0.0, 'feature_grad_mult': 1.0, 'decoder_layers': 6, 'decoder_dropout': 0.1, 'decoder_attention_dropout': 0.0, 'decoder_activation_dropout': 0.1, 'share_decoder_input_output_embed': True, 'decoder_normalize_before': True}, 'task': {'_name': 'av_hubert_pretraining', 'is_s2s': True, 'data': '/workspace/av-hubert-ai-speak/data/aispeak_ser_data', 'label_dir': '/workspace/av-hubert-ai-speak/data/aispeak_ser_data', 'tokenizer_bpe_model': '/workspace/av-hubert-ai-speak/data/aispeak_ser_data/spm_unigram500.model', 'normalize': True, 'labels': ['wrd'], 'single_target': True, 'fine_tuning': True, 'stack_order_audio': 4, 'tokenizer_bpe_name': 'sentencepiece', 'max_sample_size': 500, 'modalities': ['video'], 'image_aug': True, 'pad_audio': True, 'random_crop': False}, 'criterion': {'_name': 'label_smoothed_cross_entropy', 'label_smoothing': 0.1, 'report_accuracy': True, 'ignore_prefix_size': 0, 'sentence_avg': True}, 'optimizer': {'_name': 'adam', 'adam_betas': '(0.9,0.98)', 'adam_eps': 1e-08, 'weight_decay': 0.0, 'use_old_adam': False, 'tpu': False, 'lr': [0.003]}, 'lr_scheduler': {'_name': 'tri_stage', 'warmup_steps': 400, 'hold_steps': 0, 'decay_steps': 4000, 'phase_ratio': None, 'init_lr_scale': 0.01, 'final_lr_scale': 0.05, 'max_update': 3000, 'lr': [0.003]}, 'scoring': None, 'bpe': None, 'tokenizer': None, 'job_logging_cfg': {'version': 1, 'formatters': {'simple': {'format': '[%(asctime)s][%(name)s][%(levelname)s] - %(message)s'}}, 'handlers': {'console': {'class': 'logging.StreamHandler', 'formatter': 'simple', 'stream': 'ext://sys.stdout'}, 'file': {'class': 'logging.FileHandler', 'formatter': 'simple', 'filename': 'hydra_train.log'}}, 'root': {'level': 'INFO', 'handlers': ['console', 'file']}, 'disable_existing_loggers': False}}
[2026-08-30 00:01:16,421][avhubert.hubert_pretraining][INFO] - current directory is /workspace/av-hubert-ai-speak/workspace/experiments/final_encdec
[2026-08-30 00:01:16,422][avhubert.hubert_pretraining][INFO] - AVHubertPretrainingTask Config {'_name': 'av_hubert_pretraining', 'data': '/workspace/av-hubert-ai-speak/data/aispeak_ser_data', 'labels': ['wrd'], 'label_dir': '/workspace/av-hubert-ai-speak/data/aispeak_ser_data', 'label_rate': -1, 'sample_rate': 16000, 'normalize': True, 'enable_padding': False, 'max_sample_size': 500, 'min_sample_size': None, 'max_trim_sample_size': '${task.max_sample_size}', 'single_target': True, 'random_crop': False, 'pad_audio': True, 'pdb': False, 'stack_order_audio': 4, 'skip_verify': False, 'image_aug': True, 'image_crop_size': 88, 'image_mean': 0.421, 'image_std': 0.165, 'modalities': ['video'], 'is_s2s': True, 'tokenizer_bpe_name': 'sentencepiece', 'tokenizer_bpe_model': '/workspace/av-hubert-ai-speak/data/aispeak_ser_data/spm_unigram500.model', 'noise_wav': None, 'noise_prob': 0.0, 'noise_snr': '0', 'noise_num': 1, 'fine_tuning': True}
[2026-08-30 00:01:17,280][avhubert.hubert_pretraining][INFO] - current directory is /workspace/av-hubert-ai-speak/workspace/experiments/final_encdec
[2026-08-30 00:01:17,280][avhubert.hubert_pretraining][INFO] - AVHubertPretrainingTask Config {'_name': 'av_hubert_pretraining', 'data': '/workspace/av-hubert-ai-speak/data/aispeak_ser_data', 'labels': ['km'], 'label_dir': '/checkpoint/bshi/data/lrs3//video/hubert/stitch-iters/envox-iter4-l12c2000/', 'label_rate': 25, 'sample_rate': 25, 'normalize': True, 'enable_padding': False, 'max_sample_size': 2000, 'min_sample_size': 5, 'max_trim_sample_size': 400, 'single_target': False, 'random_crop': True, 'pad_audio': False, 'pdb': False, 'stack_order_audio': 4, 'skip_verify': False, 'image_aug': True, 'image_crop_size': 88, 'image_mean': 0.421, 'image_std': 0.165, 'modalities': ['audio', 'video'], 'is_s2s': False, 'tokenizer_bpe_name': None, 'tokenizer_bpe_model': None, 'noise_wav': None, 'noise_prob': 0.0, 'noise_snr': '0', 'noise_num': 1, 'fine_tuning': False}
[2026-08-30 00:01:17,288][avhubert.hubert][INFO] - HubertModel Config: {'_name': 'av_hubert', 'label_rate': 25, 'input_modality': '${task.input_modality}', 'extractor_mode': default, 'encoder_layers': 12, 'encoder_embed_dim': 768, 'encoder_ffn_embed_dim': 3072, 'encoder_attention_heads': 12, 'activation_fn': gelu, 'dropout': 0.0, 'attention_dropout': 0.0, 'activation_dropout': 0.1, 'encoder_layerdrop': 0.1, 'dropout_input': 0.0, 'dropout_features': 0.1, 'final_dim': 256, 'untie_final_proj': True, 'layer_norm_first': True, 'conv_feature_layers': '[(512,10,5)] + [(512,3,2)] * 4 + [(512,2,2)] * 2', 'conv_bias': False, 'logit_temp': 0.1, 'target_glu': False, 'feature_grad_mult': 1.0, 'mask_length_audio': 10, 'mask_prob_audio': 0.8, 'mask_length_image': 5, 'mask_prob_image': 0.3, 'mask_selection': static, 'mask_other': 0.0, 'no_mask_overlap': False, 'mask_min_space': 1, 'mask_channel_length': 10, 'mask_channel_prob': 0.0, 'mask_channel_selection': static, 'mask_channel_other': 0.0, 'no_mask_channel_overlap': False, 'mask_channel_min_space': 1, 'conv_pos': 128, 'conv_pos_groups': 16, 'latent_temp': [2.0, 0.5, 0.999995], 'skip_masked': False, 'skip_nomask': False, 'resnet_relu_type': 'prelu', 'resnet_weights': None, 'sim_type': 'cosine', 'sub_encoder_layers': 0, 'audio_feat_dim': 104, 'modality_dropout': 0.5, 'audio_dropout': 0.5, 'modality_fuse': 'concat', 'selection_type': 'same_seq', 'masking_type': 'input', 'decoder_embed_dim': 768, 'decoder_ffn_embed_dim': 3072, 'decoder_layers': 6, 'decoder_layerdrop': 0.0, 'decoder_attention_heads': 4, 'decoder_learned_pos': False, 'decoder_normalize_before': False, 'no_token_positional_embeddings': False, 'decoder_dropout': 0.1, 'decoder_attention_dropout': 0.1, 'decoder_activation_dropout': 0.0, 'max_target_positions': 2048, 'share_decoder_input_output_embed': False, 'no_scale_embedding': True}
[2026-08-30 00:01:22,155][avhubert.hubert_asr][INFO] - [LoRA] scope=all targets=('q_proj', 'v_proj') r=16 alpha=16: adapted 48 layers, trainable 1,179,648/161,409,256 (0.73%)
[2026-08-30 00:01:22,158][fairseq_cli.train][INFO] - AVHubertSeq2Seq(
  (encoder): HubertEncoderWrapper(
    (w2v_model): AVHubertModel(
      (feature_extractor_audio): SubModel(
        (proj): Linear(in_features=104, out_features=768, bias=True)
      )
      (feature_extractor_video): SubModel(
        (resnet): ResEncoder(
          (frontend3D): Sequential(
            (0): Conv3d(1, 64, kernel_size=(5, 7, 7), stride=(1, 2, 2), padding=(2, 3, 3), bias=False)
            (1): BatchNorm3d(64, eps=1e-05, momentum=0.1, affine=True, track_running_stats=True)
            (2): PReLU(num_parameters=64)
            (3): MaxPool3d(kernel_size=(1, 3, 3), stride=(1, 2, 2), padding=(0, 1, 1), dilation=1, ceil_mode=False)
          )
          (trunk): ResNet(
            (layer1): Sequential(
              (0): BasicBlock(
                (conv1): Conv2d(64, 64, kernel_size=(3, 3), stride=(1, 1), padding=(1, 1), bias=False)
                (bn1): BatchNorm2d(64, eps=1e-05, momentum=0.1, affine=True, track_running_stats=True)
                (relu1): PReLU(num_parameters=64)
                (relu2): PReLU(num_parameters=64)
                (conv2): Conv2d(64, 64, kernel_size=(3, 3), stride=(1, 1), padding=(1, 1), bias=False)
                (bn2): BatchNorm2d(64, eps=1e-05, momentum=0.1, affine=True, track_running_stats=True)
              )
              (1): BasicBlock(
                (conv1): Conv2d(64, 64, kernel_size=(3, 3), stride=(1, 1), padding=(1, 1), bias=False)
                (bn1): BatchNorm2d(64, eps=1e-05, momentum=0.1, affine=True, track_running_stats=True)
                (relu1): PReLU(num_parameters=64)
                (relu2): PReLU(num_parameters=64)
                (conv2): Conv2d(64, 64, kernel_size=(3, 3), stride=(1, 1), padding=(1, 1), bias=False)
                (bn2): BatchNorm2d(64, eps=1e-05, momentum=0.1, affine=True, track_running_stats=True)
              )
            )
            (layer2): Sequential(
              (0): BasicBlock(
                (conv1): Conv2d(64, 128, kernel_size=(3, 3), stride=(2, 2), padding=(1, 1), bias=False)
                (bn1): BatchNorm2d(128, eps=1e-05, momentum=0.1, affine=True, track_running_stats=True)
                (relu1): PReLU(num_parameters=128)
                (relu2): PReLU(num_parameters=128)
                (conv2): Conv2d(128, 128, kernel_size=(3, 3), stride=(1, 1), padding=(1, 1), bias=False)
                (bn2): BatchNorm2d(128, eps=1e-05, momentum=0.1, affine=True, track_running_stats=True)
                (downsample): Sequential(
                  (0): Conv2d(64, 128, kernel_size=(1, 1), stride=(2, 2), bias=False)
                  (1): BatchNorm2d(128, eps=1e-05, momentum=0.1, affine=True, track_running_stats=True)
                )
              )
              (1): BasicBlock(
                (conv1): Conv2d(128, 128, kernel_size=(3, 3), stride=(1, 1), padding=(1, 1), bias=False)
                (bn1): BatchNorm2d(128, eps=1e-05, momentum=0.1, affine=True, track_running_stats=True)
                (relu1): PReLU(num_parameters=128)
                (relu2): PReLU(num_parameters=128)
                (conv2): Conv2d(128, 128, kernel_size=(3, 3), stride=(1, 1), padding=(1, 1), bias=False)
                (bn2): BatchNorm2d(128, eps=1e-05, momentum=0.1, affine=True, track_running_stats=True)
              )
            )
            (layer3): Sequential(
              (0): BasicBlock(
                (conv1): Conv2d(128, 256, kernel_size=(3, 3), stride=(2, 2), padding=(1, 1), bias=False)
                (bn1): BatchNorm2d(256, eps=1e-05, momentum=0.1, affine=True, track_running_stats=True)
                (relu1): PReLU(num_parameters=256)
                (relu2): PReLU(num_parameters=256)
                (conv2): Conv2d(256, 256, kernel_size=(3, 3), stride=(1, 1), padding=(1, 1), bias=False)
                (bn2): BatchNorm2d(256, eps=1e-05, momentum=0.1, affine=True, track_running_stats=True)
                (downsample): Sequential(
                  (0): Conv2d(128, 256, kernel_size=(1, 1), stride=(2, 2), bias=False)
                  (1): BatchNorm2d(256, eps=1e-05, momentum=0.1, affine=True, track_running_stats=True)
                )
              )
              (1): BasicBlock(
                (conv1): Conv2d(256, 256, kernel_size=(3, 3), stride=(1, 1), padding=(1, 1), bias=False)
                (bn1): BatchNorm2d(256, eps=1e-05, momentum=0.1, affine=True, track_running_stats=True)
                (relu1): PReLU(num_parameters=256)
                (relu2): PReLU(num_parameters=256)
                (conv2): Conv2d(256, 256, kernel_size=(3, 3), stride=(1, 1), padding=(1, 1), bias=False)
                (bn2): BatchNorm2d(256, eps=1e-05, momentum=0.1, affine=True, track_running_stats=True)
              )
            )
            (layer4): Sequential(
              (0): BasicBlock(
                (conv1): Conv2d(256, 512, kernel_size=(3, 3), stride=(2, 2), padding=(1, 1), bias=False)
                (bn1): BatchNorm2d(512, eps=1e-05, momentum=0.1, affine=True, track_running_stats=True)
                (relu1): PReLU(num_parameters=512)
                (relu2): PReLU(num_parameters=512)
                (conv2): Conv2d(512, 512, kernel_size=(3, 3), stride=(1, 1), padding=(1, 1), bias=False)
                (bn2): BatchNorm2d(512, eps=1e-05, momentum=0.1, affine=True, track_running_stats=True)
                (downsample): Sequential(
                  (0): Conv2d(256, 512, kernel_size=(1, 1), stride=(2, 2), bias=False)
                  (1): BatchNorm2d(512, eps=1e-05, momentum=0.1, affine=True, track_running_stats=True)
                )
              )
              (1): BasicBlock(
                (conv1): Conv2d(512, 512, kernel_size=(3, 3), stride=(1, 1), padding=(1, 1), bias=False)
                (bn1): BatchNorm2d(512, eps=1e-05, momentum=0.1, affine=True, track_running_stats=True)
                (relu1): PReLU(num_parameters=512)
                (relu2): PReLU(num_parameters=512)
                (conv2): Conv2d(512, 512, kernel_size=(3, 3), stride=(1, 1), padding=(1, 1), bias=False)
                (bn2): BatchNorm2d(512, eps=1e-05, momentum=0.1, affine=True, track_running_stats=True)
              )
            )
            (avgpool): AdaptiveAvgPool2d(output_size=1)
          )
        )
        (proj): Linear(in_features=512, out_features=768, bias=True)
      )
      (post_extract_proj): Linear(in_features=1536, out_features=768, bias=True)
      (dropout_input): Dropout(p=0.0, inplace=False)
      (dropout_features): Dropout(p=0.1, inplace=False)
      (encoder): TransformerEncoder(
        (pos_conv): Sequential(
          (0): Conv1d(768, 768, kernel_size=(128,), stride=(1,), padding=(64,), groups=16)
          (1): SamePad()
          (2): GELU(approximate='none')
        )
        (layers): ModuleList(
          (0): TransformerSentenceEncoderLayer(
            (self_attn): MultiheadAttention(
              (dropout_module): FairseqDropout()
              (k_proj): Linear(in_features=768, out_features=768, bias=True)
              (v_proj): LoRALinear(
                (base): Linear(in_features=768, out_features=768, bias=True)
                (lora_dropout): Dropout(p=0.05, inplace=False)
              )
              (q_proj): LoRALinear(
                (base): Linear(in_features=768, out_features=768, bias=True)
                (lora_dropout): Dropout(p=0.05, inplace=False)
              )
              (out_proj): Linear(in_features=768, out_features=768, bias=True)
            )
            (dropout1): Dropout(p=0.0, inplace=False)
            (dropout2): Dropout(p=0.1, inplace=False)
            (dropout3): Dropout(p=0.0, inplace=False)
            (self_attn_layer_norm): LayerNorm((768,), eps=1e-05, elementwise_affine=True)
            (fc1): Linear(in_features=768, out_features=3072, bias=True)
            (fc2): Linear(in_features=3072, out_features=768, bias=True)
            (final_layer_norm): LayerNorm((768,), eps=1e-05, elementwise_affine=True)
          )
          (1): TransformerSentenceEncoderLayer(
            (self_attn): MultiheadAttention(
              (dropout_module): FairseqDropout()
              (k_proj): Linear(in_features=768, out_features=768, bias=True)
              (v_proj): LoRALinear(
                (base): Linear(in_features=768, out_features=768, bias=True)
                (lora_dropout): Dropout(p=0.05, inplace=False)
              )
              (q_proj): LoRALinear(
                (base): Linear(in_features=768, out_features=768, bias=True)
                (lora_dropout): Dropout(p=0.05, inplace=False)
              )
              (out_proj): Linear(in_features=768, out_features=768, bias=True)
            )
            (dropout1): Dropout(p=0.0, inplace=False)
            (dropout2): Dropout(p=0.1, inplace=False)
            (dropout3): Dropout(p=0.0, inplace=False)
            (self_attn_layer_norm): LayerNorm((768,), eps=1e-05, elementwise_affine=True)
            (fc1): Linear(in_features=768, out_features=3072, bias=True)
            (fc2): Linear(in_features=3072, out_features=768, bias=True)
            (final_layer_norm): LayerNorm((768,), eps=1e-05, elementwise_affine=True)
          )
          (2): TransformerSentenceEncoderLayer(
            (self_attn): MultiheadAttention(
              (dropout_module): FairseqDropout()
              (k_proj): Linear(in_features=768, out_features=768, bias=True)
              (v_proj): LoRALinear(
                (base): Linear(in_features=768, out_features=768, bias=True)
                (lora_dropout): Dropout(p=0.05, inplace=False)
              )
              (q_proj): LoRALinear(
                (base): Linear(in_features=768, out_features=768, bias=True)
                (lora_dropout): Dropout(p=0.05, inplace=False)
              )
              (out_proj): Linear(in_features=768, out_features=768, bias=True)
            )
            (dropout1): Dropout(p=0.0, inplace=False)
            (dropout2): Dropout(p=0.1, inplace=False)
            (dropout3): Dropout(p=0.0, inplace=False)
            (self_attn_layer_norm): LayerNorm((768,), eps=1e-05, elementwise_affine=True)
            (fc1): Linear(in_features=768, out_features=3072, bias=True)
            (fc2): Linear(in_features=3072, out_features=768, bias=True)
            (final_layer_norm): LayerNorm((768,), eps=1e-05, elementwise_affine=True)
          )
          (3): TransformerSentenceEncoderLayer(
            (self_attn): MultiheadAttention(
              (dropout_module): FairseqDropout()
              (k_proj): Linear(in_features=768, out_features=768, bias=True)
              (v_proj): LoRALinear(
                (base): Linear(in_features=768, out_features=768, bias=True)
                (lora_dropout): Dropout(p=0.05, inplace=False)
              )
              (q_proj): LoRALinear(
                (base): Linear(in_features=768, out_features=768, bias=True)
                (lora_dropout): Dropout(p=0.05, inplace=False)
              )
              (out_proj): Linear(in_features=768, out_features=768, bias=True)
            )
            (dropout1): Dropout(p=0.0, inplace=False)
            (dropout2): Dropout(p=0.1, inplace=False)
            (dropout3): Dropout(p=0.0, inplace=False)
            (self_attn_layer_norm): LayerNorm((768,), eps=1e-05, elementwise_affine=True)
            (fc1): Linear(in_features=768, out_features=3072, bias=True)
            (fc2): Linear(in_features=3072, out_features=768, bias=True)
            (final_layer_norm): LayerNorm((768,), eps=1e-05, elementwise_affine=True)
          )
          (4): TransformerSentenceEncoderLayer(
            (self_attn): MultiheadAttention(
              (dropout_module): FairseqDropout()
              (k_proj): Linear(in_features=768, out_features=768, bias=True)
              (v_proj): LoRALinear(
                (base): Linear(in_features=768, out_features=768, bias=True)
                (lora_dropout): Dropout(p=0.05, inplace=False)
              )
              (q_proj): LoRALinear(
                (base): Linear(in_features=768, out_features=768, bias=True)
                (lora_dropout): Dropout(p=0.05, inplace=False)
              )
              (out_proj): Linear(in_features=768, out_features=768, bias=True)
            )
            (dropout1): Dropout(p=0.0, inplace=False)
            (dropout2): Dropout(p=0.1, inplace=False)
            (dropout3): Dropout(p=0.0, inplace=False)
            (self_attn_layer_norm): LayerNorm((768,), eps=1e-05, elementwise_affine=True)
            (fc1): Linear(in_features=768, out_features=3072, bias=True)
            (fc2): Linear(in_features=3072, out_features=768, bias=True)
            (final_layer_norm): LayerNorm((768,), eps=1e-05, elementwise_affine=True)
          )
          (5): TransformerSentenceEncoderLayer(
            (self_attn): MultiheadAttention(
              (dropout_module): FairseqDropout()
              (k_proj): Linear(in_features=768, out_features=768, bias=True)
              (v_proj): LoRALinear(
                (base): Linear(in_features=768, out_features=768, bias=True)
                (lora_dropout): Dropout(p=0.05, inplace=False)
              )
              (q_proj): LoRALinear(
                (base): Linear(in_features=768, out_features=768, bias=True)
                (lora_dropout): Dropout(p=0.05, inplace=False)
              )
              (out_proj): Linear(in_features=768, out_features=768, bias=True)
            )
            (dropout1): Dropout(p=0.0, inplace=False)
            (dropout2): Dropout(p=0.1, inplace=False)
            (dropout3): Dropout(p=0.0, inplace=False)
            (self_attn_layer_norm): LayerNorm((768,), eps=1e-05, elementwise_affine=True)
            (fc1): Linear(in_features=768, out_features=3072, bias=True)
            (fc2): Linear(in_features=3072, out_features=768, bias=True)
            (final_layer_norm): LayerNorm((768,), eps=1e-05, elementwise_affine=True)
          )
          (6): TransformerSentenceEncoderLayer(
            (self_attn): MultiheadAttention(
              (dropout_module): FairseqDropout()
              (k_proj): Linear(in_features=768, out_features=768, bias=True)
              (v_proj): LoRALinear(
                (base): Linear(in_features=768, out_features=768, bias=True)
                (lora_dropout): Dropout(p=0.05, inplace=False)
              )
              (q_proj): LoRALinear(
                (base): Linear(in_features=768, out_features=768, bias=True)
                (lora_dropout): Dropout(p=0.05, inplace=False)
              )
              (out_proj): Linear(in_features=768, out_features=768, bias=True)
            )
            (dropout1): Dropout(p=0.0, inplace=False)
            (dropout2): Dropout(p=0.1, inplace=False)
            (dropout3): Dropout(p=0.0, inplace=False)
            (self_attn_layer_norm): LayerNorm((768,), eps=1e-05, elementwise_affine=True)
            (fc1): Linear(in_features=768, out_features=3072, bias=True)
            (fc2): Linear(in_features=3072, out_features=768, bias=True)
            (final_layer_norm): LayerNorm((768,), eps=1e-05, elementwise_affine=True)
          )
          (7): TransformerSentenceEncoderLayer(
            (self_attn): MultiheadAttention(
              (dropout_module): FairseqDropout()
              (k_proj): Linear(in_features=768, out_features=768, bias=True)
              (v_proj): LoRALinear(
                (base): Linear(in_features=768, out_features=768, bias=True)
                (lora_dropout): Dropout(p=0.05, inplace=False)
              )
              (q_proj): LoRALinear(
                (base): Linear(in_features=768, out_features=768, bias=True)
                (lora_dropout): Dropout(p=0.05, inplace=False)
              )
              (out_proj): Linear(in_features=768, out_features=768, bias=True)
            )
            (dropout1): Dropout(p=0.0, inplace=False)
            (dropout2): Dropout(p=0.1, inplace=False)
            (dropout3): Dropout(p=0.0, inplace=False)
            (self_attn_layer_norm): LayerNorm((768,), eps=1e-05, elementwise_affine=True)
            (fc1): Linear(in_features=768, out_features=3072, bias=True)
            (fc2): Linear(in_features=3072, out_features=768, bias=True)
            (final_layer_norm): LayerNorm((768,), eps=1e-05, elementwise_affine=True)
          )
          (8): TransformerSentenceEncoderLayer(
            (self_attn): MultiheadAttention(
              (dropout_module): FairseqDropout()
              (k_proj): Linear(in_features=768, out_features=768, bias=True)
              (v_proj): LoRALinear(
                (base): Linear(in_features=768, out_features=768, bias=True)
                (lora_dropout): Dropout(p=0.05, inplace=False)
              )
              (q_proj): LoRALinear(
                (base): Linear(in_features=768, out_features=768, bias=True)
                (lora_dropout): Dropout(p=0.05, inplace=False)
              )
              (out_proj): Linear(in_features=768, out_features=768, bias=True)
            )
            (dropout1): Dropout(p=0.0, inplace=False)
            (dropout2): Dropout(p=0.1, inplace=False)
            (dropout3): Dropout(p=0.0, inplace=False)
            (self_attn_layer_norm): LayerNorm((768,), eps=1e-05, elementwise_affine=True)
            (fc1): Linear(in_features=768, out_features=3072, bias=True)
            (fc2): Linear(in_features=3072, out_features=768, bias=True)
            (final_layer_norm): LayerNorm((768,), eps=1e-05, elementwise_affine=True)
          )
          (9): TransformerSentenceEncoderLayer(
            (self_attn): MultiheadAttention(
              (dropout_module): FairseqDropout()
              (k_proj): Linear(in_features=768, out_features=768, bias=True)
              (v_proj): LoRALinear(
                (base): Linear(in_features=768, out_features=768, bias=True)
                (lora_dropout): Dropout(p=0.05, inplace=False)
              )
              (q_proj): LoRALinear(
                (base): Linear(in_features=768, out_features=768, bias=True)
                (lora_dropout): Dropout(p=0.05, inplace=False)
              )
              (out_proj): Linear(in_features=768, out_features=768, bias=True)
            )
            (dropout1): Dropout(p=0.0, inplace=False)
            (dropout2): Dropout(p=0.1, inplace=False)
            (dropout3): Dropout(p=0.0, inplace=False)
            (self_attn_layer_norm): LayerNorm((768,), eps=1e-05, elementwise_affine=True)
            (fc1): Linear(in_features=768, out_features=3072, bias=True)
            (fc2): Linear(in_features=3072, out_features=768, bias=True)
            (final_layer_norm): LayerNorm((768,), eps=1e-05, elementwise_affine=True)
          )
          (10): TransformerSentenceEncoderLayer(
            (self_attn): MultiheadAttention(
              (dropout_module): FairseqDropout()
              (k_proj): Linear(in_features=768, out_features=768, bias=True)
              (v_proj): LoRALinear(
                (base): Linear(in_features=768, out_features=768, bias=True)
                (lora_dropout): Dropout(p=0.05, inplace=False)
              )
              (q_proj): LoRALinear(
                (base): Linear(in_features=768, out_features=768, bias=True)
                (lora_dropout): Dropout(p=0.05, inplace=False)
              )
              (out_proj): Linear(in_features=768, out_features=768, bias=True)
            )
            (dropout1): Dropout(p=0.0, inplace=False)
            (dropout2): Dropout(p=0.1, inplace=False)
            (dropout3): Dropout(p=0.0, inplace=False)
            (self_attn_layer_norm): LayerNorm((768,), eps=1e-05, elementwise_affine=True)
            (fc1): Linear(in_features=768, out_features=3072, bias=True)
            (fc2): Linear(in_features=3072, out_features=768, bias=True)
            (final_layer_norm): LayerNorm((768,), eps=1e-05, elementwise_affine=True)
          )
          (11): TransformerSentenceEncoderLayer(
            (self_attn): MultiheadAttention(
              (dropout_module): FairseqDropout()
              (k_proj): Linear(in_features=768, out_features=768, bias=True)
              (v_proj): LoRALinear(
                (base): Linear(in_features=768, out_features=768, bias=True)
                (lora_dropout): Dropout(p=0.05, inplace=False)
              )
              (q_proj): LoRALinear(
                (base): Linear(in_features=768, out_features=768, bias=True)
                (lora_dropout): Dropout(p=0.05, inplace=False)
              )
              (out_proj): Linear(in_features=768, out_features=768, bias=True)
            )
            (dropout1): Dropout(p=0.0, inplace=False)
            (dropout2): Dropout(p=0.1, inplace=False)
            (dropout3): Dropout(p=0.0, inplace=False)
            (self_attn_layer_norm): LayerNorm((768,), eps=1e-05, elementwise_affine=True)
            (fc1): Linear(in_features=768, out_features=3072, bias=True)
            (fc2): Linear(in_features=3072, out_features=768, bias=True)
            (final_layer_norm): LayerNorm((768,), eps=1e-05, elementwise_affine=True)
          )
        )
        (layer_norm): LayerNorm((768,), eps=1e-05, elementwise_affine=True)
      )
      (layer_norm): LayerNorm((1536,), eps=1e-05, elementwise_affine=True)
      (final_proj): None
    )
  )
  (decoder): TransformerDecoder(
    (embed_tokens): Embedding(500, 768, padding_idx=1)
    (embed_positions): SinusoidalPositionalEmbedding()
    (layers): ModuleList(
      (0): TransformerDecoderLayer(
        (dropout_module): FairseqDropout()
        (self_attn): MultiheadAttention(
          (dropout_module): FairseqDropout()
          (k_proj): Linear(in_features=768, out_features=768, bias=True)
          (v_proj): LoRALinear(
            (base): Linear(in_features=768, out_features=768, bias=True)
            (lora_dropout): Dropout(p=0.05, inplace=False)
          )
          (q_proj): LoRALinear(
            (base): Linear(in_features=768, out_features=768, bias=True)
            (lora_dropout): Dropout(p=0.05, inplace=False)
          )
          (out_proj): Linear(in_features=768, out_features=768, bias=True)
        )
        (activation_dropout_module): FairseqDropout()
        (self_attn_layer_norm): LayerNorm((768,), eps=1e-05, elementwise_affine=True)
        (encoder_attn): MultiheadAttention(
          (dropout_module): FairseqDropout()
          (k_proj): Linear(in_features=768, out_features=768, bias=True)
          (v_proj): LoRALinear(
            (base): Linear(in_features=768, out_features=768, bias=True)
            (lora_dropout): Dropout(p=0.05, inplace=False)
          )
          (q_proj): LoRALinear(
            (base): Linear(in_features=768, out_features=768, bias=True)
            (lora_dropout): Dropout(p=0.05, inplace=False)
          )
          (out_proj): Linear(in_features=768, out_features=768, bias=True)
        )
        (encoder_attn_layer_norm): LayerNorm((768,), eps=1e-05, elementwise_affine=True)
        (fc1): Linear(in_features=768, out_features=3072, bias=True)
        (fc2): Linear(in_features=3072, out_features=768, bias=True)
        (final_layer_norm): LayerNorm((768,), eps=1e-05, elementwise_affine=True)
      )
      (1): TransformerDecoderLayer(
        (dropout_module): FairseqDropout()
        (self_attn): MultiheadAttention(
          (dropout_module): FairseqDropout()
          (k_proj): Linear(in_features=768, out_features=768, bias=True)
          (v_proj): LoRALinear(
            (base): Linear(in_features=768, out_features=768, bias=True)
            (lora_dropout): Dropout(p=0.05, inplace=False)
          )
          (q_proj): LoRALinear(
            (base): Linear(in_features=768, out_features=768, bias=True)
            (lora_dropout): Dropout(p=0.05, inplace=False)
          )
          (out_proj): Linear(in_features=768, out_features=768, bias=True)
        )
        (activation_dropout_module): FairseqDropout()
        (self_attn_layer_norm): LayerNorm((768,), eps=1e-05, elementwise_affine=True)
        (encoder_attn): MultiheadAttention(
          (dropout_module): FairseqDropout()
          (k_proj): Linear(in_features=768, out_features=768, bias=True)
          (v_proj): LoRALinear(
            (base): Linear(in_features=768, out_features=768, bias=True)
            (lora_dropout): Dropout(p=0.05, inplace=False)
          )
          (q_proj): LoRALinear(
            (base): Linear(in_features=768, out_features=768, bias=True)
            (lora_dropout): Dropout(p=0.05, inplace=False)
          )
          (out_proj): Linear(in_features=768, out_features=768, bias=True)
        )
        (encoder_attn_layer_norm): LayerNorm((768,), eps=1e-05, elementwise_affine=True)
        (fc1): Linear(in_features=768, out_features=3072, bias=True)
        (fc2): Linear(in_features=3072, out_features=768, bias=True)
        (final_layer_norm): LayerNorm((768,), eps=1e-05, elementwise_affine=True)
      )
      (2): TransformerDecoderLayer(
        (dropout_module): FairseqDropout()
        (self_attn): MultiheadAttention(
          (dropout_module): FairseqDropout()
          (k_proj): Linear(in_features=768, out_features=768, bias=True)
          (v_proj): LoRALinear(
            (base): Linear(in_features=768, out_features=768, bias=True)
            (lora_dropout): Dropout(p=0.05, inplace=False)
          )
          (q_proj): LoRALinear(
            (base): Linear(in_features=768, out_features=768, bias=True)
            (lora_dropout): Dropout(p=0.05, inplace=False)
          )
          (out_proj): Linear(in_features=768, out_features=768, bias=True)
        )
        (activation_dropout_module): FairseqDropout()
        (self_attn_layer_norm): LayerNorm((768,), eps=1e-05, elementwise_affine=True)
        (encoder_attn): MultiheadAttention(
          (dropout_module): FairseqDropout()
          (k_proj): Linear(in_features=768, out_features=768, bias=True)
          (v_proj): LoRALinear(
            (base): Linear(in_features=768, out_features=768, bias=True)
            (lora_dropout): Dropout(p=0.05, inplace=False)
          )
          (q_proj): LoRALinear(
            (base): Linear(in_features=768, out_features=768, bias=True)
            (lora_dropout): Dropout(p=0.05, inplace=False)
          )
          (out_proj): Linear(in_features=768, out_features=768, bias=True)
        )
        (encoder_attn_layer_norm): LayerNorm((768,), eps=1e-05, elementwise_affine=True)
        (fc1): Linear(in_features=768, out_features=3072, bias=True)
        (fc2): Linear(in_features=3072, out_features=768, bias=True)
        (final_layer_norm): LayerNorm((768,), eps=1e-05, elementwise_affine=True)
      )
      (3): TransformerDecoderLayer(
        (dropout_module): FairseqDropout()
        (self_attn): MultiheadAttention(
          (dropout_module): FairseqDropout()
          (k_proj): Linear(in_features=768, out_features=768, bias=True)
          (v_proj): LoRALinear(
            (base): Linear(in_features=768, out_features=768, bias=True)
            (lora_dropout): Dropout(p=0.05, inplace=False)
          )
          (q_proj): LoRALinear(
            (base): Linear(in_features=768, out_features=768, bias=True)
            (lora_dropout): Dropout(p=0.05, inplace=False)
          )
          (out_proj): Linear(in_features=768, out_features=768, bias=True)
        )
        (activation_dropout_module): FairseqDropout()
        (self_attn_layer_norm): LayerNorm((768,), eps=1e-05, elementwise_affine=True)
        (encoder_attn): MultiheadAttention(
          (dropout_module): FairseqDropout()
          (k_proj): Linear(in_features=768, out_features=768, bias=True)
          (v_proj): LoRALinear(
            (base): Linear(in_features=768, out_features=768, bias=True)
            (lora_dropout): Dropout(p=0.05, inplace=False)
          )
          (q_proj): LoRALinear(
            (base): Linear(in_features=768, out_features=768, bias=True)
            (lora_dropout): Dropout(p=0.05, inplace=False)
          )
          (out_proj): Linear(in_features=768, out_features=768, bias=True)
        )
        (encoder_attn_layer_norm): LayerNorm((768,), eps=1e-05, elementwise_affine=True)
        (fc1): Linear(in_features=768, out_features=3072, bias=True)
        (fc2): Linear(in_features=3072, out_features=768, bias=True)
        (final_layer_norm): LayerNorm((768,), eps=1e-05, elementwise_affine=True)
      )
      (4): TransformerDecoderLayer(
        (dropout_module): FairseqDropout()
        (self_attn): MultiheadAttention(
          (dropout_module): FairseqDropout()
          (k_proj): Linear(in_features=768, out_features=768, bias=True)
          (v_proj): LoRALinear(
            (base): Linear(in_features=768, out_features=768, bias=True)
            (lora_dropout): Dropout(p=0.05, inplace=False)
          )
          (q_proj): LoRALinear(
            (base): Linear(in_features=768, out_features=768, bias=True)
            (lora_dropout): Dropout(p=0.05, inplace=False)
          )
          (out_proj): Linear(in_features=768, out_features=768, bias=True)
        )
        (activation_dropout_module): FairseqDropout()
        (self_attn_layer_norm): LayerNorm((768,), eps=1e-05, elementwise_affine=True)
        (encoder_attn): MultiheadAttention(
          (dropout_module): FairseqDropout()
          (k_proj): Linear(in_features=768, out_features=768, bias=True)
          (v_proj): LoRALinear(
            (base): Linear(in_features=768, out_features=768, bias=True)
            (lora_dropout): Dropout(p=0.05, inplace=False)
          )
          (q_proj): LoRALinear(
            (base): Linear(in_features=768, out_features=768, bias=True)
            (lora_dropout): Dropout(p=0.05, inplace=False)
          )
          (out_proj): Linear(in_features=768, out_features=768, bias=True)
        )
        (encoder_attn_layer_norm): LayerNorm((768,), eps=1e-05, elementwise_affine=True)
        (fc1): Linear(in_features=768, out_features=3072, bias=True)
        (fc2): Linear(in_features=3072, out_features=768, bias=True)
        (final_layer_norm): LayerNorm((768,), eps=1e-05, elementwise_affine=True)
      )
      (5): TransformerDecoderLayer(
        (dropout_module): FairseqDropout()
        (self_attn): MultiheadAttention(
          (dropout_module): FairseqDropout()
          (k_proj): Linear(in_features=768, out_features=768, bias=True)
          (v_proj): LoRALinear(
            (base): Linear(in_features=768, out_features=768, bias=True)
            (lora_dropout): Dropout(p=0.05, inplace=False)
          )
          (q_proj): LoRALinear(
            (base): Linear(in_features=768, out_features=768, bias=True)
            (lora_dropout): Dropout(p=0.05, inplace=False)
          )
          (out_proj): Linear(in_features=768, out_features=768, bias=True)
        )
        (activation_dropout_module): FairseqDropout()
        (self_attn_layer_norm): LayerNorm((768,), eps=1e-05, elementwise_affine=True)
        (encoder_attn): MultiheadAttention(
          (dropout_module): FairseqDropout()
          (k_proj): Linear(in_features=768, out_features=768, bias=True)
          (v_proj): LoRALinear(
            (base): Linear(in_features=768, out_features=768, bias=True)
            (lora_dropout): Dropout(p=0.05, inplace=False)
          )
          (q_proj): LoRALinear(
            (base): Linear(in_features=768, out_features=768, bias=True)
            (lora_dropout): Dropout(p=0.05, inplace=False)
          )
          (out_proj): Linear(in_features=768, out_features=768, bias=True)
        )
        (encoder_attn_layer_norm): LayerNorm((768,), eps=1e-05, elementwise_affine=True)
        (fc1): Linear(in_features=768, out_features=3072, bias=True)
        (fc2): Linear(in_features=3072, out_features=768, bias=True)
        (final_layer_norm): LayerNorm((768,), eps=1e-05, elementwise_affine=True)
      )
    )
    (layer_norm): LayerNorm((768,), eps=1e-05, elementwise_affine=True)
  )
)
[2026-08-30 00:01:22,164][fairseq_cli.train][INFO] - task: AVHubertPretrainingTask
[2026-08-30 00:01:22,165][fairseq_cli.train][INFO] - model: AVHubertSeq2Seq
[2026-08-30 00:01:22,165][fairseq_cli.train][INFO] - criterion: LabelSmoothedCrossEntropyCriterion
[2026-08-30 00:01:22,168][fairseq_cli.train][INFO] - num. shared model params: 161,409,256 (num. trained: 1,179,648)
[2026-08-30 00:01:22,170][fairseq_cli.train][INFO] - num. expert model params: 0 (num. trained: 0)
[2026-08-30 00:01:22,174][avhubert.hubert_pretraining][INFO] - Using tokenizer
[2026-08-30 00:01:22,268][avhubert.hubert_dataset][INFO] - max_keep=500, min_keep=None, loaded 235, skipped 0 short and 3 long and 0 unaligned, longest-loaded=369, shortest-loaded=32
[2026-08-30 00:01:22,271][avhubert.hubert_dataset][INFO] - /workspace/av-hubert-ai-speak/data/aispeak_ser_data/valid.wrd is sequence label. skipped
[2026-08-30 00:01:22,271][avhubert.hubert_dataset][INFO] - image transform: Compose(
    Normalize(mean=0.0, std=255.0)
    <avhubert.utils.CenterCrop object at 0x7c1b16e7c880>
    Normalize(mean=0.421, std=0.165)
)
[2026-08-30 00:01:22,272][avhubert.hubert_dataset][INFO] - pad_audio=True, random_crop=False, normalize=True, max_sample_size=500, seqs2seq data=True,
[2026-08-30 00:01:22,272][avhubert.hubert_dataset][INFO] - Noise wav: None->0 wav, Prob: 0.0, SNR: 0, Number of mixture: 1
[2026-08-30 00:01:24,107][fairseq.trainer][INFO] - detected shared parameter: encoder.w2v_model.feature_extractor_video.resnet.frontend3D.0.bias <- encoder.w2v_model.feature_extractor_video.resnet.trunk.layer1.0.conv1.bias
[2026-08-30 00:01:24,113][fairseq.trainer][INFO] - detected shared parameter: encoder.w2v_model.feature_extractor_video.resnet.frontend3D.0.bias <- encoder.w2v_model.feature_extractor_video.resnet.trunk.layer1.0.conv2.bias
[2026-08-30 00:01:24,113][fairseq.trainer][INFO] - detected shared parameter: encoder.w2v_model.feature_extractor_video.resnet.frontend3D.0.bias <- encoder.w2v_model.feature_extractor_video.resnet.trunk.layer1.1.conv1.bias
[2026-08-30 00:01:24,114][fairseq.trainer][INFO] - detected shared parameter: encoder.w2v_model.feature_extractor_video.resnet.frontend3D.0.bias <- encoder.w2v_model.feature_extractor_video.resnet.trunk.layer1.1.conv2.bias
[2026-08-30 00:01:24,115][fairseq.trainer][INFO] - detected shared parameter: encoder.w2v_model.feature_extractor_video.resnet.frontend3D.0.bias <- encoder.w2v_model.feature_extractor_video.resnet.trunk.layer2.0.conv1.bias
[2026-08-30 00:01:24,115][fairseq.trainer][INFO] - detected shared parameter: encoder.w2v_model.feature_extractor_video.resnet.frontend3D.0.bias <- encoder.w2v_model.feature_extractor_video.resnet.trunk.layer2.0.conv2.bias
[2026-08-30 00:01:24,116][fairseq.trainer][INFO] - detected shared parameter: encoder.w2v_model.feature_extractor_video.resnet.frontend3D.0.bias <- encoder.w2v_model.feature_extractor_video.resnet.trunk.layer2.0.downsample.0.bias
[2026-08-30 00:01:24,116][fairseq.trainer][INFO] - detected shared parameter: encoder.w2v_model.feature_extractor_video.resnet.frontend3D.0.bias <- encoder.w2v_model.feature_extractor_video.resnet.trunk.layer2.1.conv1.bias
[2026-08-30 00:01:24,116][fairseq.trainer][INFO] - detected shared parameter: encoder.w2v_model.feature_extractor_video.resnet.frontend3D.0.bias <- encoder.w2v_model.feature_extractor_video.resnet.trunk.layer2.1.conv2.bias
[2026-08-30 00:01:24,117][fairseq.trainer][INFO] - detected shared parameter: encoder.w2v_model.feature_extractor_video.resnet.frontend3D.0.bias <- encoder.w2v_model.feature_extractor_video.resnet.trunk.layer3.0.conv1.bias
[2026-08-30 00:01:24,117][fairseq.trainer][INFO] - detected shared parameter: encoder.w2v_model.feature_extractor_video.resnet.frontend3D.0.bias <- encoder.w2v_model.feature_extractor_video.resnet.trunk.layer3.0.conv2.bias
[2026-08-30 00:01:24,118][fairseq.trainer][INFO] - detected shared parameter: encoder.w2v_model.feature_extractor_video.resnet.frontend3D.0.bias <- encoder.w2v_model.feature_extractor_video.resnet.trunk.layer3.0.downsample.0.bias
[2026-08-30 00:01:24,118][fairseq.trainer][INFO] - detected shared parameter: encoder.w2v_model.feature_extractor_video.resnet.frontend3D.0.bias <- encoder.w2v_model.feature_extractor_video.resnet.trunk.layer3.1.conv1.bias
[2026-08-30 00:01:24,118][fairseq.trainer][INFO] - detected shared parameter: encoder.w2v_model.feature_extractor_video.resnet.frontend3D.0.bias <- encoder.w2v_model.feature_extractor_video.resnet.trunk.layer3.1.conv2.bias
[2026-08-30 00:01:24,119][fairseq.trainer][INFO] - detected shared parameter: encoder.w2v_model.feature_extractor_video.resnet.frontend3D.0.bias <- encoder.w2v_model.feature_extractor_video.resnet.trunk.layer4.0.conv1.bias
[2026-08-30 00:01:24,120][fairseq.trainer][INFO] - detected shared parameter: encoder.w2v_model.feature_extractor_video.resnet.frontend3D.0.bias <- encoder.w2v_model.feature_extractor_video.resnet.trunk.layer4.0.conv2.bias
[2026-08-30 00:01:24,120][fairseq.trainer][INFO] - detected shared parameter: encoder.w2v_model.feature_extractor_video.resnet.frontend3D.0.bias <- encoder.w2v_model.feature_extractor_video.resnet.trunk.layer4.0.downsample.0.bias
[2026-08-30 00:01:24,121][fairseq.trainer][INFO] - detected shared parameter: encoder.w2v_model.feature_extractor_video.resnet.frontend3D.0.bias <- encoder.w2v_model.feature_extractor_video.resnet.trunk.layer4.1.conv1.bias
[2026-08-30 00:01:24,121][fairseq.trainer][INFO] - detected shared parameter: encoder.w2v_model.feature_extractor_video.resnet.frontend3D.0.bias <- encoder.w2v_model.feature_extractor_video.resnet.trunk.layer4.1.conv2.bias
[2026-08-30 00:01:24,122][fairseq.utils][INFO] - ***********************CUDA enviroments for all 1 workers***********************
[2026-08-30 00:01:24,123][fairseq.utils][INFO] - rank   0: capabilities =  8.6  ; total memory = 44.422 GB ; name = NVIDIA A40                              
[2026-08-30 00:01:24,123][fairseq.utils][INFO] - ***********************CUDA enviroments for all 1 workers***********************
[2026-08-30 00:01:24,124][fairseq_cli.train][INFO] - training on 1 devices (GPUs/TPUs)
[2026-08-30 00:01:24,125][fairseq_cli.train][INFO] - max tokens per device = 2000 and max sentences per device = None
[2026-08-30 00:01:24,127][fairseq.trainer][INFO] - Preparing to load checkpoint checkpoints/checkpoint_last.pt
[2026-08-30 00:01:24,128][fairseq.trainer][INFO] - No existing checkpoint found checkpoints/checkpoint_last.pt
[2026-08-30 00:01:24,128][fairseq.trainer][INFO] - loading train data for epoch 1
[2026-08-30 00:01:24,128][avhubert.hubert_pretraining][INFO] - Using tokenizer
[2026-08-30 00:01:24,140][avhubert.hubert_dataset][INFO] - max_keep=500, min_keep=None, loaded 1800, skipped 0 short and 22 long and 0 unaligned, longest-loaded=421, shortest-loaded=29
[2026-08-30 00:01:24,143][avhubert.hubert_dataset][INFO] - /workspace/av-hubert-ai-speak/data/aispeak_ser_data/train.wrd is sequence label. skipped
[2026-08-30 00:01:24,144][avhubert.hubert_dataset][INFO] - image transform: Compose(
    Normalize(mean=0.0, std=255.0)
    RandomCrop(size=(88, 88))
    <avhubert.utils.HorizontalFlip object at 0x7c1b54f50e80>
    Normalize(mean=0.421, std=0.165)
)
[2026-08-30 00:01:24,145][avhubert.hubert_dataset][INFO] - pad_audio=True, random_crop=False, normalize=True, max_sample_size=500, seqs2seq data=True,
[2026-08-30 00:01:24,145][avhubert.hubert_dataset][INFO] - Noise wav: None->0 wav, Prob: 0.0, SNR: 0, Number of mixture: 1
[2026-08-30 00:01:24,374][fairseq.logging.progress_bar][WARNING] - tensorboard not found, please install with: pip install tensorboard
[2026-08-30 00:01:24,376][fairseq.trainer][INFO] - begin training epoch 1
[2026-08-30 00:01:24,377][fairseq_cli.train][INFO] - Start iterating over samples
[2026-08-30 00:01:38,646][fairseq_cli.train][INFO] - begin validation on "valid" subset
[2026-08-30 00:01:38,871][fairseq.logging.progress_bar][WARNING] - tensorboard not found, please install with: pip install tensorboard
[2026-08-30 00:01:40,729][valid][INFO] - {"epoch": 1, "valid_loss": "153.287", "valid_nll_loss": "9.508", "valid_total": "291.154", "valid_n_correct": "0.384615", "valid_ppl": "728.1", "valid_accuracy": "0.132", "valid_wps": "4349.9", "valid_wpb": "291.2", "valid_bsz": "18.1", "valid_num_updates": "24"}
[2026-08-30 00:01:40,732][fairseq.checkpoint_utils][INFO] - Preparing to save checkpoint for epoch 1 @ 24 updates
[2026-08-30 00:01:40,733][fairseq.trainer][INFO] - Saving checkpoint to checkpoints/checkpoint_best.pt
[2026-08-30 00:01:43,141][fairseq.trainer][INFO] - Finished saving checkpoint to checkpoints/checkpoint_best.pt
[2026-08-30 00:01:45,817][fairseq.checkpoint_utils][INFO] - Saved checkpoint checkpoints/checkpoint_best.pt (epoch 1 @ 24 updates, score 0.132) (writing took 5.084549126215279 seconds)
[2026-08-30 00:01:45,818][fairseq_cli.train][INFO] - end of epoch 1 (average epoch stats below)
[2026-08-30 00:01:45,820][train][INFO] - {"epoch": 1, "train_loss": "154.422", "train_nll_loss": "9.573", "train_total": "1209.17", "train_n_correct": "1.5", "train_ppl": "761.6", "train_accuracy": "0.124", "train_wps": "1628", "train_ups": "1.36", "train_wpb": "1209.2", "train_bsz": "75", "train_num_updates": "24", "train_lr": "0.0002082", "train_gnorm": "0.544", "train_loss_scale": "128", "train_train_wall": "13", "train_gb_free": "42.7", "train_wall": "22"}
[2026-08-30 00:01:46,222][fairseq.logging.progress_bar][WARNING] - tensorboard not found, please install with: pip install tensorboard
[2026-08-30 00:01:46,225][fairseq.trainer][INFO] - begin training epoch 2
[2026-08-30 00:01:46,226][fairseq_cli.train][INFO] - Start iterating over samples
[2026-08-30 00:01:57,093][fairseq_cli.train][INFO] - begin validation on "valid" subset
[2026-08-30 00:01:58,063][fairseq.logging.progress_bar][WARNING] - tensorboard not found, please install with: pip install tensorboard
[2026-08-30 00:01:59,906][valid][INFO] - {"epoch": 2, "valid_loss": "144.992", "valid_nll_loss": "8.942", "valid_total": "291.154", "valid_n_correct": "11.0769", "valid_ppl": "491.84", "valid_accuracy": "3.804", "valid_wps": "3962.2", "valid_wpb": "291.2", "valid_bsz": "18.1", "valid_num_updates": "48", "valid_best_accuracy": "3.804"}
[2026-08-30 00:01:59,912][fairseq.checkpoint_utils][INFO] - Preparing to save checkpoint for epoch 2 @ 48 updates
[2026-08-30 00:01:59,914][fairseq.trainer][INFO] - Saving checkpoint to checkpoints/checkpoint_best.pt
[2026-08-30 00:02:02,791][fairseq.trainer][INFO] - Finished saving checkpoint to checkpoints/checkpoint_best.pt
[2026-08-30 00:02:07,734][fairseq.checkpoint_utils][INFO] - Saved checkpoint checkpoints/checkpoint_best.pt (epoch 2 @ 48 updates, score 3.804) (writing took 7.821955126710236 seconds)
[2026-08-30 00:02:07,736][fairseq_cli.train][INFO] - end of epoch 2 (average epoch stats below)
[2026-08-30 00:02:07,738][train][INFO] - {"epoch": 2, "train_loss": "151.61", "train_nll_loss": "9.383", "train_total": "1209.17", "train_n_correct": "6.95833", "train_ppl": "667.48", "train_accuracy": "0.575", "train_wps": "1324.1", "train_ups": "1.1", "train_wpb": "1209.2", "train_bsz": "75", "train_num_updates": "48", "train_lr": "0.0003864", "train_gnorm": "2.173", "train_loss_scale": "128", "train_train_wall": "10", "train_gb_free": "42.9", "train_wall": "44"}
[2026-08-30 00:02:08,041][fairseq.logging.progress_bar][WARNING] - tensorboard not found, please install with: pip install tensorboard
[2026-08-30 00:02:08,044][fairseq.trainer][INFO] - begin training epoch 3
[2026-08-30 00:02:08,045][fairseq_cli.train][INFO] - Start iterating over samples
[2026-08-30 00:02:19,081][fairseq_cli.train][INFO] - begin validation on "valid" subset
[2026-08-30 00:02:19,290][fairseq.logging.progress_bar][WARNING] - tensorboard not found, please install with: pip install tensorboard
[2026-08-30 00:02:21,183][valid][INFO] - {"epoch": 3, "valid_loss": "134.282", "valid_nll_loss": "8.182", "valid_total": "291.154", "valid_n_correct": "11.8462", "valid_ppl": "290.43", "valid_accuracy": "4.069", "valid_wps": "4377.6", "valid_wpb": "291.2", "valid_bsz": "18.1", "valid_num_updates": "72", "valid_best_accuracy": "4.069"}
[2026-08-30 00:02:21,186][fairseq.checkpoint_utils][INFO] - Preparing to save checkpoint for epoch 3 @ 72 updates
[2026-08-30 00:02:21,187][fairseq.trainer][INFO] - Saving checkpoint to checkpoints/checkpoint_best.pt
[2026-08-30 00:02:23,912][fairseq.trainer][INFO] - Finished saving checkpoint to checkpoints/checkpoint_best.pt
[2026-08-30 00:02:28,309][fairseq.checkpoint_utils][INFO] - Saved checkpoint checkpoints/checkpoint_best.pt (epoch 3 @ 72 updates, score 4.069) (writing took 7.123525303788483 seconds)
[2026-08-30 00:02:28,312][fairseq_cli.train][INFO] - end of epoch 3 (average epoch stats below)
[2026-08-30 00:02:28,315][train][INFO] - {"epoch": 3, "train_loss": "141.045", "train_nll_loss": "8.649", "train_total": "1209.17", "train_n_correct": "61.0417", "train_ppl": "401.31", "train_accuracy": "5.048", "train_wps": "1410.4", "train_ups": "1.17", "train_wpb": "1209.2", "train_bsz": "75", "train_num_updates": "72", "train_lr": "0.0005646", "train_gnorm": "2.765", "train_loss_scale": "128", "train_train_wall": "10", "train_gb_free": "42.7", "train_wall": "64"}
[2026-08-30 00:02:28,926][fairseq.logging.progress_bar][WARNING] - tensorboard not found, please install with: pip install tensorboard
[2026-08-30 00:02:28,930][fairseq.trainer][INFO] - begin training epoch 4
[2026-08-30 00:02:28,932][fairseq_cli.train][INFO] - Start iterating over samples
[2026-08-30 00:02:40,472][fairseq_cli.train][INFO] - begin validation on "valid" subset
[2026-08-30 00:02:41,046][fairseq.logging.progress_bar][WARNING] - tensorboard not found, please install with: pip install tensorboard
[2026-08-30 00:02:42,974][valid][INFO] - {"epoch": 4, "valid_loss": "130.289", "valid_nll_loss": "7.9", "valid_total": "291.154", "valid_n_correct": "18.1538", "valid_ppl": "238.84", "valid_accuracy": "6.235", "valid_wps": "4386.6", "valid_wpb": "291.2", "valid_bsz": "18.1", "valid_num_updates": "96", "valid_best_accuracy": "6.235"}
[2026-08-30 00:02:42,978][fairseq.checkpoint_utils][INFO] - Preparing to save checkpoint for epoch 4 @ 96 updates
[2026-08-30 00:02:42,981][fairseq.trainer][INFO] - Saving checkpoint to checkpoints/checkpoint_best.pt
[2026-08-30 00:02:45,479][fairseq.trainer][INFO] - Finished saving checkpoint to checkpoints/checkpoint_best.pt
[2026-08-30 00:02:48,898][fairseq.checkpoint_utils][INFO] - Saved checkpoint checkpoints/checkpoint_best.pt (epoch 4 @ 96 updates, score 6.235) (writing took 5.9201829880476 seconds)
[2026-08-30 00:02:48,909][fairseq_cli.train][INFO] - end of epoch 4 (average epoch stats below)
[2026-08-30 00:02:48,912][train][INFO] - {"epoch": 4, "train_loss": "133.874", "train_nll_loss": "8.141", "train_total": "1209.17", "train_n_correct": "61.7083", "train_ppl": "282.26", "train_accuracy": "5.103", "train_wps": "1409", "train_ups": "1.17", "train_wpb": "1209.2", "train_bsz": "75", "train_num_updates": "96", "train_lr": "0.0007428", "train_gnorm": "2.227", "train_loss_scale": "128", "train_train_wall": "10", "train_gb_free": "42.8", "train_wall": "85"}
[2026-08-30 00:02:49,249][fairseq.logging.progress_bar][WARNING] - tensorboard not found, please install with: pip install tensorboard
[2026-08-30 00:02:49,253][fairseq.trainer][INFO] - begin training epoch 5
[2026-08-30 00:02:49,254][fairseq_cli.train][INFO] - Start iterating over samples
[2026-08-30 00:02:52,239][train_inner][INFO] - {"epoch": 5, "update": 4.167, "loss": "144.686", "nll_loss": "8.899", "total": "1208.34", "n_correct": "34.14", "ppl": "477.43", "accuracy": "2.825", "wps": "1432.2", "ups": "1.19", "wpb": "1208.3", "bsz": "75", "num_updates": "100", "lr": "0.0007725", "gnorm": "1.927", "loss_scale": "128", "train_wall": "44", "gb_free": "42.7", "wall": "88"}
[2026-08-30 00:03:00,800][fairseq_cli.train][INFO] - begin validation on "valid" subset
[2026-08-30 00:03:01,428][fairseq.logging.progress_bar][WARNING] - tensorboard not found, please install with: pip install tensorboard
[2026-08-30 00:03:03,795][valid][INFO] - {"epoch": 5, "valid_loss": "128.924", "valid_nll_loss": "7.809", "valid_total": "291.154", "valid_n_correct": "18.0769", "valid_ppl": "224.24", "valid_accuracy": "6.209", "valid_wps": "2631.6", "valid_wpb": "291.2", "valid_bsz": "18.1", "valid_num_updates": "120", "valid_best_accuracy": "6.235"}
[2026-08-30 00:03:03,815][fairseq.checkpoint_utils][INFO] - Preparing to save checkpoint for epoch 5 @ 120 updates
[2026-08-30 00:03:03,817][fairseq.trainer][INFO] - Saving checkpoint to checkpoints/checkpoint_last.pt
[2026-08-30 00:03:06,818][fairseq.trainer][INFO] - Finished saving checkpoint to checkpoints/checkpoint_last.pt
[2026-08-30 00:03:06,820][fairseq.checkpoint_utils][INFO] - Saved checkpoint checkpoints/checkpoint_last.pt (epoch 5 @ 120 updates, score 6.209) (writing took 3.0049100993201137 seconds)
[2026-08-30 00:03:06,821][fairseq_cli.train][INFO] - end of epoch 5 (average epoch stats below)
[2026-08-30 00:03:06,822][train][INFO] - {"epoch": 5, "train_loss": "131.199", "train_nll_loss": "7.955", "train_total": "1209.17", "train_n_correct": "70.8333", "train_ppl": "248.06", "train_accuracy": "5.858", "train_wps": "1620.4", "train_ups": "1.34", "train_wpb": "1209.2", "train_bsz": "75", "train_num_updates": "120", "train_lr": "0.000921", "train_gnorm": "1.87", "train_loss_scale": "128", "train_train_wall": "10", "train_gb_free": "42.8", "train_wall": "103"}
[2026-08-30 00:03:07,453][fairseq.logging.progress_bar][WARNING] - tensorboard not found, please install with: pip install tensorboard
[2026-08-30 00:03:07,524][fairseq.trainer][INFO] - begin training epoch 6
[2026-08-30 00:03:07,526][fairseq_cli.train][INFO] - Start iterating over samples
[2026-08-30 00:03:19,155][fairseq_cli.train][INFO] - begin validation on "valid" subset
[2026-08-30 00:03:20,028][fairseq.logging.progress_bar][WARNING] - tensorboard not found, please install with: pip install tensorboard
[2026-08-30 00:03:22,087][valid][INFO] - {"epoch": 6, "valid_loss": "128.232", "valid_nll_loss": "7.765", "valid_total": "291.154", "valid_n_correct": "18.0769", "valid_ppl": "217.51", "valid_accuracy": "6.209", "valid_wps": "3623.4", "valid_wpb": "291.2", "valid_bsz": "18.1", "valid_num_updates": "144", "valid_best_accuracy": "6.235"}
[2026-08-30 00:03:22,091][fairseq.checkpoint_utils][INFO] - Preparing to save checkpoint for epoch 6 @ 144 updates
[2026-08-30 00:03:22,093][fairseq.trainer][INFO] - Saving checkpoint to checkpoints/checkpoint_last.pt
[2026-08-30 00:03:24,723][fairseq.trainer][INFO] - Finished saving checkpoint to checkpoints/checkpoint_last.pt
[2026-08-30 00:03:24,724][fairseq.checkpoint_utils][INFO] - Saved checkpoint checkpoints/checkpoint_last.pt (epoch 6 @ 144 updates, score 6.209) (writing took 2.632985506206751 seconds)
[2026-08-30 00:03:24,726][fairseq_cli.train][INFO] - end of epoch 6 (average epoch stats below)
[2026-08-30 00:03:24,727][train][INFO] - {"epoch": 6, "train_loss": "129.996", "train_nll_loss": "7.874", "train_total": "1209.17", "train_n_correct": "73.4583", "train_ppl": "234.66", "train_accuracy": "6.075", "train_wps": "1620.9", "train_ups": "1.34", "train_wpb": "1209.2", "train_bsz": "75", "train_num_updates": "144", "train_lr": "0.0010992", "train_gnorm": "1.883", "train_loss_scale": "128", "train_train_wall": "10", "train_gb_free": "42.8", "train_wall": "121"}
[2026-08-30 00:03:25,381][fairseq.logging.progress_bar][WARNING] - tensorboard not found, please install with: pip install tensorboard
[2026-08-30 00:03:25,386][fairseq.trainer][INFO] - begin training epoch 7
[2026-08-30 00:03:25,387][fairseq_cli.train][INFO] - Start iterating over samples
[2026-08-30 00:03:36,945][fairseq_cli.train][INFO] - begin validation on "valid" subset
[2026-08-30 00:03:37,633][fairseq.logging.progress_bar][WARNING] - tensorboard not found, please install with: pip install tensorboard
[2026-08-30 00:03:39,501][valid][INFO] - {"epoch": 7, "valid_loss": "127.68", "valid_nll_loss": "7.728", "valid_total": "291.154", "valid_n_correct": "18.0769", "valid_ppl": "212.06", "valid_accuracy": "6.209", "valid_wps": "3859.9", "valid_wpb": "291.2", "valid_bsz": "18.1", "valid_num_updates": "168", "valid_best_accuracy": "6.235"}
[2026-08-30 00:03:39,512][fairseq.checkpoint_utils][INFO] - Preparing to save checkpoint for epoch 7 @ 168 updates
[2026-08-30 00:03:39,514][fairseq.trainer][INFO] - Saving checkpoint to checkpoints/checkpoint_last.pt
[2026-08-30 00:03:42,189][fairseq.trainer][INFO] - Finished saving checkpoint to checkpoints/checkpoint_last.pt
[2026-08-30 00:03:42,191][fairseq.checkpoint_utils][INFO] - Saved checkpoint checkpoints/checkpoint_last.pt (epoch 7 @ 168 updates, score 6.209) (writing took 2.678832471370697 seconds)
[2026-08-30 00:03:42,193][fairseq_cli.train][INFO] - end of epoch 7 (average epoch stats below)
[2026-08-30 00:03:42,194][train][INFO] - {"epoch": 7, "train_loss": "129.401", "train_nll_loss": "7.837", "train_total": "1209.17", "train_n_correct": "72.875", "train_ppl": "228.62", "train_accuracy": "6.027", "train_wps": "1661.5", "train_ups": "1.37", "train_wpb": "1209.2", "train_bsz": "75", "train_num_updates": "168", "train_lr": "0.0012774", "train_gnorm": "1.937", "train_loss_scale": "128", "train_train_wall": "10", "train_gb_free": "42.8", "train_wall": "138"}
[2026-08-30 00:03:42,739][fairseq.logging.progress_bar][WARNING] - tensorboard not found, please install with: pip install tensorboard
[2026-08-30 00:03:42,743][fairseq.trainer][INFO] - begin training epoch 8
[2026-08-30 00:03:42,744][fairseq_cli.train][INFO] - Start iterating over samples
[2026-08-30 00:03:54,597][fairseq_cli.train][INFO] - begin validation on "valid" subset
[2026-08-30 00:03:55,235][fairseq.logging.progress_bar][WARNING] - tensorboard not found, please install with: pip install tensorboard
[2026-08-30 00:03:57,034][valid][INFO] - {"epoch": 8, "valid_loss": "126.741", "valid_nll_loss": "7.659", "valid_total": "291.154", "valid_n_correct": "18.0769", "valid_ppl": "202.16", "valid_accuracy": "6.209", "valid_wps": "4246.5", "valid_wpb": "291.2", "valid_bsz": "18.1", "valid_num_updates": "192", "valid_best_accuracy": "6.235"}
[2026-08-30 00:03:57,037][fairseq.checkpoint_utils][INFO] - Preparing to save checkpoint for epoch 8 @ 192 updates
[2026-08-30 00:03:57,038][fairseq.trainer][INFO] - Saving checkpoint to checkpoints/checkpoint_last.pt
[2026-08-30 00:03:59,421][fairseq.trainer][INFO] - Finished saving checkpoint to checkpoints/checkpoint_last.pt
[2026-08-30 00:03:59,423][fairseq.checkpoint_utils][INFO] - Saved checkpoint checkpoints/checkpoint_last.pt (epoch 8 @ 192 updates, score 6.209) (writing took 2.385451592504978 seconds)
[2026-08-30 00:03:59,424][fairseq_cli.train][INFO] - end of epoch 8 (average epoch stats below)
[2026-08-30 00:03:59,426][train][INFO] - {"epoch": 8, "train_loss": "128.715", "train_nll_loss": "7.79", "train_total": "1209.17", "train_n_correct": "73.0417", "train_ppl": "221.3", "train_accuracy": "6.041", "train_wps": "1684.3", "train_ups": "1.39", "train_wpb": "1209.2", "train_bsz": "75", "train_num_updates": "192", "train_lr": "0.0014556", "train_gnorm": "1.957", "train_loss_scale": "128", "train_train_wall": "10", "train_gb_free": "42.9", "train_wall": "155"}
[2026-08-30 00:03:59,668][fairseq.logging.progress_bar][WARNING] - tensorboard not found, please install with: pip install tensorboard
[2026-08-30 00:03:59,670][fairseq.trainer][INFO] - begin training epoch 9
[2026-08-30 00:03:59,671][fairseq_cli.train][INFO] - Start iterating over samples
[2026-08-30 00:04:04,393][train_inner][INFO] - {"epoch": 9, "update": 8.333, "loss": "130.364", "nll_loss": "7.848", "total": "1215", "n_correct": "72.8", "ppl": "230.46", "accuracy": "5.992", "wps": "1683.9", "ups": "1.39", "wpb": "1215", "bsz": "74.9", "num_updates": "200", "lr": "0.001515", "gnorm": "1.921", "loss_scale": "128", "train_wall": "43", "gb_free": "42.7", "wall": "160"}
[2026-08-30 00:04:11,271][fairseq_cli.train][INFO] - begin validation on "valid" subset
[2026-08-30 00:04:11,521][fairseq.logging.progress_bar][WARNING] - tensorboard not found, please install with: pip install tensorboard
[2026-08-30 00:04:13,220][valid][INFO] - {"epoch": 9, "valid_loss": "125.877", "valid_nll_loss": "7.6", "valid_total": "291.154", "valid_n_correct": "19.4615", "valid_ppl": "193.99", "valid_accuracy": "6.684", "valid_wps": "4408.3", "valid_wpb": "291.2", "valid_bsz": "18.1", "valid_num_updates": "216", "valid_best_accuracy": "6.684"}
[2026-08-30 00:04:13,223][fairseq.checkpoint_utils][INFO] - Preparing to save checkpoint for epoch 9 @ 216 updates
[2026-08-30 00:04:13,224][fairseq.trainer][INFO] - Saving checkpoint to checkpoints/checkpoint_best.pt
[2026-08-30 00:04:15,892][fairseq.trainer][INFO] - Finished saving checkpoint to checkpoints/checkpoint_best.pt
[2026-08-30 00:04:18,869][fairseq.checkpoint_utils][INFO] - Saved checkpoint checkpoints/checkpoint_best.pt (epoch 9 @ 216 updates, score 6.684) (writing took 5.646384873427451 seconds)
[2026-08-30 00:04:18,871][fairseq_cli.train][INFO] - end of epoch 9 (average epoch stats below)
[2026-08-30 00:04:18,873][train][INFO] - {"epoch": 9, "train_loss": "127.928", "train_nll_loss": "7.733", "train_total": "1209.17", "train_n_correct": "74.5417", "train_ppl": "212.72", "train_accuracy": "6.165", "train_wps": "1492.3", "train_ups": "1.23", "train_wpb": "1209.2", "train_bsz": "75", "train_num_updates": "216", "train_lr": "0.0016338", "train_gnorm": "2.022", "train_loss_scale": "128", "train_train_wall": "10", "train_gb_free": "42.9", "train_wall": "175"}
[2026-08-30 00:04:19,456][fairseq.logging.progress_bar][WARNING] - tensorboard not found, please install with: pip install tensorboard
[2026-08-30 00:04:19,524][fairseq.trainer][INFO] - begin training epoch 10
[2026-08-30 00:04:19,526][fairseq_cli.train][INFO] - Start iterating over samples
[2026-08-30 00:04:31,016][fairseq_cli.train][INFO] - begin validation on "valid" subset
[2026-08-30 00:04:31,536][fairseq.logging.progress_bar][WARNING] - tensorboard not found, please install with: pip install tensorboard
[2026-08-30 00:04:33,419][valid][INFO] - {"epoch": 10, "valid_loss": "124.69", "valid_nll_loss": "7.514", "valid_total": "291.154", "valid_n_correct": "23.6154", "valid_ppl": "182.81", "valid_accuracy": "8.111", "valid_wps": "4004.4", "valid_wpb": "291.2", "valid_bsz": "18.1", "valid_num_updates": "240", "valid_best_accuracy": "8.111"}
[2026-08-30 00:04:33,422][fairseq.checkpoint_utils][INFO] - Preparing to save checkpoint for epoch 10 @ 240 updates
[2026-08-30 00:04:33,423][fairseq.trainer][INFO] - Saving checkpoint to checkpoints/checkpoint_best.pt
[2026-08-30 00:04:35,742][fairseq.trainer][INFO] - Finished saving checkpoint to checkpoints/checkpoint_best.pt
[2026-08-30 00:04:39,384][fairseq.checkpoint_utils][INFO] - Saved checkpoint checkpoints/checkpoint_best.pt (epoch 10 @ 240 updates, score 8.111) (writing took 5.96132523752749 seconds)
[2026-08-30 00:04:39,386][fairseq_cli.train][INFO] - end of epoch 10 (average epoch stats below)
[2026-08-30 00:04:39,389][train][INFO] - {"epoch": 10, "train_loss": "126.813", "train_nll_loss": "7.654", "train_total": "1209.17", "train_n_correct": "89.25", "train_ppl": "201.42", "train_accuracy": "7.381", "train_wps": "1414.7", "train_ups": "1.17", "train_wpb": "1209.2", "train_bsz": "75", "train_num_updates": "240", "train_lr": "0.001812", "train_gnorm": "2.125", "train_loss_scale": "128", "train_train_wall": "10", "train_gb_free": "42.9", "train_wall": "195"}
[2026-08-30 00:04:40,039][fairseq.logging.progress_bar][WARNING] - tensorboard not found, please install with: pip install tensorboard
[2026-08-30 00:04:40,123][fairseq.trainer][INFO] - begin training epoch 11
[2026-08-30 00:04:40,125][fairseq_cli.train][INFO] - Start iterating over samples
[2026-08-30 00:04:51,944][fairseq_cli.train][INFO] - begin validation on "valid" subset
[2026-08-30 00:04:52,636][fairseq.logging.progress_bar][WARNING] - tensorboard not found, please install with: pip install tensorboard
[2026-08-30 00:04:54,709][valid][INFO] - {"epoch": 11, "valid_loss": "123.613", "valid_nll_loss": "7.434", "valid_total": "291.154", "valid_n_correct": "25.0769", "valid_ppl": "172.93", "valid_accuracy": "8.613", "valid_wps": "3389.3", "valid_wpb": "291.2", "valid_bsz": "18.1", "valid_num_updates": "264", "valid_best_accuracy": "8.613"}
[2026-08-30 00:04:54,714][fairseq.checkpoint_utils][INFO] - Preparing to save checkpoint for epoch 11 @ 264 updates
[2026-08-30 00:04:54,716][fairseq.trainer][INFO] - Saving checkpoint to checkpoints/checkpoint_best.pt
[2026-08-30 00:04:57,606][fairseq.trainer][INFO] - Finished saving checkpoint to checkpoints/checkpoint_best.pt
[2026-08-30 00:05:01,281][fairseq.checkpoint_utils][INFO] - Saved checkpoint checkpoints/checkpoint_best.pt (epoch 11 @ 264 updates, score 8.613) (writing took 6.56709735840559 seconds)
[2026-08-30 00:05:01,283][fairseq_cli.train][INFO] - end of epoch 11 (average epoch stats below)
[2026-08-30 00:05:01,285][train][INFO] - {"epoch": 11, "train_loss": "125.737", "train_nll_loss": "7.578", "train_total": "1209.17", "train_n_correct": "96.7083", "train_ppl": "191.02", "train_accuracy": "7.998", "train_wps": "1325.5", "train_ups": "1.1", "train_wpb": "1209.2", "train_bsz": "75", "train_num_updates": "264", "train_lr": "0.0019902", "train_gnorm": "2.195", "train_loss_scale": "128", "train_train_wall": "10", "train_gb_free": "42.8", "train_wall": "217"}
[2026-08-30 00:05:01,924][fairseq.logging.progress_bar][WARNING] - tensorboard not found, please install with: pip install tensorboard
[2026-08-30 00:05:01,928][fairseq.trainer][INFO] - begin training epoch 12
[2026-08-30 00:05:01,931][fairseq_cli.train][INFO] - Start iterating over samples
[2026-08-30 00:05:13,394][fairseq_cli.train][INFO] - begin validation on "valid" subset
[2026-08-30 00:05:13,746][fairseq.logging.progress_bar][WARNING] - tensorboard not found, please install with: pip install tensorboard
[2026-08-30 00:05:16,031][valid][INFO] - {"epoch": 12, "valid_loss": "122.632", "valid_nll_loss": "7.36", "valid_total": "291.154", "valid_n_correct": "26.2308", "valid_ppl": "164.31", "valid_accuracy": "9.009", "valid_wps": "2627.7", "valid_wpb": "291.2", "valid_bsz": "18.1", "valid_num_updates": "288", "valid_best_accuracy": "9.009"}
[2026-08-30 00:05:16,038][fairseq.checkpoint_utils][INFO] - Preparing to save checkpoint for epoch 12 @ 288 updates
[2026-08-30 00:05:16,042][fairseq.trainer][INFO] - Saving checkpoint to checkpoints/checkpoint_best.pt
[2026-08-30 00:05:18,829][fairseq.trainer][INFO] - Finished saving checkpoint to checkpoints/checkpoint_best.pt
[2026-08-30 00:05:21,466][fairseq.checkpoint_utils][INFO] - Saved checkpoint checkpoints/checkpoint_best.pt (epoch 12 @ 288 updates, score 9.009) (writing took 5.42796815931797 seconds)
[2026-08-30 00:05:21,468][fairseq_cli.train][INFO] - end of epoch 12 (average epoch stats below)
[2026-08-30 00:05:21,470][train][INFO] - {"epoch": 12, "train_loss": "124.558", "train_nll_loss": "7.492", "train_total": "1209.17", "train_n_correct": "99.625", "train_ppl": "180", "train_accuracy": "8.239", "train_wps": "1437.8", "train_ups": "1.19", "train_wpb": "1209.2", "train_bsz": "75", "train_num_updates": "288", "train_lr": "0.0021684", "train_gnorm": "2.343", "train_loss_scale": "128", "train_train_wall": "10", "train_gb_free": "43", "train_wall": "237"}
[2026-08-30 00:05:21,787][fairseq.logging.progress_bar][WARNING] - tensorboard not found, please install with: pip install tensorboard
[2026-08-30 00:05:21,791][fairseq.trainer][INFO] - begin training epoch 13
[2026-08-30 00:05:21,793][fairseq_cli.train][INFO] - Start iterating over samples
[2026-08-30 00:05:28,144][train_inner][INFO] - {"epoch": 13, "update": 12.5, "loss": "124.648", "nll_loss": "7.575", "total": "1195.61", "n_correct": "92.32", "ppl": "190.64", "accuracy": "7.722", "wps": "1427.6", "ups": "1.19", "wpb": "1195.6", "bsz": "74.8", "num_updates": "300", "lr": "0.0022575", "gnorm": "2.26", "loss_scale": "128", "train_wall": "42", "gb_free": "42.7", "wall": "244"}
[2026-08-30 00:05:33,075][fairseq_cli.train][INFO] - begin validation on "valid" subset
[2026-08-30 00:05:33,529][fairseq.logging.progress_bar][WARNING] - tensorboard not found, please install with: pip install tensorboard
[2026-08-30 00:05:35,331][valid][INFO] - {"epoch": 13, "valid_loss": "121.35", "valid_nll_loss": "7.271", "valid_total": "291.154", "valid_n_correct": "26.6923", "valid_ppl": "154.49", "valid_accuracy": "9.168", "valid_wps": "3991", "valid_wpb": "291.2", "valid_bsz": "18.1", "valid_num_updates": "312", "valid_best_accuracy": "9.168"}
[2026-08-30 00:05:35,335][fairseq.checkpoint_utils][INFO] - Preparing to save checkpoint for epoch 13 @ 312 updates
[2026-08-30 00:05:35,337][fairseq.trainer][INFO] - Saving checkpoint to checkpoints/checkpoint_best.pt
[2026-08-30 00:05:37,753][fairseq.trainer][INFO] - Finished saving checkpoint to checkpoints/checkpoint_best.pt
[2026-08-30 00:05:40,491][fairseq.checkpoint_utils][INFO] - Saved checkpoint checkpoints/checkpoint_best.pt (epoch 13 @ 312 updates, score 9.168) (writing took 5.155646906234324 seconds)
[2026-08-30 00:05:40,492][fairseq_cli.train][INFO] - end of epoch 13 (average epoch stats below)
[2026-08-30 00:05:40,495][train][INFO] - {"epoch": 13, "train_loss": "123.467", "train_nll_loss": "7.412", "train_total": "1209.17", "train_n_correct": "100.708", "train_ppl": "170.27", "train_accuracy": "8.329", "train_wps": "1525.5", "train_ups": "1.26", "train_wpb": "1209.2", "train_bsz": "75", "train_num_updates": "312", "train_lr": "0.0023466", "train_gnorm": "2.737", "train_loss_scale": "128", "train_train_wall": "10", "train_gb_free": "43", "train_wall": "256"}
[2026-08-30 00:05:40,796][fairseq.logging.progress_bar][WARNING] - tensorboard not found, please install with: pip install tensorboard
[2026-08-30 00:05:40,798][fairseq.trainer][INFO] - begin training epoch 14
[2026-08-30 00:05:40,799][fairseq_cli.train][INFO] - Start iterating over samples
[2026-08-30 00:05:52,260][fairseq_cli.train][INFO] - begin validation on "valid" subset
[2026-08-30 00:05:52,523][fairseq.logging.progress_bar][WARNING] - tensorboard not found, please install with: pip install tensorboard
[2026-08-30 00:05:54,292][valid][INFO] - {"epoch": 14, "valid_loss": "120.171", "valid_nll_loss": "7.18", "valid_total": "291.154", "valid_n_correct": "27.5385", "valid_ppl": "145.04", "valid_accuracy": "9.458", "valid_wps": "4287.3", "valid_wpb": "291.2", "valid_bsz": "18.1", "valid_num_updates": "336", "valid_best_accuracy": "9.458"}
[2026-08-30 00:05:54,295][fairseq.checkpoint_utils][INFO] - Preparing to save checkpoint for epoch 14 @ 336 updates
[2026-08-30 00:05:54,297][fairseq.trainer][INFO] - Saving checkpoint to checkpoints/checkpoint_best.pt
[2026-08-30 00:05:56,651][fairseq.trainer][INFO] - Finished saving checkpoint to checkpoints/checkpoint_best.pt
[2026-08-30 00:05:59,508][fairseq.checkpoint_utils][INFO] - Saved checkpoint checkpoints/checkpoint_best.pt (epoch 14 @ 336 updates, score 9.458) (writing took 5.212822339497507 seconds)
[2026-08-30 00:05:59,509][fairseq_cli.train][INFO] - end of epoch 14 (average epoch stats below)
[2026-08-30 00:05:59,513][train][INFO] - {"epoch": 14, "train_loss": "122.033", "train_nll_loss": "7.309", "train_total": "1209.17", "train_n_correct": "104.875", "train_ppl": "158.61", "train_accuracy": "8.673", "train_wps": "1526.1", "train_ups": "1.26", "train_wpb": "1209.2", "train_bsz": "75", "train_num_updates": "336", "train_lr": "0.0025248", "train_gnorm": "2.656", "train_loss_scale": "128", "train_train_wall": "10", "train_gb_free": "42.7", "train_wall": "275"}
[2026-08-30 00:05:59,810][fairseq.logging.progress_bar][WARNING] - tensorboard not found, please install with: pip install tensorboard
[2026-08-30 00:05:59,821][fairseq.trainer][INFO] - begin training epoch 15
[2026-08-30 00:05:59,822][fairseq_cli.train][INFO] - Start iterating over samples
[2026-08-30 00:06:11,438][fairseq_cli.train][INFO] - begin validation on "valid" subset
[2026-08-30 00:06:12,133][fairseq.logging.progress_bar][WARNING] - tensorboard not found, please install with: pip install tensorboard
[2026-08-30 00:06:14,140][valid][INFO] - {"epoch": 15, "valid_loss": "118.765", "valid_nll_loss": "7.079", "valid_total": "291.154", "valid_n_correct": "28.1538", "valid_ppl": "135.2", "valid_accuracy": "9.67", "valid_wps": "3704.4", "valid_wpb": "291.2", "valid_bsz": "18.1", "valid_num_updates": "360", "valid_best_accuracy": "9.67"}
[2026-08-30 00:06:14,143][fairseq.checkpoint_utils][INFO] - Preparing to save checkpoint for epoch 15 @ 360 updates
[2026-08-30 00:06:14,145][fairseq.trainer][INFO] - Saving checkpoint to checkpoints/checkpoint_best.pt
[2026-08-30 00:06:16,784][fairseq.trainer][INFO] - Finished saving checkpoint to checkpoints/checkpoint_best.pt
[2026-08-30 00:06:20,829][fairseq.checkpoint_utils][INFO] - Saved checkpoint checkpoints/checkpoint_best.pt (epoch 15 @ 360 updates, score 9.67) (writing took 6.685635498724878 seconds)
[2026-08-30 00:06:20,831][fairseq_cli.train][INFO] - end of epoch 15 (average epoch stats below)
[2026-08-30 00:06:20,834][train][INFO] - {"epoch": 15, "train_loss": "120.704", "train_nll_loss": "7.213", "train_total": "1209.17", "train_n_correct": "109.167", "train_ppl": "148.41", "train_accuracy": "9.028", "train_wps": "1361.2", "train_ups": "1.13", "train_wpb": "1209.2", "train_bsz": "75", "train_num_updates": "360", "train_lr": "0.002703", "train_gnorm": "3.029", "train_loss_scale": "128", "train_train_wall": "10", "train_gb_free": "43", "train_wall": "297"}
[2026-08-30 00:06:21,409][fairseq.logging.progress_bar][WARNING] - tensorboard not found, please install with: pip install tensorboard
[2026-08-30 00:06:21,424][fairseq.trainer][INFO] - begin training epoch 16
[2026-08-30 00:06:21,425][fairseq_cli.train][INFO] - Start iterating over samples
[2026-08-30 00:06:32,975][fairseq_cli.train][INFO] - begin validation on "valid" subset
[2026-08-30 00:06:33,209][fairseq.logging.progress_bar][WARNING] - tensorboard not found, please install with: pip install tensorboard
[2026-08-30 00:06:35,095][valid][INFO] - {"epoch": 16, "valid_loss": "117.716", "valid_nll_loss": "7.002", "valid_total": "291.154", "valid_n_correct": "29.0769", "valid_ppl": "128.16", "valid_accuracy": "9.987", "valid_wps": "4271.4", "valid_wpb": "291.2", "valid_bsz": "18.1", "valid_num_updates": "384", "valid_best_accuracy": "9.987"}
[2026-08-30 00:06:35,098][fairseq.checkpoint_utils][INFO] - Preparing to save checkpoint for epoch 16 @ 384 updates
[2026-08-30 00:06:35,099][fairseq.trainer][INFO] - Saving checkpoint to checkpoints/checkpoint_best.pt
[2026-08-30 00:06:37,461][fairseq.trainer][INFO] - Finished saving checkpoint to checkpoints/checkpoint_best.pt
[2026-08-30 00:06:40,466][fairseq.checkpoint_utils][INFO] - Saved checkpoint checkpoints/checkpoint_best.pt (epoch 16 @ 384 updates, score 9.987) (writing took 5.3678334932774305 seconds)
[2026-08-30 00:06:40,468][fairseq_cli.train][INFO] - end of epoch 16 (average epoch stats below)
[2026-08-30 00:06:40,470][train][INFO] - {"epoch": 16, "train_loss": "119.293", "train_nll_loss": "7.113", "train_total": "1209.17", "train_n_correct": "112.458", "train_ppl": "138.42", "train_accuracy": "9.3", "train_wps": "1478", "train_ups": "1.22", "train_wpb": "1209.2", "train_bsz": "75", "train_num_updates": "384", "train_lr": "0.0028812", "train_gnorm": "2.862", "train_loss_scale": "128", "train_train_wall": "10", "train_gb_free": "42.7", "train_wall": "316"}
[2026-08-30 00:06:40,979][fairseq.logging.progress_bar][WARNING] - tensorboard not found, please install with: pip install tensorboard
[2026-08-30 00:06:40,985][fairseq.trainer][INFO] - begin training epoch 17
[2026-08-30 00:06:40,986][fairseq_cli.train][INFO] - Start iterating over samples
[2026-08-30 00:06:49,856][train_inner][INFO] - {"epoch": 17, "update": 16.667, "loss": "120.947", "nll_loss": "7.209", "total": "1212.32", "n_correct": "109.03", "ppl": "147.93", "accuracy": "8.994", "wps": "1483.7", "ups": "1.22", "wpb": "1212.3", "bsz": "75", "num_updates": "400", "lr": "0.003", "gnorm": "2.837", "loss_scale": "128", "train_wall": "43", "gb_free": "42.7", "wall": "326"}
[2026-08-30 00:06:53,343][fairseq_cli.train][INFO] - begin validation on "valid" subset
[2026-08-30 00:06:53,934][fairseq.logging.progress_bar][WARNING] - tensorboard not found, please install with: pip install tensorboard
[2026-08-30 00:06:56,447][valid][INFO] - {"epoch": 17, "valid_loss": "116.447", "valid_nll_loss": "6.91", "valid_total": "291.154", "valid_n_correct": "29.9231", "valid_ppl": "120.24", "valid_accuracy": "10.277", "valid_wps": "3040.4", "valid_wpb": "291.2", "valid_bsz": "18.1", "valid_num_updates": "408", "valid_best_accuracy": "10.277"}
[2026-08-30 00:06:56,452][fairseq.checkpoint_utils][INFO] - Preparing to save checkpoint for epoch 17 @ 408 updates
[2026-08-30 00:06:56,455][fairseq.trainer][INFO] - Saving checkpoint to checkpoints/checkpoint_best.pt
[2026-08-30 00:06:59,796][fairseq.trainer][INFO] - Finished saving checkpoint to checkpoints/checkpoint_best.pt
[2026-08-30 00:07:02,716][fairseq.checkpoint_utils][INFO] - Saved checkpoint checkpoints/checkpoint_best.pt (epoch 17 @ 408 updates, score 10.277) (writing took 6.263943616300821 seconds)
[2026-08-30 00:07:02,720][fairseq_cli.train][INFO] - end of epoch 17 (average epoch stats below)
[2026-08-30 00:07:02,723][train][INFO] - {"epoch": 17, "train_loss": "117.98", "train_nll_loss": "7.018", "train_total": "1209.17", "train_n_correct": "116.667", "train_ppl": "129.61", "train_accuracy": "9.649", "train_wps": "1304.4", "train_ups": "1.08", "train_wpb": "1209.2", "train_bsz": "75", "train_num_updates": "408", "train_lr": "0.00298208", "train_gnorm": "2.909", "train_loss_scale": "128", "train_train_wall": "10", "train_gb_free": "42.7", "train_wall": "339"}
[2026-08-30 00:07:03,067][fairseq.logging.progress_bar][WARNING] - tensorboard not found, please install with: pip install tensorboard
[2026-08-30 00:07:03,121][fairseq.trainer][INFO] - begin training epoch 18
[2026-08-30 00:07:03,124][fairseq_cli.train][INFO] - Start iterating over samples
[2026-08-30 00:07:14,899][fairseq_cli.train][INFO] - begin validation on "valid" subset
[2026-08-30 00:07:15,662][fairseq.logging.progress_bar][WARNING] - tensorboard not found, please install with: pip install tensorboard
[2026-08-30 00:07:17,682][valid][INFO] - {"epoch": 18, "valid_loss": "114.959", "valid_nll_loss": "6.802", "valid_total": "291.154", "valid_n_correct": "31.5385", "valid_ppl": "111.61", "valid_accuracy": "10.832", "valid_wps": "3881.3", "valid_wpb": "291.2", "valid_bsz": "18.1", "valid_num_updates": "432", "valid_best_accuracy": "10.832"}
[2026-08-30 00:07:17,685][fairseq.checkpoint_utils][INFO] - Preparing to save checkpoint for epoch 18 @ 432 updates
[2026-08-30 00:07:17,686][fairseq.trainer][INFO] - Saving checkpoint to checkpoints/checkpoint_best.pt
[2026-08-30 00:07:20,148][fairseq.trainer][INFO] - Finished saving checkpoint to checkpoints/checkpoint_best.pt
[2026-08-30 00:07:22,930][fairseq.checkpoint_utils][INFO] - Saved checkpoint checkpoints/checkpoint_best.pt (epoch 18 @ 432 updates, score 10.832) (writing took 5.245343832299113 seconds)
[2026-08-30 00:07:22,931][fairseq_cli.train][INFO] - end of epoch 18 (average epoch stats below)
[2026-08-30 00:07:22,933][train][INFO] - {"epoch": 18, "train_loss": "116.417", "train_nll_loss": "6.907", "train_total": "1209.17", "train_n_correct": "119.625", "train_ppl": "119.97", "train_accuracy": "9.893", "train_wps": "1436", "train_ups": "1.19", "train_wpb": "1209.2", "train_bsz": "75", "train_num_updates": "432", "train_lr": "0.00292896", "train_gnorm": "2.957", "train_loss_scale": "128", "train_train_wall": "10", "train_gb_free": "42.7", "train_wall": "359"}
[2026-08-30 00:07:23,196][fairseq.logging.progress_bar][WARNING] - tensorboard not found, please install with: pip install tensorboard
[2026-08-30 00:07:23,198][fairseq.trainer][INFO] - begin training epoch 19
[2026-08-30 00:07:23,199][fairseq_cli.train][INFO] - Start iterating over samples
[2026-08-30 00:07:34,788][fairseq_cli.train][INFO] - begin validation on "valid" subset
[2026-08-30 00:07:35,036][fairseq.logging.progress_bar][WARNING] - tensorboard not found, please install with: pip install tensorboard
[2026-08-30 00:07:36,942][valid][INFO] - {"epoch": 19, "valid_loss": "114.023", "valid_nll_loss": "6.733", "valid_total": "291.154", "valid_n_correct": "32.9231", "valid_ppl": "106.37", "valid_accuracy": "11.308", "valid_wps": "4052.5", "valid_wpb": "291.2", "valid_bsz": "18.1", "valid_num_updates": "456", "valid_best_accuracy": "11.308"}
[2026-08-30 00:07:36,944][fairseq.checkpoint_utils][INFO] - Preparing to save checkpoint for epoch 19 @ 456 updates
[2026-08-30 00:07:36,945][fairseq.trainer][INFO] - Saving checkpoint to checkpoints/checkpoint_best.pt
[2026-08-30 00:07:39,304][fairseq.trainer][INFO] - Finished saving checkpoint to checkpoints/checkpoint_best.pt
[2026-08-30 00:07:42,011][fairseq.checkpoint_utils][INFO] - Saved checkpoint checkpoints/checkpoint_best.pt (epoch 19 @ 456 updates, score 11.308) (writing took 5.067702628672123 seconds)
[2026-08-30 00:07:42,013][fairseq_cli.train][INFO] - end of epoch 19 (average epoch stats below)
[2026-08-30 00:07:42,016][train][INFO] - {"epoch": 19, "train_loss": "114.95", "train_nll_loss": "6.802", "train_total": "1209.17", "train_n_correct": "128.75", "train_ppl": "111.61", "train_accuracy": "10.648", "train_wps": "1520.8", "train_ups": "1.26", "train_wpb": "1209.2", "train_bsz": "75", "train_num_updates": "456", "train_lr": "0.00287678", "train_gnorm": "2.934", "train_loss_scale": "128", "train_train_wall": "10", "train_gb_free": "42.8", "train_wall": "378"}
[2026-08-30 00:07:42,341][fairseq.logging.progress_bar][WARNING] - tensorboard not found, please install with: pip install tensorboard
[2026-08-30 00:07:42,345][fairseq.trainer][INFO] - begin training epoch 20
[2026-08-30 00:07:42,347][fairseq_cli.train][INFO] - Start iterating over samples
[2026-08-30 00:07:54,116][fairseq_cli.train][INFO] - begin validation on "valid" subset
[2026-08-30 00:07:54,426][fairseq.logging.progress_bar][WARNING] - tensorboard not found, please install with: pip install tensorboard
[2026-08-30 00:07:56,145][valid][INFO] - {"epoch": 20, "valid_loss": "112.834", "valid_nll_loss": "6.649", "valid_total": "291.154", "valid_n_correct": "33.8462", "valid_ppl": "100.39", "valid_accuracy": "11.625", "valid_wps": "4309.9", "valid_wpb": "291.2", "valid_bsz": "18.1", "valid_num_updates": "480", "valid_best_accuracy": "11.625"}
[2026-08-30 00:07:56,148][fairseq.checkpoint_utils][INFO] - Preparing to save checkpoint for epoch 20 @ 480 updates
[2026-08-30 00:07:56,149][fairseq.trainer][INFO] - Saving checkpoint to checkpoints/checkpoint_best.pt
[2026-08-30 00:07:58,563][fairseq.trainer][INFO] - Finished saving checkpoint to checkpoints/checkpoint_best.pt
[2026-08-30 00:08:01,313][fairseq.checkpoint_utils][INFO] - Saved checkpoint checkpoints/checkpoint_best.pt (epoch 20 @ 480 updates, score 11.625) (writing took 5.165122129023075 seconds)
[2026-08-30 00:08:01,318][fairseq_cli.train][INFO] - end of epoch 20 (average epoch stats below)
[2026-08-30 00:08:01,320][train][INFO] - {"epoch": 20, "train_loss": "113.682", "train_nll_loss": "6.712", "train_total": "1209.17", "train_n_correct": "131.417", "train_ppl": "104.86", "train_accuracy": "10.868", "train_wps": "1503.4", "train_ups": "1.24", "train_wpb": "1209.2", "train_bsz": "75", "train_num_updates": "480", "train_lr": "0.00282553", "train_gnorm": "3.046", "train_loss_scale": "128", "train_train_wall": "10", "train_gb_free": "42.7", "train_wall": "397"}
[2026-08-30 00:08:01,639][fairseq.logging.progress_bar][WARNING] - tensorboard not found, please install with: pip install tensorboard
[2026-08-30 00:08:01,722][fairseq.trainer][INFO] - begin training epoch 21
[2026-08-30 00:08:01,723][fairseq_cli.train][INFO] - Start iterating over samples
[2026-08-30 00:08:11,733][train_inner][INFO] - {"epoch": 21, "update": 20.833, "loss": "115.094", "nll_loss": "6.794", "total": "1217.55", "n_correct": "128.65", "ppl": "110.95", "accuracy": "10.566", "wps": "1487.1", "ups": "1.22", "wpb": "1217.5", "bsz": "75.3", "num_updates": "500", "lr": "0.00278353", "gnorm": "3.028", "loss_scale": "128", "train_wall": "43", "gb_free": "43", "wall": "408"}
[2026-08-30 00:08:13,318][fairseq_cli.train][INFO] - begin validation on "valid" subset
[2026-08-30 00:08:13,534][fairseq.logging.progress_bar][WARNING] - tensorboard not found, please install with: pip install tensorboard
[2026-08-30 00:08:15,417][valid][INFO] - {"epoch": 21, "valid_loss": "112.075", "valid_nll_loss": "6.589", "valid_total": "291.154", "valid_n_correct": "36.4615", "valid_ppl": "96.29", "valid_accuracy": "12.523", "valid_wps": "4218.6", "valid_wpb": "291.2", "valid_bsz": "18.1", "valid_num_updates": "504", "valid_best_accuracy": "12.523"}
[2026-08-30 00:08:15,419][fairseq.checkpoint_utils][INFO] - Preparing to save checkpoint for epoch 21 @ 504 updates
[2026-08-30 00:08:15,421][fairseq.trainer][INFO] - Saving checkpoint to checkpoints/checkpoint_best.pt
[2026-08-30 00:08:17,922][fairseq.trainer][INFO] - Finished saving checkpoint to checkpoints/checkpoint_best.pt
[2026-08-30 00:08:20,652][fairseq.checkpoint_utils][INFO] - Saved checkpoint checkpoints/checkpoint_best.pt (epoch 21 @ 504 updates, score 12.523) (writing took 5.232391972094774 seconds)
[2026-08-30 00:08:20,653][fairseq_cli.train][INFO] - end of epoch 21 (average epoch stats below)
[2026-08-30 00:08:20,655][train][INFO] - {"epoch": 21, "train_loss": "112.724", "train_nll_loss": "6.642", "train_total": "1209.17", "train_n_correct": "137.25", "train_ppl": "99.89", "train_accuracy": "11.351", "train_wps": "1501", "train_ups": "1.24", "train_wpb": "1209.2", "train_bsz": "75", "train_num_updates": "504", "train_lr": "0.0027752", "train_gnorm": "3.258", "train_loss_scale": "128", "train_train_wall": "10", "train_gb_free": "42.7", "train_wall": "417"}
[2026-08-30 00:08:20,991][fairseq.logging.progress_bar][WARNING] - tensorboard not found, please install with: pip install tensorboard
[2026-08-30 00:08:21,022][fairseq.trainer][INFO] - begin training epoch 22
[2026-08-30 00:08:21,023][fairseq_cli.train][INFO] - Start iterating over samples
[2026-08-30 00:08:32,617][fairseq_cli.train][INFO] - begin validation on "valid" subset
[2026-08-30 00:08:32,864][fairseq.logging.progress_bar][WARNING] - tensorboard not found, please install with: pip install tensorboard
[2026-08-30 00:08:34,752][valid][INFO] - {"epoch": 22, "valid_loss": "110.96", "valid_nll_loss": "6.516", "valid_total": "291.154", "valid_n_correct": "37.2308", "valid_ppl": "91.54", "valid_accuracy": "12.787", "valid_wps": "4391.6", "valid_wpb": "291.2", "valid_bsz": "18.1", "valid_num_updates": "528", "valid_best_accuracy": "12.787"}
[2026-08-30 00:08:34,757][fairseq.checkpoint_utils][INFO] - Preparing to save checkpoint for epoch 22 @ 528 updates
[2026-08-30 00:08:34,759][fairseq.trainer][INFO] - Saving checkpoint to checkpoints/checkpoint_best.pt
[2026-08-30 00:08:37,232][fairseq.trainer][INFO] - Finished saving checkpoint to checkpoints/checkpoint_best.pt
[2026-08-30 00:08:40,452][fairseq.checkpoint_utils][INFO] - Saved checkpoint checkpoints/checkpoint_best.pt (epoch 22 @ 528 updates, score 12.787) (writing took 5.694931091740727 seconds)
[2026-08-30 00:08:40,454][fairseq_cli.train][INFO] - end of epoch 22 (average epoch stats below)
[2026-08-30 00:08:40,457][train][INFO] - {"epoch": 22, "train_loss": "111.537", "train_nll_loss": "6.559", "train_total": "1209.17", "train_n_correct": "148.125", "train_ppl": "94.26", "train_accuracy": "12.25", "train_wps": "1465.6", "train_ups": "1.21", "train_wpb": "1209.2", "train_bsz": "75", "train_num_updates": "528", "train_lr": "0.00272576", "train_gnorm": "3.386", "train_loss_scale": "128", "train_train_wall": "10", "train_gb_free": "42.9", "train_wall": "436"}
[2026-08-30 00:08:40,755][fairseq.logging.progress_bar][WARNING] - tensorboard not found, please install with: pip install tensorboard
[2026-08-30 00:08:40,758][fairseq.trainer][INFO] - begin training epoch 23
[2026-08-30 00:08:40,759][fairseq_cli.train][INFO] - Start iterating over samples
[2026-08-30 00:08:52,036][fairseq_cli.train][INFO] - begin validation on "valid" subset
[2026-08-30 00:08:52,341][fairseq.logging.progress_bar][WARNING] - tensorboard not found, please install with: pip install tensorboard
[2026-08-30 00:08:54,254][valid][INFO] - {"epoch": 23, "valid_loss": "110.828", "valid_nll_loss": "6.499", "valid_total": "291.154", "valid_n_correct": "39.0769", "valid_ppl": "90.46", "valid_accuracy": "13.421", "valid_wps": "3773.2", "valid_wpb": "291.2", "valid_bsz": "18.1", "valid_num_updates": "552", "valid_best_accuracy": "13.421"}
[2026-08-30 00:08:54,264][fairseq.checkpoint_utils][INFO] - Preparing to save checkpoint for epoch 23 @ 552 updates
[2026-08-30 00:08:54,266][fairseq.trainer][INFO] - Saving checkpoint to checkpoints/checkpoint_best.pt
[2026-08-30 00:08:56,762][fairseq.trainer][INFO] - Finished saving checkpoint to checkpoints/checkpoint_best.pt
[2026-08-30 00:08:59,574][fairseq.checkpoint_utils][INFO] - Saved checkpoint checkpoints/checkpoint_best.pt (epoch 23 @ 552 updates, score 13.421) (writing took 5.31046717427671 seconds)
[2026-08-30 00:08:59,575][fairseq_cli.train][INFO] - end of epoch 23 (average epoch stats below)
[2026-08-30 00:08:59,578][train][INFO] - {"epoch": 23, "train_loss": "110.689", "train_nll_loss": "6.496", "train_total": "1209.17", "train_n_correct": "150.25", "train_ppl": "90.28", "train_accuracy": "12.426", "train_wps": "1517.8", "train_ups": "1.26", "train_wpb": "1209.2", "train_bsz": "75", "train_num_updates": "552", "train_lr": "0.00267721", "train_gnorm": "3.211", "train_loss_scale": "128", "train_train_wall": "10", "train_gb_free": "42.8", "train_wall": "455"}
[2026-08-30 00:08:59,895][fairseq.logging.progress_bar][WARNING] - tensorboard not found, please install with: pip install tensorboard
[2026-08-30 00:08:59,899][fairseq.trainer][INFO] - begin training epoch 24
[2026-08-30 00:08:59,912][fairseq_cli.train][INFO] - Start iterating over samples
[2026-08-30 00:09:11,259][fairseq_cli.train][INFO] - begin validation on "valid" subset
[2026-08-30 00:09:11,497][fairseq.logging.progress_bar][WARNING] - tensorboard not found, please install with: pip install tensorboard
[2026-08-30 00:09:13,294][valid][INFO] - {"epoch": 24, "valid_loss": "109.942", "valid_nll_loss": "6.434", "valid_total": "291.154", "valid_n_correct": "40.6154", "valid_ppl": "86.47", "valid_accuracy": "13.95", "valid_wps": "4046.3", "valid_wpb": "291.2", "valid_bsz": "18.1", "valid_num_updates": "576", "valid_best_accuracy": "13.95"}
[2026-08-30 00:09:13,297][fairseq.checkpoint_utils][INFO] - Preparing to save checkpoint for epoch 24 @ 576 updates
[2026-08-30 00:09:13,298][fairseq.trainer][INFO] - Saving checkpoint to checkpoints/checkpoint_best.pt
[2026-08-30 00:09:15,974][fairseq.trainer][INFO] - Finished saving checkpoint to checkpoints/checkpoint_best.pt
[2026-08-30 00:09:18,723][fairseq.checkpoint_utils][INFO] - Saved checkpoint checkpoints/checkpoint_best.pt (epoch 24 @ 576 updates, score 13.95) (writing took 5.425447778776288 seconds)
[2026-08-30 00:09:18,724][fairseq_cli.train][INFO] - end of epoch 24 (average epoch stats below)
[2026-08-30 00:09:18,727][train][INFO] - {"epoch": 24, "train_loss": "109.676", "train_nll_loss": "6.425", "train_total": "1209.17", "train_n_correct": "162.625", "train_ppl": "85.95", "train_accuracy": "13.449", "train_wps": "1515.5", "train_ups": "1.25", "train_wpb": "1209.2", "train_bsz": "75", "train_num_updates": "576", "train_lr": "0.00262952", "train_gnorm": "3.023", "train_loss_scale": "128", "train_train_wall": "10", "train_gb_free": "42.7", "train_wall": "475"}
[2026-08-30 00:09:19,056][fairseq.logging.progress_bar][WARNING] - tensorboard not found, please install with: pip install tensorboard
[2026-08-30 00:09:19,059][fairseq.trainer][INFO] - begin training epoch 25
[2026-08-30 00:09:19,060][fairseq_cli.train][INFO] - Start iterating over samples
[2026-08-30 00:09:30,530][train_inner][INFO] - {"epoch": 25, "update": 25.0, "loss": "110.103", "nll_loss": "6.472", "total": "1206.18", "n_correct": "156.67", "ppl": "88.8", "accuracy": "12.989", "wps": "1530.8", "ups": "1.27", "wpb": "1206.2", "bsz": "75", "num_updates": "600", "lr": "0.00258267", "gnorm": "3.158", "loss_scale": "128", "train_wall": "42", "gb_free": "42.8", "wall": "486"}
[2026-08-30 00:09:30,532][fairseq_cli.train][INFO] - begin validation on "valid" subset
[2026-08-30 00:09:30,843][fairseq.logging.progress_bar][WARNING] - tensorboard not found, please install with: pip install tensorboard
[2026-08-30 00:09:32,672][valid][INFO] - {"epoch": 25, "valid_loss": "109.706", "valid_nll_loss": "6.416", "valid_total": "291.154", "valid_n_correct": "42.3846", "valid_ppl": "85.4", "valid_accuracy": "14.557", "valid_wps": "4387.7", "valid_wpb": "291.2", "valid_bsz": "18.1", "valid_num_updates": "600", "valid_best_accuracy": "14.557"}
[2026-08-30 00:09:32,674][fairseq.checkpoint_utils][INFO] - Preparing to save checkpoint for epoch 25 @ 600 updates
[2026-08-30 00:09:32,676][fairseq.trainer][INFO] - Saving checkpoint to checkpoints/checkpoint_best.pt
[2026-08-30 00:09:34,924][fairseq.trainer][INFO] - Finished saving checkpoint to checkpoints/checkpoint_best.pt
[2026-08-30 00:09:37,414][fairseq.checkpoint_utils][INFO] - Saved checkpoint checkpoints/checkpoint_best.pt (epoch 25 @ 600 updates, score 14.557) (writing took 4.739344293251634 seconds)
[2026-08-30 00:09:37,416][fairseq_cli.train][INFO] - end of epoch 25 (average epoch stats below)
[2026-08-30 00:09:37,418][train][INFO] - {"epoch": 25, "train_loss": "108.993", "train_nll_loss": "6.375", "train_total": "1209.17", "train_n_correct": "169.917", "train_ppl": "83.01", "train_accuracy": "14.052", "train_wps": "1552.7", "train_ups": "1.28", "train_wpb": "1209.2", "train_bsz": "75", "train_num_updates": "600", "train_lr": "0.00258267", "train_gnorm": "3.002", "train_loss_scale": "128", "train_train_wall": "10", "train_gb_free": "42.8", "train_wall": "493"}
[2026-08-30 00:09:37,696][fairseq.logging.progress_bar][WARNING] - tensorboard not found, please install with: pip install tensorboard
[2026-08-30 00:09:37,698][fairseq.trainer][INFO] - begin training epoch 26
[2026-08-30 00:09:37,699][fairseq_cli.train][INFO] - Start iterating over samples
[2026-08-30 00:09:49,068][fairseq_cli.train][INFO] - begin validation on "valid" subset
[2026-08-30 00:09:49,456][fairseq.logging.progress_bar][WARNING] - tensorboard not found, please install with: pip install tensorboard
[2026-08-30 00:09:51,441][valid][INFO] - {"epoch": 26, "valid_loss": "109.268", "valid_nll_loss": "6.381", "valid_total": "291.154", "valid_n_correct": "44", "valid_ppl": "83.36", "valid_accuracy": "15.112", "valid_wps": "4163.6", "valid_wpb": "291.2", "valid_bsz": "18.1", "valid_num_updates": "624", "valid_best_accuracy": "15.112"}
[2026-08-30 00:09:51,443][fairseq.checkpoint_utils][INFO] - Preparing to save checkpoint for epoch 26 @ 624 updates
[2026-08-30 00:09:51,444][fairseq.trainer][INFO] - Saving checkpoint to checkpoints/checkpoint_best.pt
[2026-08-30 00:09:53,912][fairseq.trainer][INFO] - Finished saving checkpoint to checkpoints/checkpoint_best.pt
[2026-08-30 00:09:56,683][fairseq.checkpoint_utils][INFO] - Saved checkpoint checkpoints/checkpoint_best.pt (epoch 26 @ 624 updates, score 15.112) (writing took 5.240148646757007 seconds)
[2026-08-30 00:09:56,686][fairseq_cli.train][INFO] - end of epoch 26 (average epoch stats below)
[2026-08-30 00:09:56,689][train][INFO] - {"epoch": 26, "train_loss": "108.149", "train_nll_loss": "6.315", "train_total": "1209.17", "train_n_correct": "178.917", "train_ppl": "79.61", "train_accuracy": "14.797", "train_wps": "1506", "train_ups": "1.25", "train_wpb": "1209.2", "train_bsz": "75", "train_num_updates": "624", "train_lr": "0.00253667", "train_gnorm": "3.1", "train_loss_scale": "128", "train_train_wall": "10", "train_gb_free": "43", "train_wall": "513"}
[2026-08-30 00:09:57,056][fairseq.logging.progress_bar][WARNING] - tensorboard not found, please install with: pip install tensorboard
[2026-08-30 00:09:57,059][fairseq.trainer][INFO] - begin training epoch 27
[2026-08-30 00:09:57,059][fairseq_cli.train][INFO] - Start iterating over samples
[2026-08-30 00:10:08,446][fairseq_cli.train][INFO] - begin validation on "valid" subset
[2026-08-30 00:10:09,136][fairseq.logging.progress_bar][WARNING] - tensorboard not found, please install with: pip install tensorboard
[2026-08-30 00:10:11,056][valid][INFO] - {"epoch": 27, "valid_loss": "108.262", "valid_nll_loss": "6.313", "valid_total": "291.154", "valid_n_correct": "45.9231", "valid_ppl": "79.51", "valid_accuracy": "15.773", "valid_wps": "3771.2", "valid_wpb": "291.2", "valid_bsz": "18.1", "valid_num_updates": "648", "valid_best_accuracy": "15.773"}
[2026-08-30 00:10:11,059][fairseq.checkpoint_utils][INFO] - Preparing to save checkpoint for epoch 27 @ 648 updates
[2026-08-30 00:10:11,061][fairseq.trainer][INFO] - Saving checkpoint to checkpoints/checkpoint_best.pt
[2026-08-30 00:10:13,741][fairseq.trainer][INFO] - Finished saving checkpoint to checkpoints/checkpoint_best.pt
[2026-08-30 00:10:16,526][fairseq.checkpoint_utils][INFO] - Saved checkpoint checkpoints/checkpoint_best.pt (epoch 27 @ 648 updates, score 15.773) (writing took 5.467255137860775 seconds)
[2026-08-30 00:10:16,532][fairseq_cli.train][INFO] - end of epoch 27 (average epoch stats below)
[2026-08-30 00:10:16,539][train][INFO] - {"epoch": 27, "train_loss": "107.746", "train_nll_loss": "6.286", "train_total": "1209.17", "train_n_correct": "184.125", "train_ppl": "78.05", "train_accuracy": "15.227", "train_wps": "1462.1", "train_ups": "1.21", "train_wpb": "1209.2", "train_bsz": "75", "train_num_updates": "648", "train_lr": "0.00249148", "train_gnorm": "3.175", "train_loss_scale": "128", "train_train_wall": "10", "train_gb_free": "43", "train_wall": "532"}
[2026-08-30 00:10:16,965][fairseq.logging.progress_bar][WARNING] - tensorboard not found, please install with: pip install tensorboard
[2026-08-30 00:10:17,022][fairseq.trainer][INFO] - begin training epoch 28
[2026-08-30 00:10:17,030][fairseq_cli.train][INFO] - Start iterating over samples
[2026-08-30 00:10:29,000][fairseq_cli.train][INFO] - begin validation on "valid" subset
[2026-08-30 00:10:29,480][fairseq.logging.progress_bar][WARNING] - tensorboard not found, please install with: pip install tensorboard
[2026-08-30 00:10:32,091][valid][INFO] - {"epoch": 28, "valid_loss": "108.948", "valid_nll_loss": "6.354", "valid_total": "291.154", "valid_n_correct": "48.2308", "valid_ppl": "81.8", "valid_accuracy": "16.565", "valid_wps": "2525.8", "valid_wpb": "291.2", "valid_bsz": "18.1", "valid_num_updates": "672", "valid_best_accuracy": "16.565"}
[2026-08-30 00:10:32,097][fairseq.checkpoint_utils][INFO] - Preparing to save checkpoint for epoch 28 @ 672 updates
[2026-08-30 00:10:32,099][fairseq.trainer][INFO] - Saving checkpoint to checkpoints/checkpoint_best.pt
[2026-08-30 00:10:34,627][fairseq.trainer][INFO] - Finished saving checkpoint to checkpoints/checkpoint_best.pt
[2026-08-30 00:10:38,796][fairseq.checkpoint_utils][INFO] - Saved checkpoint checkpoints/checkpoint_best.pt (epoch 28 @ 672 updates, score 16.565) (writing took 6.699412642046809 seconds)
[2026-08-30 00:10:38,798][fairseq_cli.train][INFO] - end of epoch 28 (average epoch stats below)
[2026-08-30 00:10:38,801][train][INFO] - {"epoch": 28, "train_loss": "106.685", "train_nll_loss": "6.209", "train_total": "1209.17", "train_n_correct": "192.958", "train_ppl": "73.99", "train_accuracy": "15.958", "train_wps": "1303.7", "train_ups": "1.08", "train_wpb": "1209.2", "train_bsz": "75", "train_num_updates": "672", "train_lr": "0.0024471", "train_gnorm": "3.13", "train_loss_scale": "128", "train_train_wall": "10", "train_gb_free": "42.7", "train_wall": "555"}
[2026-08-30 00:10:39,221][fairseq.logging.progress_bar][WARNING] - tensorboard not found, please install with: pip install tensorboard
[2026-08-30 00:10:39,227][fairseq.trainer][INFO] - begin training epoch 29
[2026-08-30 00:10:39,228][fairseq_cli.train][INFO] - Start iterating over samples
[2026-08-30 00:10:51,604][fairseq_cli.train][INFO] - begin validation on "valid" subset
[2026-08-30 00:10:52,172][fairseq.logging.progress_bar][WARNING] - tensorboard not found, please install with: pip install tensorboard
[2026-08-30 00:10:54,388][valid][INFO] - {"epoch": 29, "valid_loss": "107.856", "valid_nll_loss": "6.278", "valid_total": "291.154", "valid_n_correct": "49.0769", "valid_ppl": "77.6", "valid_accuracy": "16.856", "valid_wps": "3150.8", "valid_wpb": "291.2", "valid_bsz": "18.1", "valid_num_updates": "696", "valid_best_accuracy": "16.856"}
[2026-08-30 00:10:54,392][fairseq.checkpoint_utils][INFO] - Preparing to save checkpoint for epoch 29 @ 696 updates
[2026-08-30 00:10:54,393][fairseq.trainer][INFO] - Saving checkpoint to checkpoints/checkpoint_best.pt
[2026-08-30 00:10:56,986][fairseq.trainer][INFO] - Finished saving checkpoint to checkpoints/checkpoint_best.pt
[2026-08-30 00:11:00,321][fairseq.checkpoint_utils][INFO] - Saved checkpoint checkpoints/checkpoint_best.pt (epoch 29 @ 696 updates, score 16.856) (writing took 5.929494275711477 seconds)
[2026-08-30 00:11:00,329][fairseq_cli.train][INFO] - end of epoch 29 (average epoch stats below)
[2026-08-30 00:11:00,334][train][INFO] - {"epoch": 29, "train_loss": "106.287", "train_nll_loss": "6.181", "train_total": "1209.17", "train_n_correct": "201.625", "train_ppl": "72.56", "train_accuracy": "16.675", "train_wps": "1348.9", "train_ups": "1.12", "train_wpb": "1209.2", "train_bsz": "75", "train_num_updates": "696", "train_lr": "0.00240351", "train_gnorm": "3.302", "train_loss_scale": "128", "train_train_wall": "10", "train_gb_free": "42.7", "train_wall": "576"}
[2026-08-30 00:11:00,659][fairseq.logging.progress_bar][WARNING] - tensorboard not found, please install with: pip install tensorboard
[2026-08-30 00:11:00,663][fairseq.trainer][INFO] - begin training epoch 30
[2026-08-30 00:11:00,664][fairseq_cli.train][INFO] - Start iterating over samples
[2026-08-30 00:11:04,414][train_inner][INFO] - {"epoch": 30, "update": 29.167, "loss": "106.8", "nll_loss": "6.244", "total": "1211.13", "n_correct": "190.5", "ppl": "75.82", "accuracy": "15.729", "wps": "1290", "ups": "1.07", "wpb": "1211.1", "bsz": "75.4", "num_updates": "700", "lr": "0.00239632", "gnorm": "3.171", "loss_scale": "128", "train_wall": "42", "gb_free": "42.8", "wall": "580"}
[2026-08-30 00:11:13,073][fairseq_cli.train][INFO] - begin validation on "valid" subset
[2026-08-30 00:11:13,769][fairseq.logging.progress_bar][WARNING] - tensorboard not found, please install with: pip install tensorboard
[2026-08-30 00:11:16,158][valid][INFO] - {"epoch": 30, "valid_loss": "107.57", "valid_nll_loss": "6.255", "valid_total": "291.154", "valid_n_correct": "50.7692", "valid_ppl": "76.37", "valid_accuracy": "17.437", "valid_wps": "3208.1", "valid_wpb": "291.2", "valid_bsz": "18.1", "valid_num_updates": "720", "valid_best_accuracy": "17.437"}
[2026-08-30 00:11:16,161][fairseq.checkpoint_utils][INFO] - Preparing to save checkpoint for epoch 30 @ 720 updates
[2026-08-30 00:11:16,162][fairseq.trainer][INFO] - Saving checkpoint to checkpoints/checkpoint_best.pt
[2026-08-30 00:11:18,643][fairseq.trainer][INFO] - Finished saving checkpoint to checkpoints/checkpoint_best.pt
[2026-08-30 00:11:21,591][fairseq.checkpoint_utils][INFO] - Saved checkpoint checkpoints/checkpoint_best.pt (epoch 30 @ 720 updates, score 17.437) (writing took 5.429962292313576 seconds)
[2026-08-30 00:11:21,593][fairseq_cli.train][INFO] - end of epoch 30 (average epoch stats below)
[2026-08-30 00:11:21,595][train][INFO] - {"epoch": 30, "train_loss": "105.577", "train_nll_loss": "6.131", "train_total": "1209.17", "train_n_correct": "208.833", "train_ppl": "70.08", "train_accuracy": "17.271", "train_wps": "1365.1", "train_ups": "1.13", "train_wpb": "1209.2", "train_bsz": "75", "train_num_updates": "720", "train_lr": "0.00236069", "train_gnorm": "3.125", "train_loss_scale": "128", "train_train_wall": "10", "train_gb_free": "42.7", "train_wall": "597"}
[2026-08-30 00:11:21,991][fairseq.logging.progress_bar][WARNING] - tensorboard not found, please install with: pip install tensorboard
[2026-08-30 00:11:21,994][fairseq.trainer][INFO] - begin training epoch 31
[2026-08-30 00:11:21,996][fairseq_cli.train][INFO] - Start iterating over samples
[2026-08-30 00:11:34,512][fairseq_cli.train][INFO] - begin validation on "valid" subset
[2026-08-30 00:11:35,144][fairseq.logging.progress_bar][WARNING] - tensorboard not found, please install with: pip install tensorboard
[2026-08-30 00:11:38,056][valid][INFO] - {"epoch": 31, "valid_loss": "106.778", "valid_nll_loss": "6.2", "valid_total": "291.154", "valid_n_correct": "51.6923", "valid_ppl": "73.52", "valid_accuracy": "17.754", "valid_wps": "2419.2", "valid_wpb": "291.2", "valid_bsz": "18.1", "valid_num_updates": "744", "valid_best_accuracy": "17.754"}
[2026-08-30 00:11:38,060][fairseq.checkpoint_utils][INFO] - Preparing to save checkpoint for epoch 31 @ 744 updates
[2026-08-30 00:11:38,061][fairseq.trainer][INFO] - Saving checkpoint to checkpoints/checkpoint_best.pt
[2026-08-30 00:11:40,979][fairseq.trainer][INFO] - Finished saving checkpoint to checkpoints/checkpoint_best.pt
[2026-08-30 00:11:44,799][fairseq.checkpoint_utils][INFO] - Saved checkpoint checkpoints/checkpoint_best.pt (epoch 31 @ 744 updates, score 17.754) (writing took 6.739193857647479 seconds)
[2026-08-30 00:11:44,820][fairseq_cli.train][INFO] - end of epoch 31 (average epoch stats below)
[2026-08-30 00:11:44,827][train][INFO] - {"epoch": 31, "train_loss": "104.912", "train_nll_loss": "6.084", "train_total": "1209.17", "train_n_correct": "213.542", "train_ppl": "67.82", "train_accuracy": "17.66", "train_wps": "1249.2", "train_ups": "1.03", "train_wpb": "1209.2", "train_bsz": "75", "train_num_updates": "744", "train_lr": "0.00231864", "train_gnorm": "3.147", "train_loss_scale": "128", "train_train_wall": "10", "train_gb_free": "42.8", "train_wall": "621"}
[2026-08-30 00:11:45,266][fairseq.logging.progress_bar][WARNING] - tensorboard not found, please install with: pip install tensorboard
[2026-08-30 00:11:45,322][fairseq.trainer][INFO] - begin training epoch 32
[2026-08-30 00:11:45,336][fairseq_cli.train][INFO] - Start iterating over samples
[2026-08-30 00:11:57,203][fairseq_cli.train][INFO] - begin validation on "valid" subset
[2026-08-30 00:11:57,648][fairseq.logging.progress_bar][WARNING] - tensorboard not found, please install with: pip install tensorboard
[2026-08-30 00:11:59,898][valid][INFO] - {"epoch": 32, "valid_loss": "106.56", "valid_nll_loss": "6.188", "valid_total": "291.154", "valid_n_correct": "53", "valid_ppl": "72.89", "valid_accuracy": "18.203", "valid_wps": "4356", "valid_wpb": "291.2", "valid_bsz": "18.1", "valid_num_updates": "768", "valid_best_accuracy": "18.203"}
[2026-08-30 00:11:59,930][fairseq.checkpoint_utils][INFO] - Preparing to save checkpoint for epoch 32 @ 768 updates
[2026-08-30 00:11:59,934][fairseq.trainer][INFO] - Saving checkpoint to checkpoints/checkpoint_best.pt
[2026-08-30 00:12:02,782][fairseq.trainer][INFO] - Finished saving checkpoint to checkpoints/checkpoint_best.pt
[2026-08-30 00:12:05,629][fairseq.checkpoint_utils][INFO] - Saved checkpoint checkpoints/checkpoint_best.pt (epoch 32 @ 768 updates, score 18.203) (writing took 5.699255531653762 seconds)
[2026-08-30 00:12:05,639][fairseq_cli.train][INFO] - end of epoch 32 (average epoch stats below)
[2026-08-30 00:12:05,642][train][INFO] - {"epoch": 32, "train_loss": "104.436", "train_nll_loss": "6.048", "train_total": "1209.17", "train_n_correct": "220.583", "train_ppl": "66.17", "train_accuracy": "18.243", "train_wps": "1394.4", "train_ups": "1.15", "train_wpb": "1209.2", "train_bsz": "75", "train_num_updates": "768", "train_lr": "0.00227733", "train_gnorm": "3.435", "train_loss_scale": "128", "train_train_wall": "10", "train_gb_free": "42.9", "train_wall": "642"}
[2026-08-30 00:12:06,024][fairseq.logging.progress_bar][WARNING] - tensorboard not found, please install with: pip install tensorboard
[2026-08-30 00:12:06,030][fairseq.trainer][INFO] - begin training epoch 33
[2026-08-30 00:12:06,031][fairseq_cli.train][INFO] - Start iterating over samples
[2026-08-30 00:12:17,956][fairseq_cli.train][INFO] - begin validation on "valid" subset
[2026-08-30 00:12:18,531][fairseq.logging.progress_bar][WARNING] - tensorboard not found, please install with: pip install tensorboard
[2026-08-30 00:12:20,947][valid][INFO] - {"epoch": 33, "valid_loss": "106.463", "valid_nll_loss": "6.174", "valid_total": "291.154", "valid_n_correct": "53.0769", "valid_ppl": "72.2", "valid_accuracy": "18.23", "valid_wps": "3153.1", "valid_wpb": "291.2", "valid_bsz": "18.1", "valid_num_updates": "792", "valid_best_accuracy": "18.23"}
[2026-08-30 00:12:20,949][fairseq.checkpoint_utils][INFO] - Preparing to save checkpoint for epoch 33 @ 792 updates
[2026-08-30 00:12:20,951][fairseq.trainer][INFO] - Saving checkpoint to checkpoints/checkpoint_best.pt
[2026-08-30 00:12:23,434][fairseq.trainer][INFO] - Finished saving checkpoint to checkpoints/checkpoint_best.pt
[2026-08-30 00:12:26,460][fairseq.checkpoint_utils][INFO] - Saved checkpoint checkpoints/checkpoint_best.pt (epoch 33 @ 792 updates, score 18.23) (writing took 5.510350781492889 seconds)
[2026-08-30 00:12:26,461][fairseq_cli.train][INFO] - end of epoch 33 (average epoch stats below)
[2026-08-30 00:12:26,464][train][INFO] - {"epoch": 33, "train_loss": "103.767", "train_nll_loss": "6.001", "train_total": "1209.17", "train_n_correct": "229.625", "train_ppl": "64.06", "train_accuracy": "18.99", "train_wps": "1393.8", "train_ups": "1.15", "train_wpb": "1209.2", "train_bsz": "75", "train_num_updates": "792", "train_lr": "0.00223676", "train_gnorm": "3.007", "train_loss_scale": "128", "train_train_wall": "10", "train_gb_free": "42.7", "train_wall": "662"}
[2026-08-30 00:12:26,880][fairseq.logging.progress_bar][WARNING] - tensorboard not found, please install with: pip install tensorboard
[2026-08-30 00:12:26,884][fairseq.trainer][INFO] - begin training epoch 34
[2026-08-30 00:12:26,886][fairseq_cli.train][INFO] - Start iterating over samples
[2026-08-30 00:12:31,882][train_inner][INFO] - {"epoch": 34, "update": 33.333, "loss": "105.03", "nll_loss": "6.053", "total": "1202.5", "n_correct": "218.49", "ppl": "66.37", "accuracy": "18.17", "wps": "1375.1", "ups": "1.14", "wpb": "1202.5", "bsz": "74.2", "num_updates": "800", "lr": "0.0022234", "gnorm": "3.188", "loss_scale": "128", "train_wall": "42", "gb_free": "42.7", "wall": "668"}
[2026-08-30 00:12:39,036][fairseq_cli.train][INFO] - begin validation on "valid" subset
[2026-08-30 00:12:39,578][fairseq.logging.progress_bar][WARNING] - tensorboard not found, please install with: pip install tensorboard
[2026-08-30 00:12:42,258][valid][INFO] - {"epoch": 34, "valid_loss": "105.665", "valid_nll_loss": "6.123", "valid_total": "291.154", "valid_n_correct": "53.3077", "valid_ppl": "69.68", "valid_accuracy": "18.309", "valid_wps": "2555.7", "valid_wpb": "291.2", "valid_bsz": "18.1", "valid_num_updates": "816", "valid_best_accuracy": "18.309"}
[2026-08-30 00:12:42,261][fairseq.checkpoint_utils][INFO] - Preparing to save checkpoint for epoch 34 @ 816 updates
[2026-08-30 00:12:42,263][fairseq.trainer][INFO] - Saving checkpoint to checkpoints/checkpoint_best.pt
[2026-08-30 00:12:44,785][fairseq.trainer][INFO] - Finished saving checkpoint to checkpoints/checkpoint_best.pt
[2026-08-30 00:12:47,632][fairseq.checkpoint_utils][INFO] - Saved checkpoint checkpoints/checkpoint_best.pt (epoch 34 @ 816 updates, score 18.309) (writing took 5.371020658873022 seconds)
[2026-08-30 00:12:47,637][fairseq_cli.train][INFO] - end of epoch 34 (average epoch stats below)
[2026-08-30 00:12:47,640][train][INFO] - {"epoch": 34, "train_loss": "103.34", "train_nll_loss": "5.97", "train_total": "1209.17", "train_n_correct": "230.292", "train_ppl": "62.69", "train_accuracy": "19.045", "train_wps": "1370.6", "train_ups": "1.13", "train_wpb": "1209.2", "train_bsz": "75", "train_num_updates": "816", "train_lr": "0.00219692", "train_gnorm": "3.118", "train_loss_scale": "128", "train_train_wall": "10", "train_gb_free": "42.7", "train_wall": "684"}
[2026-08-30 00:12:48,050][fairseq.logging.progress_bar][WARNING] - tensorboard not found, please install with: pip install tensorboard
[2026-08-30 00:12:48,123][fairseq.trainer][INFO] - begin training epoch 35
[2026-08-30 00:12:48,129][fairseq_cli.train][INFO] - Start iterating over samples
[2026-08-30 00:12:59,883][fairseq_cli.train][INFO] - begin validation on "valid" subset
[2026-08-30 00:13:00,576][fairseq.logging.progress_bar][WARNING] - tensorboard not found, please install with: pip install tensorboard
[2026-08-30 00:13:03,256][valid][INFO] - {"epoch": 35, "valid_loss": "105.676", "valid_nll_loss": "6.119", "valid_total": "291.154", "valid_n_correct": "54.7692", "valid_ppl": "69.48", "valid_accuracy": "18.811", "valid_wps": "2519.6", "valid_wpb": "291.2", "valid_bsz": "18.1", "valid_num_updates": "840", "valid_best_accuracy": "18.811"}
[2026-08-30 00:13:03,259][fairseq.checkpoint_utils][INFO] - Preparing to save checkpoint for epoch 35 @ 840 updates
[2026-08-30 00:13:03,261][fairseq.trainer][INFO] - Saving checkpoint to checkpoints/checkpoint_best.pt
[2026-08-30 00:13:05,755][fairseq.trainer][INFO] - Finished saving checkpoint to checkpoints/checkpoint_best.pt
[2026-08-30 00:13:09,156][fairseq.checkpoint_utils][INFO] - Saved checkpoint checkpoints/checkpoint_best.pt (epoch 35 @ 840 updates, score 18.811) (writing took 5.8973374627530575 seconds)
[2026-08-30 00:13:09,159][fairseq_cli.train][INFO] - end of epoch 35 (average epoch stats below)
[2026-08-30 00:13:09,162][train][INFO] - {"epoch": 35, "train_loss": "102.883", "train_nll_loss": "5.938", "train_total": "1209.17", "train_n_correct": "240.5", "train_ppl": "61.3", "train_accuracy": "19.89", "train_wps": "1348.5", "train_ups": "1.12", "train_wpb": "1209.2", "train_bsz": "75", "train_num_updates": "840", "train_lr": "0.00215778", "train_gnorm": "3.282", "train_loss_scale": "128", "train_train_wall": "10", "train_gb_free": "42.7", "train_wall": "705"}
[2026-08-30 00:13:09,645][fairseq.logging.progress_bar][WARNING] - tensorboard not found, please install with: pip install tensorboard
[2026-08-30 00:13:09,658][fairseq.trainer][INFO] - begin training epoch 36
[2026-08-30 00:13:09,659][fairseq_cli.train][INFO] - Start iterating over samples
[2026-08-30 00:13:28,095][fairseq_cli.train][INFO] - begin validation on "valid" subset
[2026-08-30 00:13:28,529][fairseq.logging.progress_bar][WARNING] - tensorboard not found, please install with: pip install tensorboard
[2026-08-30 00:13:34,839][valid][INFO] - {"epoch": 36, "valid_loss": "105.661", "valid_nll_loss": "6.115", "valid_total": "291.154", "valid_n_correct": "56.4615", "valid_ppl": "69.31", "valid_accuracy": "19.392", "valid_wps": "747.7", "valid_wpb": "291.2", "valid_bsz": "18.1", "valid_num_updates": "864", "valid_best_accuracy": "19.392"}
[2026-08-30 00:13:34,842][fairseq.checkpoint_utils][INFO] - Preparing to save checkpoint for epoch 36 @ 864 updates
[2026-08-30 00:13:34,844][fairseq.trainer][INFO] - Saving checkpoint to checkpoints/checkpoint_best.pt
[2026-08-30 00:13:37,262][fairseq.trainer][INFO] - Finished saving checkpoint to checkpoints/checkpoint_best.pt
[2026-08-30 00:13:39,946][fairseq.checkpoint_utils][INFO] - Saved checkpoint checkpoints/checkpoint_best.pt (epoch 36 @ 864 updates, score 19.392) (writing took 5.103858201764524 seconds)
[2026-08-30 00:13:39,949][fairseq_cli.train][INFO] - end of epoch 36 (average epoch stats below)
[2026-08-30 00:13:39,953][train][INFO] - {"epoch": 36, "train_loss": "102.395", "train_nll_loss": "5.903", "train_total": "1209.17", "train_n_correct": "244.667", "train_ppl": "59.83", "train_accuracy": "20.234", "train_wps": "942.5", "train_ups": "0.78", "train_wpb": "1209.2", "train_bsz": "75", "train_num_updates": "864", "train_lr": "0.00211935", "train_gnorm": "3.2", "train_loss_scale": "128", "train_train_wall": "10", "train_gb_free": "42.7", "train_wall": "736"}
[2026-08-30 00:13:40,356][fairseq.logging.progress_bar][WARNING] - tensorboard not found, please install with: pip install tensorboard
[2026-08-30 00:13:40,359][fairseq.trainer][INFO] - begin training epoch 37
[2026-08-30 00:13:40,361][fairseq_cli.train][INFO] - Start iterating over samples
[2026-08-30 00:13:59,732][fairseq_cli.train][INFO] - begin validation on "valid" subset
[2026-08-30 00:14:00,558][fairseq.logging.progress_bar][WARNING] - tensorboard not found, please install with: pip install tensorboard
[2026-08-30 00:14:04,018][valid][INFO] - {"epoch": 37, "valid_loss": "105.079", "valid_nll_loss": "6.079", "valid_total": "291.154", "valid_n_correct": "56.6923", "valid_ppl": "67.61", "valid_accuracy": "19.472", "valid_wps": "1893.8", "valid_wpb": "291.2", "valid_bsz": "18.1", "valid_num_updates": "888", "valid_best_accuracy": "19.472"}
[2026-08-30 00:14:04,069][fairseq.checkpoint_utils][INFO] - Preparing to save checkpoint for epoch 37 @ 888 updates
[2026-08-30 00:14:04,071][fairseq.trainer][INFO] - Saving checkpoint to checkpoints/checkpoint_best.pt
[2026-08-30 00:14:06,690][fairseq.trainer][INFO] - Finished saving checkpoint to checkpoints/checkpoint_best.pt
[2026-08-30 00:14:09,651][fairseq.checkpoint_utils][INFO] - Saved checkpoint checkpoints/checkpoint_best.pt (epoch 37 @ 888 updates, score 19.472) (writing took 5.581878147087991 seconds)
[2026-08-30 00:14:09,661][fairseq_cli.train][INFO] - end of epoch 37 (average epoch stats below)
[2026-08-30 00:14:09,665][train][INFO] - {"epoch": 37, "train_loss": "101.844", "train_nll_loss": "5.864", "train_total": "1209.17", "train_n_correct": "252.958", "train_ppl": "58.23", "train_accuracy": "20.92", "train_wps": "976.8", "train_ups": "0.81", "train_wpb": "1209.2", "train_bsz": "75", "train_num_updates": "888", "train_lr": "0.00208159", "train_gnorm": "3.256", "train_loss_scale": "128", "train_train_wall": "10", "train_gb_free": "43", "train_wall": "766"}
[2026-08-30 00:14:10,345][fairseq.logging.progress_bar][WARNING] - tensorboard not found, please install with: pip install tensorboard
[2026-08-30 00:14:10,360][fairseq.trainer][INFO] - begin training epoch 38
[2026-08-30 00:14:10,362][fairseq_cli.train][INFO] - Start iterating over samples
[2026-08-30 00:14:19,103][train_inner][INFO] - {"epoch": 38, "update": 37.5, "loss": "102.321", "nll_loss": "5.917", "total": "1226.95", "n_correct": "247.24", "ppl": "60.4", "accuracy": "20.151", "wps": "1144.3", "ups": "0.93", "wpb": "1227", "bsz": "76.3", "num_updates": "900", "lr": "0.00206297", "gnorm": "3.21", "loss_scale": "128", "train_wall": "42", "gb_free": "42.9", "wall": "775"}
[2026-08-30 00:14:25,830][fairseq_cli.train][INFO] - begin validation on "valid" subset
[2026-08-30 00:14:26,478][fairseq.logging.progress_bar][WARNING] - tensorboard not found, please install with: pip install tensorboard
[2026-08-30 00:14:30,450][valid][INFO] - {"epoch": 38, "valid_loss": "105.865", "valid_nll_loss": "6.121", "valid_total": "291.154", "valid_n_correct": "57.4615", "valid_ppl": "69.6", "valid_accuracy": "19.736", "valid_wps": "1551.4", "valid_wpb": "291.2", "valid_bsz": "18.1", "valid_num_updates": "912", "valid_best_accuracy": "19.736"}
[2026-08-30 00:14:30,452][fairseq.checkpoint_utils][INFO] - Preparing to save checkpoint for epoch 38 @ 912 updates
[2026-08-30 00:14:30,453][fairseq.trainer][INFO] - Saving checkpoint to checkpoints/checkpoint_best.pt
[2026-08-30 00:14:32,973][fairseq.trainer][INFO] - Finished saving checkpoint to checkpoints/checkpoint_best.pt
[2026-08-30 00:14:35,957][fairseq.checkpoint_utils][INFO] - Saved checkpoint checkpoints/checkpoint_best.pt (epoch 38 @ 912 updates, score 19.736) (writing took 5.504137460142374 seconds)
[2026-08-30 00:14:35,964][fairseq_cli.train][INFO] - end of epoch 38 (average epoch stats below)
[2026-08-30 00:14:35,966][train][INFO] - {"epoch": 38, "train_loss": "101.469", "train_nll_loss": "5.837", "train_total": "1209.17", "train_n_correct": "256.167", "train_ppl": "57.14", "train_accuracy": "21.185", "train_wps": "1103.9", "train_ups": "0.91", "train_wpb": "1209.2", "train_bsz": "75", "train_num_updates": "912", "train_lr": "0.00204451", "train_gnorm": "3.337", "train_loss_scale": "128", "train_train_wall": "10", "train_gb_free": "42.7", "train_wall": "792"}
[2026-08-30 00:14:36,503][fairseq.logging.progress_bar][WARNING] - tensorboard not found, please install with: pip install tensorboard
[2026-08-30 00:14:36,552][fairseq.trainer][INFO] - begin training epoch 39
[2026-08-30 00:14:36,555][fairseq_cli.train][INFO] - Start iterating over samples
[2026-08-30 00:14:50,083][fairseq_cli.train][INFO] - begin validation on "valid" subset
[2026-08-30 00:14:50,640][fairseq.logging.progress_bar][WARNING] - tensorboard not found, please install with: pip install tensorboard
[2026-08-30 00:14:52,551][valid][INFO] - {"epoch": 39, "valid_loss": "105.161", "valid_nll_loss": "6.077", "valid_total": "291.154", "valid_n_correct": "59.4615", "valid_ppl": "67.49", "valid_accuracy": "20.423", "valid_wps": "4248", "valid_wpb": "291.2", "valid_bsz": "18.1", "valid_num_updates": "936", "valid_best_accuracy": "20.423"}
[2026-08-30 00:14:52,553][fairseq.checkpoint_utils][INFO] - Preparing to save checkpoint for epoch 39 @ 936 updates
[2026-08-30 00:14:52,554][fairseq.trainer][INFO] - Saving checkpoint to checkpoints/checkpoint_best.pt
[2026-08-30 00:14:54,914][fairseq.trainer][INFO] - Finished saving checkpoint to checkpoints/checkpoint_best.pt
[2026-08-30 00:14:57,634][fairseq.checkpoint_utils][INFO] - Saved checkpoint checkpoints/checkpoint_best.pt (epoch 39 @ 936 updates, score 20.423) (writing took 5.081275336444378 seconds)
[2026-08-30 00:14:57,639][fairseq_cli.train][INFO] - end of epoch 39 (average epoch stats below)
[2026-08-30 00:14:57,642][train][INFO] - {"epoch": 39, "train_loss": "101.377", "train_nll_loss": "5.829", "train_total": "1209.17", "train_n_correct": "257.375", "train_ppl": "56.86", "train_accuracy": "21.285", "train_wps": "1339", "train_ups": "1.11", "train_wpb": "1209.2", "train_bsz": "75", "train_num_updates": "936", "train_lr": "0.00200809", "train_gnorm": "3.596", "train_loss_scale": "128", "train_train_wall": "10", "train_gb_free": "42.9", "train_wall": "814"}
[2026-08-30 00:14:57,971][fairseq.logging.progress_bar][WARNING] - tensorboard not found, please install with: pip install tensorboard
[2026-08-30 00:14:57,975][fairseq.trainer][INFO] - begin training epoch 40
[2026-08-30 00:14:57,978][fairseq_cli.train][INFO] - Start iterating over samples
[2026-08-30 00:15:09,859][fairseq_cli.train][INFO] - begin validation on "valid" subset
[2026-08-30 00:15:10,434][fairseq.logging.progress_bar][WARNING] - tensorboard not found, please install with: pip install tensorboard
[2026-08-30 00:15:12,970][valid][INFO] - {"epoch": 40, "valid_loss": "104.924", "valid_nll_loss": "6.061", "valid_total": "291.154", "valid_n_correct": "59.6154", "valid_ppl": "66.74", "valid_accuracy": "20.476", "valid_wps": "2869.4", "valid_wpb": "291.2", "valid_bsz": "18.1", "valid_num_updates": "960", "valid_best_accuracy": "20.476"}
[2026-08-30 00:15:12,974][fairseq.checkpoint_utils][INFO] - Preparing to save checkpoint for epoch 40 @ 960 updates
[2026-08-30 00:15:12,975][fairseq.trainer][INFO] - Saving checkpoint to checkpoints/checkpoint_best.pt
[2026-08-30 00:15:15,424][fairseq.trainer][INFO] - Finished saving checkpoint to checkpoints/checkpoint_best.pt
[2026-08-30 00:15:18,132][fairseq.checkpoint_utils][INFO] - Saved checkpoint checkpoints/checkpoint_best.pt (epoch 40 @ 960 updates, score 20.476) (writing took 5.157416493631899 seconds)
[2026-08-30 00:15:18,136][fairseq_cli.train][INFO] - end of epoch 40 (average epoch stats below)
[2026-08-30 00:15:18,139][train][INFO] - {"epoch": 40, "train_loss": "100.822", "train_nll_loss": "5.79", "train_total": "1209.17", "train_n_correct": "262.542", "train_ppl": "55.32", "train_accuracy": "21.713", "train_wps": "1415.9", "train_ups": "1.17", "train_wpb": "1209.2", "train_bsz": "75", "train_num_updates": "960", "train_lr": "0.00197232", "train_gnorm": "3.559", "train_loss_scale": "128", "train_train_wall": "10", "train_gb_free": "42.7", "train_wall": "834"}
[2026-08-30 00:15:18,543][fairseq.logging.progress_bar][WARNING] - tensorboard not found, please install with: pip install tensorboard
[2026-08-30 00:15:18,548][fairseq.trainer][INFO] - begin training epoch 41
[2026-08-30 00:15:18,549][fairseq_cli.train][INFO] - Start iterating over samples
[2026-08-30 00:15:30,259][fairseq_cli.train][INFO] - begin validation on "valid" subset
[2026-08-30 00:15:30,526][fairseq.logging.progress_bar][WARNING] - tensorboard not found, please install with: pip install tensorboard
[2026-08-30 00:15:32,802][valid][INFO] - {"epoch": 41, "valid_loss": "105.714", "valid_nll_loss": "6.109", "valid_total": "291.154", "valid_n_correct": "61.0769", "valid_ppl": "69", "valid_accuracy": "20.978", "valid_wps": "2986.5", "valid_wpb": "291.2", "valid_bsz": "18.1", "valid_num_updates": "984", "valid_best_accuracy": "20.978"}
[2026-08-30 00:15:32,821][fairseq.checkpoint_utils][INFO] - Preparing to save checkpoint for epoch 41 @ 984 updates
[2026-08-30 00:15:32,823][fairseq.trainer][INFO] - Saving checkpoint to checkpoints/checkpoint_best.pt
[2026-08-30 00:15:35,230][fairseq.trainer][INFO] - Finished saving checkpoint to checkpoints/checkpoint_best.pt
[2026-08-30 00:15:38,146][fairseq.checkpoint_utils][INFO] - Saved checkpoint checkpoints/checkpoint_best.pt (epoch 41 @ 984 updates, score 20.978) (writing took 5.325078190304339 seconds)
[2026-08-30 00:15:38,148][fairseq_cli.train][INFO] - end of epoch 41 (average epoch stats below)
[2026-08-30 00:15:38,151][train][INFO] - {"epoch": 41, "train_loss": "100.401", "train_nll_loss": "5.761", "train_total": "1209.17", "train_n_correct": "268.167", "train_ppl": "54.22", "train_accuracy": "22.178", "train_wps": "1450.3", "train_ups": "1.2", "train_wpb": "1209.2", "train_bsz": "75", "train_num_updates": "984", "train_lr": "0.00193718", "train_gnorm": "3.246", "train_loss_scale": "128", "train_train_wall": "10", "train_gb_free": "42.7", "train_wall": "854"}
[2026-08-30 00:15:38,529][fairseq.logging.progress_bar][WARNING] - tensorboard not found, please install with: pip install tensorboard
[2026-08-30 00:15:38,532][fairseq.trainer][INFO] - begin training epoch 42
[2026-08-30 00:15:38,534][fairseq_cli.train][INFO] - Start iterating over samples
[2026-08-30 00:15:47,510][train_inner][INFO] - {"epoch": 42, "update": 41.667, "loss": "100.599", "nll_loss": "5.775", "total": "1201.76", "n_correct": "263.08", "ppl": "54.77", "accuracy": "21.891", "wps": "1359.8", "ups": "1.13", "wpb": "1201.8", "bsz": "74.5", "num_updates": "1000", "lr": "0.00191411", "gnorm": "3.434", "loss_scale": "128", "train_wall": "43", "gb_free": "42.7", "wall": "863"}
[2026-08-30 00:15:50,922][fairseq_cli.train][INFO] - begin validation on "valid" subset
[2026-08-30 00:15:51,322][fairseq.logging.progress_bar][WARNING] - tensorboard not found, please install with: pip install tensorboard
[2026-08-30 00:15:53,279][valid][INFO] - {"epoch": 42, "valid_loss": "104.921", "valid_nll_loss": "6.058", "valid_total": "291.154", "valid_n_correct": "61.3846", "valid_ppl": "66.6", "valid_accuracy": "21.083", "valid_wps": "4104.3", "valid_wpb": "291.2", "valid_bsz": "18.1", "valid_num_updates": "1008", "valid_best_accuracy": "21.083"}
[2026-08-30 00:15:53,282][fairseq.checkpoint_utils][INFO] - Preparing to save checkpoint for epoch 42 @ 1008 updates
[2026-08-30 00:15:53,283][fairseq.trainer][INFO] - Saving checkpoint to checkpoints/checkpoint_best.pt
[2026-08-30 00:15:55,755][fairseq.trainer][INFO] - Finished saving checkpoint to checkpoints/checkpoint_best.pt
[2026-08-30 00:15:58,551][fairseq.checkpoint_utils][INFO] - Saved checkpoint checkpoints/checkpoint_best.pt (epoch 42 @ 1008 updates, score 21.083) (writing took 5.268887207843363 seconds)
[2026-08-30 00:15:58,552][fairseq_cli.train][INFO] - end of epoch 42 (average epoch stats below)
[2026-08-30 00:15:58,554][train][INFO] - {"epoch": 42, "train_loss": "100.189", "train_nll_loss": "5.745", "train_total": "1209.17", "train_n_correct": "271.167", "train_ppl": "53.62", "train_accuracy": "22.426", "train_wps": "1422.4", "train_ups": "1.18", "train_wpb": "1209.2", "train_bsz": "75", "train_num_updates": "1008", "train_lr": "0.00190268", "train_gnorm": "3.412", "train_loss_scale": "128", "train_train_wall": "10", "train_gb_free": "43", "train_wall": "874"}
[2026-08-30 00:15:58,973][fairseq.logging.progress_bar][WARNING] - tensorboard not found, please install with: pip install tensorboard
[2026-08-30 00:15:58,977][fairseq.trainer][INFO] - begin training epoch 43
[2026-08-30 00:15:58,978][fairseq_cli.train][INFO] - Start iterating over samples
[2026-08-30 00:16:10,849][fairseq_cli.train][INFO] - begin validation on "valid" subset
[2026-08-30 00:16:11,227][fairseq.logging.progress_bar][WARNING] - tensorboard not found, please install with: pip install tensorboard
[2026-08-30 00:16:13,521][valid][INFO] - {"epoch": 43, "valid_loss": "105.848", "valid_nll_loss": "6.109", "valid_total": "291.154", "valid_n_correct": "62.7692", "valid_ppl": "69.01", "valid_accuracy": "21.559", "valid_wps": "2985.1", "valid_wpb": "291.2", "valid_bsz": "18.1", "valid_num_updates": "1032", "valid_best_accuracy": "21.559"}
[2026-08-30 00:16:13,531][fairseq.checkpoint_utils][INFO] - Preparing to save checkpoint for epoch 43 @ 1032 updates
[2026-08-30 00:16:13,532][fairseq.trainer][INFO] - Saving checkpoint to checkpoints/checkpoint_best.pt
[2026-08-30 00:16:15,935][fairseq.trainer][INFO] - Finished saving checkpoint to checkpoints/checkpoint_best.pt
[2026-08-30 00:16:19,157][fairseq.checkpoint_utils][INFO] - Saved checkpoint checkpoints/checkpoint_best.pt (epoch 43 @ 1032 updates, score 21.559) (writing took 5.625947393476963 seconds)
[2026-08-30 00:16:19,158][fairseq_cli.train][INFO] - end of epoch 43 (average epoch stats below)
[2026-08-30 00:16:19,161][train][INFO] - {"epoch": 43, "train_loss": "99.49", "train_nll_loss": "5.696", "train_total": "1209.17", "train_n_correct": "279.167", "train_ppl": "51.84", "train_accuracy": "23.088", "train_wps": "1408.4", "train_ups": "1.16", "train_wpb": "1209.2", "train_bsz": "75", "train_num_updates": "1032", "train_lr": "0.00186878", "train_gnorm": "3.22", "train_loss_scale": "128", "train_train_wall": "10", "train_gb_free": "42.9", "train_wall": "895"}
[2026-08-30 00:16:19,490][fairseq.logging.progress_bar][WARNING] - tensorboard not found, please install with: pip install tensorboard
[2026-08-30 00:16:19,493][fairseq.trainer][INFO] - begin training epoch 44
[2026-08-30 00:16:19,494][fairseq_cli.train][INFO] - Start iterating over samples
[2026-08-30 00:16:31,320][fairseq_cli.train][INFO] - begin validation on "valid" subset
[2026-08-30 00:16:31,578][fairseq.logging.progress_bar][WARNING] - tensorboard not found, please install with: pip install tensorboard
[2026-08-30 00:16:33,727][valid][INFO] - {"epoch": 44, "valid_loss": "104.643", "valid_nll_loss": "6.037", "valid_total": "291.154", "valid_n_correct": "61.8462", "valid_ppl": "65.64", "valid_accuracy": "21.242", "valid_wps": "3286.6", "valid_wpb": "291.2", "valid_bsz": "18.1", "valid_num_updates": "1056", "valid_best_accuracy": "21.559"}
[2026-08-30 00:16:33,730][fairseq.checkpoint_utils][INFO] - Preparing to save checkpoint for epoch 44 @ 1056 updates
[2026-08-30 00:16:33,731][fairseq.trainer][INFO] - Saving checkpoint to checkpoints/checkpoint_last.pt
[2026-08-30 00:16:36,118][fairseq.trainer][INFO] - Finished saving checkpoint to checkpoints/checkpoint_last.pt
[2026-08-30 00:16:36,121][fairseq.checkpoint_utils][INFO] - Saved checkpoint checkpoints/checkpoint_last.pt (epoch 44 @ 1056 updates, score 21.242) (writing took 2.39113028626889 seconds)
[2026-08-30 00:16:36,123][fairseq_cli.train][INFO] - end of epoch 44 (average epoch stats below)
[2026-08-30 00:16:36,125][train][INFO] - {"epoch": 44, "train_loss": "99.358", "train_nll_loss": "5.685", "train_total": "1209.17", "train_n_correct": "280.375", "train_ppl": "51.44", "train_accuracy": "23.187", "train_wps": "1710.8", "train_ups": "1.41", "train_wpb": "1209.2", "train_bsz": "75", "train_num_updates": "1056", "train_lr": "0.00183549", "train_gnorm": "3.486", "train_loss_scale": "128", "train_train_wall": "10", "train_gb_free": "42.8", "train_wall": "912"}
[2026-08-30 00:16:36,391][fairseq.logging.progress_bar][WARNING] - tensorboard not found, please install with: pip install tensorboard
[2026-08-30 00:16:36,393][fairseq.trainer][INFO] - begin training epoch 45
[2026-08-30 00:16:36,394][fairseq_cli.train][INFO] - Start iterating over samples
[2026-08-30 00:16:48,212][fairseq_cli.train][INFO] - begin validation on "valid" subset
[2026-08-30 00:16:48,430][fairseq.logging.progress_bar][WARNING] - tensorboard not found, please install with: pip install tensorboard
[2026-08-30 00:16:50,541][valid][INFO] - {"epoch": 45, "valid_loss": "104.909", "valid_nll_loss": "6.049", "valid_total": "291.154", "valid_n_correct": "61.8462", "valid_ppl": "66.21", "valid_accuracy": "21.242", "valid_wps": "4093.9", "valid_wpb": "291.2", "valid_bsz": "18.1", "valid_num_updates": "1080", "valid_best_accuracy": "21.559"}
[2026-08-30 00:16:50,544][fairseq.checkpoint_utils][INFO] - Preparing to save checkpoint for epoch 45 @ 1080 updates
[2026-08-30 00:16:50,546][fairseq.trainer][INFO] - Saving checkpoint to checkpoints/checkpoint_last.pt
[2026-08-30 00:16:52,991][fairseq.trainer][INFO] - Finished saving checkpoint to checkpoints/checkpoint_last.pt
[2026-08-30 00:16:52,995][fairseq.checkpoint_utils][INFO] - Saved checkpoint checkpoints/checkpoint_last.pt (epoch 45 @ 1080 updates, score 21.242) (writing took 2.450960780493915 seconds)
[2026-08-30 00:16:52,996][fairseq_cli.train][INFO] - end of epoch 45 (average epoch stats below)
[2026-08-30 00:16:52,997][train][INFO] - {"epoch": 45, "train_loss": "99.052", "train_nll_loss": "5.664", "train_total": "1209.17", "train_n_correct": "283.75", "train_ppl": "50.69", "train_accuracy": "23.467", "train_wps": "1720.2", "train_ups": "1.42", "train_wpb": "1209.2", "train_bsz": "75", "train_num_updates": "1080", "train_lr": "0.00180279", "train_gnorm": "3.697", "train_loss_scale": "128", "train_train_wall": "10", "train_gb_free": "42.7", "train_wall": "929"}
[2026-08-30 00:16:53,212][fairseq.logging.progress_bar][WARNING] - tensorboard not found, please install with: pip install tensorboard
[2026-08-30 00:16:53,220][fairseq.trainer][INFO] - begin training epoch 46
[2026-08-30 00:16:53,221][fairseq_cli.train][INFO] - Start iterating over samples
[2026-08-30 00:17:03,395][train_inner][INFO] - {"epoch": 46, "update": 45.833, "loss": "99.108", "nll_loss": "5.668", "total": "1198.87", "n_correct": "280.98", "ppl": "50.86", "accuracy": "23.437", "wps": "1580", "ups": "1.32", "wpb": "1198.9", "bsz": "74.4", "num_updates": "1100", "lr": "0.00177599", "gnorm": "3.447", "loss_scale": "128", "train_wall": "43", "gb_free": "43", "wall": "939"}
[2026-08-30 00:17:05,022][fairseq_cli.train][INFO] - begin validation on "valid" subset
[2026-08-30 00:17:05,331][fairseq.logging.progress_bar][WARNING] - tensorboard not found, please install with: pip install tensorboard
[2026-08-30 00:17:07,222][valid][INFO] - {"epoch": 46, "valid_loss": "104.359", "valid_nll_loss": "6.016", "valid_total": "291.154", "valid_n_correct": "62.6923", "valid_ppl": "64.73", "valid_accuracy": "21.532", "valid_wps": "4415.7", "valid_wpb": "291.2", "valid_bsz": "18.1", "valid_num_updates": "1104", "valid_best_accuracy": "21.559"}
[2026-08-30 00:17:07,226][fairseq.checkpoint_utils][INFO] - Preparing to save checkpoint for epoch 46 @ 1104 updates
[2026-08-30 00:17:07,227][fairseq.trainer][INFO] - Saving checkpoint to checkpoints/checkpoint_last.pt
[2026-08-30 00:17:09,713][fairseq.trainer][INFO] - Finished saving checkpoint to checkpoints/checkpoint_last.pt
[2026-08-30 00:17:09,715][fairseq.checkpoint_utils][INFO] - Saved checkpoint checkpoints/checkpoint_last.pt (epoch 46 @ 1104 updates, score 21.532) (writing took 2.4891552282497287 seconds)
[2026-08-30 00:17:09,717][fairseq_cli.train][INFO] - end of epoch 46 (average epoch stats below)
[2026-08-30 00:17:09,718][train][INFO] - {"epoch": 46, "train_loss": "98.716", "train_nll_loss": "5.64", "train_total": "1209.17", "train_n_correct": "288.542", "train_ppl": "49.86", "train_accuracy": "23.863", "train_wps": "1735.6", "train_ups": "1.44", "train_wpb": "1209.2", "train_bsz": "75", "train_num_updates": "1104", "train_lr": "0.00177068", "train_gnorm": "3.293", "train_loss_scale": "128", "train_train_wall": "10", "train_gb_free": "42.9", "train_wall": "946"}
[2026-08-30 00:17:09,934][fairseq.logging.progress_bar][WARNING] - tensorboard not found, please install with: pip install tensorboard
[2026-08-30 00:17:09,937][fairseq.trainer][INFO] - begin training epoch 47
[2026-08-30 00:17:09,937][fairseq_cli.train][INFO] - Start iterating over samples
[2026-08-30 00:17:21,773][fairseq_cli.train][INFO] - begin validation on "valid" subset
[2026-08-30 00:17:22,072][fairseq.logging.progress_bar][WARNING] - tensorboard not found, please install with: pip install tensorboard
[2026-08-30 00:17:24,078][valid][INFO] - {"epoch": 47, "valid_loss": "104.698", "valid_nll_loss": "6.035", "valid_total": "291.154", "valid_n_correct": "64.8462", "valid_ppl": "65.57", "valid_accuracy": "22.272", "valid_wps": "4406.6", "valid_wpb": "291.2", "valid_bsz": "18.1", "valid_num_updates": "1128", "valid_best_accuracy": "22.272"}
[2026-08-30 00:17:24,081][fairseq.checkpoint_utils][INFO] - Preparing to save checkpoint for epoch 47 @ 1128 updates
[2026-08-30 00:17:24,082][fairseq.trainer][INFO] - Saving checkpoint to checkpoints/checkpoint_best.pt
[2026-08-30 00:17:26,257][fairseq.trainer][INFO] - Finished saving checkpoint to checkpoints/checkpoint_best.pt
[2026-08-30 00:17:28,983][fairseq.checkpoint_utils][INFO] - Saved checkpoint checkpoints/checkpoint_best.pt (epoch 47 @ 1128 updates, score 22.272) (writing took 4.901939984411001 seconds)
[2026-08-30 00:17:28,984][fairseq_cli.train][INFO] - end of epoch 47 (average epoch stats below)
[2026-08-30 00:17:28,986][train][INFO] - {"epoch": 47, "train_loss": "98.48", "train_nll_loss": "5.623", "train_total": "1209.17", "train_n_correct": "287.292", "train_ppl": "49.29", "train_accuracy": "23.759", "train_wps": "1506.2", "train_ups": "1.25", "train_wpb": "1209.2", "train_bsz": "75", "train_num_updates": "1128", "train_lr": "0.00173914", "train_gnorm": "3.518", "train_loss_scale": "128", "train_train_wall": "10", "train_gb_free": "42.9", "train_wall": "965"}
[2026-08-30 00:17:29,280][fairseq.logging.progress_bar][WARNING] - tensorboard not found, please install with: pip install tensorboard
[2026-08-30 00:17:29,284][fairseq.trainer][INFO] - begin training epoch 48
[2026-08-30 00:17:29,285][fairseq_cli.train][INFO] - Start iterating over samples
[2026-08-30 00:17:40,923][fairseq_cli.train][INFO] - begin validation on "valid" subset
[2026-08-30 00:17:41,224][fairseq.logging.progress_bar][WARNING] - tensorboard not found, please install with: pip install tensorboard
[2026-08-30 00:17:43,071][valid][INFO] - {"epoch": 48, "valid_loss": "104.789", "valid_nll_loss": "6.036", "valid_total": "291.154", "valid_n_correct": "65.7692", "valid_ppl": "65.61", "valid_accuracy": "22.589", "valid_wps": "4399.5", "valid_wpb": "291.2", "valid_bsz": "18.1", "valid_num_updates": "1152", "valid_best_accuracy": "22.589"}
[2026-08-30 00:17:43,074][fairseq.checkpoint_utils][INFO] - Preparing to save checkpoint for epoch 48 @ 1152 updates
[2026-08-30 00:17:43,075][fairseq.trainer][INFO] - Saving checkpoint to checkpoints/checkpoint_best.pt
[2026-08-30 00:17:45,441][fairseq.trainer][INFO] - Finished saving checkpoint to checkpoints/checkpoint_best.pt
[2026-08-30 00:17:48,287][fairseq.checkpoint_utils][INFO] - Saved checkpoint checkpoints/checkpoint_best.pt (epoch 48 @ 1152 updates, score 22.589) (writing took 5.213409599848092 seconds)
[2026-08-30 00:17:48,289][fairseq_cli.train][INFO] - end of epoch 48 (average epoch stats below)
[2026-08-30 00:17:48,292][train][INFO] - {"epoch": 48, "train_loss": "98.254", "train_nll_loss": "5.607", "train_total": "1209.17", "train_n_correct": "294.5", "train_ppl": "48.75", "train_accuracy": "24.356", "train_wps": "1503.3", "train_ups": "1.24", "train_wpb": "1209.2", "train_bsz": "75", "train_num_updates": "1152", "train_lr": "0.00170816", "train_gnorm": "3.286", "train_loss_scale": "128", "train_train_wall": "10", "train_gb_free": "43", "train_wall": "984"}
[2026-08-30 00:17:48,629][fairseq.logging.progress_bar][WARNING] - tensorboard not found, please install with: pip install tensorboard
[2026-08-30 00:17:48,632][fairseq.trainer][INFO] - begin training epoch 49
[2026-08-30 00:17:48,633][fairseq_cli.train][INFO] - Start iterating over samples
[2026-08-30 00:18:00,476][fairseq_cli.train][INFO] - begin validation on "valid" subset
[2026-08-30 00:18:00,726][fairseq.logging.progress_bar][WARNING] - tensorboard not found, please install with: pip install tensorboard
[2026-08-30 00:18:02,805][valid][INFO] - {"epoch": 49, "valid_loss": "104.121", "valid_nll_loss": "5.993", "valid_total": "291.154", "valid_n_correct": "64.3846", "valid_ppl": "63.71", "valid_accuracy": "22.114", "valid_wps": "3283.2", "valid_wpb": "291.2", "valid_bsz": "18.1", "valid_num_updates": "1176", "valid_best_accuracy": "22.589"}
[2026-08-30 00:18:02,819][fairseq.checkpoint_utils][INFO] - Preparing to save checkpoint for epoch 49 @ 1176 updates
[2026-08-30 00:18:02,820][fairseq.trainer][INFO] - Saving checkpoint to checkpoints/checkpoint_last.pt
[2026-08-30 00:18:05,313][fairseq.trainer][INFO] - Finished saving checkpoint to checkpoints/checkpoint_last.pt
[2026-08-30 00:18:05,316][fairseq.checkpoint_utils][INFO] - Saved checkpoint checkpoints/checkpoint_last.pt (epoch 49 @ 1176 updates, score 22.114) (writing took 2.4969924837350845 seconds)
[2026-08-30 00:18:05,317][fairseq_cli.train][INFO] - end of epoch 49 (average epoch stats below)
[2026-08-30 00:18:05,318][train][INFO] - {"epoch": 49, "train_loss": "97.795", "train_nll_loss": "5.573", "train_total": "1209.17", "train_n_correct": "298.25", "train_ppl": "47.61", "train_accuracy": "24.666", "train_wps": "1704.5", "train_ups": "1.41", "train_wpb": "1209.2", "train_bsz": "75", "train_num_updates": "1176", "train_lr": "0.00167773", "train_gnorm": "3.67", "train_loss_scale": "128", "train_train_wall": "10", "train_gb_free": "43", "train_wall": "1001"}
[2026-08-30 00:18:05,514][fairseq.logging.progress_bar][WARNING] - tensorboard not found, please install with: pip install tensorboard
[2026-08-30 00:18:05,522][fairseq.trainer][INFO] - begin training epoch 50
[2026-08-30 00:18:05,523][fairseq_cli.train][INFO] - Start iterating over samples
[2026-08-30 00:18:17,242][train_inner][INFO] - {"epoch": 50, "update": 50.0, "loss": "98.299", "nll_loss": "5.602", "total": "1213.79", "n_correct": "294.29", "ppl": "48.57", "accuracy": "24.246", "wps": "1643.7", "ups": "1.35", "wpb": "1213.8", "bsz": "75.2", "num_updates": "1200", "lr": "0.00164784", "gnorm": "3.492", "loss_scale": "128", "train_wall": "43", "gb_free": "42.7", "wall": "1013"}
[2026-08-30 00:18:17,243][fairseq_cli.train][INFO] - begin validation on "valid" subset
[2026-08-30 00:18:17,535][fairseq.logging.progress_bar][WARNING] - tensorboard not found, please install with: pip install tensorboard
[2026-08-30 00:18:19,470][valid][INFO] - {"epoch": 50, "valid_loss": "104.451", "valid_nll_loss": "6.018", "valid_total": "291.154", "valid_n_correct": "64.4615", "valid_ppl": "64.82", "valid_accuracy": "22.14", "valid_wps": "4341.9", "valid_wpb": "291.2", "valid_bsz": "18.1", "valid_num_updates": "1200", "valid_best_accuracy": "22.589"}
[2026-08-30 00:18:19,473][fairseq.checkpoint_utils][INFO] - Preparing to save checkpoint for epoch 50 @ 1200 updates
[2026-08-30 00:18:19,474][fairseq.trainer][INFO] - Saving checkpoint to checkpoints/checkpoint_last.pt
[2026-08-30 00:18:21,573][fairseq.trainer][INFO] - Finished saving checkpoint to checkpoints/checkpoint_last.pt
[2026-08-30 00:18:21,574][fairseq.checkpoint_utils][INFO] - Saved checkpoint checkpoints/checkpoint_last.pt (epoch 50 @ 1200 updates, score 22.14) (writing took 2.1006992356851697 seconds)
[2026-08-30 00:18:21,575][fairseq_cli.train][INFO] - end of epoch 50 (average epoch stats below)
[2026-08-30 00:18:21,576][train][INFO] - {"epoch": 50, "train_loss": "97.316", "train_nll_loss": "5.54", "train_total": "1209.17", "train_n_correct": "301.5", "train_ppl": "46.54", "train_accuracy": "24.935", "train_wps": "1785.1", "train_ups": "1.48", "train_wpb": "1209.2", "train_bsz": "75", "train_num_updates": "1200", "train_lr": "0.00164784", "train_gnorm": "3.495", "train_loss_scale": "128", "train_train_wall": "10", "train_gb_free": "42.7", "train_wall": "1017"}
[2026-08-30 00:18:21,821][fairseq.logging.progress_bar][WARNING] - tensorboard not found, please install with: pip install tensorboard
[2026-08-30 00:18:21,823][fairseq.trainer][INFO] - begin training epoch 51
[2026-08-30 00:18:21,824][fairseq_cli.train][INFO] - Start iterating over samples
[2026-08-30 00:18:33,315][fairseq_cli.train][INFO] - begin validation on "valid" subset
[2026-08-30 00:18:33,525][fairseq.logging.progress_bar][WARNING] - tensorboard not found, please install with: pip install tensorboard
[2026-08-30 00:18:35,465][valid][INFO] - {"epoch": 51, "valid_loss": "104.082", "valid_nll_loss": "5.991", "valid_total": "291.154", "valid_n_correct": "66.7692", "valid_ppl": "63.59", "valid_accuracy": "22.933", "valid_wps": "4396.7", "valid_wpb": "291.2", "valid_bsz": "18.1", "valid_num_updates": "1224", "valid_best_accuracy": "22.933"}
[2026-08-30 00:18:35,467][fairseq.checkpoint_utils][INFO] - Preparing to save checkpoint for epoch 51 @ 1224 updates
[2026-08-30 00:18:35,468][fairseq.trainer][INFO] - Saving checkpoint to checkpoints/checkpoint_best.pt
[2026-08-30 00:18:37,853][fairseq.trainer][INFO] - Finished saving checkpoint to checkpoints/checkpoint_best.pt
[2026-08-30 00:18:40,568][fairseq.checkpoint_utils][INFO] - Saved checkpoint checkpoints/checkpoint_best.pt (epoch 51 @ 1224 updates, score 22.933) (writing took 5.10077219363302 seconds)
[2026-08-30 00:18:40,569][fairseq_cli.train][INFO] - end of epoch 51 (average epoch stats below)
[2026-08-30 00:18:40,571][train][INFO] - {"epoch": 51, "train_loss": "97.263", "train_nll_loss": "5.536", "train_total": "1209.17", "train_n_correct": "302", "train_ppl": "46.41", "train_accuracy": "24.976", "train_wps": "1527.8", "train_ups": "1.26", "train_wpb": "1209.2", "train_bsz": "75", "train_num_updates": "1224", "train_lr": "0.00161849", "train_gnorm": "3.328", "train_loss_scale": "128", "train_train_wall": "10", "train_gb_free": "42.7", "train_wall": "1036"}
[2026-08-30 00:18:40,871][fairseq.logging.progress_bar][WARNING] - tensorboard not found, please install with: pip install tensorboard
[2026-08-30 00:18:40,874][fairseq.trainer][INFO] - begin training epoch 52
[2026-08-30 00:18:40,875][fairseq_cli.train][INFO] - Start iterating over samples
[2026-08-30 00:18:52,522][fairseq_cli.train][INFO] - begin validation on "valid" subset
[2026-08-30 00:18:52,725][fairseq.logging.progress_bar][WARNING] - tensorboard not found, please install with: pip install tensorboard
[2026-08-30 00:18:54,526][valid][INFO] - {"epoch": 52, "valid_loss": "104.606", "valid_nll_loss": "6.021", "valid_total": "291.154", "valid_n_correct": "68.2308", "valid_ppl": "64.94", "valid_accuracy": "23.435", "valid_wps": "4367.5", "valid_wpb": "291.2", "valid_bsz": "18.1", "valid_num_updates": "1248", "valid_best_accuracy": "23.435"}
[2026-08-30 00:18:54,529][fairseq.checkpoint_utils][INFO] - Preparing to save checkpoint for epoch 52 @ 1248 updates
[2026-08-30 00:18:54,530][fairseq.trainer][INFO] - Saving checkpoint to checkpoints/checkpoint_best.pt
[2026-08-30 00:18:56,717][fairseq.trainer][INFO] - Finished saving checkpoint to checkpoints/checkpoint_best.pt
[2026-08-30 00:18:59,472][fairseq.checkpoint_utils][INFO] - Saved checkpoint checkpoints/checkpoint_best.pt (epoch 52 @ 1248 updates, score 23.435) (writing took 4.94323268532753 seconds)
[2026-08-30 00:18:59,473][fairseq_cli.train][INFO] - end of epoch 52 (average epoch stats below)
[2026-08-30 00:18:59,475][train][INFO] - {"epoch": 52, "train_loss": "96.927", "train_nll_loss": "5.512", "train_total": "1209.17", "train_n_correct": "307.125", "train_ppl": "45.63", "train_accuracy": "25.4", "train_wps": "1535.3", "train_ups": "1.27", "train_wpb": "1209.2", "train_bsz": "75", "train_num_updates": "1248", "train_lr": "0.00158966", "train_gnorm": "3.413", "train_loss_scale": "128", "train_train_wall": "10", "train_gb_free": "42.7", "train_wall": "1055"}
[2026-08-30 00:18:59,769][fairseq.logging.progress_bar][WARNING] - tensorboard not found, please install with: pip install tensorboard
[2026-08-30 00:18:59,775][fairseq.trainer][INFO] - begin training epoch 53
[2026-08-30 00:18:59,776][fairseq_cli.train][INFO] - Start iterating over samples
[2026-08-30 00:19:11,396][fairseq_cli.train][INFO] - begin validation on "valid" subset
[2026-08-30 00:19:11,623][fairseq.logging.progress_bar][WARNING] - tensorboard not found, please install with: pip install tensorboard
[2026-08-30 00:19:13,632][valid][INFO] - {"epoch": 53, "valid_loss": "104.423", "valid_nll_loss": "6.011", "valid_total": "291.154", "valid_n_correct": "66.4615", "valid_ppl": "64.47", "valid_accuracy": "22.827", "valid_wps": "4343.2", "valid_wpb": "291.2", "valid_bsz": "18.1", "valid_num_updates": "1272", "valid_best_accuracy": "23.435"}
[2026-08-30 00:19:13,635][fairseq.checkpoint_utils][INFO] - Preparing to save checkpoint for epoch 53 @ 1272 updates
[2026-08-30 00:19:13,636][fairseq.trainer][INFO] - Saving checkpoint to checkpoints/checkpoint_last.pt
[2026-08-30 00:19:15,862][fairseq.trainer][INFO] - Finished saving checkpoint to checkpoints/checkpoint_last.pt
[2026-08-30 00:19:15,863][fairseq.checkpoint_utils][INFO] - Saved checkpoint checkpoints/checkpoint_last.pt (epoch 53 @ 1272 updates, score 22.827) (writing took 2.2284811502322555 seconds)
[2026-08-30 00:19:15,864][fairseq_cli.train][INFO] - end of epoch 53 (average epoch stats below)
[2026-08-30 00:19:15,865][train][INFO] - {"epoch": 53, "train_loss": "96.831", "train_nll_loss": "5.506", "train_total": "1209.17", "train_n_correct": "311.708", "train_ppl": "45.44", "train_accuracy": "25.779", "train_wps": "1770.7", "train_ups": "1.46", "train_wpb": "1209.2", "train_bsz": "75", "train_num_updates": "1272", "train_lr": "0.00156134", "train_gnorm": "3.408", "train_loss_scale": "128", "train_train_wall": "10", "train_gb_free": "42.9", "train_wall": "1072"}
[2026-08-30 00:19:16,059][fairseq.logging.progress_bar][WARNING] - tensorboard not found, please install with: pip install tensorboard
[2026-08-30 00:19:16,061][fairseq.trainer][INFO] - begin training epoch 54
[2026-08-30 00:19:16,062][fairseq_cli.train][INFO] - Start iterating over samples
[2026-08-30 00:19:27,907][fairseq_cli.train][INFO] - begin validation on "valid" subset
[2026-08-30 00:19:28,142][fairseq.logging.progress_bar][WARNING] - tensorboard not found, please install with: pip install tensorboard
[2026-08-30 00:19:30,068][valid][INFO] - {"epoch": 54, "valid_loss": "104.245", "valid_nll_loss": "6", "valid_total": "291.154", "valid_n_correct": "66.3077", "valid_ppl": "64.01", "valid_accuracy": "22.774", "valid_wps": "3942.8", "valid_wpb": "291.2", "valid_bsz": "18.1", "valid_num_updates": "1296", "valid_best_accuracy": "23.435"}
[2026-08-30 00:19:30,071][fairseq.checkpoint_utils][INFO] - Preparing to save checkpoint for epoch 54 @ 1296 updates
[2026-08-30 00:19:30,073][fairseq.trainer][INFO] - Saving checkpoint to checkpoints/checkpoint_last.pt
[2026-08-30 00:19:32,488][fairseq.trainer][INFO] - Finished saving checkpoint to checkpoints/checkpoint_last.pt
[2026-08-30 00:19:32,494][fairseq.checkpoint_utils][INFO] - Saved checkpoint checkpoints/checkpoint_last.pt (epoch 54 @ 1296 updates, score 22.774) (writing took 2.4233830738812685 seconds)
[2026-08-30 00:19:32,495][fairseq_cli.train][INFO] - end of epoch 54 (average epoch stats below)
[2026-08-30 00:19:32,496][train][INFO] - {"epoch": 54, "train_loss": "96.454", "train_nll_loss": "5.479", "train_total": "1209.17", "train_n_correct": "311.208", "train_ppl": "44.59", "train_accuracy": "25.737", "train_wps": "1745", "train_ups": "1.44", "train_wpb": "1209.2", "train_bsz": "75", "train_num_updates": "1296", "train_lr": "0.00153352", "train_gnorm": "3.404", "train_loss_scale": "128", "train_train_wall": "10", "train_gb_free": "42.7", "train_wall": "1088"}
[2026-08-30 00:19:32,761][fairseq.logging.progress_bar][WARNING] - tensorboard not found, please install with: pip install tensorboard
[2026-08-30 00:19:32,763][fairseq.trainer][INFO] - begin training epoch 55
[2026-08-30 00:19:32,764][fairseq_cli.train][INFO] - Start iterating over samples
[2026-08-30 00:19:36,042][train_inner][INFO] - {"epoch": 55, "update": 54.167, "loss": "96.857", "nll_loss": "5.506", "total": "1206.04", "n_correct": "307.82", "ppl": "45.44", "accuracy": "25.523", "wps": "1530.5", "ups": "1.27", "wpb": "1206", "bsz": "74.8", "num_updates": "1300", "lr": "0.00152894", "gnorm": "3.394", "loss_scale": "128", "train_wall": "43", "gb_free": "42.7", "wall": "1092"}
[2026-08-30 00:19:44,540][fairseq_cli.train][INFO] - begin validation on "valid" subset
[2026-08-30 00:19:44,841][fairseq.logging.progress_bar][WARNING] - tensorboard not found, please install with: pip install tensorboard
[2026-08-30 00:19:46,692][valid][INFO] - {"epoch": 55, "valid_loss": "104.466", "valid_nll_loss": "6.013", "valid_total": "291.154", "valid_n_correct": "67.7692", "valid_ppl": "64.58", "valid_accuracy": "23.276", "valid_wps": "4050.8", "valid_wpb": "291.2", "valid_bsz": "18.1", "valid_num_updates": "1320", "valid_best_accuracy": "23.435"}
[2026-08-30 00:19:46,694][fairseq.checkpoint_utils][INFO] - Preparing to save checkpoint for epoch 55 @ 1320 updates
[2026-08-30 00:19:46,695][fairseq.trainer][INFO] - Saving checkpoint to checkpoints/checkpoint_last.pt
[2026-08-30 00:19:49,130][fairseq.trainer][INFO] - Finished saving checkpoint to checkpoints/checkpoint_last.pt
[2026-08-30 00:19:49,131][fairseq.checkpoint_utils][INFO] - Saved checkpoint checkpoints/checkpoint_last.pt (epoch 55 @ 1320 updates, score 23.276) (writing took 2.43722309358418 seconds)
[2026-08-30 00:19:49,132][fairseq_cli.train][INFO] - end of epoch 55 (average epoch stats below)
[2026-08-30 00:19:49,133][train][INFO] - {"epoch": 55, "train_loss": "96.162", "train_nll_loss": "5.458", "train_total": "1209.17", "train_n_correct": "318.875", "train_ppl": "43.97", "train_accuracy": "26.371", "train_wps": "1744.3", "train_ups": "1.44", "train_wpb": "1209.2", "train_bsz": "75", "train_num_updates": "1320", "train_lr": "0.00150621", "train_gnorm": "3.46", "train_loss_scale": "128", "train_train_wall": "10", "train_gb_free": "42.7", "train_wall": "1105"}
[2026-08-30 00:19:49,371][fairseq.logging.progress_bar][WARNING] - tensorboard not found, please install with: pip install tensorboard
[2026-08-30 00:19:49,373][fairseq.trainer][INFO] - begin training epoch 56
[2026-08-30 00:19:49,375][fairseq_cli.train][INFO] - Start iterating over samples
[2026-08-30 00:20:01,181][fairseq_cli.train][INFO] - begin validation on "valid" subset
[2026-08-30 00:20:01,392][fairseq.logging.progress_bar][WARNING] - tensorboard not found, please install with: pip install tensorboard
[2026-08-30 00:20:03,397][valid][INFO] - {"epoch": 56, "valid_loss": "104.008", "valid_nll_loss": "5.985", "valid_total": "291.154", "valid_n_correct": "66.9231", "valid_ppl": "63.32", "valid_accuracy": "22.985", "valid_wps": "4362.6", "valid_wpb": "291.2", "valid_bsz": "18.1", "valid_num_updates": "1344", "valid_best_accuracy": "23.435"}
[2026-08-30 00:20:03,400][fairseq.checkpoint_utils][INFO] - Preparing to save checkpoint for epoch 56 @ 1344 updates
[2026-08-30 00:20:03,408][fairseq.trainer][INFO] - Saving checkpoint to checkpoints/checkpoint_last.pt
[2026-08-30 00:20:05,639][fairseq.trainer][INFO] - Finished saving checkpoint to checkpoints/checkpoint_last.pt
[2026-08-30 00:20:05,647][fairseq.checkpoint_utils][INFO] - Saved checkpoint checkpoints/checkpoint_last.pt (epoch 56 @ 1344 updates, score 22.985) (writing took 2.247390233911574 seconds)
[2026-08-30 00:20:05,648][fairseq_cli.train][INFO] - end of epoch 56 (average epoch stats below)
[2026-08-30 00:20:05,649][train][INFO] - {"epoch": 56, "train_loss": "95.991", "train_nll_loss": "5.446", "train_total": "1209.17", "train_n_correct": "320.833", "train_ppl": "43.58", "train_accuracy": "26.533", "train_wps": "1757.2", "train_ups": "1.45", "train_wpb": "1209.2", "train_bsz": "75", "train_num_updates": "1344", "train_lr": "0.00147937", "train_gnorm": "3.538", "train_loss_scale": "128", "train_train_wall": "10", "train_gb_free": "42.9", "train_wall": "1122"}
[2026-08-30 00:20:05,859][fairseq.logging.progress_bar][WARNING] - tensorboard not found, please install with: pip install tensorboard
[2026-08-30 00:20:05,861][fairseq.trainer][INFO] - begin training epoch 57
[2026-08-30 00:20:05,862][fairseq_cli.train][INFO] - Start iterating over samples
[2026-08-30 00:20:17,701][fairseq_cli.train][INFO] - begin validation on "valid" subset
[2026-08-30 00:20:17,936][fairseq.logging.progress_bar][WARNING] - tensorboard not found, please install with: pip install tensorboard
[2026-08-30 00:20:19,813][valid][INFO] - {"epoch": 57, "valid_loss": "104.156", "valid_nll_loss": "5.992", "valid_total": "291.154", "valid_n_correct": "68.4615", "valid_ppl": "63.65", "valid_accuracy": "23.514", "valid_wps": "4394.9", "valid_wpb": "291.2", "valid_bsz": "18.1", "valid_num_updates": "1368", "valid_best_accuracy": "23.514"}
[2026-08-30 00:20:19,816][fairseq.checkpoint_utils][INFO] - Preparing to save checkpoint for epoch 57 @ 1368 updates
[2026-08-30 00:20:19,816][fairseq.trainer][INFO] - Saving checkpoint to checkpoints/checkpoint_best.pt
[2026-08-30 00:20:22,179][fairseq.trainer][INFO] - Finished saving checkpoint to checkpoints/checkpoint_best.pt
[2026-08-30 00:20:24,935][fairseq.checkpoint_utils][INFO] - Saved checkpoint checkpoints/checkpoint_best.pt (epoch 57 @ 1368 updates, score 23.514) (writing took 5.118828520178795 seconds)
[2026-08-30 00:20:24,936][fairseq_cli.train][INFO] - end of epoch 57 (average epoch stats below)
[2026-08-30 00:20:24,938][train][INFO] - {"epoch": 57, "train_loss": "95.617", "train_nll_loss": "5.419", "train_total": "1209.17", "train_n_correct": "324.625", "train_ppl": "42.8", "train_accuracy": "26.847", "train_wps": "1504.5", "train_ups": "1.24", "train_wpb": "1209.2", "train_bsz": "75", "train_num_updates": "1368", "train_lr": "0.00145302", "train_gnorm": "3.621", "train_loss_scale": "128", "train_train_wall": "10", "train_gb_free": "42.7", "train_wall": "1141"}
[2026-08-30 00:20:25,192][fairseq.logging.progress_bar][WARNING] - tensorboard not found, please install with: pip install tensorboard
[2026-08-30 00:20:25,194][fairseq.trainer][INFO] - begin training epoch 58
[2026-08-30 00:20:25,195][fairseq_cli.train][INFO] - Start iterating over samples
[2026-08-30 00:20:36,909][fairseq_cli.train][INFO] - begin validation on "valid" subset
[2026-08-30 00:20:37,158][fairseq.logging.progress_bar][WARNING] - tensorboard not found, please install with: pip install tensorboard
[2026-08-30 00:20:38,989][valid][INFO] - {"epoch": 58, "valid_loss": "104.706", "valid_nll_loss": "6.027", "valid_total": "291.154", "valid_n_correct": "68.3077", "valid_ppl": "65.21", "valid_accuracy": "23.461", "valid_wps": "4424.6", "valid_wpb": "291.2", "valid_bsz": "18.1", "valid_num_updates": "1392", "valid_best_accuracy": "23.514"}
[2026-08-30 00:20:38,992][fairseq.checkpoint_utils][INFO] - Preparing to save checkpoint for epoch 58 @ 1392 updates
[2026-08-30 00:20:38,993][fairseq.trainer][INFO] - Saving checkpoint to checkpoints/checkpoint_last.pt
[2026-08-30 00:20:41,361][fairseq.trainer][INFO] - Finished saving checkpoint to checkpoints/checkpoint_last.pt
[2026-08-30 00:20:41,363][fairseq.checkpoint_utils][INFO] - Saved checkpoint checkpoints/checkpoint_last.pt (epoch 58 @ 1392 updates, score 23.461) (writing took 2.370854933746159 seconds)
[2026-08-30 00:20:41,364][fairseq_cli.train][INFO] - end of epoch 58 (average epoch stats below)
[2026-08-30 00:20:41,365][train][INFO] - {"epoch": 58, "train_loss": "95.588", "train_nll_loss": "5.418", "train_total": "1209.17", "train_n_correct": "325.125", "train_ppl": "42.74", "train_accuracy": "26.888", "train_wps": "1766.7", "train_ups": "1.46", "train_wpb": "1209.2", "train_bsz": "75", "train_num_updates": "1392", "train_lr": "0.00142714", "train_gnorm": "3.639", "train_loss_scale": "128", "train_train_wall": "10", "train_gb_free": "42.7", "train_wall": "1157"}
[2026-08-30 00:20:41,553][fairseq.logging.progress_bar][WARNING] - tensorboard not found, please install with: pip install tensorboard
[2026-08-30 00:20:41,556][fairseq.trainer][INFO] - begin training epoch 59
[2026-08-30 00:20:41,556][fairseq_cli.train][INFO] - Start iterating over samples
[2026-08-30 00:20:46,346][train_inner][INFO] - {"epoch": 59, "update": 58.333, "loss": "95.79", "nll_loss": "5.429", "total": "1213.05", "n_correct": "323.97", "ppl": "43.08", "accuracy": "26.707", "wps": "1725.5", "ups": "1.42", "wpb": "1213", "bsz": "75.2", "num_updates": "1400", "lr": "0.00141861", "gnorm": "3.563", "loss_scale": "128", "train_wall": "43", "gb_free": "43", "wall": "1162"}
[2026-08-30 00:20:53,241][fairseq_cli.train][INFO] - begin validation on "valid" subset
[2026-08-30 00:20:53,546][fairseq.logging.progress_bar][WARNING] - tensorboard not found, please install with: pip install tensorboard
[2026-08-30 00:20:55,516][valid][INFO] - {"epoch": 59, "valid_loss": "104.283", "valid_nll_loss": "5.996", "valid_total": "291.154", "valid_n_correct": "68.6923", "valid_ppl": "63.81", "valid_accuracy": "23.593", "valid_wps": "4400.2", "valid_wpb": "291.2", "valid_bsz": "18.1", "valid_num_updates": "1416", "valid_best_accuracy": "23.593"}
[2026-08-30 00:20:55,521][fairseq.checkpoint_utils][INFO] - Preparing to save checkpoint for epoch 59 @ 1416 updates
[2026-08-30 00:20:55,522][fairseq.trainer][INFO] - Saving checkpoint to checkpoints/checkpoint_best.pt
[2026-08-30 00:20:57,916][fairseq.trainer][INFO] - Finished saving checkpoint to checkpoints/checkpoint_best.pt
[2026-08-30 00:21:00,553][fairseq.checkpoint_utils][INFO] - Saved checkpoint checkpoints/checkpoint_best.pt (epoch 59 @ 1416 updates, score 23.593) (writing took 5.032072942703962 seconds)
[2026-08-30 00:21:00,555][fairseq_cli.train][INFO] - end of epoch 59 (average epoch stats below)
[2026-08-30 00:21:00,557][train][INFO] - {"epoch": 59, "train_loss": "95.345", "train_nll_loss": "5.4", "train_total": "1209.17", "train_n_correct": "326.458", "train_ppl": "42.24", "train_accuracy": "26.999", "train_wps": "1512.2", "train_ups": "1.25", "train_wpb": "1209.2", "train_bsz": "75", "train_num_updates": "1416", "train_lr": "0.00140171", "train_gnorm": "3.573", "train_loss_scale": "128", "train_train_wall": "10", "train_gb_free": "42.9", "train_wall": "1176"}
[2026-08-30 00:21:00,843][fairseq.logging.progress_bar][WARNING] - tensorboard not found, please install with: pip install tensorboard
[2026-08-30 00:21:00,846][fairseq.trainer][INFO] - begin training epoch 60
[2026-08-30 00:21:00,846][fairseq_cli.train][INFO] - Start iterating over samples
[2026-08-30 00:21:12,131][fairseq_cli.train][INFO] - begin validation on "valid" subset
[2026-08-30 00:21:12,442][fairseq.logging.progress_bar][WARNING] - tensorboard not found, please install with: pip install tensorboard
[2026-08-30 00:21:14,331][valid][INFO] - {"epoch": 60, "valid_loss": "104.261", "valid_nll_loss": "5.995", "valid_total": "291.154", "valid_n_correct": "69.3077", "valid_ppl": "63.78", "valid_accuracy": "23.804", "valid_wps": "4410.7", "valid_wpb": "291.2", "valid_bsz": "18.1", "valid_num_updates": "1440", "valid_best_accuracy": "23.804"}
[2026-08-30 00:21:14,334][fairseq.checkpoint_utils][INFO] - Preparing to save checkpoint for epoch 60 @ 1440 updates
[2026-08-30 00:21:14,335][fairseq.trainer][INFO] - Saving checkpoint to checkpoints/checkpoint_best.pt
[2026-08-30 00:21:16,725][fairseq.trainer][INFO] - Finished saving checkpoint to checkpoints/checkpoint_best.pt
[2026-08-30 00:21:19,454][fairseq.checkpoint_utils][INFO] - Saved checkpoint checkpoints/checkpoint_best.pt (epoch 60 @ 1440 updates, score 23.804) (writing took 5.119716548360884 seconds)
[2026-08-30 00:21:19,455][fairseq_cli.train][INFO] - end of epoch 60 (average epoch stats below)
[2026-08-30 00:21:19,459][train][INFO] - {"epoch": 60, "train_loss": "95.138", "train_nll_loss": "5.385", "train_total": "1209.17", "train_n_correct": "326.375", "train_ppl": "41.79", "train_accuracy": "26.992", "train_wps": "1535.4", "train_ups": "1.27", "train_wpb": "1209.2", "train_bsz": "75", "train_num_updates": "1440", "train_lr": "0.00137674", "train_gnorm": "3.53", "train_loss_scale": "128", "train_train_wall": "10", "train_gb_free": "42.7", "train_wall": "1195"}
[2026-08-30 00:21:19,736][fairseq.logging.progress_bar][WARNING] - tensorboard not found, please install with: pip install tensorboard
[2026-08-30 00:21:19,739][fairseq.trainer][INFO] - begin training epoch 61
[2026-08-30 00:21:19,740][fairseq_cli.train][INFO] - Start iterating over samples
[2026-08-30 00:21:30,912][fairseq_cli.train][INFO] - begin validation on "valid" subset
[2026-08-30 00:21:31,145][fairseq.logging.progress_bar][WARNING] - tensorboard not found, please install with: pip install tensorboard
[2026-08-30 00:21:33,003][valid][INFO] - {"epoch": 61, "valid_loss": "104.341", "valid_nll_loss": "6", "valid_total": "291.154", "valid_n_correct": "69.4615", "valid_ppl": "63.98", "valid_accuracy": "23.857", "valid_wps": "4243.1", "valid_wpb": "291.2", "valid_bsz": "18.1", "valid_num_updates": "1464", "valid_best_accuracy": "23.857"}
[2026-08-30 00:21:33,009][fairseq.checkpoint_utils][INFO] - Preparing to save checkpoint for epoch 61 @ 1464 updates
[2026-08-30 00:21:33,010][fairseq.trainer][INFO] - Saving checkpoint to checkpoints/checkpoint_best.pt
[2026-08-30 00:21:35,278][fairseq.trainer][INFO] - Finished saving checkpoint to checkpoints/checkpoint_best.pt
[2026-08-30 00:21:38,097][fairseq.checkpoint_utils][INFO] - Saved checkpoint checkpoints/checkpoint_best.pt (epoch 61 @ 1464 updates, score 23.857) (writing took 5.087546159513295 seconds)
[2026-08-30 00:21:38,099][fairseq_cli.train][INFO] - end of epoch 61 (average epoch stats below)
[2026-08-30 00:21:38,110][train][INFO] - {"epoch": 61, "train_loss": "94.993", "train_nll_loss": "5.375", "train_total": "1209.17", "train_n_correct": "331.25", "train_ppl": "41.5", "train_accuracy": "27.395", "train_wps": "1556.1", "train_ups": "1.29", "train_wpb": "1209.2", "train_bsz": "75", "train_num_updates": "1464", "train_lr": "0.00135222", "train_gnorm": "3.505", "train_loss_scale": "128", "train_train_wall": "10", "train_gb_free": "42.9", "train_wall": "1214"}
[2026-08-30 00:21:38,413][fairseq.logging.progress_bar][WARNING] - tensorboard not found, please install with: pip install tensorboard
[2026-08-30 00:21:38,421][fairseq.trainer][INFO] - begin training epoch 62
[2026-08-30 00:21:38,422][fairseq_cli.train][INFO] - Start iterating over samples
[2026-08-30 00:21:49,492][fairseq_cli.train][INFO] - begin validation on "valid" subset
[2026-08-30 00:21:49,707][fairseq.logging.progress_bar][WARNING] - tensorboard not found, please install with: pip install tensorboard
[2026-08-30 00:21:51,587][valid][INFO] - {"epoch": 62, "valid_loss": "104.658", "valid_nll_loss": "6.016", "valid_total": "291.154", "valid_n_correct": "70.2308", "valid_ppl": "64.73", "valid_accuracy": "24.122", "valid_wps": "4407.5", "valid_wpb": "291.2", "valid_bsz": "18.1", "valid_num_updates": "1488", "valid_best_accuracy": "24.122"}
[2026-08-30 00:21:51,589][fairseq.checkpoint_utils][INFO] - Preparing to save checkpoint for epoch 62 @ 1488 updates
[2026-08-30 00:21:51,591][fairseq.trainer][INFO] - Saving checkpoint to checkpoints/checkpoint_best.pt
[2026-08-30 00:21:53,792][fairseq.trainer][INFO] - Finished saving checkpoint to checkpoints/checkpoint_best.pt
[2026-08-30 00:21:56,573][fairseq.checkpoint_utils][INFO] - Saved checkpoint checkpoints/checkpoint_best.pt (epoch 62 @ 1488 updates, score 24.122) (writing took 4.983073407784104 seconds)
[2026-08-30 00:21:56,574][fairseq_cli.train][INFO] - end of epoch 62 (average epoch stats below)
[2026-08-30 00:21:56,576][train][INFO] - {"epoch": 62, "train_loss": "94.568", "train_nll_loss": "5.344", "train_total": "1209.17", "train_n_correct": "330.25", "train_ppl": "40.63", "train_accuracy": "27.312", "train_wps": "1571.6", "train_ups": "1.3", "train_wpb": "1209.2", "train_bsz": "75", "train_num_updates": "1488", "train_lr": "0.00132813", "train_gnorm": "3.733", "train_loss_scale": "128", "train_train_wall": "10", "train_gb_free": "42.9", "train_wall": "1232"}
[2026-08-30 00:21:56,872][fairseq.logging.progress_bar][WARNING] - tensorboard not found, please install with: pip install tensorboard
[2026-08-30 00:21:56,875][fairseq.trainer][INFO] - begin training epoch 63
[2026-08-30 00:21:56,876][fairseq_cli.train][INFO] - Start iterating over samples
[2026-08-30 00:22:03,331][train_inner][INFO] - {"epoch": 63, "update": 62.5, "loss": "94.964", "nll_loss": "5.363", "total": "1204.27", "n_correct": "329.43", "ppl": "41.16", "accuracy": "27.355", "wps": "1564.3", "ups": "1.3", "wpb": "1204.3", "bsz": "74.6", "num_updates": "1500", "lr": "0.00131625", "gnorm": "3.592", "loss_scale": "128", "train_wall": "42", "gb_free": "42.8", "wall": "1239"}
[2026-08-30 00:22:08,391][fairseq_cli.train][INFO] - begin validation on "valid" subset
[2026-08-30 00:22:08,722][fairseq.logging.progress_bar][WARNING] - tensorboard not found, please install with: pip install tensorboard
[2026-08-30 00:22:10,610][valid][INFO] - {"epoch": 63, "valid_loss": "104.332", "valid_nll_loss": "5.999", "valid_total": "291.154", "valid_n_correct": "70.6154", "valid_ppl": "63.94", "valid_accuracy": "24.254", "valid_wps": "4405.5", "valid_wpb": "291.2", "valid_bsz": "18.1", "valid_num_updates": "1512", "valid_best_accuracy": "24.254"}
[2026-08-30 00:22:10,613][fairseq.checkpoint_utils][INFO] - Preparing to save checkpoint for epoch 63 @ 1512 updates
[2026-08-30 00:22:10,614][fairseq.trainer][INFO] - Saving checkpoint to checkpoints/checkpoint_best.pt
[2026-08-30 00:22:13,240][fairseq.trainer][INFO] - Finished saving checkpoint to checkpoints/checkpoint_best.pt
[2026-08-30 00:22:15,926][fairseq.checkpoint_utils][INFO] - Saved checkpoint checkpoints/checkpoint_best.pt (epoch 63 @ 1512 updates, score 24.254) (writing took 5.312835215590894 seconds)
[2026-08-30 00:22:15,928][fairseq_cli.train][INFO] - end of epoch 63 (average epoch stats below)
[2026-08-30 00:22:15,931][train][INFO] - {"epoch": 63, "train_loss": "94.328", "train_nll_loss": "5.327", "train_total": "1209.17", "train_n_correct": "338.625", "train_ppl": "40.13", "train_accuracy": "28.005", "train_wps": "1499.5", "train_ups": "1.24", "train_wpb": "1209.2", "train_bsz": "75", "train_num_updates": "1512", "train_lr": "0.00130447", "train_gnorm": "3.547", "train_loss_scale": "128", "train_train_wall": "10", "train_gb_free": "42.8", "train_wall": "1252"}
[2026-08-30 00:22:16,246][fairseq.logging.progress_bar][WARNING] - tensorboard not found, please install with: pip install tensorboard
[2026-08-30 00:22:16,248][fairseq.trainer][INFO] - begin training epoch 64
[2026-08-30 00:22:16,249][fairseq_cli.train][INFO] - Start iterating over samples
[2026-08-30 00:22:27,979][fairseq_cli.train][INFO] - begin validation on "valid" subset
[2026-08-30 00:22:28,197][fairseq.logging.progress_bar][WARNING] - tensorboard not found, please install with: pip install tensorboard
[2026-08-30 00:22:30,124][valid][INFO] - {"epoch": 64, "valid_loss": "103.904", "valid_nll_loss": "5.97", "valid_total": "291.154", "valid_n_correct": "70.4615", "valid_ppl": "62.69", "valid_accuracy": "24.201", "valid_wps": "4414.7", "valid_wpb": "291.2", "valid_bsz": "18.1", "valid_num_updates": "1536", "valid_best_accuracy": "24.254"}
[2026-08-30 00:22:30,127][fairseq.checkpoint_utils][INFO] - Preparing to save checkpoint for epoch 64 @ 1536 updates
[2026-08-30 00:22:30,128][fairseq.trainer][INFO] - Saving checkpoint to checkpoints/checkpoint_last.pt
[2026-08-30 00:22:32,587][fairseq.trainer][INFO] - Finished saving checkpoint to checkpoints/checkpoint_last.pt
[2026-08-30 00:22:32,593][fairseq.checkpoint_utils][INFO] - Saved checkpoint checkpoints/checkpoint_last.pt (epoch 64 @ 1536 updates, score 24.201) (writing took 2.466436930000782 seconds)
[2026-08-30 00:22:32,595][fairseq_cli.train][INFO] - end of epoch 64 (average epoch stats below)
[2026-08-30 00:22:32,596][train][INFO] - {"epoch": 64, "train_loss": "94.334", "train_nll_loss": "5.328", "train_total": "1209.17", "train_n_correct": "339.375", "train_ppl": "40.16", "train_accuracy": "28.067", "train_wps": "1741.5", "train_ups": "1.44", "train_wpb": "1209.2", "train_bsz": "75", "train_num_updates": "1536", "train_lr": "0.00128123", "train_gnorm": "3.451", "train_loss_scale": "128", "train_train_wall": "10", "train_gb_free": "42.8", "train_wall": "1268"}
[2026-08-30 00:22:32,815][fairseq.logging.progress_bar][WARNING] - tensorboard not found, please install with: pip install tensorboard
[2026-08-30 00:22:32,818][fairseq.trainer][INFO] - begin training epoch 65
[2026-08-30 00:22:32,820][fairseq_cli.train][INFO] - Start iterating over samples
[2026-08-30 00:22:44,252][fairseq_cli.train][INFO] - begin validation on "valid" subset
[2026-08-30 00:22:44,550][fairseq.logging.progress_bar][WARNING] - tensorboard not found, please install with: pip install tensorboard
[2026-08-30 00:22:46,475][valid][INFO] - {"epoch": 65, "valid_loss": "104.195", "valid_nll_loss": "5.987", "valid_total": "291.154", "valid_n_correct": "71.3077", "valid_ppl": "63.43", "valid_accuracy": "24.491", "valid_wps": "4371.1", "valid_wpb": "291.2", "valid_bsz": "18.1", "valid_num_updates": "1560", "valid_best_accuracy": "24.491"}
[2026-08-30 00:22:46,478][fairseq.checkpoint_utils][INFO] - Preparing to save checkpoint for epoch 65 @ 1560 updates
[2026-08-30 00:22:46,479][fairseq.trainer][INFO] - Saving checkpoint to checkpoints/checkpoint_best.pt
[2026-08-30 00:22:48,933][fairseq.trainer][INFO] - Finished saving checkpoint to checkpoints/checkpoint_best.pt
[2026-08-30 00:22:51,733][fairseq.checkpoint_utils][INFO] - Saved checkpoint checkpoints/checkpoint_best.pt (epoch 65 @ 1560 updates, score 24.491) (writing took 5.255606595426798 seconds)
[2026-08-30 00:22:51,735][fairseq_cli.train][INFO] - end of epoch 65 (average epoch stats below)
[2026-08-30 00:22:51,738][train][INFO] - {"epoch": 65, "train_loss": "94.247", "train_nll_loss": "5.322", "train_total": "1209.17", "train_n_correct": "340.25", "train_ppl": "40", "train_accuracy": "28.139", "train_wps": "1516.1", "train_ups": "1.25", "train_wpb": "1209.2", "train_bsz": "75", "train_num_updates": "1560", "train_lr": "0.00125841", "train_gnorm": "3.641", "train_loss_scale": "128", "train_train_wall": "10", "train_gb_free": "42.7", "train_wall": "1288"}
[2026-08-30 00:22:52,033][fairseq.logging.progress_bar][WARNING] - tensorboard not found, please install with: pip install tensorboard
[2026-08-30 00:22:52,035][fairseq.trainer][INFO] - begin training epoch 66
[2026-08-30 00:22:52,036][fairseq_cli.train][INFO] - Start iterating over samples
[2026-08-30 00:23:03,863][fairseq_cli.train][INFO] - begin validation on "valid" subset
[2026-08-30 00:23:04,086][fairseq.logging.progress_bar][WARNING] - tensorboard not found, please install with: pip install tensorboard
[2026-08-30 00:23:05,910][valid][INFO] - {"epoch": 66, "valid_loss": "103.988", "valid_nll_loss": "5.972", "valid_total": "291.154", "valid_n_correct": "71.8462", "valid_ppl": "62.77", "valid_accuracy": "24.676", "valid_wps": "4398.7", "valid_wpb": "291.2", "valid_bsz": "18.1", "valid_num_updates": "1584", "valid_best_accuracy": "24.676"}
[2026-08-30 00:23:05,913][fairseq.checkpoint_utils][INFO] - Preparing to save checkpoint for epoch 66 @ 1584 updates
[2026-08-30 00:23:05,914][fairseq.trainer][INFO] - Saving checkpoint to checkpoints/checkpoint_best.pt
[2026-08-30 00:23:08,324][fairseq.trainer][INFO] - Finished saving checkpoint to checkpoints/checkpoint_best.pt
[2026-08-30 00:23:10,895][fairseq.checkpoint_utils][INFO] - Saved checkpoint checkpoints/checkpoint_best.pt (epoch 66 @ 1584 updates, score 24.676) (writing took 4.982380157336593 seconds)
[2026-08-30 00:23:10,897][fairseq_cli.train][INFO] - end of epoch 66 (average epoch stats below)
[2026-08-30 00:23:10,899][train][INFO] - {"epoch": 66, "train_loss": "93.759", "train_nll_loss": "5.287", "train_total": "1209.17", "train_n_correct": "341.333", "train_ppl": "39.05", "train_accuracy": "28.229", "train_wps": "1514.7", "train_ups": "1.25", "train_wpb": "1209.2", "train_bsz": "75", "train_num_updates": "1584", "train_lr": "0.00123599", "train_gnorm": "3.542", "train_loss_scale": "128", "train_train_wall": "10", "train_gb_free": "42.7", "train_wall": "1307"}
[2026-08-30 00:23:11,208][fairseq.logging.progress_bar][WARNING] - tensorboard not found, please install with: pip install tensorboard
[2026-08-30 00:23:11,211][fairseq.trainer][INFO] - begin training epoch 67
[2026-08-30 00:23:11,213][fairseq_cli.train][INFO] - Start iterating over samples
[2026-08-30 00:23:19,758][train_inner][INFO] - {"epoch": 67, "update": 66.667, "loss": "93.963", "nll_loss": "5.324", "total": "1222.98", "n_correct": "341.85", "ppl": "40.05", "accuracy": "27.952", "wps": "1600.2", "ups": "1.31", "wpb": "1223", "bsz": "76.1", "num_updates": "1600", "lr": "0.00122127", "gnorm": "3.525", "loss_scale": "128", "train_wall": "43", "gb_free": "42.8", "wall": "1316"}
[2026-08-30 00:23:23,007][fairseq_cli.train][INFO] - begin validation on "valid" subset
[2026-08-30 00:23:23,322][fairseq.logging.progress_bar][WARNING] - tensorboard not found, please install with: pip install tensorboard
[2026-08-30 00:23:25,196][valid][INFO] - {"epoch": 67, "valid_loss": "103.947", "valid_nll_loss": "5.971", "valid_total": "291.154", "valid_n_correct": "71.2308", "valid_ppl": "62.74", "valid_accuracy": "24.465", "valid_wps": "4413.1", "valid_wpb": "291.2", "valid_bsz": "18.1", "valid_num_updates": "1608", "valid_best_accuracy": "24.676"}
[2026-08-30 00:23:25,199][fairseq.checkpoint_utils][INFO] - Preparing to save checkpoint for epoch 67 @ 1608 updates
[2026-08-30 00:23:25,207][fairseq.trainer][INFO] - Saving checkpoint to checkpoints/checkpoint_last.pt
[2026-08-30 00:23:27,842][fairseq.trainer][INFO] - Finished saving checkpoint to checkpoints/checkpoint_last.pt
[2026-08-30 00:23:27,844][fairseq.checkpoint_utils][INFO] - Saved checkpoint checkpoints/checkpoint_last.pt (epoch 67 @ 1608 updates, score 24.465) (writing took 2.644947087392211 seconds)
[2026-08-30 00:23:27,845][fairseq_cli.train][INFO] - end of epoch 67 (average epoch stats below)
[2026-08-30 00:23:27,847][train][INFO] - {"epoch": 67, "train_loss": "93.811", "train_nll_loss": "5.29", "train_total": "1209.17", "train_n_correct": "343.458", "train_ppl": "39.13", "train_accuracy": "28.405", "train_wps": "1713.2", "train_ups": "1.42", "train_wpb": "1209.2", "train_bsz": "75", "train_num_updates": "1608", "train_lr": "0.00121398", "train_gnorm": "3.562", "train_loss_scale": "128", "train_train_wall": "10", "train_gb_free": "42.8", "train_wall": "1324"}
[2026-08-30 00:23:28,095][fairseq.logging.progress_bar][WARNING] - tensorboard not found, please install with: pip install tensorboard
[2026-08-30 00:23:28,097][fairseq.trainer][INFO] - begin training epoch 68
[2026-08-30 00:23:28,098][fairseq_cli.train][INFO] - Start iterating over samples
[2026-08-30 00:23:39,527][fairseq_cli.train][INFO] - begin validation on "valid" subset
[2026-08-30 00:23:39,736][fairseq.logging.progress_bar][WARNING] - tensorboard not found, please install with: pip install tensorboard
[2026-08-30 00:23:41,857][valid][INFO] - {"epoch": 68, "valid_loss": "104.075", "valid_nll_loss": "5.982", "valid_total": "291.154", "valid_n_correct": "69.8462", "valid_ppl": "63.21", "valid_accuracy": "23.989", "valid_wps": "4410.1", "valid_wpb": "291.2", "valid_bsz": "18.1", "valid_num_updates": "1632", "valid_best_accuracy": "24.676"}
[2026-08-30 00:23:41,860][fairseq.checkpoint_utils][INFO] - Preparing to save checkpoint for epoch 68 @ 1632 updates
[2026-08-30 00:23:41,860][fairseq.trainer][INFO] - Saving checkpoint to checkpoints/checkpoint_last.pt
[2026-08-30 00:23:44,371][fairseq.trainer][INFO] - Finished saving checkpoint to checkpoints/checkpoint_last.pt
[2026-08-30 00:23:44,372][fairseq.checkpoint_utils][INFO] - Saved checkpoint checkpoints/checkpoint_last.pt (epoch 68 @ 1632 updates, score 23.989) (writing took 2.5126756001263857 seconds)
[2026-08-30 00:23:44,373][fairseq_cli.train][INFO] - end of epoch 68 (average epoch stats below)
[2026-08-30 00:23:44,374][train][INFO] - {"epoch": 68, "train_loss": "93.643", "train_nll_loss": "5.279", "train_total": "1209.17", "train_n_correct": "347.042", "train_ppl": "38.83", "train_accuracy": "28.701", "train_wps": "1756", "train_ups": "1.45", "train_wpb": "1209.2", "train_bsz": "75", "train_num_updates": "1632", "train_lr": "0.00119235", "train_gnorm": "3.519", "train_loss_scale": "128", "train_train_wall": "10", "train_gb_free": "42.7", "train_wall": "1340"}
[2026-08-30 00:23:44,589][fairseq.logging.progress_bar][WARNING] - tensorboard not found, please install with: pip install tensorboard
[2026-08-30 00:23:44,621][fairseq.trainer][INFO] - begin training epoch 69
[2026-08-30 00:23:44,622][fairseq_cli.train][INFO] - Start iterating over samples
[2026-08-30 00:23:56,375][fairseq_cli.train][INFO] - begin validation on "valid" subset
[2026-08-30 00:23:56,626][fairseq.logging.progress_bar][WARNING] - tensorboard not found, please install with: pip install tensorboard
[2026-08-30 00:23:58,490][valid][INFO] - {"epoch": 69, "valid_loss": "103.917", "valid_nll_loss": "5.973", "valid_total": "291.154", "valid_n_correct": "70.6923", "valid_ppl": "62.82", "valid_accuracy": "24.28", "valid_wps": "4406.9", "valid_wpb": "291.2", "valid_bsz": "18.1", "valid_num_updates": "1656", "valid_best_accuracy": "24.676"}
[2026-08-30 00:23:58,494][fairseq.checkpoint_utils][INFO] - Preparing to save checkpoint for epoch 69 @ 1656 updates
[2026-08-30 00:23:58,496][fairseq.trainer][INFO] - Saving checkpoint to checkpoints/checkpoint_last.pt
[2026-08-30 00:24:01,049][fairseq.trainer][INFO] - Finished saving checkpoint to checkpoints/checkpoint_last.pt
[2026-08-30 00:24:01,050][fairseq.checkpoint_utils][INFO] - Saved checkpoint checkpoints/checkpoint_last.pt (epoch 69 @ 1656 updates, score 24.28) (writing took 2.556611935608089 seconds)
[2026-08-30 00:24:01,051][fairseq_cli.train][INFO] - end of epoch 69 (average epoch stats below)
[2026-08-30 00:24:01,052][train][INFO] - {"epoch": 69, "train_loss": "93.433", "train_nll_loss": "5.263", "train_total": "1209.17", "train_n_correct": "348.292", "train_ppl": "38.4", "train_accuracy": "28.804", "train_wps": "1740", "train_ups": "1.44", "train_wpb": "1209.2", "train_bsz": "75", "train_num_updates": "1656", "train_lr": "0.00117111", "train_gnorm": "3.845", "train_loss_scale": "128", "train_train_wall": "10", "train_gb_free": "42.9", "train_wall": "1357"}
[2026-08-30 00:24:01,237][fairseq.logging.progress_bar][WARNING] - tensorboard not found, please install with: pip install tensorboard
[2026-08-30 00:24:01,239][fairseq.trainer][INFO] - begin training epoch 70
[2026-08-30 00:24:01,240][fairseq_cli.train][INFO] - Start iterating over samples
[2026-08-30 00:24:13,170][fairseq_cli.train][INFO] - begin validation on "valid" subset
[2026-08-30 00:24:13,442][fairseq.logging.progress_bar][WARNING] - tensorboard not found, please install with: pip install tensorboard
[2026-08-30 00:24:15,311][valid][INFO] - {"epoch": 70, "valid_loss": "103.864", "valid_nll_loss": "5.965", "valid_total": "291.154", "valid_n_correct": "72.3077", "valid_ppl": "62.45", "valid_accuracy": "24.835", "valid_wps": "4335.3", "valid_wpb": "291.2", "valid_bsz": "18.1", "valid_num_updates": "1680", "valid_best_accuracy": "24.835"}
[2026-08-30 00:24:15,314][fairseq.checkpoint_utils][INFO] - Preparing to save checkpoint for epoch 70 @ 1680 updates
[2026-08-30 00:24:15,315][fairseq.trainer][INFO] - Saving checkpoint to checkpoints/checkpoint_best.pt
[2026-08-30 00:24:17,711][fairseq.trainer][INFO] - Finished saving checkpoint to checkpoints/checkpoint_best.pt
[2026-08-30 00:24:20,448][fairseq.checkpoint_utils][INFO] - Saved checkpoint checkpoints/checkpoint_best.pt (epoch 70 @ 1680 updates, score 24.835) (writing took 5.134321846067905 seconds)
[2026-08-30 00:24:20,450][fairseq_cli.train][INFO] - end of epoch 70 (average epoch stats below)
[2026-08-30 00:24:20,453][train][INFO] - {"epoch": 70, "train_loss": "93.147", "train_nll_loss": "5.244", "train_total": "1209.17", "train_n_correct": "349.583", "train_ppl": "37.9", "train_accuracy": "28.911", "train_wps": "1495.9", "train_ups": "1.24", "train_wpb": "1209.2", "train_bsz": "75", "train_num_updates": "1680", "train_lr": "0.00115025", "train_gnorm": "3.606", "train_loss_scale": "128", "train_train_wall": "10", "train_gb_free": "42.9", "train_wall": "1376"}
[2026-08-30 00:24:20,778][fairseq.logging.progress_bar][WARNING] - tensorboard not found, please install with: pip install tensorboard
[2026-08-30 00:24:20,781][fairseq.trainer][INFO] - begin training epoch 71
[2026-08-30 00:24:20,782][fairseq_cli.train][INFO] - Start iterating over samples
[2026-08-30 00:24:30,492][train_inner][INFO] - {"epoch": 71, "update": 70.833, "loss": "93.397", "nll_loss": "5.253", "total": "1201.73", "n_correct": "348.7", "ppl": "38.13", "accuracy": "29.017", "wps": "1699", "ups": "1.41", "wpb": "1201.7", "bsz": "74.5", "num_updates": "1700", "lr": "0.00113315", "gnorm": "3.688", "loss_scale": "128", "train_wall": "42", "gb_free": "42.7", "wall": "1386"}
[2026-08-30 00:24:32,063][fairseq_cli.train][INFO] - begin validation on "valid" subset
[2026-08-30 00:24:32,268][fairseq.logging.progress_bar][WARNING] - tensorboard not found, please install with: pip install tensorboard
[2026-08-30 00:24:34,092][valid][INFO] - {"epoch": 71, "valid_loss": "104.317", "valid_nll_loss": "5.996", "valid_total": "291.154", "valid_n_correct": "71.6923", "valid_ppl": "63.81", "valid_accuracy": "24.624", "valid_wps": "4288.3", "valid_wpb": "291.2", "valid_bsz": "18.1", "valid_num_updates": "1704", "valid_best_accuracy": "24.835"}
[2026-08-30 00:24:34,094][fairseq.checkpoint_utils][INFO] - Preparing to save checkpoint for epoch 71 @ 1704 updates
[2026-08-30 00:24:34,095][fairseq.trainer][INFO] - Saving checkpoint to checkpoints/checkpoint_last.pt
[2026-08-30 00:24:36,524][fairseq.trainer][INFO] - Finished saving checkpoint to checkpoints/checkpoint_last.pt
[2026-08-30 00:24:36,528][fairseq.checkpoint_utils][INFO] - Saved checkpoint checkpoints/checkpoint_last.pt (epoch 71 @ 1704 updates, score 24.624) (writing took 2.4339250829070807 seconds)
[2026-08-30 00:24:36,529][fairseq_cli.train][INFO] - end of epoch 71 (average epoch stats below)
[2026-08-30 00:24:36,530][train][INFO] - {"epoch": 71, "train_loss": "93.2", "train_nll_loss": "5.246", "train_total": "1209.17", "train_n_correct": "351.667", "train_ppl": "37.96", "train_accuracy": "29.083", "train_wps": "1805.1", "train_ups": "1.49", "train_wpb": "1209.2", "train_bsz": "75", "train_num_updates": "1704", "train_lr": "0.00112976", "train_gnorm": "3.799", "train_loss_scale": "128", "train_train_wall": "10", "train_gb_free": "42.8", "train_wall": "1392"}
[2026-08-30 00:24:36,723][fairseq.logging.progress_bar][WARNING] - tensorboard not found, please install with: pip install tensorboard
[2026-08-30 00:24:36,725][fairseq.trainer][INFO] - begin training epoch 72
[2026-08-30 00:24:36,725][fairseq_cli.train][INFO] - Start iterating over samples
[2026-08-30 00:24:48,222][fairseq_cli.train][INFO] - begin validation on "valid" subset
[2026-08-30 00:24:48,443][fairseq.logging.progress_bar][WARNING] - tensorboard not found, please install with: pip install tensorboard
[2026-08-30 00:24:50,462][valid][INFO] - {"epoch": 72, "valid_loss": "104.015", "valid_nll_loss": "5.976", "valid_total": "291.154", "valid_n_correct": "71.6154", "valid_ppl": "62.92", "valid_accuracy": "24.597", "valid_wps": "4419.3", "valid_wpb": "291.2", "valid_bsz": "18.1", "valid_num_updates": "1728", "valid_best_accuracy": "24.835"}
[2026-08-30 00:24:50,466][fairseq.checkpoint_utils][INFO] - Preparing to save checkpoint for epoch 72 @ 1728 updates
[2026-08-30 00:24:50,466][fairseq.trainer][INFO] - Saving checkpoint to checkpoints/checkpoint_last.pt
[2026-08-30 00:24:52,962][fairseq.trainer][INFO] - Finished saving checkpoint to checkpoints/checkpoint_last.pt
[2026-08-30 00:24:52,963][fairseq.checkpoint_utils][INFO] - Saved checkpoint checkpoints/checkpoint_last.pt (epoch 72 @ 1728 updates, score 24.597) (writing took 2.4977936428040266 seconds)
[2026-08-30 00:24:52,965][fairseq_cli.train][INFO] - end of epoch 72 (average epoch stats below)
[2026-08-30 00:24:52,966][train][INFO] - {"epoch": 72, "train_loss": "93.082", "train_nll_loss": "5.239", "train_total": "1209.17", "train_n_correct": "353.583", "train_ppl": "37.76", "train_accuracy": "29.242", "train_wps": "1765.7", "train_ups": "1.46", "train_wpb": "1209.2", "train_bsz": "75", "train_num_updates": "1728", "train_lr": "0.00110963", "train_gnorm": "3.626", "train_loss_scale": "128", "train_train_wall": "10", "train_gb_free": "42.9", "train_wall": "1409"}
[2026-08-30 00:24:53,152][fairseq.logging.progress_bar][WARNING] - tensorboard not found, please install with: pip install tensorboard
[2026-08-30 00:24:53,154][fairseq.trainer][INFO] - begin training epoch 73
[2026-08-30 00:24:53,155][fairseq_cli.train][INFO] - Start iterating over samples
[2026-08-30 00:25:05,002][fairseq_cli.train][INFO] - begin validation on "valid" subset
[2026-08-30 00:25:05,230][fairseq.logging.progress_bar][WARNING] - tensorboard not found, please install with: pip install tensorboard
[2026-08-30 00:25:07,322][valid][INFO] - {"epoch": 73, "valid_loss": "103.797", "valid_nll_loss": "5.961", "valid_total": "291.154", "valid_n_correct": "72.3077", "valid_ppl": "62.27", "valid_accuracy": "24.835", "valid_wps": "4401.2", "valid_wpb": "291.2", "valid_bsz": "18.1", "valid_num_updates": "1752", "valid_best_accuracy": "24.835"}
[2026-08-30 00:25:07,324][fairseq.checkpoint_utils][INFO] - Preparing to save checkpoint for epoch 73 @ 1752 updates
[2026-08-30 00:25:07,325][fairseq.trainer][INFO] - Saving checkpoint to checkpoints/checkpoint_best.pt
[2026-08-30 00:25:09,756][fairseq.trainer][INFO] - Finished saving checkpoint to checkpoints/checkpoint_best.pt
[2026-08-30 00:25:12,468][fairseq.checkpoint_utils][INFO] - Saved checkpoint checkpoints/checkpoint_best.pt (epoch 73 @ 1752 updates, score 24.835) (writing took 5.143177977763116 seconds)
[2026-08-30 00:25:12,470][fairseq_cli.train][INFO] - end of epoch 73 (average epoch stats below)
[2026-08-30 00:25:12,473][train][INFO] - {"epoch": 73, "train_loss": "92.685", "train_nll_loss": "5.211", "train_total": "1209.17", "train_n_correct": "354.458", "train_ppl": "37.05", "train_accuracy": "29.314", "train_wps": "1487.8", "train_ups": "1.23", "train_wpb": "1209.2", "train_bsz": "75", "train_num_updates": "1752", "train_lr": "0.00108987", "train_gnorm": "3.59", "train_loss_scale": "128", "train_train_wall": "10", "train_gb_free": "43.1", "train_wall": "1428"}
[2026-08-30 00:25:12,769][fairseq.logging.progress_bar][WARNING] - tensorboard not found, please install with: pip install tensorboard
[2026-08-30 00:25:12,771][fairseq.trainer][INFO] - begin training epoch 74
[2026-08-30 00:25:12,772][fairseq_cli.train][INFO] - Start iterating over samples
[2026-08-30 00:25:24,406][fairseq_cli.train][INFO] - begin validation on "valid" subset
[2026-08-30 00:25:24,647][fairseq.logging.progress_bar][WARNING] - tensorboard not found, please install with: pip install tensorboard
[2026-08-30 00:25:26,640][valid][INFO] - {"epoch": 74, "valid_loss": "104.18", "valid_nll_loss": "5.984", "valid_total": "291.154", "valid_n_correct": "73.3077", "valid_ppl": "63.31", "valid_accuracy": "25.178", "valid_wps": "3734.8", "valid_wpb": "291.2", "valid_bsz": "18.1", "valid_num_updates": "1776", "valid_best_accuracy": "25.178"}
[2026-08-30 00:25:26,642][fairseq.checkpoint_utils][INFO] - Preparing to save checkpoint for epoch 74 @ 1776 updates
[2026-08-30 00:25:26,644][fairseq.trainer][INFO] - Saving checkpoint to checkpoints/checkpoint_best.pt
[2026-08-30 00:25:29,059][fairseq.trainer][INFO] - Finished saving checkpoint to checkpoints/checkpoint_best.pt
[2026-08-30 00:25:31,735][fairseq.checkpoint_utils][INFO] - Saved checkpoint checkpoints/checkpoint_best.pt (epoch 74 @ 1776 updates, score 25.178) (writing took 5.092516494914889 seconds)
[2026-08-30 00:25:31,736][fairseq_cli.train][INFO] - end of epoch 74 (average epoch stats below)
[2026-08-30 00:25:31,738][train][INFO] - {"epoch": 74, "train_loss": "92.488", "train_nll_loss": "5.197", "train_total": "1209.17", "train_n_correct": "358.292", "train_ppl": "36.67", "train_accuracy": "29.631", "train_wps": "1506.4", "train_ups": "1.25", "train_wpb": "1209.2", "train_bsz": "75", "train_num_updates": "1776", "train_lr": "0.00107045", "train_gnorm": "3.617", "train_loss_scale": "128", "train_train_wall": "10", "train_gb_free": "43", "train_wall": "1448"}
[2026-08-30 00:25:32,023][fairseq.logging.progress_bar][WARNING] - tensorboard not found, please install with: pip install tensorboard
[2026-08-30 00:25:32,025][fairseq.trainer][INFO] - begin training epoch 75
[2026-08-30 00:25:32,028][fairseq_cli.train][INFO] - Start iterating over samples
[2026-08-30 00:25:43,060][train_inner][INFO] - {"epoch": 75, "update": 75.0, "loss": "92.799", "nll_loss": "5.218", "total": "1206.93", "n_correct": "354.38", "ppl": "37.22", "accuracy": "29.362", "wps": "1663.2", "ups": "1.38", "wpb": "1206.9", "bsz": "74.8", "num_updates": "1800", "lr": "0.00105138", "gnorm": "3.631", "loss_scale": "128", "train_wall": "42", "gb_free": "42.7", "wall": "1459"}
[2026-08-30 00:25:43,063][fairseq_cli.train][INFO] - begin validation on "valid" subset
[2026-08-30 00:25:43,334][fairseq.logging.progress_bar][WARNING] - tensorboard not found, please install with: pip install tensorboard
[2026-08-30 00:25:45,167][valid][INFO] - {"epoch": 75, "valid_loss": "103.869", "valid_nll_loss": "5.963", "valid_total": "291.154", "valid_n_correct": "73.3846", "valid_ppl": "62.39", "valid_accuracy": "25.205", "valid_wps": "4412.5", "valid_wpb": "291.2", "valid_bsz": "18.1", "valid_num_updates": "1800", "valid_best_accuracy": "25.205"}
[2026-08-30 00:25:45,169][fairseq.checkpoint_utils][INFO] - Preparing to save checkpoint for epoch 75 @ 1800 updates
[2026-08-30 00:25:45,170][fairseq.trainer][INFO] - Saving checkpoint to checkpoints/checkpoint_best.pt
[2026-08-30 00:25:47,610][fairseq.trainer][INFO] - Finished saving checkpoint to checkpoints/checkpoint_best.pt
[2026-08-30 00:25:50,353][fairseq.checkpoint_utils][INFO] - Saved checkpoint checkpoints/checkpoint_best.pt (epoch 75 @ 1800 updates, score 25.205) (writing took 5.1834467044100165 seconds)
[2026-08-30 00:25:50,355][fairseq_cli.train][INFO] - end of epoch 75 (average epoch stats below)
[2026-08-30 00:25:50,358][train][INFO] - {"epoch": 75, "train_loss": "92.669", "train_nll_loss": "5.21", "train_total": "1209.17", "train_n_correct": "357.167", "train_ppl": "37.01", "train_accuracy": "29.538", "train_wps": "1558.8", "train_ups": "1.29", "train_wpb": "1209.2", "train_bsz": "75", "train_num_updates": "1800", "train_lr": "0.00105138", "train_gnorm": "3.639", "train_loss_scale": "128", "train_train_wall": "10", "train_gb_free": "42.7", "train_wall": "1466"}
[2026-08-30 00:25:50,650][fairseq.logging.progress_bar][WARNING] - tensorboard not found, please install with: pip install tensorboard
[2026-08-30 00:25:50,653][fairseq.trainer][INFO] - begin training epoch 76
[2026-08-30 00:25:50,655][fairseq_cli.train][INFO] - Start iterating over samples
[2026-08-30 00:26:02,162][fairseq_cli.train][INFO] - begin validation on "valid" subset
[2026-08-30 00:26:02,369][fairseq.logging.progress_bar][WARNING] - tensorboard not found, please install with: pip install tensorboard
[2026-08-30 00:26:04,191][valid][INFO] - {"epoch": 76, "valid_loss": "103.967", "valid_nll_loss": "5.971", "valid_total": "291.154", "valid_n_correct": "72.9231", "valid_ppl": "62.74", "valid_accuracy": "25.046", "valid_wps": "4411.9", "valid_wpb": "291.2", "valid_bsz": "18.1", "valid_num_updates": "1824", "valid_best_accuracy": "25.205"}
[2026-08-30 00:26:04,194][fairseq.checkpoint_utils][INFO] - Preparing to save checkpoint for epoch 76 @ 1824 updates
[2026-08-30 00:26:04,195][fairseq.trainer][INFO] - Saving checkpoint to checkpoints/checkpoint_last.pt
[2026-08-30 00:26:06,623][fairseq.trainer][INFO] - Finished saving checkpoint to checkpoints/checkpoint_last.pt
[2026-08-30 00:26:06,624][fairseq.checkpoint_utils][INFO] - Saved checkpoint checkpoints/checkpoint_last.pt (epoch 76 @ 1824 updates, score 25.046) (writing took 2.4301372272893786 seconds)
[2026-08-30 00:26:06,625][fairseq_cli.train][INFO] - end of epoch 76 (average epoch stats below)
[2026-08-30 00:26:06,626][train][INFO] - {"epoch": 76, "train_loss": "92.588", "train_nll_loss": "5.204", "train_total": "1209.17", "train_n_correct": "358.375", "train_ppl": "36.85", "train_accuracy": "29.638", "train_wps": "1783.9", "train_ups": "1.48", "train_wpb": "1209.2", "train_bsz": "75", "train_num_updates": "1824", "train_lr": "0.00103265", "train_gnorm": "3.656", "train_loss_scale": "128", "train_train_wall": "10", "train_gb_free": "42.7", "train_wall": "1483"}
[2026-08-30 00:26:06,825][fairseq.logging.progress_bar][WARNING] - tensorboard not found, please install with: pip install tensorboard
[2026-08-30 00:26:06,827][fairseq.trainer][INFO] - begin training epoch 77
[2026-08-30 00:26:06,827][fairseq_cli.train][INFO] - Start iterating over samples
[2026-08-30 00:26:18,171][fairseq_cli.train][INFO] - begin validation on "valid" subset
[2026-08-30 00:26:18,406][fairseq.logging.progress_bar][WARNING] - tensorboard not found, please install with: pip install tensorboard
[2026-08-30 00:26:20,235][valid][INFO] - {"epoch": 77, "valid_loss": "103.831", "valid_nll_loss": "5.962", "valid_total": "291.154", "valid_n_correct": "73", "valid_ppl": "62.32", "valid_accuracy": "25.073", "valid_wps": "4274.5", "valid_wpb": "291.2", "valid_bsz": "18.1", "valid_num_updates": "1848", "valid_best_accuracy": "25.205"}
[2026-08-30 00:26:20,238][fairseq.checkpoint_utils][INFO] - Preparing to save checkpoint for epoch 77 @ 1848 updates
[2026-08-30 00:26:20,239][fairseq.trainer][INFO] - Saving checkpoint to checkpoints/checkpoint_last.pt
[2026-08-30 00:26:22,676][fairseq.trainer][INFO] - Finished saving checkpoint to checkpoints/checkpoint_last.pt
[2026-08-30 00:26:22,677][fairseq.checkpoint_utils][INFO] - Saved checkpoint checkpoints/checkpoint_last.pt (epoch 77 @ 1848 updates, score 25.073) (writing took 2.4386653788387775 seconds)
[2026-08-30 00:26:22,680][fairseq_cli.train][INFO] - end of epoch 77 (average epoch stats below)
[2026-08-30 00:26:22,681][train][INFO] - {"epoch": 77, "train_loss": "92.438", "train_nll_loss": "5.194", "train_total": "1209.17", "train_n_correct": "355.583", "train_ppl": "36.59", "train_accuracy": "29.407", "train_wps": "1807.7", "train_ups": "1.49", "train_wpb": "1209.2", "train_bsz": "75", "train_num_updates": "1848", "train_lr": "0.00101426", "train_gnorm": "3.671", "train_loss_scale": "128", "train_train_wall": "10", "train_gb_free": "42.8", "train_wall": "1499"}
[2026-08-30 00:26:22,855][fairseq.logging.progress_bar][WARNING] - tensorboard not found, please install with: pip install tensorboard
[2026-08-30 00:26:22,857][fairseq.trainer][INFO] - begin training epoch 78
[2026-08-30 00:26:22,858][fairseq_cli.train][INFO] - Start iterating over samples
[2026-08-30 00:26:34,194][fairseq_cli.train][INFO] - begin validation on "valid" subset
[2026-08-30 00:26:34,422][fairseq.logging.progress_bar][WARNING] - tensorboard not found, please install with: pip install tensorboard
[2026-08-30 00:26:36,291][valid][INFO] - {"epoch": 78, "valid_loss": "104.028", "valid_nll_loss": "5.973", "valid_total": "291.154", "valid_n_correct": "73", "valid_ppl": "62.81", "valid_accuracy": "25.073", "valid_wps": "4422.1", "valid_wpb": "291.2", "valid_bsz": "18.1", "valid_num_updates": "1872", "valid_best_accuracy": "25.205"}
[2026-08-30 00:26:36,293][fairseq.checkpoint_utils][INFO] - Preparing to save checkpoint for epoch 78 @ 1872 updates
[2026-08-30 00:26:36,295][fairseq.trainer][INFO] - Saving checkpoint to checkpoints/checkpoint_last.pt
[2026-08-30 00:26:38,813][fairseq.trainer][INFO] - Finished saving checkpoint to checkpoints/checkpoint_last.pt
[2026-08-30 00:26:38,815][fairseq.checkpoint_utils][INFO] - Saved checkpoint checkpoints/checkpoint_last.pt (epoch 78 @ 1872 updates, score 25.073) (writing took 2.5217702593654394 seconds)
[2026-08-30 00:26:38,816][fairseq_cli.train][INFO] - end of epoch 78 (average epoch stats below)
[2026-08-30 00:26:38,817][train][INFO] - {"epoch": 78, "train_loss": "92.311", "train_nll_loss": "5.184", "train_total": "1209.17", "train_n_correct": "361.458", "train_ppl": "36.36", "train_accuracy": "29.893", "train_wps": "1798.5", "train_ups": "1.49", "train_wpb": "1209.2", "train_bsz": "75", "train_num_updates": "1872", "train_lr": "0.00099619", "train_gnorm": "3.574", "train_loss_scale": "128", "train_train_wall": "10", "train_gb_free": "42.7", "train_wall": "1515"}
[2026-08-30 00:26:38,995][fairseq.logging.progress_bar][WARNING] - tensorboard not found, please install with: pip install tensorboard
[2026-08-30 00:26:38,997][fairseq.trainer][INFO] - begin training epoch 79
[2026-08-30 00:26:38,997][fairseq_cli.train][INFO] - Start iterating over samples
[2026-08-30 00:26:50,058][fairseq_cli.train][INFO] - begin validation on "valid" subset
[2026-08-30 00:26:50,322][fairseq.logging.progress_bar][WARNING] - tensorboard not found, please install with: pip install tensorboard
[2026-08-30 00:26:52,232][valid][INFO] - {"epoch": 79, "valid_loss": "104.061", "valid_nll_loss": "5.971", "valid_total": "291.154", "valid_n_correct": "73.8462", "valid_ppl": "62.74", "valid_accuracy": "25.363", "valid_wps": "4387.7", "valid_wpb": "291.2", "valid_bsz": "18.1", "valid_num_updates": "1896", "valid_best_accuracy": "25.363"}
[2026-08-30 00:26:52,234][fairseq.checkpoint_utils][INFO] - Preparing to save checkpoint for epoch 79 @ 1896 updates
[2026-08-30 00:26:52,235][fairseq.trainer][INFO] - Saving checkpoint to checkpoints/checkpoint_best.pt
[2026-08-30 00:26:54,797][fairseq.trainer][INFO] - Finished saving checkpoint to checkpoints/checkpoint_best.pt
[2026-08-30 00:26:57,486][fairseq.checkpoint_utils][INFO] - Saved checkpoint checkpoints/checkpoint_best.pt (epoch 79 @ 1896 updates, score 25.363) (writing took 5.250983981415629 seconds)
[2026-08-30 00:26:57,488][fairseq_cli.train][INFO] - end of epoch 79 (average epoch stats below)
[2026-08-30 00:26:57,491][train][INFO] - {"epoch": 79, "train_loss": "92.047", "train_nll_loss": "5.166", "train_total": "1209.17", "train_n_correct": "359.042", "train_ppl": "35.9", "train_accuracy": "29.693", "train_wps": "1554.2", "train_ups": "1.29", "train_wpb": "1209.2", "train_bsz": "75", "train_num_updates": "1896", "train_lr": "0.000978444", "train_gnorm": "3.754", "train_loss_scale": "128", "train_train_wall": "10", "train_gb_free": "42.8", "train_wall": "1533"}
[2026-08-30 00:26:57,825][fairseq.logging.progress_bar][WARNING] - tensorboard not found, please install with: pip install tensorboard
[2026-08-30 00:26:57,827][fairseq.trainer][INFO] - begin training epoch 80
[2026-08-30 00:26:57,828][fairseq_cli.train][INFO] - Start iterating over samples
[2026-08-30 00:27:00,786][train_inner][INFO] - {"epoch": 80, "update": 79.167, "loss": "92.31", "nll_loss": "5.189", "total": "1216.6", "n_correct": "360.25", "ppl": "36.49", "accuracy": "29.611", "wps": "1565.3", "ups": "1.29", "wpb": "1216.6", "bsz": "75.5", "num_updates": "1900", "lr": "0.000975517", "gnorm": "3.649", "loss_scale": "128", "train_wall": "42", "gb_free": "42.8", "wall": "1537"}
[2026-08-30 00:27:09,120][fairseq_cli.train][INFO] - begin validation on "valid" subset
[2026-08-30 00:27:09,450][fairseq.logging.progress_bar][WARNING] - tensorboard not found, please install with: pip install tensorboard
[2026-08-30 00:27:11,218][valid][INFO] - {"epoch": 80, "valid_loss": "104.366", "valid_nll_loss": "5.992", "valid_total": "291.154", "valid_n_correct": "73.8462", "valid_ppl": "63.65", "valid_accuracy": "25.363", "valid_wps": "4196.9", "valid_wpb": "291.2", "valid_bsz": "18.1", "valid_num_updates": "1920", "valid_best_accuracy": "25.363"}
[2026-08-30 00:27:11,221][fairseq.checkpoint_utils][INFO] - Preparing to save checkpoint for epoch 80 @ 1920 updates
[2026-08-30 00:27:11,221][fairseq.trainer][INFO] - Saving checkpoint to checkpoints/checkpoint_best.pt
[2026-08-30 00:27:13,686][fairseq.trainer][INFO] - Finished saving checkpoint to checkpoints/checkpoint_best.pt
[2026-08-30 00:27:16,533][fairseq.checkpoint_utils][INFO] - Saved checkpoint checkpoints/checkpoint_best.pt (epoch 80 @ 1920 updates, score 25.363) (writing took 5.312090550549328 seconds)
[2026-08-30 00:27:16,534][fairseq_cli.train][INFO] - end of epoch 80 (average epoch stats below)
[2026-08-30 00:27:16,536][train][INFO] - {"epoch": 80, "train_loss": "92.053", "train_nll_loss": "5.166", "train_total": "1209.17", "train_n_correct": "363.125", "train_ppl": "35.89", "train_accuracy": "30.031", "train_wps": "1523.8", "train_ups": "1.26", "train_wpb": "1209.2", "train_bsz": "75", "train_num_updates": "1920", "train_lr": "0.000961014", "train_gnorm": "3.739", "train_loss_scale": "128", "train_train_wall": "10", "train_gb_free": "42.8", "train_wall": "1552"}
[2026-08-30 00:27:16,792][fairseq.logging.progress_bar][WARNING] - tensorboard not found, please install with: pip install tensorboard
[2026-08-30 00:27:16,795][fairseq.trainer][INFO] - begin training epoch 81
[2026-08-30 00:27:16,795][fairseq_cli.train][INFO] - Start iterating over samples
[2026-08-30 00:27:28,244][fairseq_cli.train][INFO] - begin validation on "valid" subset
[2026-08-30 00:27:28,457][fairseq.logging.progress_bar][WARNING] - tensorboard not found, please install with: pip install tensorboard
[2026-08-30 00:27:30,267][valid][INFO] - {"epoch": 81, "valid_loss": "104.025", "valid_nll_loss": "5.969", "valid_total": "291.154", "valid_n_correct": "73.8462", "valid_ppl": "62.65", "valid_accuracy": "25.363", "valid_wps": "4313.6", "valid_wpb": "291.2", "valid_bsz": "18.1", "valid_num_updates": "1944", "valid_best_accuracy": "25.363"}
[2026-08-30 00:27:30,269][fairseq.checkpoint_utils][INFO] - Preparing to save checkpoint for epoch 81 @ 1944 updates
[2026-08-30 00:27:30,270][fairseq.trainer][INFO] - Saving checkpoint to checkpoints/checkpoint_best.pt
[2026-08-30 00:27:32,412][fairseq.trainer][INFO] - Finished saving checkpoint to checkpoints/checkpoint_best.pt
[2026-08-30 00:27:34,966][fairseq.checkpoint_utils][INFO] - Saved checkpoint checkpoints/checkpoint_best.pt (epoch 81 @ 1944 updates, score 25.363) (writing took 4.69637556374073 seconds)
[2026-08-30 00:27:34,968][fairseq_cli.train][INFO] - end of epoch 81 (average epoch stats below)
[2026-08-30 00:27:34,972][train][INFO] - {"epoch": 81, "train_loss": "91.373", "train_nll_loss": "5.118", "train_total": "1209.17", "train_n_correct": "368.5", "train_ppl": "34.72", "train_accuracy": "30.476", "train_wps": "1574.3", "train_ups": "1.3", "train_wpb": "1209.2", "train_bsz": "75", "train_num_updates": "1944", "train_lr": "0.000943895", "train_gnorm": "3.575", "train_loss_scale": "128", "train_train_wall": "10", "train_gb_free": "42.9", "train_wall": "1571"}
[2026-08-30 00:27:35,424][fairseq.logging.progress_bar][WARNING] - tensorboard not found, please install with: pip install tensorboard
[2026-08-30 00:27:35,428][fairseq.trainer][INFO] - begin training epoch 82
[2026-08-30 00:27:35,429][fairseq_cli.train][INFO] - Start iterating over samples
[2026-08-30 00:27:47,126][fairseq_cli.train][INFO] - begin validation on "valid" subset
[2026-08-30 00:27:47,428][fairseq.logging.progress_bar][WARNING] - tensorboard not found, please install with: pip install tensorboard
[2026-08-30 00:27:49,365][valid][INFO] - {"epoch": 82, "valid_loss": "104.025", "valid_nll_loss": "5.972", "valid_total": "291.154", "valid_n_correct": "73.4615", "valid_ppl": "62.79", "valid_accuracy": "25.231", "valid_wps": "4034.8", "valid_wpb": "291.2", "valid_bsz": "18.1", "valid_num_updates": "1968", "valid_best_accuracy": "25.363"}
[2026-08-30 00:27:49,367][fairseq.checkpoint_utils][INFO] - Preparing to save checkpoint for epoch 82 @ 1968 updates
[2026-08-30 00:27:49,368][fairseq.trainer][INFO] - Saving checkpoint to checkpoints/checkpoint_last.pt
[2026-08-30 00:27:51,824][fairseq.trainer][INFO] - Finished saving checkpoint to checkpoints/checkpoint_last.pt
[2026-08-30 00:27:51,826][fairseq.checkpoint_utils][INFO] - Saved checkpoint checkpoints/checkpoint_last.pt (epoch 82 @ 1968 updates, score 25.231) (writing took 2.4588151881471276 seconds)
[2026-08-30 00:27:51,827][fairseq_cli.train][INFO] - end of epoch 82 (average epoch stats below)
[2026-08-30 00:27:51,828][train][INFO] - {"epoch": 82, "train_loss": "91.529", "train_nll_loss": "5.128", "train_total": "1209.17", "train_n_correct": "364.042", "train_ppl": "34.98", "train_accuracy": "30.107", "train_wps": "1721.7", "train_ups": "1.42", "train_wpb": "1209.2", "train_bsz": "75", "train_num_updates": "1968", "train_lr": "0.000927081", "train_gnorm": "3.758", "train_loss_scale": "128", "train_train_wall": "10", "train_gb_free": "42.8", "train_wall": "1588"}
[2026-08-30 00:27:52,076][fairseq.logging.progress_bar][WARNING] - tensorboard not found, please install with: pip install tensorboard
[2026-08-30 00:27:52,079][fairseq.trainer][INFO] - begin training epoch 83
[2026-08-30 00:27:52,080][fairseq_cli.train][INFO] - Start iterating over samples
[2026-08-30 00:28:03,709][fairseq_cli.train][INFO] - begin validation on "valid" subset
[2026-08-30 00:28:03,920][fairseq.logging.progress_bar][WARNING] - tensorboard not found, please install with: pip install tensorboard
[2026-08-30 00:28:05,802][valid][INFO] - {"epoch": 83, "valid_loss": "104.071", "valid_nll_loss": "5.973", "valid_total": "291.154", "valid_n_correct": "74.1538", "valid_ppl": "62.81", "valid_accuracy": "25.469", "valid_wps": "4179.1", "valid_wpb": "291.2", "valid_bsz": "18.1", "valid_num_updates": "1992", "valid_best_accuracy": "25.469"}
[2026-08-30 00:28:05,810][fairseq.checkpoint_utils][INFO] - Preparing to save checkpoint for epoch 83 @ 1992 updates
[2026-08-30 00:28:05,811][fairseq.trainer][INFO] - Saving checkpoint to checkpoints/checkpoint_best.pt
[2026-08-30 00:28:08,270][fairseq.trainer][INFO] - Finished saving checkpoint to checkpoints/checkpoint_best.pt
[2026-08-30 00:28:10,941][fairseq.checkpoint_utils][INFO] - Saved checkpoint checkpoints/checkpoint_best.pt (epoch 83 @ 1992 updates, score 25.469) (writing took 5.131553986109793 seconds)
[2026-08-30 00:28:10,943][fairseq_cli.train][INFO] - end of epoch 83 (average epoch stats below)
[2026-08-30 00:28:10,945][train][INFO] - {"epoch": 83, "train_loss": "91.657", "train_nll_loss": "5.138", "train_total": "1209.17", "train_n_correct": "364.75", "train_ppl": "35.22", "train_accuracy": "30.165", "train_wps": "1518.1", "train_ups": "1.26", "train_wpb": "1209.2", "train_bsz": "75", "train_num_updates": "1992", "train_lr": "0.000910566", "train_gnorm": "3.724", "train_loss_scale": "128", "train_train_wall": "10", "train_gb_free": "42.7", "train_wall": "1607"}
[2026-08-30 00:28:11,248][fairseq.logging.progress_bar][WARNING] - tensorboard not found, please install with: pip install tensorboard
[2026-08-30 00:28:11,251][fairseq.trainer][INFO] - begin training epoch 84
[2026-08-30 00:28:11,252][fairseq_cli.train][INFO] - Start iterating over samples
[2026-08-30 00:28:16,206][train_inner][INFO] - {"epoch": 84, "update": 83.333, "loss": "91.589", "nll_loss": "5.142", "total": "1212.59", "n_correct": "365.43", "ppl": "35.3", "accuracy": "30.136", "wps": "1607.8", "ups": "1.33", "wpb": "1212.6", "bsz": "75.3", "num_updates": "2000", "lr": "0.000905126", "gnorm": "3.692", "loss_scale": "128", "train_wall": "42", "gb_free": "42.8", "wall": "1612"}
[2026-08-30 00:28:22,950][fairseq_cli.train][INFO] - begin validation on "valid" subset
[2026-08-30 00:28:23,149][fairseq.logging.progress_bar][WARNING] - tensorboard not found, please install with: pip install tensorboard
[2026-08-30 00:28:24,994][valid][INFO] - {"epoch": 84, "valid_loss": "104.236", "valid_nll_loss": "5.983", "valid_total": "291.154", "valid_n_correct": "74.1538", "valid_ppl": "63.24", "valid_accuracy": "25.469", "valid_wps": "4274.2", "valid_wpb": "291.2", "valid_bsz": "18.1", "valid_num_updates": "2016", "valid_best_accuracy": "25.469"}
[2026-08-30 00:28:24,997][fairseq.checkpoint_utils][INFO] - Preparing to save checkpoint for epoch 84 @ 2016 updates
[2026-08-30 00:28:24,998][fairseq.trainer][INFO] - Saving checkpoint to checkpoints/checkpoint_best.pt
[2026-08-30 00:28:27,506][fairseq.trainer][INFO] - Finished saving checkpoint to checkpoints/checkpoint_best.pt
[2026-08-30 00:28:30,231][fairseq.checkpoint_utils][INFO] - Saved checkpoint checkpoints/checkpoint_best.pt (epoch 84 @ 2016 updates, score 25.469) (writing took 5.233441589400172 seconds)
[2026-08-30 00:28:30,233][fairseq_cli.train][INFO] - end of epoch 84 (average epoch stats below)
[2026-08-30 00:28:30,235][train][INFO] - {"epoch": 84, "train_loss": "91.644", "train_nll_loss": "5.137", "train_total": "1209.17", "train_n_correct": "362.792", "train_ppl": "35.18", "train_accuracy": "30.003", "train_wps": "1504.5", "train_ups": "1.24", "train_wpb": "1209.2", "train_bsz": "75", "train_num_updates": "2016", "train_lr": "0.000894345", "train_gnorm": "3.813", "train_loss_scale": "128", "train_train_wall": "10", "train_gb_free": "42.8", "train_wall": "1626"}
[2026-08-30 00:28:30,516][fairseq.logging.progress_bar][WARNING] - tensorboard not found, please install with: pip install tensorboard
[2026-08-30 00:28:30,518][fairseq.trainer][INFO] - begin training epoch 85
[2026-08-30 00:28:30,518][fairseq_cli.train][INFO] - Start iterating over samples
[2026-08-30 00:28:42,048][fairseq_cli.train][INFO] - begin validation on "valid" subset
[2026-08-30 00:28:42,326][fairseq.logging.progress_bar][WARNING] - tensorboard not found, please install with: pip install tensorboard
[2026-08-30 00:28:44,225][valid][INFO] - {"epoch": 85, "valid_loss": "104.304", "valid_nll_loss": "5.988", "valid_total": "291.154", "valid_n_correct": "73.6154", "valid_ppl": "63.47", "valid_accuracy": "25.284", "valid_wps": "4433.4", "valid_wpb": "291.2", "valid_bsz": "18.1", "valid_num_updates": "2040", "valid_best_accuracy": "25.469"}
[2026-08-30 00:28:44,228][fairseq.checkpoint_utils][INFO] - Preparing to save checkpoint for epoch 85 @ 2040 updates
[2026-08-30 00:28:44,229][fairseq.trainer][INFO] - Saving checkpoint to checkpoints/checkpoint_last.pt
[2026-08-30 00:28:46,687][fairseq.trainer][INFO] - Finished saving checkpoint to checkpoints/checkpoint_last.pt
[2026-08-30 00:28:46,688][fairseq.checkpoint_utils][INFO] - Saved checkpoint checkpoints/checkpoint_last.pt (epoch 85 @ 2040 updates, score 25.284) (writing took 2.4606141727417707 seconds)
[2026-08-30 00:28:46,689][fairseq_cli.train][INFO] - end of epoch 85 (average epoch stats below)
[2026-08-30 00:28:46,690][train][INFO] - {"epoch": 85, "train_loss": "91.26", "train_nll_loss": "5.109", "train_total": "1209.17", "train_n_correct": "370.583", "train_ppl": "34.52", "train_accuracy": "30.648", "train_wps": "1763.7", "train_ups": "1.46", "train_wpb": "1209.2", "train_bsz": "75", "train_num_updates": "2040", "train_lr": "0.000878413", "train_gnorm": "3.66", "train_loss_scale": "128", "train_train_wall": "10", "train_gb_free": "42.7", "train_wall": "1643"}
[2026-08-30 00:28:46,914][fairseq.logging.progress_bar][WARNING] - tensorboard not found, please install with: pip install tensorboard
[2026-08-30 00:28:46,916][fairseq.trainer][INFO] - begin training epoch 86
[2026-08-30 00:28:46,917][fairseq_cli.train][INFO] - Start iterating over samples
[2026-08-30 00:28:58,350][fairseq_cli.train][INFO] - begin validation on "valid" subset
[2026-08-30 00:28:58,643][fairseq.logging.progress_bar][WARNING] - tensorboard not found, please install with: pip install tensorboard
[2026-08-30 00:29:00,448][valid][INFO] - {"epoch": 86, "valid_loss": "103.791", "valid_nll_loss": "5.957", "valid_total": "291.154", "valid_n_correct": "74.6923", "valid_ppl": "62.11", "valid_accuracy": "25.654", "valid_wps": "4408.6", "valid_wpb": "291.2", "valid_bsz": "18.1", "valid_num_updates": "2064", "valid_best_accuracy": "25.654"}
[2026-08-30 00:29:00,451][fairseq.checkpoint_utils][INFO] - Preparing to save checkpoint for epoch 86 @ 2064 updates
[2026-08-30 00:29:00,452][fairseq.trainer][INFO] - Saving checkpoint to checkpoints/checkpoint_best.pt
[2026-08-30 00:29:02,805][fairseq.trainer][INFO] - Finished saving checkpoint to checkpoints/checkpoint_best.pt
[2026-08-30 00:29:05,613][fairseq.checkpoint_utils][INFO] - Saved checkpoint checkpoints/checkpoint_best.pt (epoch 86 @ 2064 updates, score 25.654) (writing took 5.162128149531782 seconds)
[2026-08-30 00:29:05,615][fairseq_cli.train][INFO] - end of epoch 86 (average epoch stats below)
[2026-08-30 00:29:05,617][train][INFO] - {"epoch": 86, "train_loss": "91.373", "train_nll_loss": "5.118", "train_total": "1209.17", "train_n_correct": "369.208", "train_ppl": "34.72", "train_accuracy": "30.534", "train_wps": "1533.3", "train_ups": "1.27", "train_wpb": "1209.2", "train_bsz": "75", "train_num_updates": "2064", "train_lr": "0.000862766", "train_gnorm": "3.8", "train_loss_scale": "128", "train_train_wall": "10", "train_gb_free": "42.8", "train_wall": "1661"}
[2026-08-30 00:29:05,891][fairseq.logging.progress_bar][WARNING] - tensorboard not found, please install with: pip install tensorboard
[2026-08-30 00:29:05,894][fairseq.trainer][INFO] - begin training epoch 87
[2026-08-30 00:29:05,895][fairseq_cli.train][INFO] - Start iterating over samples
[2026-08-30 00:29:17,685][fairseq_cli.train][INFO] - begin validation on "valid" subset
[2026-08-30 00:29:17,887][fairseq.logging.progress_bar][WARNING] - tensorboard not found, please install with: pip install tensorboard
[2026-08-30 00:29:19,763][valid][INFO] - {"epoch": 87, "valid_loss": "104.108", "valid_nll_loss": "5.975", "valid_total": "291.154", "valid_n_correct": "74.3077", "valid_ppl": "62.89", "valid_accuracy": "25.522", "valid_wps": "4288", "valid_wpb": "291.2", "valid_bsz": "18.1", "valid_num_updates": "2088", "valid_best_accuracy": "25.654"}
[2026-08-30 00:29:19,766][fairseq.checkpoint_utils][INFO] - Preparing to save checkpoint for epoch 87 @ 2088 updates
[2026-08-30 00:29:19,766][fairseq.trainer][INFO] - Saving checkpoint to checkpoints/checkpoint_last.pt
[2026-08-30 00:29:22,257][fairseq.trainer][INFO] - Finished saving checkpoint to checkpoints/checkpoint_last.pt
[2026-08-30 00:29:22,258][fairseq.checkpoint_utils][INFO] - Saved checkpoint checkpoints/checkpoint_last.pt (epoch 87 @ 2088 updates, score 25.522) (writing took 2.4927750481292605 seconds)
[2026-08-30 00:29:22,260][fairseq_cli.train][INFO] - end of epoch 87 (average epoch stats below)
[2026-08-30 00:29:22,261][train][INFO] - {"epoch": 87, "train_loss": "91.029", "train_nll_loss": "5.094", "train_total": "1209.17", "train_n_correct": "371.458", "train_ppl": "34.15", "train_accuracy": "30.72", "train_wps": "1743.7", "train_ups": "1.44", "train_wpb": "1209.2", "train_bsz": "75", "train_num_updates": "2088", "train_lr": "0.000847396", "train_gnorm": "3.65", "train_loss_scale": "128", "train_train_wall": "10", "train_gb_free": "42.8", "train_wall": "1678"}
[2026-08-30 00:29:22,493][fairseq.logging.progress_bar][WARNING] - tensorboard not found, please install with: pip install tensorboard
[2026-08-30 00:29:22,495][fairseq.trainer][INFO] - begin training epoch 88
[2026-08-30 00:29:22,496][fairseq_cli.train][INFO] - Start iterating over samples
[2026-08-30 00:29:29,138][train_inner][INFO] - {"epoch": 88, "update": 87.5, "loss": "91.12", "nll_loss": "5.104", "total": "1196.64", "n_correct": "366.73", "ppl": "34.39", "accuracy": "30.647", "wps": "1640.8", "ups": "1.37", "wpb": "1196.6", "bsz": "74.3", "num_updates": "2100", "lr": "0.000839815", "gnorm": "3.759", "loss_scale": "128", "train_wall": "43", "gb_free": "42.7", "wall": "1685"}
[2026-08-30 00:29:34,144][fairseq_cli.train][INFO] - begin validation on "valid" subset
[2026-08-30 00:29:34,450][fairseq.logging.progress_bar][WARNING] - tensorboard not found, please install with: pip install tensorboard
[2026-08-30 00:29:36,380][valid][INFO] - {"epoch": 88, "valid_loss": "104.112", "valid_nll_loss": "5.975", "valid_total": "291.154", "valid_n_correct": "74.8462", "valid_ppl": "62.92", "valid_accuracy": "25.707", "valid_wps": "4409.1", "valid_wpb": "291.2", "valid_bsz": "18.1", "valid_num_updates": "2112", "valid_best_accuracy": "25.707"}
[2026-08-30 00:29:36,384][fairseq.checkpoint_utils][INFO] - Preparing to save checkpoint for epoch 88 @ 2112 updates
[2026-08-30 00:29:36,385][fairseq.trainer][INFO] - Saving checkpoint to checkpoints/checkpoint_best.pt
[2026-08-30 00:29:38,845][fairseq.trainer][INFO] - Finished saving checkpoint to checkpoints/checkpoint_best.pt
[2026-08-30 00:29:41,615][fairseq.checkpoint_utils][INFO] - Saved checkpoint checkpoints/checkpoint_best.pt (epoch 88 @ 2112 updates, score 25.707) (writing took 5.231501409783959 seconds)
[2026-08-30 00:29:41,617][fairseq_cli.train][INFO] - end of epoch 88 (average epoch stats below)
[2026-08-30 00:29:41,619][train][INFO] - {"epoch": 88, "train_loss": "90.772", "train_nll_loss": "5.075", "train_total": "1209.17", "train_n_correct": "373.75", "train_ppl": "33.71", "train_accuracy": "30.91", "train_wps": "1499.1", "train_ups": "1.24", "train_wpb": "1209.2", "train_bsz": "75", "train_num_updates": "2112", "train_lr": "0.000832301", "train_gnorm": "3.73", "train_loss_scale": "128", "train_train_wall": "10", "train_gb_free": "42.7", "train_wall": "1697"}
[2026-08-30 00:29:41,930][fairseq.logging.progress_bar][WARNING] - tensorboard not found, please install with: pip install tensorboard
[2026-08-30 00:29:41,933][fairseq.trainer][INFO] - begin training epoch 89
[2026-08-30 00:29:41,935][fairseq_cli.train][INFO] - Start iterating over samples
[2026-08-30 00:29:53,724][fairseq_cli.train][INFO] - begin validation on "valid" subset
[2026-08-30 00:29:54,047][fairseq.logging.progress_bar][WARNING] - tensorboard not found, please install with: pip install tensorboard
[2026-08-30 00:29:56,021][valid][INFO] - {"epoch": 89, "valid_loss": "104.386", "valid_nll_loss": "5.992", "valid_total": "291.154", "valid_n_correct": "75.3846", "valid_ppl": "63.66", "valid_accuracy": "25.892", "valid_wps": "4422.1", "valid_wpb": "291.2", "valid_bsz": "18.1", "valid_num_updates": "2136", "valid_best_accuracy": "25.892"}
[2026-08-30 00:29:56,024][fairseq.checkpoint_utils][INFO] - Preparing to save checkpoint for epoch 89 @ 2136 updates
[2026-08-30 00:29:56,025][fairseq.trainer][INFO] - Saving checkpoint to checkpoints/checkpoint_best.pt
[2026-08-30 00:29:58,435][fairseq.trainer][INFO] - Finished saving checkpoint to checkpoints/checkpoint_best.pt
[2026-08-30 00:30:01,163][fairseq.checkpoint_utils][INFO] - Saved checkpoint checkpoints/checkpoint_best.pt (epoch 89 @ 2136 updates, score 25.892) (writing took 5.138510142453015 seconds)
[2026-08-30 00:30:01,164][fairseq_cli.train][INFO] - end of epoch 89 (average epoch stats below)
[2026-08-30 00:30:01,166][train][INFO] - {"epoch": 89, "train_loss": "90.961", "train_nll_loss": "5.088", "train_total": "1209.17", "train_n_correct": "371.875", "train_ppl": "34.01", "train_accuracy": "30.755", "train_wps": "1484.7", "train_ups": "1.23", "train_wpb": "1209.2", "train_bsz": "75", "train_num_updates": "2136", "train_lr": "0.000817475", "train_gnorm": "3.812", "train_loss_scale": "128", "train_train_wall": "10", "train_gb_free": "42.7", "train_wall": "1717"}
[2026-08-30 00:30:01,443][fairseq.logging.progress_bar][WARNING] - tensorboard not found, please install with: pip install tensorboard
[2026-08-30 00:30:01,446][fairseq.trainer][INFO] - begin training epoch 90
[2026-08-30 00:30:01,447][fairseq_cli.train][INFO] - Start iterating over samples
[2026-08-30 00:30:12,680][fairseq_cli.train][INFO] - begin validation on "valid" subset
[2026-08-30 00:30:13,043][fairseq.logging.progress_bar][WARNING] - tensorboard not found, please install with: pip install tensorboard
[2026-08-30 00:30:14,949][valid][INFO] - {"epoch": 90, "valid_loss": "104.251", "valid_nll_loss": "5.986", "valid_total": "291.154", "valid_n_correct": "74.3846", "valid_ppl": "63.39", "valid_accuracy": "25.548", "valid_wps": "3816", "valid_wpb": "291.2", "valid_bsz": "18.1", "valid_num_updates": "2160", "valid_best_accuracy": "25.892"}
[2026-08-30 00:30:14,952][fairseq.checkpoint_utils][INFO] - Preparing to save checkpoint for epoch 90 @ 2160 updates
[2026-08-30 00:30:14,953][fairseq.trainer][INFO] - Saving checkpoint to checkpoints/checkpoint_last.pt
[2026-08-30 00:30:17,327][fairseq.trainer][INFO] - Finished saving checkpoint to checkpoints/checkpoint_last.pt
[2026-08-30 00:30:17,336][fairseq.checkpoint_utils][INFO] - Saved checkpoint checkpoints/checkpoint_last.pt (epoch 90 @ 2160 updates, score 25.548) (writing took 2.3843353213742375 seconds)
[2026-08-30 00:30:17,337][fairseq_cli.train][INFO] - end of epoch 90 (average epoch stats below)
[2026-08-30 00:30:17,338][train][INFO] - {"epoch": 90, "train_loss": "90.673", "train_nll_loss": "5.068", "train_total": "1209.17", "train_n_correct": "374.125", "train_ppl": "33.54", "train_accuracy": "30.941", "train_wps": "1794.5", "train_ups": "1.48", "train_wpb": "1209.2", "train_bsz": "75", "train_num_updates": "2160", "train_lr": "0.000802912", "train_gnorm": "3.742", "train_loss_scale": "128", "train_train_wall": "10", "train_gb_free": "42.9", "train_wall": "1733"}
[2026-08-30 00:30:17,542][fairseq.logging.progress_bar][WARNING] - tensorboard not found, please install with: pip install tensorboard
[2026-08-30 00:30:17,543][fairseq.trainer][INFO] - begin training epoch 91
[2026-08-30 00:30:17,545][fairseq_cli.train][INFO] - Start iterating over samples
[2026-08-30 00:30:28,987][fairseq_cli.train][INFO] - begin validation on "valid" subset
[2026-08-30 00:30:29,247][fairseq.logging.progress_bar][WARNING] - tensorboard not found, please install with: pip install tensorboard
[2026-08-30 00:30:31,278][valid][INFO] - {"epoch": 91, "valid_loss": "104.313", "valid_nll_loss": "5.988", "valid_total": "291.154", "valid_n_correct": "74.3846", "valid_ppl": "63.46", "valid_accuracy": "25.548", "valid_wps": "4378.8", "valid_wpb": "291.2", "valid_bsz": "18.1", "valid_num_updates": "2184", "valid_best_accuracy": "25.892"}
[2026-08-30 00:30:31,281][fairseq.checkpoint_utils][INFO] - Preparing to save checkpoint for epoch 91 @ 2184 updates
[2026-08-30 00:30:31,282][fairseq.trainer][INFO] - Saving checkpoint to checkpoints/checkpoint_last.pt
[2026-08-30 00:30:33,759][fairseq.trainer][INFO] - Finished saving checkpoint to checkpoints/checkpoint_last.pt
[2026-08-30 00:30:33,761][fairseq.checkpoint_utils][INFO] - Saved checkpoint checkpoints/checkpoint_last.pt (epoch 91 @ 2184 updates, score 25.548) (writing took 2.479116078466177 seconds)
[2026-08-30 00:30:33,761][fairseq_cli.train][INFO] - end of epoch 91 (average epoch stats below)
[2026-08-30 00:30:33,762][train][INFO] - {"epoch": 91, "train_loss": "90.892", "train_nll_loss": "5.084", "train_total": "1209.17", "train_n_correct": "370.458", "train_ppl": "33.92", "train_accuracy": "30.637", "train_wps": "1767.1", "train_ups": "1.46", "train_wpb": "1209.2", "train_bsz": "75", "train_num_updates": "2184", "train_lr": "0.000788609", "train_gnorm": "3.765", "train_loss_scale": "128", "train_train_wall": "10", "train_gb_free": "42.9", "train_wall": "1750"}
[2026-08-30 00:30:33,964][fairseq.logging.progress_bar][WARNING] - tensorboard not found, please install with: pip install tensorboard
[2026-08-30 00:30:33,966][fairseq.trainer][INFO] - begin training epoch 92
[2026-08-30 00:30:33,967][fairseq_cli.train][INFO] - Start iterating over samples
[2026-08-30 00:30:42,670][train_inner][INFO] - {"epoch": 92, "update": 91.667, "loss": "90.925", "nll_loss": "5.077", "total": "1218.51", "n_correct": "374.54", "ppl": "33.76", "accuracy": "30.738", "wps": "1657.2", "ups": "1.36", "wpb": "1218.5", "bsz": "75.5", "num_updates": "2200", "lr": "0.000779216", "gnorm": "3.733", "loss_scale": "128", "train_wall": "42", "gb_free": "42.7", "wall": "1759"}
[2026-08-30 00:30:45,949][fairseq_cli.train][INFO] - begin validation on "valid" subset
[2026-08-30 00:30:46,197][fairseq.logging.progress_bar][WARNING] - tensorboard not found, please install with: pip install tensorboard
[2026-08-30 00:30:48,403][valid][INFO] - {"epoch": 92, "valid_loss": "103.955", "valid_nll_loss": "5.966", "valid_total": "291.154", "valid_n_correct": "74.4615", "valid_ppl": "62.53", "valid_accuracy": "25.575", "valid_wps": "3920.3", "valid_wpb": "291.2", "valid_bsz": "18.1", "valid_num_updates": "2208", "valid_best_accuracy": "25.892"}
[2026-08-30 00:30:48,409][fairseq.checkpoint_utils][INFO] - Preparing to save checkpoint for epoch 92 @ 2208 updates
[2026-08-30 00:30:48,410][fairseq.trainer][INFO] - Saving checkpoint to checkpoints/checkpoint_last.pt
[2026-08-30 00:30:50,868][fairseq.trainer][INFO] - Finished saving checkpoint to checkpoints/checkpoint_last.pt
[2026-08-30 00:30:50,870][fairseq.checkpoint_utils][INFO] - Saved checkpoint checkpoints/checkpoint_last.pt (epoch 92 @ 2208 updates, score 25.575) (writing took 2.460868524387479 seconds)
[2026-08-30 00:30:50,871][fairseq_cli.train][INFO] - end of epoch 92 (average epoch stats below)
[2026-08-30 00:30:50,873][train][INFO] - {"epoch": 92, "train_loss": "90.732", "train_nll_loss": "5.072", "train_total": "1209.17", "train_n_correct": "370.375", "train_ppl": "33.64", "train_accuracy": "30.631", "train_wps": "1696.1", "train_ups": "1.4", "train_wpb": "1209.2", "train_bsz": "75", "train_num_updates": "2208", "train_lr": "0.000774561", "train_gnorm": "3.671", "train_loss_scale": "128", "train_train_wall": "10", "train_gb_free": "42.7", "train_wall": "1767"}
[2026-08-30 00:30:51,058][fairseq.logging.progress_bar][WARNING] - tensorboard not found, please install with: pip install tensorboard
[2026-08-30 00:30:51,060][fairseq.trainer][INFO] - begin training epoch 93
[2026-08-30 00:30:51,061][fairseq_cli.train][INFO] - Start iterating over samples
[2026-08-30 00:31:02,646][fairseq_cli.train][INFO] - begin validation on "valid" subset
[2026-08-30 00:31:02,892][fairseq.logging.progress_bar][WARNING] - tensorboard not found, please install with: pip install tensorboard
[2026-08-30 00:31:04,937][valid][INFO] - {"epoch": 93, "valid_loss": "104.052", "valid_nll_loss": "5.971", "valid_total": "291.154", "valid_n_correct": "75.1538", "valid_ppl": "62.74", "valid_accuracy": "25.812", "valid_wps": "4338.5", "valid_wpb": "291.2", "valid_bsz": "18.1", "valid_num_updates": "2232", "valid_best_accuracy": "25.892"}
[2026-08-30 00:31:04,940][fairseq.checkpoint_utils][INFO] - Preparing to save checkpoint for epoch 93 @ 2232 updates
[2026-08-30 00:31:04,941][fairseq.trainer][INFO] - Saving checkpoint to checkpoints/checkpoint_last.pt
[2026-08-30 00:31:07,287][fairseq.trainer][INFO] - Finished saving checkpoint to checkpoints/checkpoint_last.pt
[2026-08-30 00:31:07,289][fairseq.checkpoint_utils][INFO] - Saved checkpoint checkpoints/checkpoint_last.pt (epoch 93 @ 2232 updates, score 25.812) (writing took 2.3484046682715416 seconds)
[2026-08-30 00:31:07,290][fairseq_cli.train][INFO] - end of epoch 93 (average epoch stats below)
[2026-08-30 00:31:07,291][train][INFO] - {"epoch": 93, "train_loss": "90.485", "train_nll_loss": "5.055", "train_total": "1209.17", "train_n_correct": "376.208", "train_ppl": "33.24", "train_accuracy": "31.113", "train_wps": "1767.7", "train_ups": "1.46", "train_wpb": "1209.2", "train_bsz": "75", "train_num_updates": "2232", "train_lr": "0.000760763", "train_gnorm": "3.677", "train_loss_scale": "128", "train_train_wall": "10", "train_gb_free": "42.7", "train_wall": "1783"}
[2026-08-30 00:31:07,486][fairseq.logging.progress_bar][WARNING] - tensorboard not found, please install with: pip install tensorboard
[2026-08-30 00:31:07,488][fairseq.trainer][INFO] - begin training epoch 94
[2026-08-30 00:31:07,489][fairseq_cli.train][INFO] - Start iterating over samples
[2026-08-30 00:31:18,924][fairseq_cli.train][INFO] - begin validation on "valid" subset
[2026-08-30 00:31:19,222][fairseq.logging.progress_bar][WARNING] - tensorboard not found, please install with: pip install tensorboard
[2026-08-30 00:31:21,137][valid][INFO] - {"epoch": 94, "valid_loss": "104.084", "valid_nll_loss": "5.974", "valid_total": "291.154", "valid_n_correct": "74.6154", "valid_ppl": "62.85", "valid_accuracy": "25.627", "valid_wps": "4386.8", "valid_wpb": "291.2", "valid_bsz": "18.1", "valid_num_updates": "2256", "valid_best_accuracy": "25.892"}
[2026-08-30 00:31:21,140][fairseq.checkpoint_utils][INFO] - Preparing to save checkpoint for epoch 94 @ 2256 updates
[2026-08-30 00:31:21,141][fairseq.trainer][INFO] - Saving checkpoint to checkpoints/checkpoint_last.pt
[2026-08-30 00:31:23,542][fairseq.trainer][INFO] - Finished saving checkpoint to checkpoints/checkpoint_last.pt
[2026-08-30 00:31:23,543][fairseq.checkpoint_utils][INFO] - Saved checkpoint checkpoints/checkpoint_last.pt (epoch 94 @ 2256 updates, score 25.627) (writing took 2.4032426830381155 seconds)
[2026-08-30 00:31:23,544][fairseq_cli.train][INFO] - end of epoch 94 (average epoch stats below)
[2026-08-30 00:31:23,545][train][INFO] - {"epoch": 94, "train_loss": "90.346", "train_nll_loss": "5.045", "train_total": "1209.17", "train_n_correct": "379.5", "train_ppl": "33.02", "train_accuracy": "31.385", "train_wps": "1785.5", "train_ups": "1.48", "train_wpb": "1209.2", "train_bsz": "75", "train_num_updates": "2256", "train_lr": "0.000747211", "train_gnorm": "3.713", "train_loss_scale": "128", "train_train_wall": "10", "train_gb_free": "42.7", "train_wall": "1799"}
[2026-08-30 00:31:23,773][fairseq.logging.progress_bar][WARNING] - tensorboard not found, please install with: pip install tensorboard
[2026-08-30 00:31:23,775][fairseq.trainer][INFO] - begin training epoch 95
[2026-08-30 00:31:23,776][fairseq_cli.train][INFO] - Start iterating over samples
[2026-08-30 00:31:35,255][fairseq_cli.train][INFO] - begin validation on "valid" subset
[2026-08-30 00:31:35,545][fairseq.logging.progress_bar][WARNING] - tensorboard not found, please install with: pip install tensorboard
[2026-08-30 00:31:37,438][valid][INFO] - {"epoch": 95, "valid_loss": "104.02", "valid_nll_loss": "5.968", "valid_total": "291.154", "valid_n_correct": "75.3846", "valid_ppl": "62.61", "valid_accuracy": "25.892", "valid_wps": "4249.9", "valid_wpb": "291.2", "valid_bsz": "18.1", "valid_num_updates": "2280", "valid_best_accuracy": "25.892"}
[2026-08-30 00:31:37,441][fairseq.checkpoint_utils][INFO] - Preparing to save checkpoint for epoch 95 @ 2280 updates
[2026-08-30 00:31:37,442][fairseq.trainer][INFO] - Saving checkpoint to checkpoints/checkpoint_best.pt
[2026-08-30 00:31:39,871][fairseq.trainer][INFO] - Finished saving checkpoint to checkpoints/checkpoint_best.pt
[2026-08-30 00:31:42,648][fairseq.checkpoint_utils][INFO] - Saved checkpoint checkpoints/checkpoint_best.pt (epoch 95 @ 2280 updates, score 25.892) (writing took 5.206087939441204 seconds)
[2026-08-30 00:31:42,649][fairseq_cli.train][INFO] - end of epoch 95 (average epoch stats below)
[2026-08-30 00:31:42,651][train][INFO] - {"epoch": 95, "train_loss": "90.424", "train_nll_loss": "5.051", "train_total": "1209.17", "train_n_correct": "376.667", "train_ppl": "33.14", "train_accuracy": "31.151", "train_wps": "1519", "train_ups": "1.26", "train_wpb": "1209.2", "train_bsz": "75", "train_num_updates": "2280", "train_lr": "0.0007339", "train_gnorm": "3.745", "train_loss_scale": "128", "train_train_wall": "10", "train_gb_free": "42.7", "train_wall": "1819"}
[2026-08-30 00:31:42,946][fairseq.logging.progress_bar][WARNING] - tensorboard not found, please install with: pip install tensorboard
[2026-08-30 00:31:42,949][fairseq.trainer][INFO] - begin training epoch 96
[2026-08-30 00:31:42,950][fairseq_cli.train][INFO] - Start iterating over samples
[2026-08-30 00:31:52,943][train_inner][INFO] - {"epoch": 96, "update": 95.833, "loss": "90.533", "nll_loss": "5.051", "total": "1206.91", "n_correct": "376.72", "ppl": "33.15", "accuracy": "31.214", "wps": "1717.5", "ups": "1.42", "wpb": "1206.9", "bsz": "74.8", "num_updates": "2300", "lr": "0.00072299", "gnorm": "3.709", "loss_scale": "128", "train_wall": "42", "gb_free": "42.7", "wall": "1829"}
[2026-08-30 00:31:54,567][fairseq_cli.train][INFO] - begin validation on "valid" subset
[2026-08-30 00:31:54,835][fairseq.logging.progress_bar][WARNING] - tensorboard not found, please install with: pip install tensorboard
[2026-08-30 00:31:56,779][valid][INFO] - {"epoch": 96, "valid_loss": "104.567", "valid_nll_loss": "6.002", "valid_total": "291.154", "valid_n_correct": "74.9231", "valid_ppl": "64.1", "valid_accuracy": "25.733", "valid_wps": "4409.1", "valid_wpb": "291.2", "valid_bsz": "18.1", "valid_num_updates": "2304", "valid_best_accuracy": "25.892"}
[2026-08-30 00:31:56,783][fairseq.checkpoint_utils][INFO] - Preparing to save checkpoint for epoch 96 @ 2304 updates
[2026-08-30 00:31:56,783][fairseq.trainer][INFO] - Saving checkpoint to checkpoints/checkpoint_last.pt
[2026-08-30 00:31:59,201][fairseq.trainer][INFO] - Finished saving checkpoint to checkpoints/checkpoint_last.pt
[2026-08-30 00:31:59,207][fairseq.checkpoint_utils][INFO] - Saved checkpoint checkpoints/checkpoint_last.pt (epoch 96 @ 2304 updates, score 25.733) (writing took 2.424921768717468 seconds)
[2026-08-30 00:31:59,209][fairseq_cli.train][INFO] - end of epoch 96 (average epoch stats below)
[2026-08-30 00:31:59,210][train][INFO] - {"epoch": 96, "train_loss": "90.4", "train_nll_loss": "5.049", "train_total": "1209.17", "train_n_correct": "378.292", "train_ppl": "33.12", "train_accuracy": "31.285", "train_wps": "1752.6", "train_ups": "1.45", "train_wpb": "1209.2", "train_bsz": "75", "train_num_updates": "2304", "train_lr": "0.000720827", "train_gnorm": "3.718", "train_loss_scale": "128", "train_train_wall": "10", "train_gb_free": "42.9", "train_wall": "1835"}
[2026-08-30 00:31:59,415][fairseq.logging.progress_bar][WARNING] - tensorboard not found, please install with: pip install tensorboard
[2026-08-30 00:31:59,418][fairseq.trainer][INFO] - begin training epoch 97
[2026-08-30 00:31:59,419][fairseq_cli.train][INFO] - Start iterating over samples
[2026-08-30 00:32:10,993][fairseq_cli.train][INFO] - begin validation on "valid" subset
[2026-08-30 00:32:11,355][fairseq.logging.progress_bar][WARNING] - tensorboard not found, please install with: pip install tensorboard
[2026-08-30 00:32:13,266][valid][INFO] - {"epoch": 97, "valid_loss": "103.94", "valid_nll_loss": "5.965", "valid_total": "291.154", "valid_n_correct": "74.7692", "valid_ppl": "62.45", "valid_accuracy": "25.68", "valid_wps": "4430.2", "valid_wpb": "291.2", "valid_bsz": "18.1", "valid_num_updates": "2328", "valid_best_accuracy": "25.892"}
[2026-08-30 00:32:13,267][fairseq_cli.train][INFO] - early stop since valid performance hasn't improved for last 8 runs
[2026-08-30 00:32:13,269][fairseq.checkpoint_utils][INFO] - Preparing to save checkpoint for epoch 97 @ 2328 updates
[2026-08-30 00:32:13,270][fairseq.trainer][INFO] - Saving checkpoint to checkpoints/checkpoint_last.pt
[2026-08-30 00:32:15,594][fairseq.trainer][INFO] - Finished saving checkpoint to checkpoints/checkpoint_last.pt
[2026-08-30 00:32:15,596][fairseq.checkpoint_utils][INFO] - Saved checkpoint checkpoints/checkpoint_last.pt (epoch 97 @ 2328 updates, score 25.68) (writing took 2.326257879845798 seconds)
[2026-08-30 00:32:15,596][fairseq_cli.train][INFO] - end of epoch 97 (average epoch stats below)
[2026-08-30 00:32:15,598][train][INFO] - {"epoch": 97, "train_loss": "90.008", "train_nll_loss": "5.021", "train_total": "1209.17", "train_n_correct": "383.208", "train_ppl": "32.46", "train_accuracy": "31.692", "train_wps": "1771", "train_ups": "1.46", "train_wpb": "1209.2", "train_bsz": "75", "train_num_updates": "2328", "train_lr": "0.000707986", "train_gnorm": "3.79", "train_loss_scale": "128", "train_train_wall": "10", "train_gb_free": "42.8", "train_wall": "1851"}
[2026-08-30 00:32:15,598][fairseq_cli.train][INFO] - done training in 1851.2 seconds

training finished. checkpoints + logs in: /workspace/av-hubert-ai-speak/workspace/experiments/final_encdec
tensorboard --logdir /workspace/av-hubert-ai-speak/workspace/experiments/final_encdec/tblog
