config: aispeak_lora_decoder   data: /workspace/av-hubert-ai-speak/data/aispeak_ser_data
[2026-08-29 21:35:35,993][fairseq_cli.train][INFO] - {'_name': None, 'common': {'_name': None, 'no_progress_bar': False, 'log_interval': 100, 'log_format': 'json', 'log_file': None, 'tensorboard_logdir': 'tblog', 'wandb_project': None, 'azureml_logging': False, 'seed': 1337, 'cpu': False, 'tpu': False, 'bf16': False, 'memory_efficient_bf16': False, 'fp16': True, 'memory_efficient_fp16': False, 'fp16_no_flatten_grads': False, 'fp16_init_scale': 128, 'fp16_scale_window': None, 'fp16_scale_tolerance': 0.0, 'on_cpu_convert_precision': False, 'min_loss_scale': 0.0001, 'threshold_loss_scale': None, 'amp': False, 'amp_batch_retries': 2, 'amp_init_scale': 128, 'amp_scale_window': None, 'user_dir': '/workspace/av-hubert-ai-speak/av_hubert/avhubert', 'empty_cache_freq': 0, 'all_gather_list_size': 16384, 'model_parallel_size': 1, 'quantization_config_path': None, 'profile': False, 'reset_logging': False, 'suppress_crashes': False, 'use_plasma_view': False, 'plasma_path': '/tmp/plasma'}, 'common_eval': {'_name': None, 'path': None, 'post_process': None, 'quiet': False, 'model_overrides': '{}', 'results_path': None}, 'distributed_training': {'_name': None, 'distributed_world_size': 1, 'distributed_num_procs': 1, 'distributed_rank': 0, 'distributed_backend': 'nccl', 'distributed_init_method': None, 'distributed_port': -1, 'device_id': 0, 'distributed_no_spawn': False, 'ddp_backend': 'c10d', 'ddp_comm_hook': 'none', 'bucket_cap_mb': 25, 'fix_batches_to_gpus': False, 'find_unused_parameters': True, 'fast_stat_sync': False, 'heartbeat_timeout': -1, 'broadcast_buffers': False, 'slowmo_momentum': None, 'slowmo_algorithm': 'LocalSGD', 'localsgd_frequency': 3, 'nprocs_per_node': 1, 'pipeline_model_parallel': False, 'pipeline_balance': None, 'pipeline_devices': None, 'pipeline_chunks': 0, 'pipeline_encoder_balance': None, 'pipeline_encoder_devices': None, 'pipeline_decoder_balance': None, 'pipeline_decoder_devices': None, 'pipeline_checkpoint': 'never', 'zero_sharding': 'none', 'fp16': True, 'memory_efficient_fp16': False, 'tpu': False, 'no_reshard_after_forward': False, 'fp32_reduce_scatter': False, 'cpu_offload': False, 'use_sharded_state': False}, 'dataset': {'_name': None, 'num_workers': 8, 'skip_invalid_size_inputs_valid_test': False, 'max_tokens': 2000, 'batch_size': None, 'required_batch_size_multiple': 8, 'required_seq_len_multiple': 1, 'dataset_impl': None, 'data_buffer_size': 10, 'train_subset': 'train', 'valid_subset': 'valid', 'combine_valid_subsets': None, 'ignore_unused_valid_subsets': False, 'validate_interval': 1, 'validate_interval_updates': 0, 'validate_after_updates': 0, 'fixed_validation_seed': None, 'disable_validation': False, 'max_tokens_valid': 2000, 'batch_size_valid': None, 'max_valid_steps': None, 'curriculum': 0, 'gen_subset': 'test', 'num_shards': 1, 'shard_id': 0}, 'optimization': {'_name': None, 'max_epoch': 0, 'max_update': 3000, 'stop_time_hours': 0.0, 'clip_norm': 0.0, 'sentence_avg': True, 'update_freq': [4], 'lr': [0.003], 'stop_min_lr': -1.0, 'use_bmuf': False}, 'checkpoint': {'_name': None, 'save_dir': 'checkpoints', 'restore_file': 'checkpoint_last.pt', 'finetune_from_model': None, 'reset_dataloader': False, 'reset_lr_scheduler': False, 'reset_meters': False, 'reset_optimizer': False, 'optimizer_overrides': '{}', 'save_interval': 1, 'save_interval_updates': 0, 'keep_interval_updates': 1, 'keep_interval_updates_pattern': -1, 'keep_last_epochs': -1, 'keep_best_checkpoints': -1, 'no_save': False, 'no_epoch_checkpoints': True, 'no_last_checkpoints': False, 'no_save_optimizer_state': False, 'best_checkpoint_metric': 'accuracy', 'maximize_best_checkpoint_metric': True, 'patience': 8, 'checkpoint_suffix': '', 'checkpoint_shard_count': 1, 'load_checkpoint_on_all_dp_ranks': False, 'write_checkpoints_asynchronously': False, 'model_parallel_size': 1}, 'bmuf': {'_name': None, 'block_lr': 1.0, 'block_momentum': 0.875, 'global_sync_iter': 50, 'warmup_iterations': 500, 'use_nbm': False, 'average_sync': False, 'distributed_world_size': 1}, 'generation': {'_name': None, 'beam': 5, 'nbest': 1, 'max_len_a': 0.0, 'max_len_b': 200, 'min_len': 1, 'match_source_len': False, 'unnormalized': False, 'no_early_stop': False, 'no_beamable_mm': False, 'lenpen': 1.0, 'unkpen': 0.0, 'replace_unk': None, 'sacrebleu': False, 'score_reference': False, 'prefix_size': 0, 'no_repeat_ngram_size': 0, 'sampling': False, 'sampling_topk': -1, 'sampling_topp': -1.0, 'constraints': None, 'temperature': 1.0, 'diverse_beam_groups': -1, 'diverse_beam_strength': 0.5, 'diversity_rate': -1.0, 'print_alignment': None, 'print_step': False, 'lm_path': None, 'lm_weight': 0.0, 'iter_decode_eos_penalty': 0.0, 'iter_decode_max_iter': 10, 'iter_decode_force_max_iter': False, 'iter_decode_with_beam': 1, 'iter_decode_with_external_reranker': False, 'retain_iter_history': False, 'retain_dropout': False, 'retain_dropout_modules': None, 'decoding_format': None, 'no_seed_provided': False}, 'eval_lm': {'_name': None, 'output_word_probs': False, 'output_word_stats': False, 'context_window': 0, 'softmax_batch': 9223372036854775807}, 'interactive': {'_name': None, 'buffer_size': 0, 'input': '-'}, 'model': {'_name': 'av_hubert_seq2seq', 'w2v_path': '/workspace/av-hubert-ai-speak/workspace/checkpoints/base_vox_433h_encoder.pt', 'lora_enable': True, 'lora_r': 4, 'lora_alpha': 16, 'lora_dropout': 0.05, 'lora_targets': 'q_proj,v_proj', 'lora_scope': 'decoder', 'freeze_finetune_updates': 0, 'apply_mask': False, 'mask_selection': 'static', 'mask_length': 10, 'mask_other': 0, 'mask_prob': 0.75, 'mask_channel_selection': 'static', 'mask_channel_length': 64, 'mask_channel_other': 0, 'mask_channel_prob': 0.5, 'layerdrop': 0.1, 'dropout': 0.0, 'activation_dropout': 0.1, 'attention_dropout': 0.0, 'feature_grad_mult': 1.0, 'decoder_layers': 6, 'decoder_dropout': 0.1, 'decoder_attention_dropout': 0.0, 'decoder_activation_dropout': 0.1, 'share_decoder_input_output_embed': True, 'decoder_normalize_before': True}, 'task': {'_name': 'av_hubert_pretraining', 'is_s2s': True, 'data': '/workspace/av-hubert-ai-speak/data/aispeak_ser_data', 'label_dir': '/workspace/av-hubert-ai-speak/data/aispeak_ser_data', 'tokenizer_bpe_model': '/workspace/av-hubert-ai-speak/data/aispeak_ser_data/spm_unigram500.model', 'normalize': True, 'labels': ['wrd'], 'single_target': True, 'fine_tuning': True, 'stack_order_audio': 4, 'tokenizer_bpe_name': 'sentencepiece', 'max_sample_size': 500, 'modalities': ['video'], 'image_aug': True, 'pad_audio': True, 'random_crop': False}, 'criterion': {'_name': 'label_smoothed_cross_entropy', 'label_smoothing': 0.1, 'report_accuracy': True, 'ignore_prefix_size': 0, 'sentence_avg': True}, 'optimizer': {'_name': 'adam', 'adam_betas': '(0.9,0.98)', 'adam_eps': 1e-08, 'weight_decay': 0.0, 'use_old_adam': False, 'tpu': False, 'lr': [0.003]}, 'lr_scheduler': {'_name': 'tri_stage', 'warmup_steps': 400, 'hold_steps': 0, 'decay_steps': 4000, 'phase_ratio': None, 'init_lr_scale': 0.01, 'final_lr_scale': 0.05, 'max_update': 3000, 'lr': [0.003]}, 'scoring': None, 'bpe': None, 'tokenizer': None, 'job_logging_cfg': {'version': 1, 'formatters': {'simple': {'format': '[%(asctime)s][%(name)s][%(levelname)s] - %(message)s'}}, 'handlers': {'console': {'class': 'logging.StreamHandler', 'formatter': 'simple', 'stream': 'ext://sys.stdout'}, 'file': {'class': 'logging.FileHandler', 'formatter': 'simple', 'filename': 'hydra_train.log'}}, 'root': {'level': 'INFO', 'handlers': ['console', 'file']}, 'disable_existing_loggers': False}}
[2026-08-29 21:35:35,999][avhubert.hubert_pretraining][INFO] - current directory is /workspace/av-hubert-ai-speak/workspace/experiments/sweep_r4
[2026-08-29 21:35:36,000][avhubert.hubert_pretraining][INFO] - AVHubertPretrainingTask Config {'_name': 'av_hubert_pretraining', 'data': '/workspace/av-hubert-ai-speak/data/aispeak_ser_data', 'labels': ['wrd'], 'label_dir': '/workspace/av-hubert-ai-speak/data/aispeak_ser_data', 'label_rate': -1, 'sample_rate': 16000, 'normalize': True, 'enable_padding': False, 'max_sample_size': 500, 'min_sample_size': None, 'max_trim_sample_size': '${task.max_sample_size}', 'single_target': True, 'random_crop': False, 'pad_audio': True, 'pdb': False, 'stack_order_audio': 4, 'skip_verify': False, 'image_aug': True, 'image_crop_size': 88, 'image_mean': 0.421, 'image_std': 0.165, 'modalities': ['video'], 'is_s2s': True, 'tokenizer_bpe_name': 'sentencepiece', 'tokenizer_bpe_model': '/workspace/av-hubert-ai-speak/data/aispeak_ser_data/spm_unigram500.model', 'noise_wav': None, 'noise_prob': 0.0, 'noise_snr': '0', 'noise_num': 1, 'fine_tuning': True}
[2026-08-29 21:35:38,851][avhubert.hubert_pretraining][INFO] - current directory is /workspace/av-hubert-ai-speak/workspace/experiments/sweep_r4
[2026-08-29 21:35:38,852][avhubert.hubert_pretraining][INFO] - AVHubertPretrainingTask Config {'_name': 'av_hubert_pretraining', 'data': '/workspace/av-hubert-ai-speak/data/aispeak_ser_data', 'labels': ['km'], 'label_dir': '/checkpoint/bshi/data/lrs3//video/hubert/stitch-iters/envox-iter4-l12c2000/', 'label_rate': 25, 'sample_rate': 25, 'normalize': True, 'enable_padding': False, 'max_sample_size': 2000, 'min_sample_size': 5, 'max_trim_sample_size': 400, 'single_target': False, 'random_crop': True, 'pad_audio': False, 'pdb': False, 'stack_order_audio': 4, 'skip_verify': False, 'image_aug': True, 'image_crop_size': 88, 'image_mean': 0.421, 'image_std': 0.165, 'modalities': ['audio', 'video'], 'is_s2s': False, 'tokenizer_bpe_name': None, 'tokenizer_bpe_model': None, 'noise_wav': None, 'noise_prob': 0.0, 'noise_snr': '0', 'noise_num': 1, 'fine_tuning': False}
[2026-08-29 21:35:38,860][avhubert.hubert][INFO] - HubertModel Config: {'_name': 'av_hubert', 'label_rate': 25, 'input_modality': '${task.input_modality}', 'extractor_mode': default, 'encoder_layers': 12, 'encoder_embed_dim': 768, 'encoder_ffn_embed_dim': 3072, 'encoder_attention_heads': 12, 'activation_fn': gelu, 'dropout': 0.0, 'attention_dropout': 0.0, 'activation_dropout': 0.1, 'encoder_layerdrop': 0.1, 'dropout_input': 0.0, 'dropout_features': 0.1, 'final_dim': 256, 'untie_final_proj': True, 'layer_norm_first': True, 'conv_feature_layers': '[(512,10,5)] + [(512,3,2)] * 4 + [(512,2,2)] * 2', 'conv_bias': False, 'logit_temp': 0.1, 'target_glu': False, 'feature_grad_mult': 1.0, 'mask_length_audio': 10, 'mask_prob_audio': 0.8, 'mask_length_image': 5, 'mask_prob_image': 0.3, 'mask_selection': static, 'mask_other': 0.0, 'no_mask_overlap': False, 'mask_min_space': 1, 'mask_channel_length': 10, 'mask_channel_prob': 0.0, 'mask_channel_selection': static, 'mask_channel_other': 0.0, 'no_mask_channel_overlap': False, 'mask_channel_min_space': 1, 'conv_pos': 128, 'conv_pos_groups': 16, 'latent_temp': [2.0, 0.5, 0.999995], 'skip_masked': False, 'skip_nomask': False, 'resnet_relu_type': 'prelu', 'resnet_weights': None, 'sim_type': 'cosine', 'sub_encoder_layers': 0, 'audio_feat_dim': 104, 'modality_dropout': 0.5, 'audio_dropout': 0.5, 'modality_fuse': 'concat', 'selection_type': 'same_seq', 'masking_type': 'input', 'decoder_embed_dim': 768, 'decoder_ffn_embed_dim': 3072, 'decoder_layers': 6, 'decoder_layerdrop': 0.0, 'decoder_attention_heads': 4, 'decoder_learned_pos': False, 'decoder_normalize_before': False, 'no_token_positional_embeddings': False, 'decoder_dropout': 0.1, 'decoder_attention_dropout': 0.1, 'decoder_activation_dropout': 0.0, 'max_target_positions': 2048, 'share_decoder_input_output_embed': False, 'no_scale_embedding': True}
[2026-08-29 21:35:41,822][avhubert.hubert_asr][INFO] - [LoRA] scope=decoder targets=('q_proj', 'v_proj') r=4 alpha=16: adapted 24 layers, trainable 147,456/160,377,064 (0.09%)
[2026-08-29 21:35:41,825][fairseq_cli.train][INFO] - AVHubertSeq2Seq(
  (encoder): HubertEncoderWrapper(
    (w2v_model): AVHubertModel(
      (feature_extractor_audio): SubModel(
        (proj): Linear(in_features=104, out_features=768, bias=True)
      )
      (feature_extractor_video): SubModel(
        (resnet): ResEncoder(
          (frontend3D): Sequential(
            (0): Conv3d(1, 64, kernel_size=(5, 7, 7), stride=(1, 2, 2), padding=(2, 3, 3), bias=False)
            (1): BatchNorm3d(64, eps=1e-05, momentum=0.1, affine=True, track_running_stats=True)
            (2): PReLU(num_parameters=64)
            (3): MaxPool3d(kernel_size=(1, 3, 3), stride=(1, 2, 2), padding=(0, 1, 1), dilation=1, ceil_mode=False)
          )
          (trunk): ResNet(
            (layer1): Sequential(
              (0): BasicBlock(
                (conv1): Conv2d(64, 64, kernel_size=(3, 3), stride=(1, 1), padding=(1, 1), bias=False)
                (bn1): BatchNorm2d(64, eps=1e-05, momentum=0.1, affine=True, track_running_stats=True)
                (relu1): PReLU(num_parameters=64)
                (relu2): PReLU(num_parameters=64)
                (conv2): Conv2d(64, 64, kernel_size=(3, 3), stride=(1, 1), padding=(1, 1), bias=False)
                (bn2): BatchNorm2d(64, eps=1e-05, momentum=0.1, affine=True, track_running_stats=True)
              )
              (1): BasicBlock(
                (conv1): Conv2d(64, 64, kernel_size=(3, 3), stride=(1, 1), padding=(1, 1), bias=False)
                (bn1): BatchNorm2d(64, eps=1e-05, momentum=0.1, affine=True, track_running_stats=True)
                (relu1): PReLU(num_parameters=64)
                (relu2): PReLU(num_parameters=64)
                (conv2): Conv2d(64, 64, kernel_size=(3, 3), stride=(1, 1), padding=(1, 1), bias=False)
                (bn2): BatchNorm2d(64, eps=1e-05, momentum=0.1, affine=True, track_running_stats=True)
              )
            )
            (layer2): Sequential(
              (0): BasicBlock(
                (conv1): Conv2d(64, 128, kernel_size=(3, 3), stride=(2, 2), padding=(1, 1), bias=False)
                (bn1): BatchNorm2d(128, eps=1e-05, momentum=0.1, affine=True, track_running_stats=True)
                (relu1): PReLU(num_parameters=128)
                (relu2): PReLU(num_parameters=128)
                (conv2): Conv2d(128, 128, kernel_size=(3, 3), stride=(1, 1), padding=(1, 1), bias=False)
                (bn2): BatchNorm2d(128, eps=1e-05, momentum=0.1, affine=True, track_running_stats=True)
                (downsample): Sequential(
                  (0): Conv2d(64, 128, kernel_size=(1, 1), stride=(2, 2), bias=False)
                  (1): BatchNorm2d(128, eps=1e-05, momentum=0.1, affine=True, track_running_stats=True)
                )
              )
              (1): BasicBlock(
                (conv1): Conv2d(128, 128, kernel_size=(3, 3), stride=(1, 1), padding=(1, 1), bias=False)
                (bn1): BatchNorm2d(128, eps=1e-05, momentum=0.1, affine=True, track_running_stats=True)
                (relu1): PReLU(num_parameters=128)
                (relu2): PReLU(num_parameters=128)
                (conv2): Conv2d(128, 128, kernel_size=(3, 3), stride=(1, 1), padding=(1, 1), bias=False)
                (bn2): BatchNorm2d(128, eps=1e-05, momentum=0.1, affine=True, track_running_stats=True)
              )
            )
            (layer3): Sequential(
              (0): BasicBlock(
                (conv1): Conv2d(128, 256, kernel_size=(3, 3), stride=(2, 2), padding=(1, 1), bias=False)
                (bn1): BatchNorm2d(256, eps=1e-05, momentum=0.1, affine=True, track_running_stats=True)
                (relu1): PReLU(num_parameters=256)
                (relu2): PReLU(num_parameters=256)
                (conv2): Conv2d(256, 256, kernel_size=(3, 3), stride=(1, 1), padding=(1, 1), bias=False)
                (bn2): BatchNorm2d(256, eps=1e-05, momentum=0.1, affine=True, track_running_stats=True)
                (downsample): Sequential(
                  (0): Conv2d(128, 256, kernel_size=(1, 1), stride=(2, 2), bias=False)
                  (1): BatchNorm2d(256, eps=1e-05, momentum=0.1, affine=True, track_running_stats=True)
                )
              )
              (1): BasicBlock(
                (conv1): Conv2d(256, 256, kernel_size=(3, 3), stride=(1, 1), padding=(1, 1), bias=False)
                (bn1): BatchNorm2d(256, eps=1e-05, momentum=0.1, affine=True, track_running_stats=True)
                (relu1): PReLU(num_parameters=256)
                (relu2): PReLU(num_parameters=256)
                (conv2): Conv2d(256, 256, kernel_size=(3, 3), stride=(1, 1), padding=(1, 1), bias=False)
                (bn2): BatchNorm2d(256, eps=1e-05, momentum=0.1, affine=True, track_running_stats=True)
              )
            )
            (layer4): Sequential(
              (0): BasicBlock(
                (conv1): Conv2d(256, 512, kernel_size=(3, 3), stride=(2, 2), padding=(1, 1), bias=False)
                (bn1): BatchNorm2d(512, eps=1e-05, momentum=0.1, affine=True, track_running_stats=True)
                (relu1): PReLU(num_parameters=512)
                (relu2): PReLU(num_parameters=512)
                (conv2): Conv2d(512, 512, kernel_size=(3, 3), stride=(1, 1), padding=(1, 1), bias=False)
                (bn2): BatchNorm2d(512, eps=1e-05, momentum=0.1, affine=True, track_running_stats=True)
                (downsample): Sequential(
                  (0): Conv2d(256, 512, kernel_size=(1, 1), stride=(2, 2), bias=False)
                  (1): BatchNorm2d(512, eps=1e-05, momentum=0.1, affine=True, track_running_stats=True)
                )
              )
              (1): BasicBlock(
                (conv1): Conv2d(512, 512, kernel_size=(3, 3), stride=(1, 1), padding=(1, 1), bias=False)
                (bn1): BatchNorm2d(512, eps=1e-05, momentum=0.1, affine=True, track_running_stats=True)
                (relu1): PReLU(num_parameters=512)
                (relu2): PReLU(num_parameters=512)
                (conv2): Conv2d(512, 512, kernel_size=(3, 3), stride=(1, 1), padding=(1, 1), bias=False)
                (bn2): BatchNorm2d(512, eps=1e-05, momentum=0.1, affine=True, track_running_stats=True)
              )
            )
            (avgpool): AdaptiveAvgPool2d(output_size=1)
          )
        )
        (proj): Linear(in_features=512, out_features=768, bias=True)
      )
      (post_extract_proj): Linear(in_features=1536, out_features=768, bias=True)
      (dropout_input): Dropout(p=0.0, inplace=False)
      (dropout_features): Dropout(p=0.1, inplace=False)
      (encoder): TransformerEncoder(
        (pos_conv): Sequential(
          (0): Conv1d(768, 768, kernel_size=(128,), stride=(1,), padding=(64,), groups=16)
          (1): SamePad()
          (2): GELU(approximate='none')
        )
        (layers): ModuleList(
          (0): TransformerSentenceEncoderLayer(
            (self_attn): MultiheadAttention(
              (dropout_module): FairseqDropout()
              (k_proj): Linear(in_features=768, out_features=768, bias=True)
              (v_proj): Linear(in_features=768, out_features=768, bias=True)
              (q_proj): Linear(in_features=768, out_features=768, bias=True)
              (out_proj): Linear(in_features=768, out_features=768, bias=True)
            )
            (dropout1): Dropout(p=0.0, inplace=False)
            (dropout2): Dropout(p=0.1, inplace=False)
            (dropout3): Dropout(p=0.0, inplace=False)
            (self_attn_layer_norm): LayerNorm((768,), eps=1e-05, elementwise_affine=True)
            (fc1): Linear(in_features=768, out_features=3072, bias=True)
            (fc2): Linear(in_features=3072, out_features=768, bias=True)
            (final_layer_norm): LayerNorm((768,), eps=1e-05, elementwise_affine=True)
          )
          (1): TransformerSentenceEncoderLayer(
            (self_attn): MultiheadAttention(
              (dropout_module): FairseqDropout()
              (k_proj): Linear(in_features=768, out_features=768, bias=True)
              (v_proj): Linear(in_features=768, out_features=768, bias=True)
              (q_proj): Linear(in_features=768, out_features=768, bias=True)
              (out_proj): Linear(in_features=768, out_features=768, bias=True)
            )
            (dropout1): Dropout(p=0.0, inplace=False)
            (dropout2): Dropout(p=0.1, inplace=False)
            (dropout3): Dropout(p=0.0, inplace=False)
            (self_attn_layer_norm): LayerNorm((768,), eps=1e-05, elementwise_affine=True)
            (fc1): Linear(in_features=768, out_features=3072, bias=True)
            (fc2): Linear(in_features=3072, out_features=768, bias=True)
            (final_layer_norm): LayerNorm((768,), eps=1e-05, elementwise_affine=True)
          )
          (2): TransformerSentenceEncoderLayer(
            (self_attn): MultiheadAttention(
              (dropout_module): FairseqDropout()
              (k_proj): Linear(in_features=768, out_features=768, bias=True)
              (v_proj): Linear(in_features=768, out_features=768, bias=True)
              (q_proj): Linear(in_features=768, out_features=768, bias=True)
              (out_proj): Linear(in_features=768, out_features=768, bias=True)
            )
            (dropout1): Dropout(p=0.0, inplace=False)
            (dropout2): Dropout(p=0.1, inplace=False)
            (dropout3): Dropout(p=0.0, inplace=False)
            (self_attn_layer_norm): LayerNorm((768,), eps=1e-05, elementwise_affine=True)
            (fc1): Linear(in_features=768, out_features=3072, bias=True)
            (fc2): Linear(in_features=3072, out_features=768, bias=True)
            (final_layer_norm): LayerNorm((768,), eps=1e-05, elementwise_affine=True)
          )
          (3): TransformerSentenceEncoderLayer(
            (self_attn): MultiheadAttention(
              (dropout_module): FairseqDropout()
              (k_proj): Linear(in_features=768, out_features=768, bias=True)
              (v_proj): Linear(in_features=768, out_features=768, bias=True)
              (q_proj): Linear(in_features=768, out_features=768, bias=True)
              (out_proj): Linear(in_features=768, out_features=768, bias=True)
            )
            (dropout1): Dropout(p=0.0, inplace=False)
            (dropout2): Dropout(p=0.1, inplace=False)
            (dropout3): Dropout(p=0.0, inplace=False)
            (self_attn_layer_norm): LayerNorm((768,), eps=1e-05, elementwise_affine=True)
            (fc1): Linear(in_features=768, out_features=3072, bias=True)
            (fc2): Linear(in_features=3072, out_features=768, bias=True)
            (final_layer_norm): LayerNorm((768,), eps=1e-05, elementwise_affine=True)
          )
          (4): TransformerSentenceEncoderLayer(
            (self_attn): MultiheadAttention(
              (dropout_module): FairseqDropout()
              (k_proj): Linear(in_features=768, out_features=768, bias=True)
              (v_proj): Linear(in_features=768, out_features=768, bias=True)
              (q_proj): Linear(in_features=768, out_features=768, bias=True)
              (out_proj): Linear(in_features=768, out_features=768, bias=True)
            )
            (dropout1): Dropout(p=0.0, inplace=False)
            (dropout2): Dropout(p=0.1, inplace=False)
            (dropout3): Dropout(p=0.0, inplace=False)
            (self_attn_layer_norm): LayerNorm((768,), eps=1e-05, elementwise_affine=True)
            (fc1): Linear(in_features=768, out_features=3072, bias=True)
            (fc2): Linear(in_features=3072, out_features=768, bias=True)
            (final_layer_norm): LayerNorm((768,), eps=1e-05, elementwise_affine=True)
          )
          (5): TransformerSentenceEncoderLayer(
            (self_attn): MultiheadAttention(
              (dropout_module): FairseqDropout()
              (k_proj): Linear(in_features=768, out_features=768, bias=True)
              (v_proj): Linear(in_features=768, out_features=768, bias=True)
              (q_proj): Linear(in_features=768, out_features=768, bias=True)
              (out_proj): Linear(in_features=768, out_features=768, bias=True)
            )
            (dropout1): Dropout(p=0.0, inplace=False)
            (dropout2): Dropout(p=0.1, inplace=False)
            (dropout3): Dropout(p=0.0, inplace=False)
            (self_attn_layer_norm): LayerNorm((768,), eps=1e-05, elementwise_affine=True)
            (fc1): Linear(in_features=768, out_features=3072, bias=True)
            (fc2): Linear(in_features=3072, out_features=768, bias=True)
            (final_layer_norm): LayerNorm((768,), eps=1e-05, elementwise_affine=True)
          )
          (6): TransformerSentenceEncoderLayer(
            (self_attn): MultiheadAttention(
              (dropout_module): FairseqDropout()
              (k_proj): Linear(in_features=768, out_features=768, bias=True)
              (v_proj): Linear(in_features=768, out_features=768, bias=True)
              (q_proj): Linear(in_features=768, out_features=768, bias=True)
              (out_proj): Linear(in_features=768, out_features=768, bias=True)
            )
            (dropout1): Dropout(p=0.0, inplace=False)
            (dropout2): Dropout(p=0.1, inplace=False)
            (dropout3): Dropout(p=0.0, inplace=False)
            (self_attn_layer_norm): LayerNorm((768,), eps=1e-05, elementwise_affine=True)
            (fc1): Linear(in_features=768, out_features=3072, bias=True)
            (fc2): Linear(in_features=3072, out_features=768, bias=True)
            (final_layer_norm): LayerNorm((768,), eps=1e-05, elementwise_affine=True)
          )
          (7): TransformerSentenceEncoderLayer(
            (self_attn): MultiheadAttention(
              (dropout_module): FairseqDropout()
              (k_proj): Linear(in_features=768, out_features=768, bias=True)
              (v_proj): Linear(in_features=768, out_features=768, bias=True)
              (q_proj): Linear(in_features=768, out_features=768, bias=True)
              (out_proj): Linear(in_features=768, out_features=768, bias=True)
            )
            (dropout1): Dropout(p=0.0, inplace=False)
            (dropout2): Dropout(p=0.1, inplace=False)
            (dropout3): Dropout(p=0.0, inplace=False)
            (self_attn_layer_norm): LayerNorm((768,), eps=1e-05, elementwise_affine=True)
            (fc1): Linear(in_features=768, out_features=3072, bias=True)
            (fc2): Linear(in_features=3072, out_features=768, bias=True)
            (final_layer_norm): LayerNorm((768,), eps=1e-05, elementwise_affine=True)
          )
          (8): TransformerSentenceEncoderLayer(
            (self_attn): MultiheadAttention(
              (dropout_module): FairseqDropout()
              (k_proj): Linear(in_features=768, out_features=768, bias=True)
              (v_proj): Linear(in_features=768, out_features=768, bias=True)
              (q_proj): Linear(in_features=768, out_features=768, bias=True)
              (out_proj): Linear(in_features=768, out_features=768, bias=True)
            )
            (dropout1): Dropout(p=0.0, inplace=False)
            (dropout2): Dropout(p=0.1, inplace=False)
            (dropout3): Dropout(p=0.0, inplace=False)
            (self_attn_layer_norm): LayerNorm((768,), eps=1e-05, elementwise_affine=True)
            (fc1): Linear(in_features=768, out_features=3072, bias=True)
            (fc2): Linear(in_features=3072, out_features=768, bias=True)
            (final_layer_norm): LayerNorm((768,), eps=1e-05, elementwise_affine=True)
          )
          (9): TransformerSentenceEncoderLayer(
            (self_attn): MultiheadAttention(
              (dropout_module): FairseqDropout()
              (k_proj): Linear(in_features=768, out_features=768, bias=True)
              (v_proj): Linear(in_features=768, out_features=768, bias=True)
              (q_proj): Linear(in_features=768, out_features=768, bias=True)
              (out_proj): Linear(in_features=768, out_features=768, bias=True)
            )
            (dropout1): Dropout(p=0.0, inplace=False)
            (dropout2): Dropout(p=0.1, inplace=False)
            (dropout3): Dropout(p=0.0, inplace=False)
            (self_attn_layer_norm): LayerNorm((768,), eps=1e-05, elementwise_affine=True)
            (fc1): Linear(in_features=768, out_features=3072, bias=True)
            (fc2): Linear(in_features=3072, out_features=768, bias=True)
            (final_layer_norm): LayerNorm((768,), eps=1e-05, elementwise_affine=True)
          )
          (10): TransformerSentenceEncoderLayer(
            (self_attn): MultiheadAttention(
              (dropout_module): FairseqDropout()
              (k_proj): Linear(in_features=768, out_features=768, bias=True)
              (v_proj): Linear(in_features=768, out_features=768, bias=True)
              (q_proj): Linear(in_features=768, out_features=768, bias=True)
              (out_proj): Linear(in_features=768, out_features=768, bias=True)
            )
            (dropout1): Dropout(p=0.0, inplace=False)
            (dropout2): Dropout(p=0.1, inplace=False)
            (dropout3): Dropout(p=0.0, inplace=False)
            (self_attn_layer_norm): LayerNorm((768,), eps=1e-05, elementwise_affine=True)
            (fc1): Linear(in_features=768, out_features=3072, bias=True)
            (fc2): Linear(in_features=3072, out_features=768, bias=True)
            (final_layer_norm): LayerNorm((768,), eps=1e-05, elementwise_affine=True)
          )
          (11): TransformerSentenceEncoderLayer(
            (self_attn): MultiheadAttention(
              (dropout_module): FairseqDropout()
              (k_proj): Linear(in_features=768, out_features=768, bias=True)
              (v_proj): Linear(in_features=768, out_features=768, bias=True)
              (q_proj): Linear(in_features=768, out_features=768, bias=True)
              (out_proj): Linear(in_features=768, out_features=768, bias=True)
            )
            (dropout1): Dropout(p=0.0, inplace=False)
            (dropout2): Dropout(p=0.1, inplace=False)
            (dropout3): Dropout(p=0.0, inplace=False)
            (self_attn_layer_norm): LayerNorm((768,), eps=1e-05, elementwise_affine=True)
            (fc1): Linear(in_features=768, out_features=3072, bias=True)
            (fc2): Linear(in_features=3072, out_features=768, bias=True)
            (final_layer_norm): LayerNorm((768,), eps=1e-05, elementwise_affine=True)
          )
        )
        (layer_norm): LayerNorm((768,), eps=1e-05, elementwise_affine=True)
      )
      (layer_norm): LayerNorm((1536,), eps=1e-05, elementwise_affine=True)
      (final_proj): None
    )
  )
  (decoder): TransformerDecoder(
    (embed_tokens): Embedding(500, 768, padding_idx=1)
    (embed_positions): SinusoidalPositionalEmbedding()
    (layers): ModuleList(
      (0): TransformerDecoderLayer(
        (dropout_module): FairseqDropout()
        (self_attn): MultiheadAttention(
          (dropout_module): FairseqDropout()
          (k_proj): Linear(in_features=768, out_features=768, bias=True)
          (v_proj): LoRALinear(
            (base): Linear(in_features=768, out_features=768, bias=True)
            (lora_dropout): Dropout(p=0.05, inplace=False)
          )
          (q_proj): LoRALinear(
            (base): Linear(in_features=768, out_features=768, bias=True)
            (lora_dropout): Dropout(p=0.05, inplace=False)
          )
          (out_proj): Linear(in_features=768, out_features=768, bias=True)
        )
        (activation_dropout_module): FairseqDropout()
        (self_attn_layer_norm): LayerNorm((768,), eps=1e-05, elementwise_affine=True)
        (encoder_attn): MultiheadAttention(
          (dropout_module): FairseqDropout()
          (k_proj): Linear(in_features=768, out_features=768, bias=True)
          (v_proj): LoRALinear(
            (base): Linear(in_features=768, out_features=768, bias=True)
            (lora_dropout): Dropout(p=0.05, inplace=False)
          )
          (q_proj): LoRALinear(
            (base): Linear(in_features=768, out_features=768, bias=True)
            (lora_dropout): Dropout(p=0.05, inplace=False)
          )
          (out_proj): Linear(in_features=768, out_features=768, bias=True)
        )
        (encoder_attn_layer_norm): LayerNorm((768,), eps=1e-05, elementwise_affine=True)
        (fc1): Linear(in_features=768, out_features=3072, bias=True)
        (fc2): Linear(in_features=3072, out_features=768, bias=True)
        (final_layer_norm): LayerNorm((768,), eps=1e-05, elementwise_affine=True)
      )
      (1): TransformerDecoderLayer(
        (dropout_module): FairseqDropout()
        (self_attn): MultiheadAttention(
          (dropout_module): FairseqDropout()
          (k_proj): Linear(in_features=768, out_features=768, bias=True)
          (v_proj): LoRALinear(
            (base): Linear(in_features=768, out_features=768, bias=True)
            (lora_dropout): Dropout(p=0.05, inplace=False)
          )
          (q_proj): LoRALinear(
            (base): Linear(in_features=768, out_features=768, bias=True)
            (lora_dropout): Dropout(p=0.05, inplace=False)
          )
          (out_proj): Linear(in_features=768, out_features=768, bias=True)
        )
        (activation_dropout_module): FairseqDropout()
        (self_attn_layer_norm): LayerNorm((768,), eps=1e-05, elementwise_affine=True)
        (encoder_attn): MultiheadAttention(
          (dropout_module): FairseqDropout()
          (k_proj): Linear(in_features=768, out_features=768, bias=True)
          (v_proj): LoRALinear(
            (base): Linear(in_features=768, out_features=768, bias=True)
            (lora_dropout): Dropout(p=0.05, inplace=False)
          )
          (q_proj): LoRALinear(
            (base): Linear(in_features=768, out_features=768, bias=True)
            (lora_dropout): Dropout(p=0.05, inplace=False)
          )
          (out_proj): Linear(in_features=768, out_features=768, bias=True)
        )
        (encoder_attn_layer_norm): LayerNorm((768,), eps=1e-05, elementwise_affine=True)
        (fc1): Linear(in_features=768, out_features=3072, bias=True)
        (fc2): Linear(in_features=3072, out_features=768, bias=True)
        (final_layer_norm): LayerNorm((768,), eps=1e-05, elementwise_affine=True)
      )
      (2): TransformerDecoderLayer(
        (dropout_module): FairseqDropout()
        (self_attn): MultiheadAttention(
          (dropout_module): FairseqDropout()
          (k_proj): Linear(in_features=768, out_features=768, bias=True)
          (v_proj): LoRALinear(
            (base): Linear(in_features=768, out_features=768, bias=True)
            (lora_dropout): Dropout(p=0.05, inplace=False)
          )
          (q_proj): LoRALinear(
            (base): Linear(in_features=768, out_features=768, bias=True)
            (lora_dropout): Dropout(p=0.05, inplace=False)
          )
          (out_proj): Linear(in_features=768, out_features=768, bias=True)
        )
        (activation_dropout_module): FairseqDropout()
        (self_attn_layer_norm): LayerNorm((768,), eps=1e-05, elementwise_affine=True)
        (encoder_attn): MultiheadAttention(
          (dropout_module): FairseqDropout()
          (k_proj): Linear(in_features=768, out_features=768, bias=True)
          (v_proj): LoRALinear(
            (base): Linear(in_features=768, out_features=768, bias=True)
            (lora_dropout): Dropout(p=0.05, inplace=False)
          )
          (q_proj): LoRALinear(
            (base): Linear(in_features=768, out_features=768, bias=True)
            (lora_dropout): Dropout(p=0.05, inplace=False)
          )
          (out_proj): Linear(in_features=768, out_features=768, bias=True)
        )
        (encoder_attn_layer_norm): LayerNorm((768,), eps=1e-05, elementwise_affine=True)
        (fc1): Linear(in_features=768, out_features=3072, bias=True)
        (fc2): Linear(in_features=3072, out_features=768, bias=True)
        (final_layer_norm): LayerNorm((768,), eps=1e-05, elementwise_affine=True)
      )
      (3): TransformerDecoderLayer(
        (dropout_module): FairseqDropout()
        (self_attn): MultiheadAttention(
          (dropout_module): FairseqDropout()
          (k_proj): Linear(in_features=768, out_features=768, bias=True)
          (v_proj): LoRALinear(
            (base): Linear(in_features=768, out_features=768, bias=True)
            (lora_dropout): Dropout(p=0.05, inplace=False)
          )
          (q_proj): LoRALinear(
            (base): Linear(in_features=768, out_features=768, bias=True)
            (lora_dropout): Dropout(p=0.05, inplace=False)
          )
          (out_proj): Linear(in_features=768, out_features=768, bias=True)
        )
        (activation_dropout_module): FairseqDropout()
        (self_attn_layer_norm): LayerNorm((768,), eps=1e-05, elementwise_affine=True)
        (encoder_attn): MultiheadAttention(
          (dropout_module): FairseqDropout()
          (k_proj): Linear(in_features=768, out_features=768, bias=True)
          (v_proj): LoRALinear(
            (base): Linear(in_features=768, out_features=768, bias=True)
            (lora_dropout): Dropout(p=0.05, inplace=False)
          )
          (q_proj): LoRALinear(
            (base): Linear(in_features=768, out_features=768, bias=True)
            (lora_dropout): Dropout(p=0.05, inplace=False)
          )
          (out_proj): Linear(in_features=768, out_features=768, bias=True)
        )
        (encoder_attn_layer_norm): LayerNorm((768,), eps=1e-05, elementwise_affine=True)
        (fc1): Linear(in_features=768, out_features=3072, bias=True)
        (fc2): Linear(in_features=3072, out_features=768, bias=True)
        (final_layer_norm): LayerNorm((768,), eps=1e-05, elementwise_affine=True)
      )
      (4): TransformerDecoderLayer(
        (dropout_module): FairseqDropout()
        (self_attn): MultiheadAttention(
          (dropout_module): FairseqDropout()
          (k_proj): Linear(in_features=768, out_features=768, bias=True)
          (v_proj): LoRALinear(
            (base): Linear(in_features=768, out_features=768, bias=True)
            (lora_dropout): Dropout(p=0.05, inplace=False)
          )
          (q_proj): LoRALinear(
            (base): Linear(in_features=768, out_features=768, bias=True)
            (lora_dropout): Dropout(p=0.05, inplace=False)
          )
          (out_proj): Linear(in_features=768, out_features=768, bias=True)
        )
        (activation_dropout_module): FairseqDropout()
        (self_attn_layer_norm): LayerNorm((768,), eps=1e-05, elementwise_affine=True)
        (encoder_attn): MultiheadAttention(
          (dropout_module): FairseqDropout()
          (k_proj): Linear(in_features=768, out_features=768, bias=True)
          (v_proj): LoRALinear(
            (base): Linear(in_features=768, out_features=768, bias=True)
            (lora_dropout): Dropout(p=0.05, inplace=False)
          )
          (q_proj): LoRALinear(
            (base): Linear(in_features=768, out_features=768, bias=True)
            (lora_dropout): Dropout(p=0.05, inplace=False)
          )
          (out_proj): Linear(in_features=768, out_features=768, bias=True)
        )
        (encoder_attn_layer_norm): LayerNorm((768,), eps=1e-05, elementwise_affine=True)
        (fc1): Linear(in_features=768, out_features=3072, bias=True)
        (fc2): Linear(in_features=3072, out_features=768, bias=True)
        (final_layer_norm): LayerNorm((768,), eps=1e-05, elementwise_affine=True)
      )
      (5): TransformerDecoderLayer(
        (dropout_module): FairseqDropout()
        (self_attn): MultiheadAttention(
          (dropout_module): FairseqDropout()
          (k_proj): Linear(in_features=768, out_features=768, bias=True)
          (v_proj): LoRALinear(
            (base): Linear(in_features=768, out_features=768, bias=True)
            (lora_dropout): Dropout(p=0.05, inplace=False)
          )
          (q_proj): LoRALinear(
            (base): Linear(in_features=768, out_features=768, bias=True)
            (lora_dropout): Dropout(p=0.05, inplace=False)
          )
          (out_proj): Linear(in_features=768, out_features=768, bias=True)
        )
        (activation_dropout_module): FairseqDropout()
        (self_attn_layer_norm): LayerNorm((768,), eps=1e-05, elementwise_affine=True)
        (encoder_attn): MultiheadAttention(
          (dropout_module): FairseqDropout()
          (k_proj): Linear(in_features=768, out_features=768, bias=True)
          (v_proj): LoRALinear(
            (base): Linear(in_features=768, out_features=768, bias=True)
            (lora_dropout): Dropout(p=0.05, inplace=False)
          )
          (q_proj): LoRALinear(
            (base): Linear(in_features=768, out_features=768, bias=True)
            (lora_dropout): Dropout(p=0.05, inplace=False)
          )
          (out_proj): Linear(in_features=768, out_features=768, bias=True)
        )
        (encoder_attn_layer_norm): LayerNorm((768,), eps=1e-05, elementwise_affine=True)
        (fc1): Linear(in_features=768, out_features=3072, bias=True)
        (fc2): Linear(in_features=3072, out_features=768, bias=True)
        (final_layer_norm): LayerNorm((768,), eps=1e-05, elementwise_affine=True)
      )
    )
    (layer_norm): LayerNorm((768,), eps=1e-05, elementwise_affine=True)
  )
)
[2026-08-29 21:35:41,829][fairseq_cli.train][INFO] - task: AVHubertPretrainingTask
[2026-08-29 21:35:41,830][fairseq_cli.train][INFO] - model: AVHubertSeq2Seq
[2026-08-29 21:35:41,831][fairseq_cli.train][INFO] - criterion: LabelSmoothedCrossEntropyCriterion
[2026-08-29 21:35:41,833][fairseq_cli.train][INFO] - num. shared model params: 160,377,064 (num. trained: 147,456)
[2026-08-29 21:35:41,835][fairseq_cli.train][INFO] - num. expert model params: 0 (num. trained: 0)
[2026-08-29 21:35:41,837][avhubert.hubert_pretraining][INFO] - Using tokenizer
[2026-08-29 21:35:41,856][avhubert.hubert_dataset][INFO] - max_keep=500, min_keep=None, loaded 235, skipped 0 short and 3 long and 0 unaligned, longest-loaded=369, shortest-loaded=32
[2026-08-29 21:35:41,857][avhubert.hubert_dataset][INFO] - /workspace/av-hubert-ai-speak/data/aispeak_ser_data/valid.wrd is sequence label. skipped
[2026-08-29 21:35:41,858][avhubert.hubert_dataset][INFO] - image transform: Compose(
    Normalize(mean=0.0, std=255.0)
    <avhubert.utils.CenterCrop object at 0x7b6b86e6e730>
    Normalize(mean=0.421, std=0.165)
)
[2026-08-29 21:35:41,858][avhubert.hubert_dataset][INFO] - pad_audio=True, random_crop=False, normalize=True, max_sample_size=500, seqs2seq data=True,
[2026-08-29 21:35:41,858][avhubert.hubert_dataset][INFO] - Noise wav: None->0 wav, Prob: 0.0, SNR: 0, Number of mixture: 1
[2026-08-29 21:35:43,371][fairseq.trainer][INFO] - detected shared parameter: encoder.w2v_model.feature_extractor_video.resnet.frontend3D.0.bias <- encoder.w2v_model.feature_extractor_video.resnet.trunk.layer1.0.conv1.bias
[2026-08-29 21:35:43,372][fairseq.trainer][INFO] - detected shared parameter: encoder.w2v_model.feature_extractor_video.resnet.frontend3D.0.bias <- encoder.w2v_model.feature_extractor_video.resnet.trunk.layer1.0.conv2.bias
[2026-08-29 21:35:43,373][fairseq.trainer][INFO] - detected shared parameter: encoder.w2v_model.feature_extractor_video.resnet.frontend3D.0.bias <- encoder.w2v_model.feature_extractor_video.resnet.trunk.layer1.1.conv1.bias
[2026-08-29 21:35:43,373][fairseq.trainer][INFO] - detected shared parameter: encoder.w2v_model.feature_extractor_video.resnet.frontend3D.0.bias <- encoder.w2v_model.feature_extractor_video.resnet.trunk.layer1.1.conv2.bias
[2026-08-29 21:35:43,374][fairseq.trainer][INFO] - detected shared parameter: encoder.w2v_model.feature_extractor_video.resnet.frontend3D.0.bias <- encoder.w2v_model.feature_extractor_video.resnet.trunk.layer2.0.conv1.bias
[2026-08-29 21:35:43,374][fairseq.trainer][INFO] - detected shared parameter: encoder.w2v_model.feature_extractor_video.resnet.frontend3D.0.bias <- encoder.w2v_model.feature_extractor_video.resnet.trunk.layer2.0.conv2.bias
[2026-08-29 21:35:43,375][fairseq.trainer][INFO] - detected shared parameter: encoder.w2v_model.feature_extractor_video.resnet.frontend3D.0.bias <- encoder.w2v_model.feature_extractor_video.resnet.trunk.layer2.0.downsample.0.bias
[2026-08-29 21:35:43,375][fairseq.trainer][INFO] - detected shared parameter: encoder.w2v_model.feature_extractor_video.resnet.frontend3D.0.bias <- encoder.w2v_model.feature_extractor_video.resnet.trunk.layer2.1.conv1.bias
[2026-08-29 21:35:43,376][fairseq.trainer][INFO] - detected shared parameter: encoder.w2v_model.feature_extractor_video.resnet.frontend3D.0.bias <- encoder.w2v_model.feature_extractor_video.resnet.trunk.layer2.1.conv2.bias
[2026-08-29 21:35:43,376][fairseq.trainer][INFO] - detected shared parameter: encoder.w2v_model.feature_extractor_video.resnet.frontend3D.0.bias <- encoder.w2v_model.feature_extractor_video.resnet.trunk.layer3.0.conv1.bias
[2026-08-29 21:35:43,377][fairseq.trainer][INFO] - detected shared parameter: encoder.w2v_model.feature_extractor_video.resnet.frontend3D.0.bias <- encoder.w2v_model.feature_extractor_video.resnet.trunk.layer3.0.conv2.bias
[2026-08-29 21:35:43,377][fairseq.trainer][INFO] - detected shared parameter: encoder.w2v_model.feature_extractor_video.resnet.frontend3D.0.bias <- encoder.w2v_model.feature_extractor_video.resnet.trunk.layer3.0.downsample.0.bias
[2026-08-29 21:35:43,377][fairseq.trainer][INFO] - detected shared parameter: encoder.w2v_model.feature_extractor_video.resnet.frontend3D.0.bias <- encoder.w2v_model.feature_extractor_video.resnet.trunk.layer3.1.conv1.bias
[2026-08-29 21:35:43,378][fairseq.trainer][INFO] - detected shared parameter: encoder.w2v_model.feature_extractor_video.resnet.frontend3D.0.bias <- encoder.w2v_model.feature_extractor_video.resnet.trunk.layer3.1.conv2.bias
[2026-08-29 21:35:43,378][fairseq.trainer][INFO] - detected shared parameter: encoder.w2v_model.feature_extractor_video.resnet.frontend3D.0.bias <- encoder.w2v_model.feature_extractor_video.resnet.trunk.layer4.0.conv1.bias
[2026-08-29 21:35:43,379][fairseq.trainer][INFO] - detected shared parameter: encoder.w2v_model.feature_extractor_video.resnet.frontend3D.0.bias <- encoder.w2v_model.feature_extractor_video.resnet.trunk.layer4.0.conv2.bias
[2026-08-29 21:35:43,379][fairseq.trainer][INFO] - detected shared parameter: encoder.w2v_model.feature_extractor_video.resnet.frontend3D.0.bias <- encoder.w2v_model.feature_extractor_video.resnet.trunk.layer4.0.downsample.0.bias
[2026-08-29 21:35:43,380][fairseq.trainer][INFO] - detected shared parameter: encoder.w2v_model.feature_extractor_video.resnet.frontend3D.0.bias <- encoder.w2v_model.feature_extractor_video.resnet.trunk.layer4.1.conv1.bias
[2026-08-29 21:35:43,380][fairseq.trainer][INFO] - detected shared parameter: encoder.w2v_model.feature_extractor_video.resnet.frontend3D.0.bias <- encoder.w2v_model.feature_extractor_video.resnet.trunk.layer4.1.conv2.bias
[2026-08-29 21:35:43,381][fairseq.utils][INFO] - ***********************CUDA enviroments for all 1 workers***********************
[2026-08-29 21:35:43,382][fairseq.utils][INFO] - rank   0: capabilities =  8.6  ; total memory = 44.422 GB ; name = NVIDIA A40                              
[2026-08-29 21:35:43,382][fairseq.utils][INFO] - ***********************CUDA enviroments for all 1 workers***********************
[2026-08-29 21:35:43,383][fairseq_cli.train][INFO] - training on 1 devices (GPUs/TPUs)
[2026-08-29 21:35:43,383][fairseq_cli.train][INFO] - max tokens per device = 2000 and max sentences per device = None
[2026-08-29 21:35:43,385][fairseq.trainer][INFO] - Preparing to load checkpoint checkpoints/checkpoint_last.pt
[2026-08-29 21:35:43,386][fairseq.trainer][INFO] - No existing checkpoint found checkpoints/checkpoint_last.pt
[2026-08-29 21:35:43,386][fairseq.trainer][INFO] - loading train data for epoch 1
[2026-08-29 21:35:43,387][avhubert.hubert_pretraining][INFO] - Using tokenizer
[2026-08-29 21:35:43,396][avhubert.hubert_dataset][INFO] - max_keep=500, min_keep=None, loaded 1800, skipped 0 short and 22 long and 0 unaligned, longest-loaded=421, shortest-loaded=29
[2026-08-29 21:35:43,399][avhubert.hubert_dataset][INFO] - /workspace/av-hubert-ai-speak/data/aispeak_ser_data/train.wrd is sequence label. skipped
[2026-08-29 21:35:43,399][avhubert.hubert_dataset][INFO] - image transform: Compose(
    Normalize(mean=0.0, std=255.0)
    RandomCrop(size=(88, 88))
    <avhubert.utils.HorizontalFlip object at 0x7b6bc992dd60>
    Normalize(mean=0.421, std=0.165)
)
[2026-08-29 21:35:43,400][avhubert.hubert_dataset][INFO] - pad_audio=True, random_crop=False, normalize=True, max_sample_size=500, seqs2seq data=True,
[2026-08-29 21:35:43,410][avhubert.hubert_dataset][INFO] - Noise wav: None->0 wav, Prob: 0.0, SNR: 0, Number of mixture: 1
[2026-08-29 21:35:43,622][fairseq.logging.progress_bar][WARNING] - tensorboard not found, please install with: pip install tensorboard
[2026-08-29 21:35:43,629][fairseq.trainer][INFO] - begin training epoch 1
[2026-08-29 21:35:43,631][fairseq_cli.train][INFO] - Start iterating over samples
[2026-08-29 21:35:58,366][fairseq_cli.train][INFO] - begin validation on "valid" subset
[2026-08-29 21:35:58,571][fairseq.logging.progress_bar][WARNING] - tensorboard not found, please install with: pip install tensorboard
[2026-08-29 21:36:00,341][valid][INFO] - {"epoch": 1, "valid_loss": "153.197", "valid_nll_loss": "9.502", "valid_total": "291.154", "valid_n_correct": "0.384615", "valid_ppl": "725.04", "valid_accuracy": "0.132", "valid_wps": "4300.6", "valid_wpb": "291.2", "valid_bsz": "18.1", "valid_num_updates": "24"}
[2026-08-29 21:36:00,343][fairseq.checkpoint_utils][INFO] - Preparing to save checkpoint for epoch 1 @ 24 updates
[2026-08-29 21:36:00,344][fairseq.trainer][INFO] - Saving checkpoint to checkpoints/checkpoint_best.pt
[2026-08-29 21:36:02,634][fairseq.trainer][INFO] - Finished saving checkpoint to checkpoints/checkpoint_best.pt
[2026-08-29 21:36:05,112][fairseq.checkpoint_utils][INFO] - Saved checkpoint checkpoints/checkpoint_best.pt (epoch 1 @ 24 updates, score 0.132) (writing took 4.768168679438531 seconds)
[2026-08-29 21:36:05,113][fairseq_cli.train][INFO] - end of epoch 1 (average epoch stats below)
[2026-08-29 21:36:05,115][train][INFO] - {"epoch": 1, "train_loss": "154.398", "train_nll_loss": "9.571", "train_total": "1209.17", "train_n_correct": "1.5", "train_ppl": "760.76", "train_accuracy": "0.124", "train_wps": "1647.9", "train_ups": "1.38", "train_wpb": "1209.2", "train_bsz": "75", "train_num_updates": "24", "train_lr": "0.0002082", "train_gnorm": "1.2", "train_loss_scale": "128", "train_train_wall": "13", "train_gb_free": "42.7", "train_wall": "22"}
[2026-08-29 21:36:05,434][fairseq.logging.progress_bar][WARNING] - tensorboard not found, please install with: pip install tensorboard
[2026-08-29 21:36:05,437][fairseq.trainer][INFO] - begin training epoch 2
[2026-08-29 21:36:05,438][fairseq_cli.train][INFO] - Start iterating over samples
[2026-08-29 21:36:16,698][fairseq_cli.train][INFO] - begin validation on "valid" subset
[2026-08-29 21:36:16,919][fairseq.logging.progress_bar][WARNING] - tensorboard not found, please install with: pip install tensorboard
[2026-08-29 21:36:18,721][valid][INFO] - {"epoch": 2, "valid_loss": "144.765", "valid_nll_loss": "8.926", "valid_total": "291.154", "valid_n_correct": "11.8462", "valid_ppl": "486.48", "valid_accuracy": "4.069", "valid_wps": "4431.5", "valid_wpb": "291.2", "valid_bsz": "18.1", "valid_num_updates": "48", "valid_best_accuracy": "4.069"}
[2026-08-29 21:36:18,723][fairseq.checkpoint_utils][INFO] - Preparing to save checkpoint for epoch 2 @ 48 updates
[2026-08-29 21:36:18,724][fairseq.trainer][INFO] - Saving checkpoint to checkpoints/checkpoint_best.pt
[2026-08-29 21:36:20,998][fairseq.trainer][INFO] - Finished saving checkpoint to checkpoints/checkpoint_best.pt
[2026-08-29 21:36:23,626][fairseq.checkpoint_utils][INFO] - Saved checkpoint checkpoints/checkpoint_best.pt (epoch 2 @ 48 updates, score 4.069) (writing took 4.902345187030733 seconds)
[2026-08-29 21:36:23,627][fairseq_cli.train][INFO] - end of epoch 2 (average epoch stats below)
[2026-08-29 21:36:23,630][train][INFO] - {"epoch": 2, "train_loss": "151.47", "train_nll_loss": "9.373", "train_total": "1209.17", "train_n_correct": "7.625", "train_ppl": "663.08", "train_accuracy": "0.631", "train_wps": "1567.5", "train_ups": "1.3", "train_wpb": "1209.2", "train_bsz": "75", "train_num_updates": "48", "train_lr": "0.0003864", "train_gnorm": "4.442", "train_loss_scale": "128", "train_train_wall": "10", "train_gb_free": "42.9", "train_wall": "40"}
[2026-08-29 21:36:23,929][fairseq.logging.progress_bar][WARNING] - tensorboard not found, please install with: pip install tensorboard
[2026-08-29 21:36:23,932][fairseq.trainer][INFO] - begin training epoch 3
[2026-08-29 21:36:23,932][fairseq_cli.train][INFO] - Start iterating over samples
[2026-08-29 21:36:35,170][fairseq_cli.train][INFO] - begin validation on "valid" subset
[2026-08-29 21:36:35,390][fairseq.logging.progress_bar][WARNING] - tensorboard not found, please install with: pip install tensorboard
[2026-08-29 21:36:37,308][valid][INFO] - {"epoch": 3, "valid_loss": "134.211", "valid_nll_loss": "8.177", "valid_total": "291.154", "valid_n_correct": "11.7692", "valid_ppl": "289.48", "valid_accuracy": "4.042", "valid_wps": "3914.2", "valid_wpb": "291.2", "valid_bsz": "18.1", "valid_num_updates": "72", "valid_best_accuracy": "4.069"}
[2026-08-29 21:36:37,316][fairseq.checkpoint_utils][INFO] - Preparing to save checkpoint for epoch 3 @ 72 updates
[2026-08-29 21:36:37,317][fairseq.trainer][INFO] - Saving checkpoint to checkpoints/checkpoint_last.pt
[2026-08-29 21:36:39,250][fairseq.trainer][INFO] - Finished saving checkpoint to checkpoints/checkpoint_last.pt
[2026-08-29 21:36:39,258][fairseq.checkpoint_utils][INFO] - Saved checkpoint checkpoints/checkpoint_last.pt (epoch 3 @ 72 updates, score 4.042) (writing took 1.9416948957368731 seconds)
[2026-08-29 21:36:39,259][fairseq_cli.train][INFO] - end of epoch 3 (average epoch stats below)
[2026-08-29 21:36:39,261][train][INFO] - {"epoch": 3, "train_loss": "140.932", "train_nll_loss": "8.641", "train_total": "1209.17", "train_n_correct": "61.4583", "train_ppl": "399.16", "train_accuracy": "5.083", "train_wps": "1856.7", "train_ups": "1.54", "train_wpb": "1209.2", "train_bsz": "75", "train_num_updates": "72", "train_lr": "0.0005646", "train_gnorm": "5.512", "train_loss_scale": "128", "train_train_wall": "10", "train_gb_free": "42.8", "train_wall": "56"}
[2026-08-29 21:36:39,527][fairseq.logging.progress_bar][WARNING] - tensorboard not found, please install with: pip install tensorboard
[2026-08-29 21:36:39,530][fairseq.trainer][INFO] - begin training epoch 4
[2026-08-29 21:36:39,531][fairseq_cli.train][INFO] - Start iterating over samples
[2026-08-29 21:36:50,860][fairseq_cli.train][INFO] - begin validation on "valid" subset
[2026-08-29 21:36:51,053][fairseq.logging.progress_bar][WARNING] - tensorboard not found, please install with: pip install tensorboard
[2026-08-29 21:36:53,077][valid][INFO] - {"epoch": 4, "valid_loss": "130.348", "valid_nll_loss": "7.906", "valid_total": "291.154", "valid_n_correct": "18.0769", "valid_ppl": "239.77", "valid_accuracy": "6.209", "valid_wps": "4392.8", "valid_wpb": "291.2", "valid_bsz": "18.1", "valid_num_updates": "96", "valid_best_accuracy": "6.209"}
[2026-08-29 21:36:53,080][fairseq.checkpoint_utils][INFO] - Preparing to save checkpoint for epoch 4 @ 96 updates
[2026-08-29 21:36:53,081][fairseq.trainer][INFO] - Saving checkpoint to checkpoints/checkpoint_best.pt
[2026-08-29 21:36:55,307][fairseq.trainer][INFO] - Finished saving checkpoint to checkpoints/checkpoint_best.pt
[2026-08-29 21:36:58,199][fairseq.checkpoint_utils][INFO] - Saved checkpoint checkpoints/checkpoint_best.pt (epoch 4 @ 96 updates, score 6.209) (writing took 5.119092023931444 seconds)
[2026-08-29 21:36:58,210][fairseq_cli.train][INFO] - end of epoch 4 (average epoch stats below)
[2026-08-29 21:36:58,213][train][INFO] - {"epoch": 4, "train_loss": "133.853", "train_nll_loss": "8.14", "train_total": "1209.17", "train_n_correct": "62.125", "train_ppl": "281.99", "train_accuracy": "5.138", "train_wps": "1531.3", "train_ups": "1.27", "train_wpb": "1209.2", "train_bsz": "75", "train_num_updates": "96", "train_lr": "0.0007428", "train_gnorm": "4.442", "train_loss_scale": "128", "train_train_wall": "10", "train_gb_free": "42.8", "train_wall": "75"}
[2026-08-29 21:36:58,498][fairseq.logging.progress_bar][WARNING] - tensorboard not found, please install with: pip install tensorboard
[2026-08-29 21:36:58,501][fairseq.trainer][INFO] - begin training epoch 5
[2026-08-29 21:36:58,510][fairseq_cli.train][INFO] - Start iterating over samples
[2026-08-29 21:37:01,352][train_inner][INFO] - {"epoch": 5, "update": 4.167, "loss": "144.616", "nll_loss": "8.894", "total": "1208.34", "n_correct": "34.5", "ppl": "475.84", "accuracy": "2.855", "wps": "1636.1", "ups": "1.36", "wpb": "1208.3", "bsz": "75", "num_updates": "100", "lr": "0.0007725", "gnorm": "3.896", "loss_scale": "128", "train_wall": "45", "gb_free": "42.7", "wall": "78"}
[2026-08-29 21:37:09,933][fairseq_cli.train][INFO] - begin validation on "valid" subset
[2026-08-29 21:37:10,161][fairseq.logging.progress_bar][WARNING] - tensorboard not found, please install with: pip install tensorboard
[2026-08-29 21:37:12,109][valid][INFO] - {"epoch": 5, "valid_loss": "128.979", "valid_nll_loss": "7.812", "valid_total": "291.154", "valid_n_correct": "18.0769", "valid_ppl": "224.78", "valid_accuracy": "6.209", "valid_wps": "3943.2", "valid_wpb": "291.2", "valid_bsz": "18.1", "valid_num_updates": "120", "valid_best_accuracy": "6.209"}
[2026-08-29 21:37:12,114][fairseq.checkpoint_utils][INFO] - Preparing to save checkpoint for epoch 5 @ 120 updates
[2026-08-29 21:37:12,117][fairseq.trainer][INFO] - Saving checkpoint to checkpoints/checkpoint_best.pt
[2026-08-29 21:37:14,585][fairseq.trainer][INFO] - Finished saving checkpoint to checkpoints/checkpoint_best.pt
[2026-08-29 21:37:17,355][fairseq.checkpoint_utils][INFO] - Saved checkpoint checkpoints/checkpoint_best.pt (epoch 5 @ 120 updates, score 6.209) (writing took 5.241266705095768 seconds)
[2026-08-29 21:37:17,357][fairseq_cli.train][INFO] - end of epoch 5 (average epoch stats below)
[2026-08-29 21:37:17,360][train][INFO] - {"epoch": 5, "train_loss": "131.239", "train_nll_loss": "7.958", "train_total": "1209.17", "train_n_correct": "70.5417", "train_ppl": "248.63", "train_accuracy": "5.834", "train_wps": "1515.8", "train_ups": "1.25", "train_wpb": "1209.2", "train_bsz": "75", "train_num_updates": "120", "train_lr": "0.000921", "train_gnorm": "3.709", "train_loss_scale": "128", "train_train_wall": "10", "train_gb_free": "42.8", "train_wall": "94"}
[2026-08-29 21:37:17,700][fairseq.logging.progress_bar][WARNING] - tensorboard not found, please install with: pip install tensorboard
[2026-08-29 21:37:17,722][fairseq.trainer][INFO] - begin training epoch 6
[2026-08-29 21:37:17,723][fairseq_cli.train][INFO] - Start iterating over samples
[2026-08-29 21:37:28,634][fairseq_cli.train][INFO] - begin validation on "valid" subset
[2026-08-29 21:37:28,837][fairseq.logging.progress_bar][WARNING] - tensorboard not found, please install with: pip install tensorboard
[2026-08-29 21:37:30,812][valid][INFO] - {"epoch": 6, "valid_loss": "128.278", "valid_nll_loss": "7.769", "valid_total": "291.154", "valid_n_correct": "18.0769", "valid_ppl": "218.06", "valid_accuracy": "6.209", "valid_wps": "4450.8", "valid_wpb": "291.2", "valid_bsz": "18.1", "valid_num_updates": "144", "valid_best_accuracy": "6.209"}
[2026-08-29 21:37:30,814][fairseq.checkpoint_utils][INFO] - Preparing to save checkpoint for epoch 6 @ 144 updates
[2026-08-29 21:37:30,816][fairseq.trainer][INFO] - Saving checkpoint to checkpoints/checkpoint_best.pt
[2026-08-29 21:37:32,981][fairseq.trainer][INFO] - Finished saving checkpoint to checkpoints/checkpoint_best.pt
[2026-08-29 21:37:35,556][fairseq.checkpoint_utils][INFO] - Saved checkpoint checkpoints/checkpoint_best.pt (epoch 6 @ 144 updates, score 6.209) (writing took 4.741851410828531 seconds)
[2026-08-29 21:37:35,558][fairseq_cli.train][INFO] - end of epoch 6 (average epoch stats below)
[2026-08-29 21:37:35,560][train][INFO] - {"epoch": 6, "train_loss": "130.022", "train_nll_loss": "7.876", "train_total": "1209.17", "train_n_correct": "73.5", "train_ppl": "234.92", "train_accuracy": "6.079", "train_wps": "1594.6", "train_ups": "1.32", "train_wpb": "1209.2", "train_bsz": "75", "train_num_updates": "144", "train_lr": "0.0010992", "train_gnorm": "3.753", "train_loss_scale": "128", "train_train_wall": "10", "train_gb_free": "42.8", "train_wall": "112"}
[2026-08-29 21:37:35,882][fairseq.logging.progress_bar][WARNING] - tensorboard not found, please install with: pip install tensorboard
[2026-08-29 21:37:35,885][fairseq.trainer][INFO] - begin training epoch 7
[2026-08-29 21:37:35,886][fairseq_cli.train][INFO] - Start iterating over samples
[2026-08-29 21:37:47,309][fairseq_cli.train][INFO] - begin validation on "valid" subset
[2026-08-29 21:37:47,523][fairseq.logging.progress_bar][WARNING] - tensorboard not found, please install with: pip install tensorboard
[2026-08-29 21:37:49,480][valid][INFO] - {"epoch": 7, "valid_loss": "127.778", "valid_nll_loss": "7.736", "valid_total": "291.154", "valid_n_correct": "18.0769", "valid_ppl": "213.18", "valid_accuracy": "6.209", "valid_wps": "4396.7", "valid_wpb": "291.2", "valid_bsz": "18.1", "valid_num_updates": "168", "valid_best_accuracy": "6.209"}
[2026-08-29 21:37:49,482][fairseq.checkpoint_utils][INFO] - Preparing to save checkpoint for epoch 7 @ 168 updates
[2026-08-29 21:37:49,483][fairseq.trainer][INFO] - Saving checkpoint to checkpoints/checkpoint_best.pt
[2026-08-29 21:37:51,726][fairseq.trainer][INFO] - Finished saving checkpoint to checkpoints/checkpoint_best.pt
[2026-08-29 21:37:54,241][fairseq.checkpoint_utils][INFO] - Saved checkpoint checkpoints/checkpoint_best.pt (epoch 7 @ 168 updates, score 6.209) (writing took 4.758812768384814 seconds)
[2026-08-29 21:37:54,243][fairseq_cli.train][INFO] - end of epoch 7 (average epoch stats below)
[2026-08-29 21:37:54,245][train][INFO] - {"epoch": 7, "train_loss": "129.438", "train_nll_loss": "7.839", "train_total": "1209.17", "train_n_correct": "73.6667", "train_ppl": "229.02", "train_accuracy": "6.092", "train_wps": "1553.2", "train_ups": "1.28", "train_wpb": "1209.2", "train_bsz": "75", "train_num_updates": "168", "train_lr": "0.0012774", "train_gnorm": "3.861", "train_loss_scale": "128", "train_train_wall": "10", "train_gb_free": "42.9", "train_wall": "131"}
[2026-08-29 21:37:54,541][fairseq.logging.progress_bar][WARNING] - tensorboard not found, please install with: pip install tensorboard
[2026-08-29 21:37:54,545][fairseq.trainer][INFO] - begin training epoch 8
[2026-08-29 21:37:54,546][fairseq_cli.train][INFO] - Start iterating over samples
[2026-08-29 21:38:05,790][fairseq_cli.train][INFO] - begin validation on "valid" subset
[2026-08-29 21:38:06,010][fairseq.logging.progress_bar][WARNING] - tensorboard not found, please install with: pip install tensorboard
[2026-08-29 21:38:07,916][valid][INFO] - {"epoch": 8, "valid_loss": "126.925", "valid_nll_loss": "7.673", "valid_total": "291.154", "valid_n_correct": "18.0769", "valid_ppl": "204.08", "valid_accuracy": "6.209", "valid_wps": "4340.3", "valid_wpb": "291.2", "valid_bsz": "18.1", "valid_num_updates": "192", "valid_best_accuracy": "6.209"}
[2026-08-29 21:38:07,920][fairseq.checkpoint_utils][INFO] - Preparing to save checkpoint for epoch 8 @ 192 updates
[2026-08-29 21:38:07,921][fairseq.trainer][INFO] - Saving checkpoint to checkpoints/checkpoint_best.pt
[2026-08-29 21:38:10,242][fairseq.trainer][INFO] - Finished saving checkpoint to checkpoints/checkpoint_best.pt
[2026-08-29 21:38:13,078][fairseq.checkpoint_utils][INFO] - Saved checkpoint checkpoints/checkpoint_best.pt (epoch 8 @ 192 updates, score 6.209) (writing took 5.157653336413205 seconds)
[2026-08-29 21:38:13,079][fairseq_cli.train][INFO] - end of epoch 8 (average epoch stats below)
[2026-08-29 21:38:13,082][train][INFO] - {"epoch": 8, "train_loss": "128.829", "train_nll_loss": "7.798", "train_total": "1209.17", "train_n_correct": "73.6667", "train_ppl": "222.56", "train_accuracy": "6.092", "train_wps": "1540.7", "train_ups": "1.27", "train_wpb": "1209.2", "train_bsz": "75", "train_num_updates": "192", "train_lr": "0.0014556", "train_gnorm": "3.877", "train_loss_scale": "128", "train_train_wall": "10", "train_gb_free": "42.9", "train_wall": "150"}
[2026-08-29 21:38:13,445][fairseq.logging.progress_bar][WARNING] - tensorboard not found, please install with: pip install tensorboard
[2026-08-29 21:38:13,448][fairseq.trainer][INFO] - begin training epoch 9
[2026-08-29 21:38:13,449][fairseq_cli.train][INFO] - Start iterating over samples
[2026-08-29 21:38:18,363][train_inner][INFO] - {"epoch": 9, "update": 8.333, "loss": "130.427", "nll_loss": "7.853", "total": "1215", "n_correct": "73", "ppl": "231.17", "accuracy": "6.008", "wps": "1577.7", "ups": "1.3", "wpb": "1215", "bsz": "74.9", "num_updates": "200", "lr": "0.001515", "gnorm": "3.814", "loss_scale": "128", "train_wall": "42", "gb_free": "42.7", "wall": "155"}
[2026-08-29 21:38:25,051][fairseq_cli.train][INFO] - begin validation on "valid" subset
[2026-08-29 21:38:25,259][fairseq.logging.progress_bar][WARNING] - tensorboard not found, please install with: pip install tensorboard
[2026-08-29 21:38:27,116][valid][INFO] - {"epoch": 9, "valid_loss": "126.129", "valid_nll_loss": "7.619", "valid_total": "291.154", "valid_n_correct": "18.5385", "valid_ppl": "196.57", "valid_accuracy": "6.367", "valid_wps": "4207.5", "valid_wpb": "291.2", "valid_bsz": "18.1", "valid_num_updates": "216", "valid_best_accuracy": "6.367"}
[2026-08-29 21:38:27,119][fairseq.checkpoint_utils][INFO] - Preparing to save checkpoint for epoch 9 @ 216 updates
[2026-08-29 21:38:27,120][fairseq.trainer][INFO] - Saving checkpoint to checkpoints/checkpoint_best.pt
[2026-08-29 21:38:29,323][fairseq.trainer][INFO] - Finished saving checkpoint to checkpoints/checkpoint_best.pt
[2026-08-29 21:38:31,874][fairseq.checkpoint_utils][INFO] - Saved checkpoint checkpoints/checkpoint_best.pt (epoch 9 @ 216 updates, score 6.367) (writing took 4.754789894446731 seconds)
[2026-08-29 21:38:31,875][fairseq_cli.train][INFO] - end of epoch 9 (average epoch stats below)
[2026-08-29 21:38:31,878][train][INFO] - {"epoch": 9, "train_loss": "128.112", "train_nll_loss": "7.746", "train_total": "1209.17", "train_n_correct": "73.9583", "train_ppl": "214.7", "train_accuracy": "6.116", "train_wps": "1544.2", "train_ups": "1.28", "train_wpb": "1209.2", "train_bsz": "75", "train_num_updates": "216", "train_lr": "0.0016338", "train_gnorm": "3.983", "train_loss_scale": "128", "train_train_wall": "10", "train_gb_free": "42.9", "train_wall": "168"}
[2026-08-29 21:38:32,212][fairseq.logging.progress_bar][WARNING] - tensorboard not found, please install with: pip install tensorboard
[2026-08-29 21:38:32,222][fairseq.trainer][INFO] - begin training epoch 10
[2026-08-29 21:38:32,223][fairseq_cli.train][INFO] - Start iterating over samples
[2026-08-29 21:38:43,229][fairseq_cli.train][INFO] - begin validation on "valid" subset
[2026-08-29 21:38:43,450][fairseq.logging.progress_bar][WARNING] - tensorboard not found, please install with: pip install tensorboard
[2026-08-29 21:38:45,412][valid][INFO] - {"epoch": 10, "valid_loss": "124.953", "valid_nll_loss": "7.532", "valid_total": "291.154", "valid_n_correct": "23.8462", "valid_ppl": "185.11", "valid_accuracy": "8.19", "valid_wps": "4440.9", "valid_wpb": "291.2", "valid_bsz": "18.1", "valid_num_updates": "240", "valid_best_accuracy": "8.19"}
[2026-08-29 21:38:45,415][fairseq.checkpoint_utils][INFO] - Preparing to save checkpoint for epoch 10 @ 240 updates
[2026-08-29 21:38:45,416][fairseq.trainer][INFO] - Saving checkpoint to checkpoints/checkpoint_best.pt
[2026-08-29 21:38:47,687][fairseq.trainer][INFO] - Finished saving checkpoint to checkpoints/checkpoint_best.pt
[2026-08-29 21:38:50,346][fairseq.checkpoint_utils][INFO] - Saved checkpoint checkpoints/checkpoint_best.pt (epoch 10 @ 240 updates, score 8.19) (writing took 4.930908995680511 seconds)
[2026-08-29 21:38:50,348][fairseq_cli.train][INFO] - end of epoch 10 (average epoch stats below)
[2026-08-29 21:38:50,350][train][INFO] - {"epoch": 10, "train_loss": "127.073", "train_nll_loss": "7.673", "train_total": "1209.17", "train_n_correct": "86.1667", "train_ppl": "204.1", "train_accuracy": "7.126", "train_wps": "1571.1", "train_ups": "1.3", "train_wpb": "1209.2", "train_bsz": "75", "train_num_updates": "240", "train_lr": "0.001812", "train_gnorm": "4.132", "train_loss_scale": "128", "train_train_wall": "10", "train_gb_free": "42.9", "train_wall": "187"}
[2026-08-29 21:38:50,555][fairseq.logging.progress_bar][WARNING] - tensorboard not found, please install with: pip install tensorboard
[2026-08-29 21:38:50,557][fairseq.trainer][INFO] - begin training epoch 11
[2026-08-29 21:38:50,558][fairseq_cli.train][INFO] - Start iterating over samples
[2026-08-29 21:39:01,312][fairseq_cli.train][INFO] - begin validation on "valid" subset
[2026-08-29 21:39:01,522][fairseq.logging.progress_bar][WARNING] - tensorboard not found, please install with: pip install tensorboard
[2026-08-29 21:39:03,513][valid][INFO] - {"epoch": 11, "valid_loss": "123.825", "valid_nll_loss": "7.45", "valid_total": "291.154", "valid_n_correct": "24.7692", "valid_ppl": "174.83", "valid_accuracy": "8.507", "valid_wps": "4393.8", "valid_wpb": "291.2", "valid_bsz": "18.1", "valid_num_updates": "264", "valid_best_accuracy": "8.507"}
[2026-08-29 21:39:03,515][fairseq.checkpoint_utils][INFO] - Preparing to save checkpoint for epoch 11 @ 264 updates
[2026-08-29 21:39:03,516][fairseq.trainer][INFO] - Saving checkpoint to checkpoints/checkpoint_best.pt
[2026-08-29 21:39:05,733][fairseq.trainer][INFO] - Finished saving checkpoint to checkpoints/checkpoint_best.pt
[2026-08-29 21:39:08,344][fairseq.checkpoint_utils][INFO] - Saved checkpoint checkpoints/checkpoint_best.pt (epoch 11 @ 264 updates, score 8.507) (writing took 4.828275705687702 seconds)
[2026-08-29 21:39:08,346][fairseq_cli.train][INFO] - end of epoch 11 (average epoch stats below)
[2026-08-29 21:39:08,350][train][INFO] - {"epoch": 11, "train_loss": "125.996", "train_nll_loss": "7.596", "train_total": "1209.17", "train_n_correct": "95.8333", "train_ppl": "193.5", "train_accuracy": "7.926", "train_wps": "1612.4", "train_ups": "1.33", "train_wpb": "1209.2", "train_bsz": "75", "train_num_updates": "264", "train_lr": "0.0019902", "train_gnorm": "4.233", "train_loss_scale": "128", "train_train_wall": "10", "train_gb_free": "42.8", "train_wall": "205"}
[2026-08-29 21:39:08,671][fairseq.logging.progress_bar][WARNING] - tensorboard not found, please install with: pip install tensorboard
[2026-08-29 21:39:08,673][fairseq.trainer][INFO] - begin training epoch 12
[2026-08-29 21:39:08,674][fairseq_cli.train][INFO] - Start iterating over samples
[2026-08-29 21:39:20,135][fairseq_cli.train][INFO] - begin validation on "valid" subset
[2026-08-29 21:39:20,421][fairseq.logging.progress_bar][WARNING] - tensorboard not found, please install with: pip install tensorboard
[2026-08-29 21:39:22,522][valid][INFO] - {"epoch": 12, "valid_loss": "122.89", "valid_nll_loss": "7.381", "valid_total": "291.154", "valid_n_correct": "24.9231", "valid_ppl": "166.64", "valid_accuracy": "8.56", "valid_wps": "4414.6", "valid_wpb": "291.2", "valid_bsz": "18.1", "valid_num_updates": "288", "valid_best_accuracy": "8.56"}
[2026-08-29 21:39:22,525][fairseq.checkpoint_utils][INFO] - Preparing to save checkpoint for epoch 12 @ 288 updates
[2026-08-29 21:39:22,526][fairseq.trainer][INFO] - Saving checkpoint to checkpoints/checkpoint_best.pt
[2026-08-29 21:39:24,670][fairseq.trainer][INFO] - Finished saving checkpoint to checkpoints/checkpoint_best.pt
[2026-08-29 21:39:27,709][fairseq.checkpoint_utils][INFO] - Saved checkpoint checkpoints/checkpoint_best.pt (epoch 12 @ 288 updates, score 8.56) (writing took 5.183809802867472 seconds)
[2026-08-29 21:39:27,711][fairseq_cli.train][INFO] - end of epoch 12 (average epoch stats below)
[2026-08-29 21:39:27,713][train][INFO] - {"epoch": 12, "train_loss": "124.886", "train_nll_loss": "7.516", "train_total": "1209.17", "train_n_correct": "98.25", "train_ppl": "182.99", "train_accuracy": "8.125", "train_wps": "1498.8", "train_ups": "1.24", "train_wpb": "1209.2", "train_bsz": "75", "train_num_updates": "288", "train_lr": "0.0021684", "train_gnorm": "4.476", "train_loss_scale": "128", "train_train_wall": "10", "train_gb_free": "43", "train_wall": "224"}
[2026-08-29 21:39:28,038][fairseq.logging.progress_bar][WARNING] - tensorboard not found, please install with: pip install tensorboard
[2026-08-29 21:39:28,041][fairseq.trainer][INFO] - begin training epoch 13
[2026-08-29 21:39:28,042][fairseq_cli.train][INFO] - Start iterating over samples
[2026-08-29 21:39:34,611][train_inner][INFO] - {"epoch": 13, "update": 12.5, "loss": "124.932", "nll_loss": "7.595", "total": "1195.61", "n_correct": "90.93", "ppl": "193.4", "accuracy": "7.605", "wps": "1568.2", "ups": "1.31", "wpb": "1195.6", "bsz": "74.8", "num_updates": "300", "lr": "0.0022575", "gnorm": "4.35", "loss_scale": "128", "train_wall": "41", "gb_free": "42.8", "wall": "231"}
[2026-08-29 21:39:39,548][fairseq_cli.train][INFO] - begin validation on "valid" subset
[2026-08-29 21:39:39,755][fairseq.logging.progress_bar][WARNING] - tensorboard not found, please install with: pip install tensorboard
[2026-08-29 21:39:41,784][valid][INFO] - {"epoch": 13, "valid_loss": "121.857", "valid_nll_loss": "7.307", "valid_total": "291.154", "valid_n_correct": "26.6154", "valid_ppl": "158.4", "valid_accuracy": "9.141", "valid_wps": "4423.9", "valid_wpb": "291.2", "valid_bsz": "18.1", "valid_num_updates": "312", "valid_best_accuracy": "9.141"}
[2026-08-29 21:39:41,787][fairseq.checkpoint_utils][INFO] - Preparing to save checkpoint for epoch 13 @ 312 updates
[2026-08-29 21:39:41,788][fairseq.trainer][INFO] - Saving checkpoint to checkpoints/checkpoint_best.pt
[2026-08-29 21:39:44,080][fairseq.trainer][INFO] - Finished saving checkpoint to checkpoints/checkpoint_best.pt
[2026-08-29 21:39:46,712][fairseq.checkpoint_utils][INFO] - Saved checkpoint checkpoints/checkpoint_best.pt (epoch 13 @ 312 updates, score 9.141) (writing took 4.924413116648793 seconds)
[2026-08-29 21:39:46,713][fairseq_cli.train][INFO] - end of epoch 13 (average epoch stats below)
[2026-08-29 21:39:46,716][train][INFO] - {"epoch": 13, "train_loss": "123.865", "train_nll_loss": "7.44", "train_total": "1209.17", "train_n_correct": "99.25", "train_ppl": "173.7", "train_accuracy": "8.208", "train_wps": "1527.2", "train_ups": "1.26", "train_wpb": "1209.2", "train_bsz": "75", "train_num_updates": "312", "train_lr": "0.0023466", "train_gnorm": "5.167", "train_loss_scale": "128", "train_train_wall": "10", "train_gb_free": "43", "train_wall": "243"}
[2026-08-29 21:39:46,996][fairseq.logging.progress_bar][WARNING] - tensorboard not found, please install with: pip install tensorboard
[2026-08-29 21:39:46,998][fairseq.trainer][INFO] - begin training epoch 14
[2026-08-29 21:39:46,999][fairseq_cli.train][INFO] - Start iterating over samples
[2026-08-29 21:39:58,827][fairseq_cli.train][INFO] - begin validation on "valid" subset
[2026-08-29 21:39:59,026][fairseq.logging.progress_bar][WARNING] - tensorboard not found, please install with: pip install tensorboard
[2026-08-29 21:40:01,089][valid][INFO] - {"epoch": 14, "valid_loss": "120.73", "valid_nll_loss": "7.222", "valid_total": "291.154", "valid_n_correct": "26.6154", "valid_ppl": "149.32", "valid_accuracy": "9.141", "valid_wps": "4430.7", "valid_wpb": "291.2", "valid_bsz": "18.1", "valid_num_updates": "336", "valid_best_accuracy": "9.141"}
[2026-08-29 21:40:01,092][fairseq.checkpoint_utils][INFO] - Preparing to save checkpoint for epoch 14 @ 336 updates
[2026-08-29 21:40:01,093][fairseq.trainer][INFO] - Saving checkpoint to checkpoints/checkpoint_best.pt
[2026-08-29 21:40:03,280][fairseq.trainer][INFO] - Finished saving checkpoint to checkpoints/checkpoint_best.pt
[2026-08-29 21:40:05,951][fairseq.checkpoint_utils][INFO] - Saved checkpoint checkpoints/checkpoint_best.pt (epoch 14 @ 336 updates, score 9.141) (writing took 4.858809374272823 seconds)
[2026-08-29 21:40:05,952][fairseq_cli.train][INFO] - end of epoch 14 (average epoch stats below)
[2026-08-29 21:40:05,954][train][INFO] - {"epoch": 14, "train_loss": "122.675", "train_nll_loss": "7.355", "train_total": "1209.17", "train_n_correct": "102.125", "train_ppl": "163.66", "train_accuracy": "8.446", "train_wps": "1508.6", "train_ups": "1.25", "train_wpb": "1209.2", "train_bsz": "75", "train_num_updates": "336", "train_lr": "0.0025248", "train_gnorm": "5.164", "train_loss_scale": "128", "train_train_wall": "10", "train_gb_free": "42.8", "train_wall": "263"}
[2026-08-29 21:40:06,224][fairseq.logging.progress_bar][WARNING] - tensorboard not found, please install with: pip install tensorboard
[2026-08-29 21:40:06,226][fairseq.trainer][INFO] - begin training epoch 15
[2026-08-29 21:40:06,227][fairseq_cli.train][INFO] - Start iterating over samples
[2026-08-29 21:40:17,849][fairseq_cli.train][INFO] - begin validation on "valid" subset
[2026-08-29 21:40:18,066][fairseq.logging.progress_bar][WARNING] - tensorboard not found, please install with: pip install tensorboard
[2026-08-29 21:40:20,023][valid][INFO] - {"epoch": 15, "valid_loss": "119.645", "valid_nll_loss": "7.139", "valid_total": "291.154", "valid_n_correct": "27.4615", "valid_ppl": "140.94", "valid_accuracy": "9.432", "valid_wps": "4239", "valid_wpb": "291.2", "valid_bsz": "18.1", "valid_num_updates": "360", "valid_best_accuracy": "9.432"}
[2026-08-29 21:40:20,026][fairseq.checkpoint_utils][INFO] - Preparing to save checkpoint for epoch 15 @ 360 updates
[2026-08-29 21:40:20,027][fairseq.trainer][INFO] - Saving checkpoint to checkpoints/checkpoint_best.pt
[2026-08-29 21:40:22,272][fairseq.trainer][INFO] - Finished saving checkpoint to checkpoints/checkpoint_best.pt
[2026-08-29 21:40:24,881][fairseq.checkpoint_utils][INFO] - Saved checkpoint checkpoints/checkpoint_best.pt (epoch 15 @ 360 updates, score 9.432) (writing took 4.85463086143136 seconds)
[2026-08-29 21:40:24,882][fairseq_cli.train][INFO] - end of epoch 15 (average epoch stats below)
[2026-08-29 21:40:24,885][train][INFO] - {"epoch": 15, "train_loss": "121.565", "train_nll_loss": "7.274", "train_total": "1209.17", "train_n_correct": "106.458", "train_ppl": "154.81", "train_accuracy": "8.804", "train_wps": "1533.1", "train_ups": "1.27", "train_wpb": "1209.2", "train_bsz": "75", "train_num_updates": "360", "train_lr": "0.002703", "train_gnorm": "5.729", "train_loss_scale": "128", "train_train_wall": "10", "train_gb_free": "43", "train_wall": "282"}
[2026-08-29 21:40:25,166][fairseq.logging.progress_bar][WARNING] - tensorboard not found, please install with: pip install tensorboard
[2026-08-29 21:40:25,169][fairseq.trainer][INFO] - begin training epoch 16
[2026-08-29 21:40:25,169][fairseq_cli.train][INFO] - Start iterating over samples
[2026-08-29 21:40:36,513][fairseq_cli.train][INFO] - begin validation on "valid" subset
[2026-08-29 21:40:36,721][fairseq.logging.progress_bar][WARNING] - tensorboard not found, please install with: pip install tensorboard
[2026-08-29 21:40:38,673][valid][INFO] - {"epoch": 16, "valid_loss": "118.805", "valid_nll_loss": "7.078", "valid_total": "291.154", "valid_n_correct": "28.3077", "valid_ppl": "135.13", "valid_accuracy": "9.723", "valid_wps": "4435.8", "valid_wpb": "291.2", "valid_bsz": "18.1", "valid_num_updates": "384", "valid_best_accuracy": "9.723"}
[2026-08-29 21:40:38,675][fairseq.checkpoint_utils][INFO] - Preparing to save checkpoint for epoch 16 @ 384 updates
[2026-08-29 21:40:38,676][fairseq.trainer][INFO] - Saving checkpoint to checkpoints/checkpoint_best.pt
[2026-08-29 21:40:40,804][fairseq.trainer][INFO] - Finished saving checkpoint to checkpoints/checkpoint_best.pt
[2026-08-29 21:40:43,517][fairseq.checkpoint_utils][INFO] - Saved checkpoint checkpoints/checkpoint_best.pt (epoch 16 @ 384 updates, score 9.723) (writing took 4.84159928560257 seconds)
[2026-08-29 21:40:43,519][fairseq_cli.train][INFO] - end of epoch 16 (average epoch stats below)
[2026-08-29 21:40:43,522][train][INFO] - {"epoch": 16, "train_loss": "120.238", "train_nll_loss": "7.179", "train_total": "1209.17", "train_n_correct": "109.708", "train_ppl": "144.94", "train_accuracy": "9.073", "train_wps": "1557.2", "train_ups": "1.29", "train_wpb": "1209.2", "train_bsz": "75", "train_num_updates": "384", "train_lr": "0.0028812", "train_gnorm": "5.47", "train_loss_scale": "128", "train_train_wall": "10", "train_gb_free": "42.7", "train_wall": "300"}
[2026-08-29 21:40:43,785][fairseq.logging.progress_bar][WARNING] - tensorboard not found, please install with: pip install tensorboard
[2026-08-29 21:40:43,788][fairseq.trainer][INFO] - begin training epoch 17
[2026-08-29 21:40:43,789][fairseq_cli.train][INFO] - Start iterating over samples
[2026-08-29 21:40:51,401][train_inner][INFO] - {"epoch": 17, "update": 16.667, "loss": "121.751", "nll_loss": "7.265", "total": "1212.32", "n_correct": "106.71", "ppl": "153.85", "accuracy": "8.802", "wps": "1578.8", "ups": "1.3", "wpb": "1212.3", "bsz": "75", "num_updates": "400", "lr": "0.003", "gnorm": "5.432", "loss_scale": "128", "train_wall": "42", "gb_free": "42.7", "wall": "308"}
[2026-08-29 21:40:54,716][fairseq_cli.train][INFO] - begin validation on "valid" subset
[2026-08-29 21:40:54,919][fairseq.logging.progress_bar][WARNING] - tensorboard not found, please install with: pip install tensorboard
[2026-08-29 21:40:56,888][valid][INFO] - {"epoch": 17, "valid_loss": "117.458", "valid_nll_loss": "6.984", "valid_total": "291.154", "valid_n_correct": "29.5385", "valid_ppl": "126.63", "valid_accuracy": "10.145", "valid_wps": "4402.8", "valid_wpb": "291.2", "valid_bsz": "18.1", "valid_num_updates": "408", "valid_best_accuracy": "10.145"}
[2026-08-29 21:40:56,890][fairseq.checkpoint_utils][INFO] - Preparing to save checkpoint for epoch 17 @ 408 updates
[2026-08-29 21:40:56,891][fairseq.trainer][INFO] - Saving checkpoint to checkpoints/checkpoint_best.pt
[2026-08-29 21:40:59,094][fairseq.trainer][INFO] - Finished saving checkpoint to checkpoints/checkpoint_best.pt
[2026-08-29 21:41:02,137][fairseq.checkpoint_utils][INFO] - Saved checkpoint checkpoints/checkpoint_best.pt (epoch 17 @ 408 updates, score 10.145) (writing took 5.245958836749196 seconds)
[2026-08-29 21:41:02,138][fairseq_cli.train][INFO] - end of epoch 17 (average epoch stats below)
[2026-08-29 21:41:02,140][train][INFO] - {"epoch": 17, "train_loss": "119.001", "train_nll_loss": "7.09", "train_total": "1209.17", "train_n_correct": "115.458", "train_ppl": "136.26", "train_accuracy": "9.549", "train_wps": "1558.9", "train_ups": "1.29", "train_wpb": "1209.2", "train_bsz": "75", "train_num_updates": "408", "train_lr": "0.00298208", "train_gnorm": "5.648", "train_loss_scale": "128", "train_train_wall": "10", "train_gb_free": "42.7", "train_wall": "319"}
[2026-08-29 21:41:02,426][fairseq.logging.progress_bar][WARNING] - tensorboard not found, please install with: pip install tensorboard
[2026-08-29 21:41:02,428][fairseq.trainer][INFO] - begin training epoch 18
[2026-08-29 21:41:02,429][fairseq_cli.train][INFO] - Start iterating over samples
[2026-08-29 21:41:13,898][fairseq_cli.train][INFO] - begin validation on "valid" subset
[2026-08-29 21:41:14,221][fairseq.logging.progress_bar][WARNING] - tensorboard not found, please install with: pip install tensorboard
[2026-08-29 21:41:16,202][valid][INFO] - {"epoch": 18, "valid_loss": "116.264", "valid_nll_loss": "6.898", "valid_total": "291.154", "valid_n_correct": "30.8462", "valid_ppl": "119.25", "valid_accuracy": "10.594", "valid_wps": "4460", "valid_wpb": "291.2", "valid_bsz": "18.1", "valid_num_updates": "432", "valid_best_accuracy": "10.594"}
[2026-08-29 21:41:16,213][fairseq.checkpoint_utils][INFO] - Preparing to save checkpoint for epoch 18 @ 432 updates
[2026-08-29 21:41:16,214][fairseq.trainer][INFO] - Saving checkpoint to checkpoints/checkpoint_best.pt
[2026-08-29 21:41:18,340][fairseq.trainer][INFO] - Finished saving checkpoint to checkpoints/checkpoint_best.pt
[2026-08-29 21:41:20,937][fairseq.checkpoint_utils][INFO] - Saved checkpoint checkpoints/checkpoint_best.pt (epoch 18 @ 432 updates, score 10.594) (writing took 4.724588297307491 seconds)
[2026-08-29 21:41:20,938][fairseq_cli.train][INFO] - end of epoch 18 (average epoch stats below)
[2026-08-29 21:41:20,940][train][INFO] - {"epoch": 18, "train_loss": "117.688", "train_nll_loss": "6.997", "train_total": "1209.17", "train_n_correct": "119.5", "train_ppl": "127.69", "train_accuracy": "9.883", "train_wps": "1543.7", "train_ups": "1.28", "train_wpb": "1209.2", "train_bsz": "75", "train_num_updates": "432", "train_lr": "0.00292896", "train_gnorm": "5.693", "train_loss_scale": "128", "train_train_wall": "10", "train_gb_free": "42.8", "train_wall": "338"}
[2026-08-29 21:41:21,252][fairseq.logging.progress_bar][WARNING] - tensorboard not found, please install with: pip install tensorboard
[2026-08-29 21:41:21,256][fairseq.trainer][INFO] - begin training epoch 19
[2026-08-29 21:41:21,257][fairseq_cli.train][INFO] - Start iterating over samples
[2026-08-29 21:41:32,597][fairseq_cli.train][INFO] - begin validation on "valid" subset
[2026-08-29 21:41:32,824][fairseq.logging.progress_bar][WARNING] - tensorboard not found, please install with: pip install tensorboard
[2026-08-29 21:41:34,977][valid][INFO] - {"epoch": 19, "valid_loss": "115.515", "valid_nll_loss": "6.84", "valid_total": "291.154", "valid_n_correct": "31.6154", "valid_ppl": "114.6", "valid_accuracy": "10.859", "valid_wps": "4444.9", "valid_wpb": "291.2", "valid_bsz": "18.1", "valid_num_updates": "456", "valid_best_accuracy": "10.859"}
[2026-08-29 21:41:34,980][fairseq.checkpoint_utils][INFO] - Preparing to save checkpoint for epoch 19 @ 456 updates
[2026-08-29 21:41:34,981][fairseq.trainer][INFO] - Saving checkpoint to checkpoints/checkpoint_best.pt
[2026-08-29 21:41:37,229][fairseq.trainer][INFO] - Finished saving checkpoint to checkpoints/checkpoint_best.pt
[2026-08-29 21:41:40,200][fairseq.checkpoint_utils][INFO] - Saved checkpoint checkpoints/checkpoint_best.pt (epoch 19 @ 456 updates, score 10.859) (writing took 5.220292476005852 seconds)
[2026-08-29 21:41:40,211][fairseq_cli.train][INFO] - end of epoch 19 (average epoch stats below)
[2026-08-29 21:41:40,213][train][INFO] - {"epoch": 19, "train_loss": "116.557", "train_nll_loss": "6.916", "train_total": "1209.17", "train_n_correct": "125.417", "train_ppl": "120.75", "train_accuracy": "10.372", "train_wps": "1505.9", "train_ups": "1.25", "train_wpb": "1209.2", "train_bsz": "75", "train_num_updates": "456", "train_lr": "0.00287678", "train_gnorm": "5.982", "train_loss_scale": "128", "train_train_wall": "10", "train_gb_free": "42.8", "train_wall": "357"}
[2026-08-29 21:41:40,538][fairseq.logging.progress_bar][WARNING] - tensorboard not found, please install with: pip install tensorboard
[2026-08-29 21:41:40,541][fairseq.trainer][INFO] - begin training epoch 20
[2026-08-29 21:41:40,541][fairseq_cli.train][INFO] - Start iterating over samples
[2026-08-29 21:41:52,235][fairseq_cli.train][INFO] - begin validation on "valid" subset
[2026-08-29 21:41:52,432][fairseq.logging.progress_bar][WARNING] - tensorboard not found, please install with: pip install tensorboard
[2026-08-29 21:41:54,396][valid][INFO] - {"epoch": 20, "valid_loss": "114.433", "valid_nll_loss": "6.768", "valid_total": "291.154", "valid_n_correct": "33.7692", "valid_ppl": "108.97", "valid_accuracy": "11.598", "valid_wps": "4440", "valid_wpb": "291.2", "valid_bsz": "18.1", "valid_num_updates": "480", "valid_best_accuracy": "11.598"}
[2026-08-29 21:41:54,399][fairseq.checkpoint_utils][INFO] - Preparing to save checkpoint for epoch 20 @ 480 updates
[2026-08-29 21:41:54,400][fairseq.trainer][INFO] - Saving checkpoint to checkpoints/checkpoint_best.pt
[2026-08-29 21:41:56,785][fairseq.trainer][INFO] - Finished saving checkpoint to checkpoints/checkpoint_best.pt
[2026-08-29 21:41:59,641][fairseq.checkpoint_utils][INFO] - Saved checkpoint checkpoints/checkpoint_best.pt (epoch 20 @ 480 updates, score 11.598) (writing took 5.242373453453183 seconds)
[2026-08-29 21:41:59,642][fairseq_cli.train][INFO] - end of epoch 20 (average epoch stats below)
[2026-08-29 21:41:59,645][train][INFO] - {"epoch": 20, "train_loss": "115.505", "train_nll_loss": "6.842", "train_total": "1209.17", "train_n_correct": "127.417", "train_ppl": "114.7", "train_accuracy": "10.538", "train_wps": "1493.5", "train_ups": "1.24", "train_wpb": "1209.2", "train_bsz": "75", "train_num_updates": "480", "train_lr": "0.00282553", "train_gnorm": "6.118", "train_loss_scale": "128", "train_train_wall": "10", "train_gb_free": "42.7", "train_wall": "376"}
[2026-08-29 21:41:59,931][fairseq.logging.progress_bar][WARNING] - tensorboard not found, please install with: pip install tensorboard
[2026-08-29 21:41:59,935][fairseq.trainer][INFO] - begin training epoch 21
[2026-08-29 21:41:59,936][fairseq_cli.train][INFO] - Start iterating over samples
[2026-08-29 21:42:09,707][train_inner][INFO] - {"epoch": 21, "update": 20.833, "loss": "116.666", "nll_loss": "6.905", "total": "1217.55", "n_correct": "126.25", "ppl": "119.85", "accuracy": "10.369", "wps": "1555", "ups": "1.28", "wpb": "1217.5", "bsz": "75.3", "num_updates": "500", "lr": "0.00278353", "gnorm": "6.016", "loss_scale": "128", "train_wall": "42", "gb_free": "43", "wall": "386"}
[2026-08-29 21:42:11,243][fairseq_cli.train][INFO] - begin validation on "valid" subset
[2026-08-29 21:42:11,471][fairseq.logging.progress_bar][WARNING] - tensorboard not found, please install with: pip install tensorboard
[2026-08-29 21:42:13,597][valid][INFO] - {"epoch": 21, "valid_loss": "114.116", "valid_nll_loss": "6.733", "valid_total": "291.154", "valid_n_correct": "34.3077", "valid_ppl": "106.34", "valid_accuracy": "11.783", "valid_wps": "4362.9", "valid_wpb": "291.2", "valid_bsz": "18.1", "valid_num_updates": "504", "valid_best_accuracy": "11.783"}
[2026-08-29 21:42:13,600][fairseq.checkpoint_utils][INFO] - Preparing to save checkpoint for epoch 21 @ 504 updates
[2026-08-29 21:42:13,610][fairseq.trainer][INFO] - Saving checkpoint to checkpoints/checkpoint_best.pt
[2026-08-29 21:42:15,820][fairseq.trainer][INFO] - Finished saving checkpoint to checkpoints/checkpoint_best.pt
[2026-08-29 21:42:18,464][fairseq.checkpoint_utils][INFO] - Saved checkpoint checkpoints/checkpoint_best.pt (epoch 21 @ 504 updates, score 11.783) (writing took 4.864621696062386 seconds)
[2026-08-29 21:42:18,466][fairseq_cli.train][INFO] - end of epoch 21 (average epoch stats below)
[2026-08-29 21:42:18,469][train][INFO] - {"epoch": 21, "train_loss": "114.545", "train_nll_loss": "6.773", "train_total": "1209.17", "train_n_correct": "135.625", "train_ppl": "109.33", "train_accuracy": "11.216", "train_wps": "1541.7", "train_ups": "1.28", "train_wpb": "1209.2", "train_bsz": "75", "train_num_updates": "504", "train_lr": "0.0027752", "train_gnorm": "6.38", "train_loss_scale": "128", "train_train_wall": "10", "train_gb_free": "42.8", "train_wall": "395"}
[2026-08-29 21:42:18,741][fairseq.logging.progress_bar][WARNING] - tensorboard not found, please install with: pip install tensorboard
[2026-08-29 21:42:18,744][fairseq.trainer][INFO] - begin training epoch 22
[2026-08-29 21:42:18,745][fairseq_cli.train][INFO] - Start iterating over samples
[2026-08-29 21:42:29,939][fairseq_cli.train][INFO] - begin validation on "valid" subset
[2026-08-29 21:42:30,134][fairseq.logging.progress_bar][WARNING] - tensorboard not found, please install with: pip install tensorboard
[2026-08-29 21:42:32,242][valid][INFO] - {"epoch": 22, "valid_loss": "112.903", "valid_nll_loss": "6.657", "valid_total": "291.154", "valid_n_correct": "35.6154", "valid_ppl": "100.89", "valid_accuracy": "12.232", "valid_wps": "4445.1", "valid_wpb": "291.2", "valid_bsz": "18.1", "valid_num_updates": "528", "valid_best_accuracy": "12.232"}
[2026-08-29 21:42:32,245][fairseq.checkpoint_utils][INFO] - Preparing to save checkpoint for epoch 22 @ 528 updates
[2026-08-29 21:42:32,246][fairseq.trainer][INFO] - Saving checkpoint to checkpoints/checkpoint_best.pt
[2026-08-29 21:42:34,406][fairseq.trainer][INFO] - Finished saving checkpoint to checkpoints/checkpoint_best.pt
[2026-08-29 21:42:36,969][fairseq.checkpoint_utils][INFO] - Saved checkpoint checkpoints/checkpoint_best.pt (epoch 22 @ 528 updates, score 12.232) (writing took 4.724619742482901 seconds)
[2026-08-29 21:42:36,971][fairseq_cli.train][INFO] - end of epoch 22 (average epoch stats below)
[2026-08-29 21:42:36,974][train][INFO] - {"epoch": 22, "train_loss": "113.522", "train_nll_loss": "6.701", "train_total": "1209.17", "train_n_correct": "143.792", "train_ppl": "104.03", "train_accuracy": "11.892", "train_wps": "1568.4", "train_ups": "1.3", "train_wpb": "1209.2", "train_bsz": "75", "train_num_updates": "528", "train_lr": "0.00272576", "train_gnorm": "6.609", "train_loss_scale": "128", "train_train_wall": "10", "train_gb_free": "42.9", "train_wall": "414"}
[2026-08-29 21:42:37,283][fairseq.logging.progress_bar][WARNING] - tensorboard not found, please install with: pip install tensorboard
[2026-08-29 21:42:37,285][fairseq.trainer][INFO] - begin training epoch 23
[2026-08-29 21:42:37,286][fairseq_cli.train][INFO] - Start iterating over samples
[2026-08-29 21:42:49,068][fairseq_cli.train][INFO] - begin validation on "valid" subset
[2026-08-29 21:42:49,289][fairseq.logging.progress_bar][WARNING] - tensorboard not found, please install with: pip install tensorboard
[2026-08-29 21:42:51,242][valid][INFO] - {"epoch": 23, "valid_loss": "112.593", "valid_nll_loss": "6.632", "valid_total": "291.154", "valid_n_correct": "37.0769", "valid_ppl": "99.17", "valid_accuracy": "12.734", "valid_wps": "4374.2", "valid_wpb": "291.2", "valid_bsz": "18.1", "valid_num_updates": "552", "valid_best_accuracy": "12.734"}
[2026-08-29 21:42:51,245][fairseq.checkpoint_utils][INFO] - Preparing to save checkpoint for epoch 23 @ 552 updates
[2026-08-29 21:42:51,246][fairseq.trainer][INFO] - Saving checkpoint to checkpoints/checkpoint_best.pt
[2026-08-29 21:42:53,639][fairseq.trainer][INFO] - Finished saving checkpoint to checkpoints/checkpoint_best.pt
[2026-08-29 21:42:56,364][fairseq.checkpoint_utils][INFO] - Saved checkpoint checkpoints/checkpoint_best.pt (epoch 23 @ 552 updates, score 12.734) (writing took 5.11944651324302 seconds)
[2026-08-29 21:42:56,366][fairseq_cli.train][INFO] - end of epoch 23 (average epoch stats below)
[2026-08-29 21:42:56,368][train][INFO] - {"epoch": 23, "train_loss": "112.821", "train_nll_loss": "6.65", "train_total": "1209.17", "train_n_correct": "146.958", "train_ppl": "100.42", "train_accuracy": "12.154", "train_wps": "1496.5", "train_ups": "1.24", "train_wpb": "1209.2", "train_bsz": "75", "train_num_updates": "552", "train_lr": "0.00267721", "train_gnorm": "6.068", "train_loss_scale": "128", "train_train_wall": "10", "train_gb_free": "42.8", "train_wall": "433"}
[2026-08-29 21:42:56,675][fairseq.logging.progress_bar][WARNING] - tensorboard not found, please install with: pip install tensorboard
[2026-08-29 21:42:56,677][fairseq.trainer][INFO] - begin training epoch 24
[2026-08-29 21:42:56,678][fairseq_cli.train][INFO] - Start iterating over samples
[2026-08-29 21:43:07,886][fairseq_cli.train][INFO] - begin validation on "valid" subset
[2026-08-29 21:43:08,094][fairseq.logging.progress_bar][WARNING] - tensorboard not found, please install with: pip install tensorboard
[2026-08-29 21:43:10,095][valid][INFO] - {"epoch": 24, "valid_loss": "111.895", "valid_nll_loss": "6.581", "valid_total": "291.154", "valid_n_correct": "39.1538", "valid_ppl": "95.75", "valid_accuracy": "13.448", "valid_wps": "4015.1", "valid_wpb": "291.2", "valid_bsz": "18.1", "valid_num_updates": "576", "valid_best_accuracy": "13.448"}
[2026-08-29 21:43:10,098][fairseq.checkpoint_utils][INFO] - Preparing to save checkpoint for epoch 24 @ 576 updates
[2026-08-29 21:43:10,099][fairseq.trainer][INFO] - Saving checkpoint to checkpoints/checkpoint_best.pt
[2026-08-29 21:43:12,314][fairseq.trainer][INFO] - Finished saving checkpoint to checkpoints/checkpoint_best.pt
[2026-08-29 21:43:15,011][fairseq.checkpoint_utils][INFO] - Saved checkpoint checkpoints/checkpoint_best.pt (epoch 24 @ 576 updates, score 13.448) (writing took 4.912952663376927 seconds)
[2026-08-29 21:43:15,012][fairseq_cli.train][INFO] - end of epoch 24 (average epoch stats below)
[2026-08-29 21:43:15,014][train][INFO] - {"epoch": 24, "train_loss": "111.996", "train_nll_loss": "6.593", "train_total": "1209.17", "train_n_correct": "159.083", "train_ppl": "96.52", "train_accuracy": "13.156", "train_wps": "1556.5", "train_ups": "1.29", "train_wpb": "1209.2", "train_bsz": "75", "train_num_updates": "576", "train_lr": "0.00262952", "train_gnorm": "5.986", "train_loss_scale": "128", "train_train_wall": "10", "train_gb_free": "42.7", "train_wall": "452"}
[2026-08-29 21:43:15,320][fairseq.logging.progress_bar][WARNING] - tensorboard not found, please install with: pip install tensorboard
[2026-08-29 21:43:15,322][fairseq.trainer][INFO] - begin training epoch 25
[2026-08-29 21:43:15,323][fairseq_cli.train][INFO] - Start iterating over samples
[2026-08-29 21:43:26,985][train_inner][INFO] - {"epoch": 25, "update": 25.0, "loss": "112.302", "nll_loss": "6.631", "total": "1206.18", "n_correct": "151.4", "ppl": "99.13", "accuracy": "12.552", "wps": "1560.9", "ups": "1.29", "wpb": "1206.2", "bsz": "75", "num_updates": "600", "lr": "0.00258267", "gnorm": "6.158", "loss_scale": "128", "train_wall": "42", "gb_free": "42.8", "wall": "464"}
[2026-08-29 21:43:26,987][fairseq_cli.train][INFO] - begin validation on "valid" subset
[2026-08-29 21:43:27,191][fairseq.logging.progress_bar][WARNING] - tensorboard not found, please install with: pip install tensorboard
[2026-08-29 21:43:29,306][valid][INFO] - {"epoch": 25, "valid_loss": "112.019", "valid_nll_loss": "6.585", "valid_total": "291.154", "valid_n_correct": "39.9231", "valid_ppl": "96", "valid_accuracy": "13.712", "valid_wps": "4007.9", "valid_wpb": "291.2", "valid_bsz": "18.1", "valid_num_updates": "600", "valid_best_accuracy": "13.712"}
[2026-08-29 21:43:29,312][fairseq.checkpoint_utils][INFO] - Preparing to save checkpoint for epoch 25 @ 600 updates
[2026-08-29 21:43:29,313][fairseq.trainer][INFO] - Saving checkpoint to checkpoints/checkpoint_best.pt
[2026-08-29 21:43:31,522][fairseq.trainer][INFO] - Finished saving checkpoint to checkpoints/checkpoint_best.pt
[2026-08-29 21:43:34,055][fairseq.checkpoint_utils][INFO] - Saved checkpoint checkpoints/checkpoint_best.pt (epoch 25 @ 600 updates, score 13.712) (writing took 4.743444767780602 seconds)
[2026-08-29 21:43:34,056][fairseq_cli.train][INFO] - end of epoch 25 (average epoch stats below)
[2026-08-29 21:43:34,058][train][INFO] - {"epoch": 25, "train_loss": "111.449", "train_nll_loss": "6.553", "train_total": "1209.17", "train_n_correct": "159.208", "train_ppl": "93.9", "train_accuracy": "13.167", "train_wps": "1524", "train_ups": "1.26", "train_wpb": "1209.2", "train_bsz": "75", "train_num_updates": "600", "train_lr": "0.00258267", "train_gnorm": "5.976", "train_loss_scale": "128", "train_train_wall": "10", "train_gb_free": "42.8", "train_wall": "471"}
[2026-08-29 21:43:34,266][fairseq.logging.progress_bar][WARNING] - tensorboard not found, please install with: pip install tensorboard
[2026-08-29 21:43:34,268][fairseq.trainer][INFO] - begin training epoch 26
[2026-08-29 21:43:34,268][fairseq_cli.train][INFO] - Start iterating over samples
[2026-08-29 21:43:45,846][fairseq_cli.train][INFO] - begin validation on "valid" subset
[2026-08-29 21:43:46,055][fairseq.logging.progress_bar][WARNING] - tensorboard not found, please install with: pip install tensorboard
[2026-08-29 21:43:48,121][valid][INFO] - {"epoch": 26, "valid_loss": "110.894", "valid_nll_loss": "6.509", "valid_total": "291.154", "valid_n_correct": "41.3846", "valid_ppl": "91.07", "valid_accuracy": "14.214", "valid_wps": "4428.9", "valid_wpb": "291.2", "valid_bsz": "18.1", "valid_num_updates": "624", "valid_best_accuracy": "14.214"}
[2026-08-29 21:43:48,124][fairseq.checkpoint_utils][INFO] - Preparing to save checkpoint for epoch 26 @ 624 updates
[2026-08-29 21:43:48,126][fairseq.trainer][INFO] - Saving checkpoint to checkpoints/checkpoint_best.pt
[2026-08-29 21:43:50,316][fairseq.trainer][INFO] - Finished saving checkpoint to checkpoints/checkpoint_best.pt
[2026-08-29 21:43:53,195][fairseq.checkpoint_utils][INFO] - Saved checkpoint checkpoints/checkpoint_best.pt (epoch 26 @ 624 updates, score 14.214) (writing took 5.071510182693601 seconds)
[2026-08-29 21:43:53,197][fairseq_cli.train][INFO] - end of epoch 26 (average epoch stats below)
[2026-08-29 21:43:53,198][train][INFO] - {"epoch": 26, "train_loss": "110.968", "train_nll_loss": "6.518", "train_total": "1209.17", "train_n_correct": "165.625", "train_ppl": "91.67", "train_accuracy": "13.697", "train_wps": "1516.2", "train_ups": "1.25", "train_wpb": "1209.2", "train_bsz": "75", "train_num_updates": "624", "train_lr": "0.00253667", "train_gnorm": "6.999", "train_loss_scale": "128", "train_train_wall": "10", "train_gb_free": "43", "train_wall": "490"}
[2026-08-29 21:43:53,509][fairseq.logging.progress_bar][WARNING] - tensorboard not found, please install with: pip install tensorboard
[2026-08-29 21:43:53,512][fairseq.trainer][INFO] - begin training epoch 27
[2026-08-29 21:43:53,513][fairseq_cli.train][INFO] - Start iterating over samples
[2026-08-29 21:44:04,963][fairseq_cli.train][INFO] - begin validation on "valid" subset
[2026-08-29 21:44:05,264][fairseq.logging.progress_bar][WARNING] - tensorboard not found, please install with: pip install tensorboard
[2026-08-29 21:44:07,211][valid][INFO] - {"epoch": 27, "valid_loss": "110.478", "valid_nll_loss": "6.478", "valid_total": "291.154", "valid_n_correct": "43.3077", "valid_ppl": "89.15", "valid_accuracy": "14.875", "valid_wps": "4309.3", "valid_wpb": "291.2", "valid_bsz": "18.1", "valid_num_updates": "648", "valid_best_accuracy": "14.875"}
[2026-08-29 21:44:07,214][fairseq.checkpoint_utils][INFO] - Preparing to save checkpoint for epoch 27 @ 648 updates
[2026-08-29 21:44:07,215][fairseq.trainer][INFO] - Saving checkpoint to checkpoints/checkpoint_best.pt
[2026-08-29 21:44:09,416][fairseq.trainer][INFO] - Finished saving checkpoint to checkpoints/checkpoint_best.pt
[2026-08-29 21:44:11,966][fairseq.checkpoint_utils][INFO] - Saved checkpoint checkpoints/checkpoint_best.pt (epoch 27 @ 648 updates, score 14.875) (writing took 4.75180001091212 seconds)
[2026-08-29 21:44:11,967][fairseq_cli.train][INFO] - end of epoch 27 (average epoch stats below)
[2026-08-29 21:44:11,970][train][INFO] - {"epoch": 27, "train_loss": "110.531", "train_nll_loss": "6.488", "train_total": "1209.17", "train_n_correct": "170.5", "train_ppl": "89.77", "train_accuracy": "14.101", "train_wps": "1547.6", "train_ups": "1.28", "train_wpb": "1209.2", "train_bsz": "75", "train_num_updates": "648", "train_lr": "0.00249148", "train_gnorm": "6.122", "train_loss_scale": "128", "train_train_wall": "10", "train_gb_free": "43", "train_wall": "509"}
[2026-08-29 21:44:12,210][fairseq.logging.progress_bar][WARNING] - tensorboard not found, please install with: pip install tensorboard
[2026-08-29 21:44:12,221][fairseq.trainer][INFO] - begin training epoch 28
[2026-08-29 21:44:12,222][fairseq_cli.train][INFO] - Start iterating over samples
[2026-08-29 21:44:23,867][fairseq_cli.train][INFO] - begin validation on "valid" subset
[2026-08-29 21:44:24,069][fairseq.logging.progress_bar][WARNING] - tensorboard not found, please install with: pip install tensorboard
[2026-08-29 21:44:26,134][valid][INFO] - {"epoch": 28, "valid_loss": "111.037", "valid_nll_loss": "6.512", "valid_total": "291.154", "valid_n_correct": "44.1538", "valid_ppl": "91.24", "valid_accuracy": "15.165", "valid_wps": "4331.5", "valid_wpb": "291.2", "valid_bsz": "18.1", "valid_num_updates": "672", "valid_best_accuracy": "15.165"}
[2026-08-29 21:44:26,138][fairseq.checkpoint_utils][INFO] - Preparing to save checkpoint for epoch 28 @ 672 updates
[2026-08-29 21:44:26,139][fairseq.trainer][INFO] - Saving checkpoint to checkpoints/checkpoint_best.pt
[2026-08-29 21:44:28,637][fairseq.trainer][INFO] - Finished saving checkpoint to checkpoints/checkpoint_best.pt
[2026-08-29 21:44:31,511][fairseq.checkpoint_utils][INFO] - Saved checkpoint checkpoints/checkpoint_best.pt (epoch 28 @ 672 updates, score 15.165) (writing took 5.373233703896403 seconds)
[2026-08-29 21:44:31,513][fairseq_cli.train][INFO] - end of epoch 28 (average epoch stats below)
[2026-08-29 21:44:31,517][train][INFO] - {"epoch": 28, "train_loss": "109.754", "train_nll_loss": "6.432", "train_total": "1209.17", "train_n_correct": "178.208", "train_ppl": "86.37", "train_accuracy": "14.738", "train_wps": "1484.7", "train_ups": "1.23", "train_wpb": "1209.2", "train_bsz": "75", "train_num_updates": "672", "train_lr": "0.0024471", "train_gnorm": "6.577", "train_loss_scale": "128", "train_train_wall": "10", "train_gb_free": "42.7", "train_wall": "528"}
[2026-08-29 21:44:31,810][fairseq.logging.progress_bar][WARNING] - tensorboard not found, please install with: pip install tensorboard
[2026-08-29 21:44:31,813][fairseq.trainer][INFO] - begin training epoch 29
[2026-08-29 21:44:31,814][fairseq_cli.train][INFO] - Start iterating over samples
[2026-08-29 21:44:43,389][fairseq_cli.train][INFO] - begin validation on "valid" subset
[2026-08-29 21:44:43,641][fairseq.logging.progress_bar][WARNING] - tensorboard not found, please install with: pip install tensorboard
[2026-08-29 21:44:45,795][valid][INFO] - {"epoch": 29, "valid_loss": "109.881", "valid_nll_loss": "6.433", "valid_total": "291.154", "valid_n_correct": "45.3846", "valid_ppl": "86.4", "valid_accuracy": "15.588", "valid_wps": "4456.7", "valid_wpb": "291.2", "valid_bsz": "18.1", "valid_num_updates": "696", "valid_best_accuracy": "15.588"}
[2026-08-29 21:44:45,797][fairseq.checkpoint_utils][INFO] - Preparing to save checkpoint for epoch 29 @ 696 updates
[2026-08-29 21:44:45,798][fairseq.trainer][INFO] - Saving checkpoint to checkpoints/checkpoint_best.pt
[2026-08-29 21:44:48,016][fairseq.trainer][INFO] - Finished saving checkpoint to checkpoints/checkpoint_best.pt
[2026-08-29 21:44:50,529][fairseq.checkpoint_utils][INFO] - Saved checkpoint checkpoints/checkpoint_best.pt (epoch 29 @ 696 updates, score 15.588) (writing took 4.7314650528132915 seconds)
[2026-08-29 21:44:50,530][fairseq_cli.train][INFO] - end of epoch 29 (average epoch stats below)
[2026-08-29 21:44:50,532][train][INFO] - {"epoch": 29, "train_loss": "109.307", "train_nll_loss": "6.401", "train_total": "1209.17", "train_n_correct": "182.667", "train_ppl": "84.52", "train_accuracy": "15.107", "train_wps": "1526.2", "train_ups": "1.26", "train_wpb": "1209.2", "train_bsz": "75", "train_num_updates": "696", "train_lr": "0.00240351", "train_gnorm": "6.377", "train_loss_scale": "128", "train_train_wall": "10", "train_gb_free": "42.7", "train_wall": "547"}
[2026-08-29 21:44:50,829][fairseq.logging.progress_bar][WARNING] - tensorboard not found, please install with: pip install tensorboard
[2026-08-29 21:44:50,832][fairseq.trainer][INFO] - begin training epoch 30
[2026-08-29 21:44:50,833][fairseq_cli.train][INFO] - Start iterating over samples
[2026-08-29 21:44:54,080][train_inner][INFO] - {"epoch": 30, "update": 29.167, "loss": "109.715", "nll_loss": "6.457", "total": "1211.13", "n_correct": "175.12", "ppl": "87.83", "accuracy": "14.459", "wps": "1390.6", "ups": "1.15", "wpb": "1211.1", "bsz": "75.4", "num_updates": "700", "lr": "0.00239632", "gnorm": "6.464", "loss_scale": "128", "train_wall": "43", "gb_free": "42.8", "wall": "551"}
[2026-08-29 21:45:02,742][fairseq_cli.train][INFO] - begin validation on "valid" subset
[2026-08-29 21:45:03,010][fairseq.logging.progress_bar][WARNING] - tensorboard not found, please install with: pip install tensorboard
[2026-08-29 21:45:04,964][valid][INFO] - {"epoch": 30, "valid_loss": "109.269", "valid_nll_loss": "6.395", "valid_total": "291.154", "valid_n_correct": "47.3077", "valid_ppl": "84.16", "valid_accuracy": "16.248", "valid_wps": "4296.7", "valid_wpb": "291.2", "valid_bsz": "18.1", "valid_num_updates": "720", "valid_best_accuracy": "16.248"}
[2026-08-29 21:45:04,966][fairseq.checkpoint_utils][INFO] - Preparing to save checkpoint for epoch 30 @ 720 updates
[2026-08-29 21:45:04,967][fairseq.trainer][INFO] - Saving checkpoint to checkpoints/checkpoint_best.pt
[2026-08-29 21:45:07,185][fairseq.trainer][INFO] - Finished saving checkpoint to checkpoints/checkpoint_best.pt
[2026-08-29 21:45:10,121][fairseq.checkpoint_utils][INFO] - Saved checkpoint checkpoints/checkpoint_best.pt (epoch 30 @ 720 updates, score 16.248) (writing took 5.154828215017915 seconds)
[2026-08-29 21:45:10,122][fairseq_cli.train][INFO] - end of epoch 30 (average epoch stats below)
[2026-08-29 21:45:10,124][train][INFO] - {"epoch": 30, "train_loss": "108.871", "train_nll_loss": "6.37", "train_total": "1209.17", "train_n_correct": "189.208", "train_ppl": "82.69", "train_accuracy": "15.648", "train_wps": "1481.4", "train_ups": "1.23", "train_wpb": "1209.2", "train_bsz": "75", "train_num_updates": "720", "train_lr": "0.00236069", "train_gnorm": "6.43", "train_loss_scale": "128", "train_train_wall": "10", "train_gb_free": "42.7", "train_wall": "567"}
[2026-08-29 21:45:10,442][fairseq.logging.progress_bar][WARNING] - tensorboard not found, please install with: pip install tensorboard
[2026-08-29 21:45:10,445][fairseq.trainer][INFO] - begin training epoch 31
[2026-08-29 21:45:10,446][fairseq_cli.train][INFO] - Start iterating over samples
[2026-08-29 21:45:21,704][fairseq_cli.train][INFO] - begin validation on "valid" subset
[2026-08-29 21:45:21,923][fairseq.logging.progress_bar][WARNING] - tensorboard not found, please install with: pip install tensorboard
[2026-08-29 21:45:23,898][valid][INFO] - {"epoch": 31, "valid_loss": "109.324", "valid_nll_loss": "6.388", "valid_total": "291.154", "valid_n_correct": "48", "valid_ppl": "83.77", "valid_accuracy": "16.486", "valid_wps": "4421.1", "valid_wpb": "291.2", "valid_bsz": "18.1", "valid_num_updates": "744", "valid_best_accuracy": "16.486"}
[2026-08-29 21:45:23,910][fairseq.checkpoint_utils][INFO] - Preparing to save checkpoint for epoch 31 @ 744 updates
[2026-08-29 21:45:23,911][fairseq.trainer][INFO] - Saving checkpoint to checkpoints/checkpoint_best.pt
[2026-08-29 21:45:26,010][fairseq.trainer][INFO] - Finished saving checkpoint to checkpoints/checkpoint_best.pt
[2026-08-29 21:45:28,885][fairseq.checkpoint_utils][INFO] - Saved checkpoint checkpoints/checkpoint_best.pt (epoch 31 @ 744 updates, score 16.486) (writing took 4.975380037911236 seconds)
[2026-08-29 21:45:28,887][fairseq_cli.train][INFO] - end of epoch 31 (average epoch stats below)
[2026-08-29 21:45:28,889][train][INFO] - {"epoch": 31, "train_loss": "108.306", "train_nll_loss": "6.331", "train_total": "1209.17", "train_n_correct": "193", "train_ppl": "80.49", "train_accuracy": "15.961", "train_wps": "1546.6", "train_ups": "1.28", "train_wpb": "1209.2", "train_bsz": "75", "train_num_updates": "744", "train_lr": "0.00231864", "train_gnorm": "5.998", "train_loss_scale": "128", "train_train_wall": "10", "train_gb_free": "42.8", "train_wall": "586"}
[2026-08-29 21:45:29,174][fairseq.logging.progress_bar][WARNING] - tensorboard not found, please install with: pip install tensorboard
[2026-08-29 21:45:29,177][fairseq.trainer][INFO] - begin training epoch 32
[2026-08-29 21:45:29,177][fairseq_cli.train][INFO] - Start iterating over samples
[2026-08-29 21:45:40,677][fairseq_cli.train][INFO] - begin validation on "valid" subset
[2026-08-29 21:45:40,898][fairseq.logging.progress_bar][WARNING] - tensorboard not found, please install with: pip install tensorboard
[2026-08-29 21:45:42,911][valid][INFO] - {"epoch": 32, "valid_loss": "109.314", "valid_nll_loss": "6.392", "valid_total": "291.154", "valid_n_correct": "49", "valid_ppl": "83.97", "valid_accuracy": "16.83", "valid_wps": "3933.3", "valid_wpb": "291.2", "valid_bsz": "18.1", "valid_num_updates": "768", "valid_best_accuracy": "16.83"}
[2026-08-29 21:45:42,914][fairseq.checkpoint_utils][INFO] - Preparing to save checkpoint for epoch 32 @ 768 updates
[2026-08-29 21:45:42,915][fairseq.trainer][INFO] - Saving checkpoint to checkpoints/checkpoint_best.pt
[2026-08-29 21:45:45,158][fairseq.trainer][INFO] - Finished saving checkpoint to checkpoints/checkpoint_best.pt
[2026-08-29 21:45:47,722][fairseq.checkpoint_utils][INFO] - Saved checkpoint checkpoints/checkpoint_best.pt (epoch 32 @ 768 updates, score 16.83) (writing took 4.80807594768703 seconds)
[2026-08-29 21:45:47,729][fairseq_cli.train][INFO] - end of epoch 32 (average epoch stats below)
[2026-08-29 21:45:47,732][train][INFO] - {"epoch": 32, "train_loss": "108.056", "train_nll_loss": "6.311", "train_total": "1209.17", "train_n_correct": "196.292", "train_ppl": "79.41", "train_accuracy": "16.234", "train_wps": "1540.2", "train_ups": "1.27", "train_wpb": "1209.2", "train_bsz": "75", "train_num_updates": "768", "train_lr": "0.00227733", "train_gnorm": "6.559", "train_loss_scale": "128", "train_train_wall": "10", "train_gb_free": "42.9", "train_wall": "604"}
[2026-08-29 21:45:48,051][fairseq.logging.progress_bar][WARNING] - tensorboard not found, please install with: pip install tensorboard
[2026-08-29 21:45:48,122][fairseq.trainer][INFO] - begin training epoch 33
[2026-08-29 21:45:48,123][fairseq_cli.train][INFO] - Start iterating over samples
[2026-08-29 21:45:59,831][fairseq_cli.train][INFO] - begin validation on "valid" subset
[2026-08-29 21:46:00,114][fairseq.logging.progress_bar][WARNING] - tensorboard not found, please install with: pip install tensorboard
[2026-08-29 21:46:02,050][valid][INFO] - {"epoch": 33, "valid_loss": "108.89", "valid_nll_loss": "6.359", "valid_total": "291.154", "valid_n_correct": "50", "valid_ppl": "82.09", "valid_accuracy": "17.173", "valid_wps": "4299.1", "valid_wpb": "291.2", "valid_bsz": "18.1", "valid_num_updates": "792", "valid_best_accuracy": "17.173"}
[2026-08-29 21:46:02,052][fairseq.checkpoint_utils][INFO] - Preparing to save checkpoint for epoch 33 @ 792 updates
[2026-08-29 21:46:02,053][fairseq.trainer][INFO] - Saving checkpoint to checkpoints/checkpoint_best.pt
[2026-08-29 21:46:04,225][fairseq.trainer][INFO] - Finished saving checkpoint to checkpoints/checkpoint_best.pt
[2026-08-29 21:46:07,399][fairseq.checkpoint_utils][INFO] - Saved checkpoint checkpoints/checkpoint_best.pt (epoch 33 @ 792 updates, score 17.173) (writing took 5.346228275448084 seconds)
[2026-08-29 21:46:07,400][fairseq_cli.train][INFO] - end of epoch 33 (average epoch stats below)
[2026-08-29 21:46:07,415][train][INFO] - {"epoch": 33, "train_loss": "107.516", "train_nll_loss": "6.274", "train_total": "1209.17", "train_n_correct": "202.625", "train_ppl": "77.38", "train_accuracy": "16.757", "train_wps": "1474.4", "train_ups": "1.22", "train_wpb": "1209.2", "train_bsz": "75", "train_num_updates": "792", "train_lr": "0.00223676", "train_gnorm": "6.086", "train_loss_scale": "128", "train_train_wall": "10", "train_gb_free": "42.7", "train_wall": "624"}
[2026-08-29 21:46:07,771][fairseq.logging.progress_bar][WARNING] - tensorboard not found, please install with: pip install tensorboard
[2026-08-29 21:46:07,774][fairseq.trainer][INFO] - begin training epoch 34
[2026-08-29 21:46:07,775][fairseq_cli.train][INFO] - Start iterating over samples
[2026-08-29 21:46:12,333][train_inner][INFO] - {"epoch": 34, "update": 33.333, "loss": "108.61", "nll_loss": "6.312", "total": "1202.5", "n_correct": "195.54", "ppl": "79.42", "accuracy": "16.261", "wps": "1536.7", "ups": "1.28", "wpb": "1202.5", "bsz": "74.2", "num_updates": "800", "lr": "0.0022234", "gnorm": "6.317", "loss_scale": "128", "train_wall": "42", "gb_free": "42.7", "wall": "629"}
[2026-08-29 21:46:19,228][fairseq_cli.train][INFO] - begin validation on "valid" subset
[2026-08-29 21:46:19,433][fairseq.logging.progress_bar][WARNING] - tensorboard not found, please install with: pip install tensorboard
[2026-08-29 21:46:21,505][valid][INFO] - {"epoch": 34, "valid_loss": "108.123", "valid_nll_loss": "6.307", "valid_total": "291.154", "valid_n_correct": "51", "valid_ppl": "79.19", "valid_accuracy": "17.517", "valid_wps": "4433.7", "valid_wpb": "291.2", "valid_bsz": "18.1", "valid_num_updates": "816", "valid_best_accuracy": "17.517"}
[2026-08-29 21:46:21,514][fairseq.checkpoint_utils][INFO] - Preparing to save checkpoint for epoch 34 @ 816 updates
[2026-08-29 21:46:21,515][fairseq.trainer][INFO] - Saving checkpoint to checkpoints/checkpoint_best.pt
[2026-08-29 21:46:23,753][fairseq.trainer][INFO] - Finished saving checkpoint to checkpoints/checkpoint_best.pt
[2026-08-29 21:46:26,276][fairseq.checkpoint_utils][INFO] - Saved checkpoint checkpoints/checkpoint_best.pt (epoch 34 @ 816 updates, score 17.517) (writing took 4.761557315476239 seconds)
[2026-08-29 21:46:26,277][fairseq_cli.train][INFO] - end of epoch 34 (average epoch stats below)
[2026-08-29 21:46:26,280][train][INFO] - {"epoch": 34, "train_loss": "107.203", "train_nll_loss": "6.251", "train_total": "1209.17", "train_n_correct": "206.25", "train_ppl": "76.19", "train_accuracy": "17.057", "train_wps": "1538.5", "train_ups": "1.27", "train_wpb": "1209.2", "train_bsz": "75", "train_num_updates": "816", "train_lr": "0.00219692", "train_gnorm": "6.088", "train_loss_scale": "128", "train_train_wall": "10", "train_gb_free": "42.7", "train_wall": "643"}
[2026-08-29 21:46:26,568][fairseq.logging.progress_bar][WARNING] - tensorboard not found, please install with: pip install tensorboard
[2026-08-29 21:46:26,571][fairseq.trainer][INFO] - begin training epoch 35
[2026-08-29 21:46:26,572][fairseq_cli.train][INFO] - Start iterating over samples
[2026-08-29 21:46:38,107][fairseq_cli.train][INFO] - begin validation on "valid" subset
[2026-08-29 21:46:38,318][fairseq.logging.progress_bar][WARNING] - tensorboard not found, please install with: pip install tensorboard
[2026-08-29 21:46:40,342][valid][INFO] - {"epoch": 35, "valid_loss": "108.122", "valid_nll_loss": "6.307", "valid_total": "291.154", "valid_n_correct": "50.9231", "valid_ppl": "79.15", "valid_accuracy": "17.49", "valid_wps": "4440.5", "valid_wpb": "291.2", "valid_bsz": "18.1", "valid_num_updates": "840", "valid_best_accuracy": "17.517"}
[2026-08-29 21:46:40,344][fairseq.checkpoint_utils][INFO] - Preparing to save checkpoint for epoch 35 @ 840 updates
[2026-08-29 21:46:40,345][fairseq.trainer][INFO] - Saving checkpoint to checkpoints/checkpoint_last.pt
[2026-08-29 21:46:42,503][fairseq.trainer][INFO] - Finished saving checkpoint to checkpoints/checkpoint_last.pt
[2026-08-29 21:46:42,518][fairseq.checkpoint_utils][INFO] - Saved checkpoint checkpoints/checkpoint_last.pt (epoch 35 @ 840 updates, score 17.49) (writing took 2.173589801415801 seconds)
[2026-08-29 21:46:42,519][fairseq_cli.train][INFO] - end of epoch 35 (average epoch stats below)
[2026-08-29 21:46:42,521][train][INFO] - {"epoch": 35, "train_loss": "106.963", "train_nll_loss": "6.235", "train_total": "1209.17", "train_n_correct": "211.083", "train_ppl": "75.31", "train_accuracy": "17.457", "train_wps": "1786.9", "train_ups": "1.48", "train_wpb": "1209.2", "train_bsz": "75", "train_num_updates": "840", "train_lr": "0.00215778", "train_gnorm": "6.419", "train_loss_scale": "128", "train_train_wall": "10", "train_gb_free": "42.7", "train_wall": "659"}
[2026-08-29 21:46:42,710][fairseq.logging.progress_bar][WARNING] - tensorboard not found, please install with: pip install tensorboard
[2026-08-29 21:46:42,721][fairseq.trainer][INFO] - begin training epoch 36
[2026-08-29 21:46:42,721][fairseq_cli.train][INFO] - Start iterating over samples
[2026-08-29 21:46:54,516][fairseq_cli.train][INFO] - begin validation on "valid" subset
[2026-08-29 21:46:54,722][fairseq.logging.progress_bar][WARNING] - tensorboard not found, please install with: pip install tensorboard
[2026-08-29 21:46:56,773][valid][INFO] - {"epoch": 36, "valid_loss": "107.658", "valid_nll_loss": "6.278", "valid_total": "291.154", "valid_n_correct": "50.7692", "valid_ppl": "77.59", "valid_accuracy": "17.437", "valid_wps": "4456.8", "valid_wpb": "291.2", "valid_bsz": "18.1", "valid_num_updates": "864", "valid_best_accuracy": "17.517"}
[2026-08-29 21:46:56,776][fairseq.checkpoint_utils][INFO] - Preparing to save checkpoint for epoch 36 @ 864 updates
[2026-08-29 21:46:56,777][fairseq.trainer][INFO] - Saving checkpoint to checkpoints/checkpoint_last.pt
[2026-08-29 21:46:59,080][fairseq.trainer][INFO] - Finished saving checkpoint to checkpoints/checkpoint_last.pt
[2026-08-29 21:46:59,087][fairseq.checkpoint_utils][INFO] - Saved checkpoint checkpoints/checkpoint_last.pt (epoch 36 @ 864 updates, score 17.437) (writing took 2.311391359195113 seconds)
[2026-08-29 21:46:59,088][fairseq_cli.train][INFO] - end of epoch 36 (average epoch stats below)
[2026-08-29 21:46:59,090][train][INFO] - {"epoch": 36, "train_loss": "106.566", "train_nll_loss": "6.205", "train_total": "1209.17", "train_n_correct": "215.583", "train_ppl": "73.79", "train_accuracy": "17.829", "train_wps": "1751.6", "train_ups": "1.45", "train_wpb": "1209.2", "train_bsz": "75", "train_num_updates": "864", "train_lr": "0.00211935", "train_gnorm": "6.148", "train_loss_scale": "128", "train_train_wall": "10", "train_gb_free": "42.7", "train_wall": "676"}
[2026-08-29 21:46:59,278][fairseq.logging.progress_bar][WARNING] - tensorboard not found, please install with: pip install tensorboard
[2026-08-29 21:46:59,280][fairseq.trainer][INFO] - begin training epoch 37
[2026-08-29 21:46:59,281][fairseq_cli.train][INFO] - Start iterating over samples
[2026-08-29 21:47:10,813][fairseq_cli.train][INFO] - begin validation on "valid" subset
[2026-08-29 21:47:11,021][fairseq.logging.progress_bar][WARNING] - tensorboard not found, please install with: pip install tensorboard
[2026-08-29 21:47:13,150][valid][INFO] - {"epoch": 37, "valid_loss": "107.633", "valid_nll_loss": "6.274", "valid_total": "291.154", "valid_n_correct": "53.4615", "valid_ppl": "77.37", "valid_accuracy": "18.362", "valid_wps": "4441.1", "valid_wpb": "291.2", "valid_bsz": "18.1", "valid_num_updates": "888", "valid_best_accuracy": "18.362"}
[2026-08-29 21:47:13,153][fairseq.checkpoint_utils][INFO] - Preparing to save checkpoint for epoch 37 @ 888 updates
[2026-08-29 21:47:13,154][fairseq.trainer][INFO] - Saving checkpoint to checkpoints/checkpoint_best.pt
[2026-08-29 21:47:15,491][fairseq.trainer][INFO] - Finished saving checkpoint to checkpoints/checkpoint_best.pt
[2026-08-29 21:47:18,259][fairseq.checkpoint_utils][INFO] - Saved checkpoint checkpoints/checkpoint_best.pt (epoch 37 @ 888 updates, score 18.362) (writing took 5.105887017212808 seconds)
[2026-08-29 21:47:18,261][fairseq_cli.train][INFO] - end of epoch 37 (average epoch stats below)
[2026-08-29 21:47:18,263][train][INFO] - {"epoch": 37, "train_loss": "106.251", "train_nll_loss": "6.184", "train_total": "1209.17", "train_n_correct": "221.875", "train_ppl": "72.72", "train_accuracy": "18.349", "train_wps": "1513.7", "train_ups": "1.25", "train_wpb": "1209.2", "train_bsz": "75", "train_num_updates": "888", "train_lr": "0.00208159", "train_gnorm": "6.37", "train_loss_scale": "128", "train_train_wall": "10", "train_gb_free": "43", "train_wall": "695"}
[2026-08-29 21:47:18,544][fairseq.logging.progress_bar][WARNING] - tensorboard not found, please install with: pip install tensorboard
[2026-08-29 21:47:18,547][fairseq.trainer][INFO] - begin training epoch 38
[2026-08-29 21:47:18,548][fairseq_cli.train][INFO] - Start iterating over samples
[2026-08-29 21:47:25,550][train_inner][INFO] - {"epoch": 38, "update": 37.5, "loss": "106.503", "nll_loss": "6.221", "total": "1226.95", "n_correct": "217.35", "ppl": "74.61", "accuracy": "17.715", "wps": "1676.9", "ups": "1.37", "wpb": "1227", "bsz": "76.3", "num_updates": "900", "lr": "0.00206297", "gnorm": "6.174", "loss_scale": "128", "train_wall": "43", "gb_free": "43", "wall": "702"}
[2026-08-29 21:47:30,442][fairseq_cli.train][INFO] - begin validation on "valid" subset
[2026-08-29 21:47:30,657][fairseq.logging.progress_bar][WARNING] - tensorboard not found, please install with: pip install tensorboard
[2026-08-29 21:47:32,743][valid][INFO] - {"epoch": 38, "valid_loss": "107.673", "valid_nll_loss": "6.269", "valid_total": "291.154", "valid_n_correct": "53.9231", "valid_ppl": "77.11", "valid_accuracy": "18.52", "valid_wps": "4247.8", "valid_wpb": "291.2", "valid_bsz": "18.1", "valid_num_updates": "912", "valid_best_accuracy": "18.52"}
[2026-08-29 21:47:32,746][fairseq.checkpoint_utils][INFO] - Preparing to save checkpoint for epoch 38 @ 912 updates
[2026-08-29 21:47:32,747][fairseq.trainer][INFO] - Saving checkpoint to checkpoints/checkpoint_best.pt
[2026-08-29 21:47:34,887][fairseq.trainer][INFO] - Finished saving checkpoint to checkpoints/checkpoint_best.pt
[2026-08-29 21:47:37,560][fairseq.checkpoint_utils][INFO] - Saved checkpoint checkpoints/checkpoint_best.pt (epoch 38 @ 912 updates, score 18.52) (writing took 4.814483449794352 seconds)
[2026-08-29 21:47:37,562][fairseq_cli.train][INFO] - end of epoch 38 (average epoch stats below)
[2026-08-29 21:47:37,564][train][INFO] - {"epoch": 38, "train_loss": "105.887", "train_nll_loss": "6.158", "train_total": "1209.17", "train_n_correct": "224.833", "train_ppl": "71.42", "train_accuracy": "18.594", "train_wps": "1503.6", "train_ups": "1.24", "train_wpb": "1209.2", "train_bsz": "75", "train_num_updates": "912", "train_lr": "0.00204451", "train_gnorm": "5.902", "train_loss_scale": "128", "train_train_wall": "10", "train_gb_free": "42.7", "train_wall": "714"}
[2026-08-29 21:47:37,845][fairseq.logging.progress_bar][WARNING] - tensorboard not found, please install with: pip install tensorboard
[2026-08-29 21:47:37,847][fairseq.trainer][INFO] - begin training epoch 39
[2026-08-29 21:47:37,848][fairseq_cli.train][INFO] - Start iterating over samples
[2026-08-29 21:47:49,715][fairseq_cli.train][INFO] - begin validation on "valid" subset
[2026-08-29 21:47:49,937][fairseq.logging.progress_bar][WARNING] - tensorboard not found, please install with: pip install tensorboard
[2026-08-29 21:47:52,014][valid][INFO] - {"epoch": 39, "valid_loss": "107.195", "valid_nll_loss": "6.242", "valid_total": "291.154", "valid_n_correct": "54.0769", "valid_ppl": "75.68", "valid_accuracy": "18.573", "valid_wps": "4351.4", "valid_wpb": "291.2", "valid_bsz": "18.1", "valid_num_updates": "936", "valid_best_accuracy": "18.573"}
[2026-08-29 21:47:52,017][fairseq.checkpoint_utils][INFO] - Preparing to save checkpoint for epoch 39 @ 936 updates
[2026-08-29 21:47:52,018][fairseq.trainer][INFO] - Saving checkpoint to checkpoints/checkpoint_best.pt
[2026-08-29 21:47:54,244][fairseq.trainer][INFO] - Finished saving checkpoint to checkpoints/checkpoint_best.pt
[2026-08-29 21:47:56,718][fairseq.checkpoint_utils][INFO] - Saved checkpoint checkpoints/checkpoint_best.pt (epoch 39 @ 936 updates, score 18.573) (writing took 4.700436131097376 seconds)
[2026-08-29 21:47:56,719][fairseq_cli.train][INFO] - end of epoch 39 (average epoch stats below)
[2026-08-29 21:47:56,723][train][INFO] - {"epoch": 39, "train_loss": "105.993", "train_nll_loss": "6.165", "train_total": "1209.17", "train_n_correct": "224.125", "train_ppl": "71.76", "train_accuracy": "18.535", "train_wps": "1514.8", "train_ups": "1.25", "train_wpb": "1209.2", "train_bsz": "75", "train_num_updates": "936", "train_lr": "0.00200809", "train_gnorm": "7.143", "train_loss_scale": "128", "train_train_wall": "10", "train_gb_free": "42.9", "train_wall": "733"}
[2026-08-29 21:47:57,036][fairseq.logging.progress_bar][WARNING] - tensorboard not found, please install with: pip install tensorboard
[2026-08-29 21:47:57,038][fairseq.trainer][INFO] - begin training epoch 40
[2026-08-29 21:47:57,039][fairseq_cli.train][INFO] - Start iterating over samples
[2026-08-29 21:48:08,867][fairseq_cli.train][INFO] - begin validation on "valid" subset
[2026-08-29 21:48:09,091][fairseq.logging.progress_bar][WARNING] - tensorboard not found, please install with: pip install tensorboard
[2026-08-29 21:48:11,086][valid][INFO] - {"epoch": 40, "valid_loss": "107.378", "valid_nll_loss": "6.249", "valid_total": "291.154", "valid_n_correct": "55.6154", "valid_ppl": "76.07", "valid_accuracy": "19.102", "valid_wps": "4435.5", "valid_wpb": "291.2", "valid_bsz": "18.1", "valid_num_updates": "960", "valid_best_accuracy": "19.102"}
[2026-08-29 21:48:11,090][fairseq.checkpoint_utils][INFO] - Preparing to save checkpoint for epoch 40 @ 960 updates
[2026-08-29 21:48:11,091][fairseq.trainer][INFO] - Saving checkpoint to checkpoints/checkpoint_best.pt
[2026-08-29 21:48:13,208][fairseq.trainer][INFO] - Finished saving checkpoint to checkpoints/checkpoint_best.pt
[2026-08-29 21:48:15,909][fairseq.checkpoint_utils][INFO] - Saved checkpoint checkpoints/checkpoint_best.pt (epoch 40 @ 960 updates, score 19.102) (writing took 4.819552764296532 seconds)
[2026-08-29 21:48:15,911][fairseq_cli.train][INFO] - end of epoch 40 (average epoch stats below)
[2026-08-29 21:48:15,913][train][INFO] - {"epoch": 40, "train_loss": "105.687", "train_nll_loss": "6.143", "train_total": "1209.17", "train_n_correct": "230.167", "train_ppl": "70.68", "train_accuracy": "19.035", "train_wps": "1512.3", "train_ups": "1.25", "train_wpb": "1209.2", "train_bsz": "75", "train_num_updates": "960", "train_lr": "0.00197232", "train_gnorm": "6.44", "train_loss_scale": "128", "train_train_wall": "10", "train_gb_free": "42.7", "train_wall": "753"}
[2026-08-29 21:48:16,210][fairseq.logging.progress_bar][WARNING] - tensorboard not found, please install with: pip install tensorboard
[2026-08-29 21:48:16,222][fairseq.trainer][INFO] - begin training epoch 41
[2026-08-29 21:48:16,223][fairseq_cli.train][INFO] - Start iterating over samples
[2026-08-29 21:48:27,751][fairseq_cli.train][INFO] - begin validation on "valid" subset
[2026-08-29 21:48:28,011][fairseq.logging.progress_bar][WARNING] - tensorboard not found, please install with: pip install tensorboard
[2026-08-29 21:48:29,935][valid][INFO] - {"epoch": 41, "valid_loss": "107.246", "valid_nll_loss": "6.241", "valid_total": "291.154", "valid_n_correct": "57.9231", "valid_ppl": "75.61", "valid_accuracy": "19.894", "valid_wps": "4379.5", "valid_wpb": "291.2", "valid_bsz": "18.1", "valid_num_updates": "984", "valid_best_accuracy": "19.894"}
[2026-08-29 21:48:29,939][fairseq.checkpoint_utils][INFO] - Preparing to save checkpoint for epoch 41 @ 984 updates
[2026-08-29 21:48:29,940][fairseq.trainer][INFO] - Saving checkpoint to checkpoints/checkpoint_best.pt
[2026-08-29 21:48:32,185][fairseq.trainer][INFO] - Finished saving checkpoint to checkpoints/checkpoint_best.pt
[2026-08-29 21:48:34,987][fairseq.checkpoint_utils][INFO] - Saved checkpoint checkpoints/checkpoint_best.pt (epoch 41 @ 984 updates, score 19.894) (writing took 5.047803760506213 seconds)
[2026-08-29 21:48:34,988][fairseq_cli.train][INFO] - end of epoch 41 (average epoch stats below)
[2026-08-29 21:48:34,990][train][INFO] - {"epoch": 41, "train_loss": "105.371", "train_nll_loss": "6.121", "train_total": "1209.17", "train_n_correct": "233.5", "train_ppl": "69.61", "train_accuracy": "19.311", "train_wps": "1521.3", "train_ups": "1.26", "train_wpb": "1209.2", "train_bsz": "75", "train_num_updates": "984", "train_lr": "0.00193718", "train_gnorm": "6.059", "train_loss_scale": "128", "train_train_wall": "10", "train_gb_free": "42.8", "train_wall": "772"}
[2026-08-29 21:48:35,377][fairseq.logging.progress_bar][WARNING] - tensorboard not found, please install with: pip install tensorboard
[2026-08-29 21:48:35,380][fairseq.trainer][INFO] - begin training epoch 42
[2026-08-29 21:48:35,381][fairseq_cli.train][INFO] - Start iterating over samples
[2026-08-29 21:48:43,364][train_inner][INFO] - {"epoch": 42, "update": 41.667, "loss": "105.417", "nll_loss": "6.125", "total": "1201.76", "n_correct": "229.26", "ppl": "69.81", "accuracy": "19.077", "wps": "1544.4", "ups": "1.29", "wpb": "1201.8", "bsz": "74.5", "num_updates": "1000", "lr": "0.00191411", "gnorm": "6.386", "loss_scale": "128", "train_wall": "42", "gb_free": "42.7", "wall": "780"}
[2026-08-29 21:48:46,676][fairseq_cli.train][INFO] - begin validation on "valid" subset
[2026-08-29 21:48:46,888][fairseq.logging.progress_bar][WARNING] - tensorboard not found, please install with: pip install tensorboard
[2026-08-29 21:48:48,882][valid][INFO] - {"epoch": 42, "valid_loss": "107.071", "valid_nll_loss": "6.228", "valid_total": "291.154", "valid_n_correct": "57.3846", "valid_ppl": "74.98", "valid_accuracy": "19.709", "valid_wps": "4397.1", "valid_wpb": "291.2", "valid_bsz": "18.1", "valid_num_updates": "1008", "valid_best_accuracy": "19.894"}
[2026-08-29 21:48:48,885][fairseq.checkpoint_utils][INFO] - Preparing to save checkpoint for epoch 42 @ 1008 updates
[2026-08-29 21:48:48,886][fairseq.trainer][INFO] - Saving checkpoint to checkpoints/checkpoint_last.pt
[2026-08-29 21:48:50,972][fairseq.trainer][INFO] - Finished saving checkpoint to checkpoints/checkpoint_last.pt
[2026-08-29 21:48:50,981][fairseq.checkpoint_utils][INFO] - Saved checkpoint checkpoints/checkpoint_last.pt (epoch 42 @ 1008 updates, score 19.709) (writing took 2.0960055580362678 seconds)
[2026-08-29 21:48:50,982][fairseq_cli.train][INFO] - end of epoch 42 (average epoch stats below)
[2026-08-29 21:48:50,983][train][INFO] - {"epoch": 42, "train_loss": "105.226", "train_nll_loss": "6.11", "train_total": "1209.17", "train_n_correct": "232.542", "train_ppl": "69.09", "train_accuracy": "19.232", "train_wps": "1814.7", "train_ups": "1.5", "train_wpb": "1209.2", "train_bsz": "75", "train_num_updates": "1008", "train_lr": "0.00190268", "train_gnorm": "5.889", "train_loss_scale": "128", "train_train_wall": "10", "train_gb_free": "43", "train_wall": "788"}
[2026-08-29 21:48:51,217][fairseq.logging.progress_bar][WARNING] - tensorboard not found, please install with: pip install tensorboard
[2026-08-29 21:48:51,219][fairseq.trainer][INFO] - begin training epoch 43
[2026-08-29 21:48:51,219][fairseq_cli.train][INFO] - Start iterating over samples
[2026-08-29 21:49:02,826][fairseq_cli.train][INFO] - begin validation on "valid" subset
[2026-08-29 21:49:03,076][fairseq.logging.progress_bar][WARNING] - tensorboard not found, please install with: pip install tensorboard
[2026-08-29 21:49:05,067][valid][INFO] - {"epoch": 43, "valid_loss": "108.565", "valid_nll_loss": "6.318", "valid_total": "291.154", "valid_n_correct": "57.3077", "valid_ppl": "79.8", "valid_accuracy": "19.683", "valid_wps": "4421.2", "valid_wpb": "291.2", "valid_bsz": "18.1", "valid_num_updates": "1032", "valid_best_accuracy": "19.894"}
[2026-08-29 21:49:05,069][fairseq.checkpoint_utils][INFO] - Preparing to save checkpoint for epoch 43 @ 1032 updates
[2026-08-29 21:49:05,071][fairseq.trainer][INFO] - Saving checkpoint to checkpoints/checkpoint_last.pt
[2026-08-29 21:49:07,324][fairseq.trainer][INFO] - Finished saving checkpoint to checkpoints/checkpoint_last.pt
[2026-08-29 21:49:07,326][fairseq.checkpoint_utils][INFO] - Saved checkpoint checkpoints/checkpoint_last.pt (epoch 43 @ 1032 updates, score 19.683) (writing took 2.2566128140315413 seconds)
[2026-08-29 21:49:07,327][fairseq_cli.train][INFO] - end of epoch 43 (average epoch stats below)
[2026-08-29 21:49:07,328][train][INFO] - {"epoch": 43, "train_loss": "104.901", "train_nll_loss": "6.088", "train_total": "1209.17", "train_n_correct": "238.333", "train_ppl": "68.04", "train_accuracy": "19.711", "train_wps": "1775.5", "train_ups": "1.47", "train_wpb": "1209.2", "train_bsz": "75", "train_num_updates": "1032", "train_lr": "0.00186878", "train_gnorm": "6.154", "train_loss_scale": "128", "train_train_wall": "10", "train_gb_free": "42.9", "train_wall": "804"}
[2026-08-29 21:49:07,536][fairseq.logging.progress_bar][WARNING] - tensorboard not found, please install with: pip install tensorboard
[2026-08-29 21:49:07,538][fairseq.trainer][INFO] - begin training epoch 44
[2026-08-29 21:49:07,539][fairseq_cli.train][INFO] - Start iterating over samples
[2026-08-29 21:49:19,072][fairseq_cli.train][INFO] - begin validation on "valid" subset
[2026-08-29 21:49:19,291][fairseq.logging.progress_bar][WARNING] - tensorboard not found, please install with: pip install tensorboard
[2026-08-29 21:49:21,246][valid][INFO] - {"epoch": 44, "valid_loss": "106.65", "valid_nll_loss": "6.201", "valid_total": "291.154", "valid_n_correct": "56.3077", "valid_ppl": "73.59", "valid_accuracy": "19.339", "valid_wps": "4447.2", "valid_wpb": "291.2", "valid_bsz": "18.1", "valid_num_updates": "1056", "valid_best_accuracy": "19.894"}
[2026-08-29 21:49:21,249][fairseq.checkpoint_utils][INFO] - Preparing to save checkpoint for epoch 44 @ 1056 updates
[2026-08-29 21:49:21,250][fairseq.trainer][INFO] - Saving checkpoint to checkpoints/checkpoint_last.pt
[2026-08-29 21:49:23,372][fairseq.trainer][INFO] - Finished saving checkpoint to checkpoints/checkpoint_last.pt
[2026-08-29 21:49:23,378][fairseq.checkpoint_utils][INFO] - Saved checkpoint checkpoints/checkpoint_last.pt (epoch 44 @ 1056 updates, score 19.339) (writing took 2.1293120086193085 seconds)
[2026-08-29 21:49:23,379][fairseq_cli.train][INFO] - end of epoch 44 (average epoch stats below)
[2026-08-29 21:49:23,381][train][INFO] - {"epoch": 44, "train_loss": "104.884", "train_nll_loss": "6.085", "train_total": "1209.17", "train_n_correct": "239.875", "train_ppl": "67.9", "train_accuracy": "19.838", "train_wps": "1807.9", "train_ups": "1.5", "train_wpb": "1209.2", "train_bsz": "75", "train_num_updates": "1056", "train_lr": "0.00183549", "train_gnorm": "6.833", "train_loss_scale": "128", "train_train_wall": "10", "train_gb_free": "42.8", "train_wall": "820"}
[2026-08-29 21:49:23,584][fairseq.logging.progress_bar][WARNING] - tensorboard not found, please install with: pip install tensorboard
[2026-08-29 21:49:23,586][fairseq.trainer][INFO] - begin training epoch 45
[2026-08-29 21:49:23,586][fairseq_cli.train][INFO] - Start iterating over samples
[2026-08-29 21:49:35,202][fairseq_cli.train][INFO] - begin validation on "valid" subset
[2026-08-29 21:49:35,434][fairseq.logging.progress_bar][WARNING] - tensorboard not found, please install with: pip install tensorboard
[2026-08-29 21:49:37,395][valid][INFO] - {"epoch": 45, "valid_loss": "106.835", "valid_nll_loss": "6.209", "valid_total": "291.154", "valid_n_correct": "57.9231", "valid_ppl": "73.95", "valid_accuracy": "19.894", "valid_wps": "4386.5", "valid_wpb": "291.2", "valid_bsz": "18.1", "valid_num_updates": "1080", "valid_best_accuracy": "19.894"}
[2026-08-29 21:49:37,397][fairseq.checkpoint_utils][INFO] - Preparing to save checkpoint for epoch 45 @ 1080 updates
[2026-08-29 21:49:37,398][fairseq.trainer][INFO] - Saving checkpoint to checkpoints/checkpoint_best.pt
[2026-08-29 21:49:39,733][fairseq.trainer][INFO] - Finished saving checkpoint to checkpoints/checkpoint_best.pt
[2026-08-29 21:49:42,382][fairseq.checkpoint_utils][INFO] - Saved checkpoint checkpoints/checkpoint_best.pt (epoch 45 @ 1080 updates, score 19.894) (writing took 4.984855103306472 seconds)
[2026-08-29 21:49:42,383][fairseq_cli.train][INFO] - end of epoch 45 (average epoch stats below)
[2026-08-29 21:49:42,385][train][INFO] - {"epoch": 45, "train_loss": "104.589", "train_nll_loss": "6.065", "train_total": "1209.17", "train_n_correct": "240", "train_ppl": "66.96", "train_accuracy": "19.848", "train_wps": "1527.1", "train_ups": "1.26", "train_wpb": "1209.2", "train_bsz": "75", "train_num_updates": "1080", "train_lr": "0.00180279", "train_gnorm": "6.628", "train_loss_scale": "128", "train_train_wall": "10", "train_gb_free": "42.8", "train_wall": "839"}
[2026-08-29 21:49:42,673][fairseq.logging.progress_bar][WARNING] - tensorboard not found, please install with: pip install tensorboard
[2026-08-29 21:49:42,675][fairseq.trainer][INFO] - begin training epoch 46
[2026-08-29 21:49:42,676][fairseq_cli.train][INFO] - Start iterating over samples
[2026-08-29 21:49:52,680][train_inner][INFO] - {"epoch": 46, "update": 45.833, "loss": "104.589", "nll_loss": "6.066", "total": "1198.87", "n_correct": "238.79", "ppl": "67", "accuracy": "19.918", "wps": "1729.6", "ups": "1.44", "wpb": "1198.9", "bsz": "74.4", "num_updates": "1100", "lr": "0.00177599", "gnorm": "6.407", "loss_scale": "128", "train_wall": "42", "gb_free": "43", "wall": "849"}
[2026-08-29 21:49:54,276][fairseq_cli.train][INFO] - begin validation on "valid" subset
[2026-08-29 21:49:54,484][fairseq.logging.progress_bar][WARNING] - tensorboard not found, please install with: pip install tensorboard
[2026-08-29 21:49:56,401][valid][INFO] - {"epoch": 46, "valid_loss": "106.623", "valid_nll_loss": "6.196", "valid_total": "291.154", "valid_n_correct": "59.6154", "valid_ppl": "73.32", "valid_accuracy": "20.476", "valid_wps": "4243.8", "valid_wpb": "291.2", "valid_bsz": "18.1", "valid_num_updates": "1104", "valid_best_accuracy": "20.476"}
[2026-08-29 21:49:56,409][fairseq.checkpoint_utils][INFO] - Preparing to save checkpoint for epoch 46 @ 1104 updates
[2026-08-29 21:49:56,414][fairseq.trainer][INFO] - Saving checkpoint to checkpoints/checkpoint_best.pt
[2026-08-29 21:49:58,638][fairseq.trainer][INFO] - Finished saving checkpoint to checkpoints/checkpoint_best.pt
[2026-08-29 21:50:01,438][fairseq.checkpoint_utils][INFO] - Saved checkpoint checkpoints/checkpoint_best.pt (epoch 46 @ 1104 updates, score 20.476) (writing took 5.0288814986124635 seconds)
[2026-08-29 21:50:01,440][fairseq_cli.train][INFO] - end of epoch 46 (average epoch stats below)
[2026-08-29 21:50:01,443][train][INFO] - {"epoch": 46, "train_loss": "104.345", "train_nll_loss": "6.048", "train_total": "1209.17", "train_n_correct": "243.167", "train_ppl": "66.17", "train_accuracy": "20.11", "train_wps": "1522.9", "train_ups": "1.26", "train_wpb": "1209.2", "train_bsz": "75", "train_num_updates": "1104", "train_lr": "0.00177068", "train_gnorm": "6.051", "train_loss_scale": "128", "train_train_wall": "10", "train_gb_free": "42.9", "train_wall": "858"}
[2026-08-29 21:50:01,731][fairseq.logging.progress_bar][WARNING] - tensorboard not found, please install with: pip install tensorboard
[2026-08-29 21:50:01,733][fairseq.trainer][INFO] - begin training epoch 47
[2026-08-29 21:50:01,734][fairseq_cli.train][INFO] - Start iterating over samples
[2026-08-29 21:50:13,447][fairseq_cli.train][INFO] - begin validation on "valid" subset
[2026-08-29 21:50:13,651][fairseq.logging.progress_bar][WARNING] - tensorboard not found, please install with: pip install tensorboard
[2026-08-29 21:50:15,682][valid][INFO] - {"epoch": 47, "valid_loss": "106.797", "valid_nll_loss": "6.207", "valid_total": "291.154", "valid_n_correct": "60.2308", "valid_ppl": "73.89", "valid_accuracy": "20.687", "valid_wps": "4410.8", "valid_wpb": "291.2", "valid_bsz": "18.1", "valid_num_updates": "1128", "valid_best_accuracy": "20.687"}
[2026-08-29 21:50:15,685][fairseq.checkpoint_utils][INFO] - Preparing to save checkpoint for epoch 47 @ 1128 updates
[2026-08-29 21:50:15,686][fairseq.trainer][INFO] - Saving checkpoint to checkpoints/checkpoint_best.pt
[2026-08-29 21:50:17,795][fairseq.trainer][INFO] - Finished saving checkpoint to checkpoints/checkpoint_best.pt
[2026-08-29 21:50:20,434][fairseq.checkpoint_utils][INFO] - Saved checkpoint checkpoints/checkpoint_best.pt (epoch 47 @ 1128 updates, score 20.687) (writing took 4.749307071790099 seconds)
[2026-08-29 21:50:20,436][fairseq_cli.train][INFO] - end of epoch 47 (average epoch stats below)
[2026-08-29 21:50:20,438][train][INFO] - {"epoch": 47, "train_loss": "104.258", "train_nll_loss": "6.041", "train_total": "1209.17", "train_n_correct": "246.375", "train_ppl": "65.87", "train_accuracy": "20.376", "train_wps": "1527.8", "train_ups": "1.26", "train_wpb": "1209.2", "train_bsz": "75", "train_num_updates": "1128", "train_lr": "0.00173914", "train_gnorm": "6.184", "train_loss_scale": "128", "train_train_wall": "10", "train_gb_free": "42.9", "train_wall": "877"}
[2026-08-29 21:50:20,722][fairseq.logging.progress_bar][WARNING] - tensorboard not found, please install with: pip install tensorboard
[2026-08-29 21:50:20,724][fairseq.trainer][INFO] - begin training epoch 48
[2026-08-29 21:50:20,725][fairseq_cli.train][INFO] - Start iterating over samples
[2026-08-29 21:50:32,399][fairseq_cli.train][INFO] - begin validation on "valid" subset
[2026-08-29 21:50:32,624][fairseq.logging.progress_bar][WARNING] - tensorboard not found, please install with: pip install tensorboard
[2026-08-29 21:50:34,745][valid][INFO] - {"epoch": 48, "valid_loss": "106.96", "valid_nll_loss": "6.217", "valid_total": "291.154", "valid_n_correct": "59.6154", "valid_ppl": "74.4", "valid_accuracy": "20.476", "valid_wps": "3849.6", "valid_wpb": "291.2", "valid_bsz": "18.1", "valid_num_updates": "1152", "valid_best_accuracy": "20.687"}
[2026-08-29 21:50:34,748][fairseq.checkpoint_utils][INFO] - Preparing to save checkpoint for epoch 48 @ 1152 updates
[2026-08-29 21:50:34,749][fairseq.trainer][INFO] - Saving checkpoint to checkpoints/checkpoint_last.pt
[2026-08-29 21:50:37,038][fairseq.trainer][INFO] - Finished saving checkpoint to checkpoints/checkpoint_last.pt
[2026-08-29 21:50:37,039][fairseq.checkpoint_utils][INFO] - Saved checkpoint checkpoints/checkpoint_last.pt (epoch 48 @ 1152 updates, score 20.476) (writing took 2.291324181482196 seconds)
[2026-08-29 21:50:37,041][fairseq_cli.train][INFO] - end of epoch 48 (average epoch stats below)
[2026-08-29 21:50:37,042][train][INFO] - {"epoch": 48, "train_loss": "104.283", "train_nll_loss": "6.044", "train_total": "1209.17", "train_n_correct": "245.583", "train_ppl": "65.97", "train_accuracy": "20.31", "train_wps": "1747.9", "train_ups": "1.45", "train_wpb": "1209.2", "train_bsz": "75", "train_num_updates": "1152", "train_lr": "0.00170816", "train_gnorm": "6.51", "train_loss_scale": "128", "train_train_wall": "10", "train_gb_free": "43", "train_wall": "894"}
[2026-08-29 21:50:37,286][fairseq.logging.progress_bar][WARNING] - tensorboard not found, please install with: pip install tensorboard
[2026-08-29 21:50:37,289][fairseq.trainer][INFO] - begin training epoch 49
[2026-08-29 21:50:37,290][fairseq_cli.train][INFO] - Start iterating over samples
[2026-08-29 21:50:49,023][fairseq_cli.train][INFO] - begin validation on "valid" subset
[2026-08-29 21:50:49,221][fairseq.logging.progress_bar][WARNING] - tensorboard not found, please install with: pip install tensorboard
[2026-08-29 21:50:51,176][valid][INFO] - {"epoch": 49, "valid_loss": "106.11", "valid_nll_loss": "6.158", "valid_total": "291.154", "valid_n_correct": "60.6154", "valid_ppl": "71.41", "valid_accuracy": "20.819", "valid_wps": "4384.2", "valid_wpb": "291.2", "valid_bsz": "18.1", "valid_num_updates": "1176", "valid_best_accuracy": "20.819"}
[2026-08-29 21:50:51,178][fairseq.checkpoint_utils][INFO] - Preparing to save checkpoint for epoch 49 @ 1176 updates
[2026-08-29 21:50:51,179][fairseq.trainer][INFO] - Saving checkpoint to checkpoints/checkpoint_best.pt
[2026-08-29 21:50:53,337][fairseq.trainer][INFO] - Finished saving checkpoint to checkpoints/checkpoint_best.pt
[2026-08-29 21:50:55,929][fairseq.checkpoint_utils][INFO] - Saved checkpoint checkpoints/checkpoint_best.pt (epoch 49 @ 1176 updates, score 20.819) (writing took 4.75117614865303 seconds)
[2026-08-29 21:50:55,931][fairseq_cli.train][INFO] - end of epoch 49 (average epoch stats below)
[2026-08-29 21:50:55,933][train][INFO] - {"epoch": 49, "train_loss": "103.935", "train_nll_loss": "6.018", "train_total": "1209.17", "train_n_correct": "248.875", "train_ppl": "64.82", "train_accuracy": "20.582", "train_wps": "1536.2", "train_ups": "1.27", "train_wpb": "1209.2", "train_bsz": "75", "train_num_updates": "1176", "train_lr": "0.00167773", "train_gnorm": "6.595", "train_loss_scale": "128", "train_train_wall": "10", "train_gb_free": "43", "train_wall": "913"}
[2026-08-29 21:50:56,187][fairseq.logging.progress_bar][WARNING] - tensorboard not found, please install with: pip install tensorboard
[2026-08-29 21:50:56,190][fairseq.trainer][INFO] - begin training epoch 50
[2026-08-29 21:50:56,191][fairseq_cli.train][INFO] - Start iterating over samples
[2026-08-29 21:51:07,778][train_inner][INFO] - {"epoch": 50, "update": 50.0, "loss": "104.34", "nll_loss": "6.039", "total": "1213.79", "n_correct": "248.47", "ppl": "65.76", "accuracy": "20.471", "wps": "1616.3", "ups": "1.33", "wpb": "1213.8", "bsz": "75.2", "num_updates": "1200", "lr": "0.00164784", "gnorm": "6.334", "loss_scale": "128", "train_wall": "42", "gb_free": "42.7", "wall": "924"}
[2026-08-29 21:51:07,780][fairseq_cli.train][INFO] - begin validation on "valid" subset
[2026-08-29 21:51:08,041][fairseq.logging.progress_bar][WARNING] - tensorboard not found, please install with: pip install tensorboard
[2026-08-29 21:51:10,125][valid][INFO] - {"epoch": 50, "valid_loss": "106.915", "valid_nll_loss": "6.211", "valid_total": "291.154", "valid_n_correct": "61.2308", "valid_ppl": "74.06", "valid_accuracy": "21.03", "valid_wps": "4442", "valid_wpb": "291.2", "valid_bsz": "18.1", "valid_num_updates": "1200", "valid_best_accuracy": "21.03"}
[2026-08-29 21:51:10,127][fairseq.checkpoint_utils][INFO] - Preparing to save checkpoint for epoch 50 @ 1200 updates
[2026-08-29 21:51:10,128][fairseq.trainer][INFO] - Saving checkpoint to checkpoints/checkpoint_best.pt
[2026-08-29 21:51:12,376][fairseq.trainer][INFO] - Finished saving checkpoint to checkpoints/checkpoint_best.pt
[2026-08-29 21:51:15,485][fairseq.checkpoint_utils][INFO] - Saved checkpoint checkpoints/checkpoint_best.pt (epoch 50 @ 1200 updates, score 21.03) (writing took 5.357373580336571 seconds)
[2026-08-29 21:51:15,486][fairseq_cli.train][INFO] - end of epoch 50 (average epoch stats below)
[2026-08-29 21:51:15,488][train][INFO] - {"epoch": 50, "train_loss": "103.612", "train_nll_loss": "5.997", "train_total": "1209.17", "train_n_correct": "255.25", "train_ppl": "63.86", "train_accuracy": "21.11", "train_wps": "1484.1", "train_ups": "1.23", "train_wpb": "1209.2", "train_bsz": "75", "train_num_updates": "1200", "train_lr": "0.00164784", "train_gnorm": "6.111", "train_loss_scale": "128", "train_train_wall": "10", "train_gb_free": "42.7", "train_wall": "932"}
[2026-08-29 21:51:15,775][fairseq.logging.progress_bar][WARNING] - tensorboard not found, please install with: pip install tensorboard
[2026-08-29 21:51:15,777][fairseq.trainer][INFO] - begin training epoch 51
[2026-08-29 21:51:15,778][fairseq_cli.train][INFO] - Start iterating over samples
[2026-08-29 21:51:27,440][fairseq_cli.train][INFO] - begin validation on "valid" subset
[2026-08-29 21:51:27,637][fairseq.logging.progress_bar][WARNING] - tensorboard not found, please install with: pip install tensorboard
[2026-08-29 21:51:29,731][valid][INFO] - {"epoch": 51, "valid_loss": "106.384", "valid_nll_loss": "6.179", "valid_total": "291.154", "valid_n_correct": "61.6154", "valid_ppl": "72.43", "valid_accuracy": "21.162", "valid_wps": "4458.7", "valid_wpb": "291.2", "valid_bsz": "18.1", "valid_num_updates": "1224", "valid_best_accuracy": "21.162"}
[2026-08-29 21:51:29,734][fairseq.checkpoint_utils][INFO] - Preparing to save checkpoint for epoch 51 @ 1224 updates
[2026-08-29 21:51:29,735][fairseq.trainer][INFO] - Saving checkpoint to checkpoints/checkpoint_best.pt
[2026-08-29 21:51:31,870][fairseq.trainer][INFO] - Finished saving checkpoint to checkpoints/checkpoint_best.pt
[2026-08-29 21:51:34,421][fairseq.checkpoint_utils][INFO] - Saved checkpoint checkpoints/checkpoint_best.pt (epoch 51 @ 1224 updates, score 21.162) (writing took 4.6875130562111735 seconds)
[2026-08-29 21:51:34,423][fairseq_cli.train][INFO] - end of epoch 51 (average epoch stats below)
[2026-08-29 21:51:34,426][train][INFO] - {"epoch": 51, "train_loss": "103.8", "train_nll_loss": "6.009", "train_total": "1209.17", "train_n_correct": "255.792", "train_ppl": "64.4", "train_accuracy": "21.154", "train_wps": "1532.5", "train_ups": "1.27", "train_wpb": "1209.2", "train_bsz": "75", "train_num_updates": "1224", "train_lr": "0.00161849", "train_gnorm": "6.61", "train_loss_scale": "128", "train_train_wall": "10", "train_gb_free": "42.7", "train_wall": "951"}
[2026-08-29 21:51:34,744][fairseq.logging.progress_bar][WARNING] - tensorboard not found, please install with: pip install tensorboard
[2026-08-29 21:51:34,748][fairseq.trainer][INFO] - begin training epoch 52
[2026-08-29 21:51:34,749][fairseq_cli.train][INFO] - Start iterating over samples
[2026-08-29 21:51:46,502][fairseq_cli.train][INFO] - begin validation on "valid" subset
[2026-08-29 21:51:46,721][fairseq.logging.progress_bar][WARNING] - tensorboard not found, please install with: pip install tensorboard
[2026-08-29 21:51:48,682][valid][INFO] - {"epoch": 52, "valid_loss": "106.641", "valid_nll_loss": "6.193", "valid_total": "291.154", "valid_n_correct": "61.4615", "valid_ppl": "73.17", "valid_accuracy": "21.11", "valid_wps": "4449.6", "valid_wpb": "291.2", "valid_bsz": "18.1", "valid_num_updates": "1248", "valid_best_accuracy": "21.162"}
[2026-08-29 21:51:48,684][fairseq.checkpoint_utils][INFO] - Preparing to save checkpoint for epoch 52 @ 1248 updates
[2026-08-29 21:51:48,686][fairseq.trainer][INFO] - Saving checkpoint to checkpoints/checkpoint_last.pt
[2026-08-29 21:51:51,011][fairseq.trainer][INFO] - Finished saving checkpoint to checkpoints/checkpoint_last.pt
[2026-08-29 21:51:51,020][fairseq.checkpoint_utils][INFO] - Saved checkpoint checkpoints/checkpoint_last.pt (epoch 52 @ 1248 updates, score 21.11) (writing took 2.3358114482834935 seconds)
[2026-08-29 21:51:51,021][fairseq_cli.train][INFO] - end of epoch 52 (average epoch stats below)
[2026-08-29 21:51:51,022][train][INFO] - {"epoch": 52, "train_loss": "103.459", "train_nll_loss": "5.984", "train_total": "1209.17", "train_n_correct": "257.333", "train_ppl": "63.32", "train_accuracy": "21.282", "train_wps": "1748.7", "train_ups": "1.45", "train_wpb": "1209.2", "train_bsz": "75", "train_num_updates": "1248", "train_lr": "0.00158966", "train_gnorm": "5.891", "train_loss_scale": "128", "train_train_wall": "10", "train_gb_free": "42.8", "train_wall": "968"}
[2026-08-29 21:51:51,245][fairseq.logging.progress_bar][WARNING] - tensorboard not found, please install with: pip install tensorboard
[2026-08-29 21:51:51,247][fairseq.trainer][INFO] - begin training epoch 53
[2026-08-29 21:51:51,248][fairseq_cli.train][INFO] - Start iterating over samples
[2026-08-29 21:52:03,158][fairseq_cli.train][INFO] - begin validation on "valid" subset
[2026-08-29 21:52:03,373][fairseq.logging.progress_bar][WARNING] - tensorboard not found, please install with: pip install tensorboard
[2026-08-29 21:52:05,381][valid][INFO] - {"epoch": 53, "valid_loss": "106.144", "valid_nll_loss": "6.157", "valid_total": "291.154", "valid_n_correct": "60.9231", "valid_ppl": "71.38", "valid_accuracy": "20.925", "valid_wps": "3961", "valid_wpb": "291.2", "valid_bsz": "18.1", "valid_num_updates": "1272", "valid_best_accuracy": "21.162"}
[2026-08-29 21:52:05,414][fairseq.checkpoint_utils][INFO] - Preparing to save checkpoint for epoch 53 @ 1272 updates
[2026-08-29 21:52:05,416][fairseq.trainer][INFO] - Saving checkpoint to checkpoints/checkpoint_last.pt
[2026-08-29 21:52:07,768][fairseq.trainer][INFO] - Finished saving checkpoint to checkpoints/checkpoint_last.pt
[2026-08-29 21:52:07,779][fairseq.checkpoint_utils][INFO] - Saved checkpoint checkpoints/checkpoint_last.pt (epoch 53 @ 1272 updates, score 20.925) (writing took 2.365011096931994 seconds)
[2026-08-29 21:52:07,780][fairseq_cli.train][INFO] - end of epoch 53 (average epoch stats below)
[2026-08-29 21:52:07,782][train][INFO] - {"epoch": 53, "train_loss": "103.476", "train_nll_loss": "5.987", "train_total": "1209.17", "train_n_correct": "257.375", "train_ppl": "63.42", "train_accuracy": "21.285", "train_wps": "1731.6", "train_ups": "1.43", "train_wpb": "1209.2", "train_bsz": "75", "train_num_updates": "1272", "train_lr": "0.00156134", "train_gnorm": "6.078", "train_loss_scale": "128", "train_train_wall": "10", "train_gb_free": "42.9", "train_wall": "984"}
[2026-08-29 21:52:07,985][fairseq.logging.progress_bar][WARNING] - tensorboard not found, please install with: pip install tensorboard
[2026-08-29 21:52:07,987][fairseq.trainer][INFO] - begin training epoch 54
[2026-08-29 21:52:07,988][fairseq_cli.train][INFO] - Start iterating over samples
[2026-08-29 21:52:19,612][fairseq_cli.train][INFO] - begin validation on "valid" subset
[2026-08-29 21:52:19,822][fairseq.logging.progress_bar][WARNING] - tensorboard not found, please install with: pip install tensorboard
[2026-08-29 21:52:21,858][valid][INFO] - {"epoch": 54, "valid_loss": "106.058", "valid_nll_loss": "6.155", "valid_total": "291.154", "valid_n_correct": "62.2308", "valid_ppl": "71.23", "valid_accuracy": "21.374", "valid_wps": "4457.8", "valid_wpb": "291.2", "valid_bsz": "18.1", "valid_num_updates": "1296", "valid_best_accuracy": "21.374"}
[2026-08-29 21:52:21,861][fairseq.checkpoint_utils][INFO] - Preparing to save checkpoint for epoch 54 @ 1296 updates
[2026-08-29 21:52:21,862][fairseq.trainer][INFO] - Saving checkpoint to checkpoints/checkpoint_best.pt
[2026-08-29 21:52:24,173][fairseq.trainer][INFO] - Finished saving checkpoint to checkpoints/checkpoint_best.pt
[2026-08-29 21:52:27,084][fairseq.checkpoint_utils][INFO] - Saved checkpoint checkpoints/checkpoint_best.pt (epoch 54 @ 1296 updates, score 21.374) (writing took 5.222646811045706 seconds)
[2026-08-29 21:52:27,085][fairseq_cli.train][INFO] - end of epoch 54 (average epoch stats below)
[2026-08-29 21:52:27,087][train][INFO] - {"epoch": 54, "train_loss": "103.288", "train_nll_loss": "5.972", "train_total": "1209.17", "train_n_correct": "262.917", "train_ppl": "62.79", "train_accuracy": "21.744", "train_wps": "1503.3", "train_ups": "1.24", "train_wpb": "1209.2", "train_bsz": "75", "train_num_updates": "1296", "train_lr": "0.00153352", "train_gnorm": "6.278", "train_loss_scale": "128", "train_train_wall": "10", "train_gb_free": "42.7", "train_wall": "1004"}
[2026-08-29 21:52:27,408][fairseq.logging.progress_bar][WARNING] - tensorboard not found, please install with: pip install tensorboard
[2026-08-29 21:52:27,411][fairseq.trainer][INFO] - begin training epoch 55
[2026-08-29 21:52:27,412][fairseq_cli.train][INFO] - Start iterating over samples
[2026-08-29 21:52:30,573][train_inner][INFO] - {"epoch": 55, "update": 54.167, "loss": "103.525", "nll_loss": "5.988", "total": "1206.04", "n_correct": "257.78", "ppl": "63.47", "accuracy": "21.374", "wps": "1456.7", "ups": "1.21", "wpb": "1206", "bsz": "74.8", "num_updates": "1300", "lr": "0.00152894", "gnorm": "6.197", "loss_scale": "128", "train_wall": "43", "gb_free": "42.7", "wall": "1007"}
[2026-08-29 21:52:38,953][fairseq_cli.train][INFO] - begin validation on "valid" subset
[2026-08-29 21:52:39,171][fairseq.logging.progress_bar][WARNING] - tensorboard not found, please install with: pip install tensorboard
[2026-08-29 21:52:41,149][valid][INFO] - {"epoch": 55, "valid_loss": "106.494", "valid_nll_loss": "6.18", "valid_total": "291.154", "valid_n_correct": "62.4615", "valid_ppl": "72.49", "valid_accuracy": "21.453", "valid_wps": "4056.7", "valid_wpb": "291.2", "valid_bsz": "18.1", "valid_num_updates": "1320", "valid_best_accuracy": "21.453"}
[2026-08-29 21:52:41,151][fairseq.checkpoint_utils][INFO] - Preparing to save checkpoint for epoch 55 @ 1320 updates
[2026-08-29 21:52:41,153][fairseq.trainer][INFO] - Saving checkpoint to checkpoints/checkpoint_best.pt
[2026-08-29 21:52:43,457][fairseq.trainer][INFO] - Finished saving checkpoint to checkpoints/checkpoint_best.pt
[2026-08-29 21:52:46,153][fairseq.checkpoint_utils][INFO] - Saved checkpoint checkpoints/checkpoint_best.pt (epoch 55 @ 1320 updates, score 21.453) (writing took 5.00132009293884 seconds)
[2026-08-29 21:52:46,155][fairseq_cli.train][INFO] - end of epoch 55 (average epoch stats below)
[2026-08-29 21:52:46,156][train][INFO] - {"epoch": 55, "train_loss": "103.264", "train_nll_loss": "5.971", "train_total": "1209.17", "train_n_correct": "260.625", "train_ppl": "62.72", "train_accuracy": "21.554", "train_wps": "1521.9", "train_ups": "1.26", "train_wpb": "1209.2", "train_bsz": "75", "train_num_updates": "1320", "train_lr": "0.00150621", "train_gnorm": "5.94", "train_loss_scale": "128", "train_train_wall": "10", "train_gb_free": "42.7", "train_wall": "1023"}
[2026-08-29 21:52:46,451][fairseq.logging.progress_bar][WARNING] - tensorboard not found, please install with: pip install tensorboard
[2026-08-29 21:52:46,454][fairseq.trainer][INFO] - begin training epoch 56
[2026-08-29 21:52:46,455][fairseq_cli.train][INFO] - Start iterating over samples
[2026-08-29 21:52:57,866][fairseq_cli.train][INFO] - begin validation on "valid" subset
[2026-08-29 21:52:58,068][fairseq.logging.progress_bar][WARNING] - tensorboard not found, please install with: pip install tensorboard
[2026-08-29 21:53:00,214][valid][INFO] - {"epoch": 56, "valid_loss": "105.705", "valid_nll_loss": "6.132", "valid_total": "291.154", "valid_n_correct": "62.3846", "valid_ppl": "70.11", "valid_accuracy": "21.427", "valid_wps": "4320.8", "valid_wpb": "291.2", "valid_bsz": "18.1", "valid_num_updates": "1344", "valid_best_accuracy": "21.453"}
[2026-08-29 21:53:00,218][fairseq.checkpoint_utils][INFO] - Preparing to save checkpoint for epoch 56 @ 1344 updates
[2026-08-29 21:53:00,219][fairseq.trainer][INFO] - Saving checkpoint to checkpoints/checkpoint_last.pt
[2026-08-29 21:53:02,551][fairseq.trainer][INFO] - Finished saving checkpoint to checkpoints/checkpoint_last.pt
[2026-08-29 21:53:02,558][fairseq.checkpoint_utils][INFO] - Saved checkpoint checkpoints/checkpoint_last.pt (epoch 56 @ 1344 updates, score 21.427) (writing took 2.340761473402381 seconds)
[2026-08-29 21:53:02,559][fairseq_cli.train][INFO] - end of epoch 56 (average epoch stats below)
[2026-08-29 21:53:02,561][train][INFO] - {"epoch": 56, "train_loss": "103.155", "train_nll_loss": "5.963", "train_total": "1209.17", "train_n_correct": "262.5", "train_ppl": "62.39", "train_accuracy": "21.709", "train_wps": "1769.1", "train_ups": "1.46", "train_wpb": "1209.2", "train_bsz": "75", "train_num_updates": "1344", "train_lr": "0.00147937", "train_gnorm": "6.255", "train_loss_scale": "128", "train_train_wall": "10", "train_gb_free": "42.9", "train_wall": "1039"}
[2026-08-29 21:53:02,772][fairseq.logging.progress_bar][WARNING] - tensorboard not found, please install with: pip install tensorboard
[2026-08-29 21:53:02,774][fairseq.trainer][INFO] - begin training epoch 57
[2026-08-29 21:53:02,821][fairseq_cli.train][INFO] - Start iterating over samples
[2026-08-29 21:53:14,097][fairseq_cli.train][INFO] - begin validation on "valid" subset
[2026-08-29 21:53:14,341][fairseq.logging.progress_bar][WARNING] - tensorboard not found, please install with: pip install tensorboard
[2026-08-29 21:53:16,519][valid][INFO] - {"epoch": 57, "valid_loss": "106.214", "valid_nll_loss": "6.163", "valid_total": "291.154", "valid_n_correct": "62.0769", "valid_ppl": "71.67", "valid_accuracy": "21.321", "valid_wps": "4426.7", "valid_wpb": "291.2", "valid_bsz": "18.1", "valid_num_updates": "1368", "valid_best_accuracy": "21.453"}
[2026-08-29 21:53:16,521][fairseq.checkpoint_utils][INFO] - Preparing to save checkpoint for epoch 57 @ 1368 updates
[2026-08-29 21:53:16,522][fairseq.trainer][INFO] - Saving checkpoint to checkpoints/checkpoint_last.pt
[2026-08-29 21:53:18,767][fairseq.trainer][INFO] - Finished saving checkpoint to checkpoints/checkpoint_last.pt
[2026-08-29 21:53:18,777][fairseq.checkpoint_utils][INFO] - Saved checkpoint checkpoints/checkpoint_last.pt (epoch 57 @ 1368 updates, score 21.321) (writing took 2.255439329892397 seconds)
[2026-08-29 21:53:18,777][fairseq_cli.train][INFO] - end of epoch 57 (average epoch stats below)
[2026-08-29 21:53:18,778][train][INFO] - {"epoch": 57, "train_loss": "102.843", "train_nll_loss": "5.941", "train_total": "1209.17", "train_n_correct": "268.375", "train_ppl": "61.44", "train_accuracy": "22.195", "train_wps": "1789.5", "train_ups": "1.48", "train_wpb": "1209.2", "train_bsz": "75", "train_num_updates": "1368", "train_lr": "0.00145302", "train_gnorm": "6.047", "train_loss_scale": "128", "train_train_wall": "10", "train_gb_free": "42.7", "train_wall": "1055"}
[2026-08-29 21:53:19,049][fairseq.logging.progress_bar][WARNING] - tensorboard not found, please install with: pip install tensorboard
[2026-08-29 21:53:19,051][fairseq.trainer][INFO] - begin training epoch 58
[2026-08-29 21:53:19,052][fairseq_cli.train][INFO] - Start iterating over samples
[2026-08-29 21:53:30,358][fairseq_cli.train][INFO] - begin validation on "valid" subset
[2026-08-29 21:53:30,577][fairseq.logging.progress_bar][WARNING] - tensorboard not found, please install with: pip install tensorboard
[2026-08-29 21:53:32,660][valid][INFO] - {"epoch": 58, "valid_loss": "106.161", "valid_nll_loss": "6.158", "valid_total": "291.154", "valid_n_correct": "62", "valid_ppl": "71.43", "valid_accuracy": "21.295", "valid_wps": "4082.1", "valid_wpb": "291.2", "valid_bsz": "18.1", "valid_num_updates": "1392", "valid_best_accuracy": "21.453"}
[2026-08-29 21:53:32,663][fairseq.checkpoint_utils][INFO] - Preparing to save checkpoint for epoch 58 @ 1392 updates
[2026-08-29 21:53:32,664][fairseq.trainer][INFO] - Saving checkpoint to checkpoints/checkpoint_last.pt
[2026-08-29 21:53:34,762][fairseq.trainer][INFO] - Finished saving checkpoint to checkpoints/checkpoint_last.pt
[2026-08-29 21:53:34,775][fairseq.checkpoint_utils][INFO] - Saved checkpoint checkpoints/checkpoint_last.pt (epoch 58 @ 1392 updates, score 21.295) (writing took 2.1128415977582335 seconds)
[2026-08-29 21:53:34,777][fairseq_cli.train][INFO] - end of epoch 58 (average epoch stats below)
[2026-08-29 21:53:34,778][train][INFO] - {"epoch": 58, "train_loss": "102.896", "train_nll_loss": "5.945", "train_total": "1209.17", "train_n_correct": "266.542", "train_ppl": "61.61", "train_accuracy": "22.043", "train_wps": "1813.9", "train_ups": "1.5", "train_wpb": "1209.2", "train_bsz": "75", "train_num_updates": "1392", "train_lr": "0.00142714", "train_gnorm": "6.118", "train_loss_scale": "128", "train_train_wall": "10", "train_gb_free": "42.7", "train_wall": "1071"}
[2026-08-29 21:53:35,083][fairseq.logging.progress_bar][WARNING] - tensorboard not found, please install with: pip install tensorboard
[2026-08-29 21:53:35,086][fairseq.trainer][INFO] - begin training epoch 59
[2026-08-29 21:53:35,087][fairseq_cli.train][INFO] - Start iterating over samples
[2026-08-29 21:53:39,836][train_inner][INFO] - {"epoch": 59, "update": 58.333, "loss": "103.025", "nll_loss": "5.951", "total": "1213.05", "n_correct": "265.76", "ppl": "61.86", "accuracy": "21.908", "wps": "1751.4", "ups": "1.44", "wpb": "1213", "bsz": "75.2", "num_updates": "1400", "lr": "0.00141861", "gnorm": "6.082", "loss_scale": "128", "train_wall": "41", "gb_free": "43", "wall": "1076"}
[2026-08-29 21:53:46,479][fairseq_cli.train][INFO] - begin validation on "valid" subset
[2026-08-29 21:53:46,688][fairseq.logging.progress_bar][WARNING] - tensorboard not found, please install with: pip install tensorboard
[2026-08-29 21:53:48,747][valid][INFO] - {"epoch": 59, "valid_loss": "106.199", "valid_nll_loss": "6.159", "valid_total": "291.154", "valid_n_correct": "63.8462", "valid_ppl": "71.46", "valid_accuracy": "21.929", "valid_wps": "4438.9", "valid_wpb": "291.2", "valid_bsz": "18.1", "valid_num_updates": "1416", "valid_best_accuracy": "21.929"}
[2026-08-29 21:53:48,749][fairseq.checkpoint_utils][INFO] - Preparing to save checkpoint for epoch 59 @ 1416 updates
[2026-08-29 21:53:48,751][fairseq.trainer][INFO] - Saving checkpoint to checkpoints/checkpoint_best.pt
[2026-08-29 21:53:51,111][fairseq.trainer][INFO] - Finished saving checkpoint to checkpoints/checkpoint_best.pt
[2026-08-29 21:53:53,721][fairseq.checkpoint_utils][INFO] - Saved checkpoint checkpoints/checkpoint_best.pt (epoch 59 @ 1416 updates, score 21.929) (writing took 4.972186582162976 seconds)
[2026-08-29 21:53:53,723][fairseq_cli.train][INFO] - end of epoch 59 (average epoch stats below)
[2026-08-29 21:53:53,725][train][INFO] - {"epoch": 59, "train_loss": "102.833", "train_nll_loss": "5.941", "train_total": "1209.17", "train_n_correct": "268.542", "train_ppl": "61.42", "train_accuracy": "22.209", "train_wps": "1531.7", "train_ups": "1.27", "train_wpb": "1209.2", "train_bsz": "75", "train_num_updates": "1416", "train_lr": "0.00140171", "train_gnorm": "6.106", "train_loss_scale": "128", "train_train_wall": "10", "train_gb_free": "43", "train_wall": "1090"}
[2026-08-29 21:53:54,081][fairseq.logging.progress_bar][WARNING] - tensorboard not found, please install with: pip install tensorboard
[2026-08-29 21:53:54,084][fairseq.trainer][INFO] - begin training epoch 60
[2026-08-29 21:53:54,084][fairseq_cli.train][INFO] - Start iterating over samples
[2026-08-29 21:54:05,625][fairseq_cli.train][INFO] - begin validation on "valid" subset
[2026-08-29 21:54:05,824][fairseq.logging.progress_bar][WARNING] - tensorboard not found, please install with: pip install tensorboard
[2026-08-29 21:54:08,059][valid][INFO] - {"epoch": 60, "valid_loss": "105.722", "valid_nll_loss": "6.131", "valid_total": "291.154", "valid_n_correct": "63.3077", "valid_ppl": "70.11", "valid_accuracy": "21.744", "valid_wps": "4371.6", "valid_wpb": "291.2", "valid_bsz": "18.1", "valid_num_updates": "1440", "valid_best_accuracy": "21.929"}
[2026-08-29 21:54:08,063][fairseq.checkpoint_utils][INFO] - Preparing to save checkpoint for epoch 60 @ 1440 updates
[2026-08-29 21:54:08,064][fairseq.trainer][INFO] - Saving checkpoint to checkpoints/checkpoint_last.pt
[2026-08-29 21:54:10,366][fairseq.trainer][INFO] - Finished saving checkpoint to checkpoints/checkpoint_last.pt
[2026-08-29 21:54:10,376][fairseq.checkpoint_utils][INFO] - Saved checkpoint checkpoints/checkpoint_last.pt (epoch 60 @ 1440 updates, score 21.744) (writing took 2.3124438859522343 seconds)
[2026-08-29 21:54:10,376][fairseq_cli.train][INFO] - end of epoch 60 (average epoch stats below)
[2026-08-29 21:54:10,377][train][INFO] - {"epoch": 60, "train_loss": "102.793", "train_nll_loss": "5.937", "train_total": "1209.17", "train_n_correct": "268.375", "train_ppl": "61.28", "train_accuracy": "22.195", "train_wps": "1742.8", "train_ups": "1.44", "train_wpb": "1209.2", "train_bsz": "75", "train_num_updates": "1440", "train_lr": "0.00137674", "train_gnorm": "6.299", "train_loss_scale": "128", "train_train_wall": "10", "train_gb_free": "42.7", "train_wall": "1107"}
[2026-08-29 21:54:10,583][fairseq.logging.progress_bar][WARNING] - tensorboard not found, please install with: pip install tensorboard
[2026-08-29 21:54:10,585][fairseq.trainer][INFO] - begin training epoch 61
[2026-08-29 21:54:10,588][fairseq_cli.train][INFO] - Start iterating over samples
[2026-08-29 21:54:22,159][fairseq_cli.train][INFO] - begin validation on "valid" subset
[2026-08-29 21:54:22,374][fairseq.logging.progress_bar][WARNING] - tensorboard not found, please install with: pip install tensorboard
[2026-08-29 21:54:24,433][valid][INFO] - {"epoch": 61, "valid_loss": "105.974", "valid_nll_loss": "6.143", "valid_total": "291.154", "valid_n_correct": "63.9231", "valid_ppl": "70.67", "valid_accuracy": "21.955", "valid_wps": "4090.4", "valid_wpb": "291.2", "valid_bsz": "18.1", "valid_num_updates": "1464", "valid_best_accuracy": "21.955"}
[2026-08-29 21:54:24,436][fairseq.checkpoint_utils][INFO] - Preparing to save checkpoint for epoch 61 @ 1464 updates
[2026-08-29 21:54:24,437][fairseq.trainer][INFO] - Saving checkpoint to checkpoints/checkpoint_best.pt
[2026-08-29 21:54:26,739][fairseq.trainer][INFO] - Finished saving checkpoint to checkpoints/checkpoint_best.pt
[2026-08-29 21:54:29,286][fairseq.checkpoint_utils][INFO] - Saved checkpoint checkpoints/checkpoint_best.pt (epoch 61 @ 1464 updates, score 21.955) (writing took 4.849717230536044 seconds)
[2026-08-29 21:54:29,287][fairseq_cli.train][INFO] - end of epoch 61 (average epoch stats below)
[2026-08-29 21:54:29,289][train][INFO] - {"epoch": 61, "train_loss": "102.661", "train_nll_loss": "5.928", "train_total": "1209.17", "train_n_correct": "270.5", "train_ppl": "60.89", "train_accuracy": "22.371", "train_wps": "1534.5", "train_ups": "1.27", "train_wpb": "1209.2", "train_bsz": "75", "train_num_updates": "1464", "train_lr": "0.00135222", "train_gnorm": "6.35", "train_loss_scale": "128", "train_train_wall": "10", "train_gb_free": "42.9", "train_wall": "1126"}
[2026-08-29 21:54:29,633][fairseq.logging.progress_bar][WARNING] - tensorboard not found, please install with: pip install tensorboard
[2026-08-29 21:54:29,637][fairseq.trainer][INFO] - begin training epoch 62
[2026-08-29 21:54:29,638][fairseq_cli.train][INFO] - Start iterating over samples
[2026-08-29 21:54:41,323][fairseq_cli.train][INFO] - begin validation on "valid" subset
[2026-08-29 21:54:41,563][fairseq.logging.progress_bar][WARNING] - tensorboard not found, please install with: pip install tensorboard
[2026-08-29 21:54:43,615][valid][INFO] - {"epoch": 62, "valid_loss": "106.345", "valid_nll_loss": "6.166", "valid_total": "291.154", "valid_n_correct": "64.6154", "valid_ppl": "71.8", "valid_accuracy": "22.193", "valid_wps": "4177.9", "valid_wpb": "291.2", "valid_bsz": "18.1", "valid_num_updates": "1488", "valid_best_accuracy": "22.193"}
[2026-08-29 21:54:43,619][fairseq.checkpoint_utils][INFO] - Preparing to save checkpoint for epoch 62 @ 1488 updates
[2026-08-29 21:54:43,627][fairseq.trainer][INFO] - Saving checkpoint to checkpoints/checkpoint_best.pt
[2026-08-29 21:54:46,177][fairseq.trainer][INFO] - Finished saving checkpoint to checkpoints/checkpoint_best.pt
[2026-08-29 21:54:49,098][fairseq.checkpoint_utils][INFO] - Saved checkpoint checkpoints/checkpoint_best.pt (epoch 62 @ 1488 updates, score 22.193) (writing took 5.478455241769552 seconds)
[2026-08-29 21:54:49,099][fairseq_cli.train][INFO] - end of epoch 62 (average epoch stats below)
[2026-08-29 21:54:49,114][train][INFO] - {"epoch": 62, "train_loss": "102.38", "train_nll_loss": "5.908", "train_total": "1209.17", "train_n_correct": "273.042", "train_ppl": "60.04", "train_accuracy": "22.581", "train_wps": "1464", "train_ups": "1.21", "train_wpb": "1209.2", "train_bsz": "75", "train_num_updates": "1488", "train_lr": "0.00132813", "train_gnorm": "6.496", "train_loss_scale": "128", "train_train_wall": "10", "train_gb_free": "42.9", "train_wall": "1146"}
[2026-08-29 21:54:49,434][fairseq.logging.progress_bar][WARNING] - tensorboard not found, please install with: pip install tensorboard
[2026-08-29 21:54:49,521][fairseq.trainer][INFO] - begin training epoch 63
[2026-08-29 21:54:49,522][fairseq_cli.train][INFO] - Start iterating over samples
[2026-08-29 21:54:56,119][train_inner][INFO] - {"epoch": 63, "update": 62.5, "loss": "102.652", "nll_loss": "5.917", "total": "1204.27", "n_correct": "270.95", "ppl": "60.43", "accuracy": "22.499", "wps": "1578.7", "ups": "1.31", "wpb": "1204.3", "bsz": "74.6", "num_updates": "1500", "lr": "0.00131625", "gnorm": "6.335", "loss_scale": "128", "train_wall": "42", "gb_free": "42.8", "wall": "1153"}
[2026-08-29 21:55:01,048][fairseq_cli.train][INFO] - begin validation on "valid" subset
[2026-08-29 21:55:01,268][fairseq.logging.progress_bar][WARNING] - tensorboard not found, please install with: pip install tensorboard
[2026-08-29 21:55:03,284][valid][INFO] - {"epoch": 63, "valid_loss": "105.824", "valid_nll_loss": "6.134", "valid_total": "291.154", "valid_n_correct": "64.1538", "valid_ppl": "70.24", "valid_accuracy": "22.034", "valid_wps": "4324.2", "valid_wpb": "291.2", "valid_bsz": "18.1", "valid_num_updates": "1512", "valid_best_accuracy": "22.193"}
[2026-08-29 21:55:03,287][fairseq.checkpoint_utils][INFO] - Preparing to save checkpoint for epoch 63 @ 1512 updates
[2026-08-29 21:55:03,388][fairseq.trainer][INFO] - Saving checkpoint to checkpoints/checkpoint_last.pt
[2026-08-29 21:55:05,653][fairseq.trainer][INFO] - Finished saving checkpoint to checkpoints/checkpoint_last.pt
[2026-08-29 21:55:05,662][fairseq.checkpoint_utils][INFO] - Saved checkpoint checkpoints/checkpoint_last.pt (epoch 63 @ 1512 updates, score 22.034) (writing took 2.375157739035785 seconds)
[2026-08-29 21:55:05,664][fairseq_cli.train][INFO] - end of epoch 63 (average epoch stats below)
[2026-08-29 21:55:05,665][train][INFO] - {"epoch": 63, "train_loss": "102.234", "train_nll_loss": "5.897", "train_total": "1209.17", "train_n_correct": "274.25", "train_ppl": "59.6", "train_accuracy": "22.681", "train_wps": "1753.5", "train_ups": "1.45", "train_wpb": "1209.2", "train_bsz": "75", "train_num_updates": "1512", "train_lr": "0.00130447", "train_gnorm": "5.953", "train_loss_scale": "128", "train_train_wall": "10", "train_gb_free": "42.8", "train_wall": "1162"}
[2026-08-29 21:55:05,864][fairseq.logging.progress_bar][WARNING] - tensorboard not found, please install with: pip install tensorboard
[2026-08-29 21:55:05,867][fairseq.trainer][INFO] - begin training epoch 64
[2026-08-29 21:55:05,867][fairseq_cli.train][INFO] - Start iterating over samples
[2026-08-29 21:55:17,189][fairseq_cli.train][INFO] - begin validation on "valid" subset
[2026-08-29 21:55:17,425][fairseq.logging.progress_bar][WARNING] - tensorboard not found, please install with: pip install tensorboard
[2026-08-29 21:55:19,689][valid][INFO] - {"epoch": 64, "valid_loss": "105.683", "valid_nll_loss": "6.123", "valid_total": "291.154", "valid_n_correct": "64.6154", "valid_ppl": "69.7", "valid_accuracy": "22.193", "valid_wps": "4439.5", "valid_wpb": "291.2", "valid_bsz": "18.1", "valid_num_updates": "1536", "valid_best_accuracy": "22.193"}
[2026-08-29 21:55:19,694][fairseq.checkpoint_utils][INFO] - Preparing to save checkpoint for epoch 64 @ 1536 updates
[2026-08-29 21:55:19,695][fairseq.trainer][INFO] - Saving checkpoint to checkpoints/checkpoint_best.pt
[2026-08-29 21:55:22,000][fairseq.trainer][INFO] - Finished saving checkpoint to checkpoints/checkpoint_best.pt
[2026-08-29 21:55:24,631][fairseq.checkpoint_utils][INFO] - Saved checkpoint checkpoints/checkpoint_best.pt (epoch 64 @ 1536 updates, score 22.193) (writing took 4.936828214675188 seconds)
[2026-08-29 21:55:24,632][fairseq_cli.train][INFO] - end of epoch 64 (average epoch stats below)
[2026-08-29 21:55:24,634][train][INFO] - {"epoch": 64, "train_loss": "102.354", "train_nll_loss": "5.906", "train_total": "1209.17", "train_n_correct": "273.875", "train_ppl": "59.96", "train_accuracy": "22.65", "train_wps": "1529.9", "train_ups": "1.27", "train_wpb": "1209.2", "train_bsz": "75", "train_num_updates": "1536", "train_lr": "0.00128123", "train_gnorm": "6.302", "train_loss_scale": "128", "train_train_wall": "10", "train_gb_free": "42.8", "train_wall": "1181"}
[2026-08-29 21:55:24,927][fairseq.logging.progress_bar][WARNING] - tensorboard not found, please install with: pip install tensorboard
[2026-08-29 21:55:24,930][fairseq.trainer][INFO] - begin training epoch 65
[2026-08-29 21:55:24,931][fairseq_cli.train][INFO] - Start iterating over samples
[2026-08-29 21:55:36,534][fairseq_cli.train][INFO] - begin validation on "valid" subset
[2026-08-29 21:55:36,810][fairseq.logging.progress_bar][WARNING] - tensorboard not found, please install with: pip install tensorboard
[2026-08-29 21:55:38,908][valid][INFO] - {"epoch": 65, "valid_loss": "106.35", "valid_nll_loss": "6.165", "valid_total": "291.154", "valid_n_correct": "63.8462", "valid_ppl": "71.74", "valid_accuracy": "21.929", "valid_wps": "3579.1", "valid_wpb": "291.2", "valid_bsz": "18.1", "valid_num_updates": "1560", "valid_best_accuracy": "22.193"}
[2026-08-29 21:55:38,910][fairseq.checkpoint_utils][INFO] - Preparing to save checkpoint for epoch 65 @ 1560 updates
[2026-08-29 21:55:38,911][fairseq.trainer][INFO] - Saving checkpoint to checkpoints/checkpoint_last.pt
[2026-08-29 21:55:41,071][fairseq.trainer][INFO] - Finished saving checkpoint to checkpoints/checkpoint_last.pt
[2026-08-29 21:55:41,073][fairseq.checkpoint_utils][INFO] - Saved checkpoint checkpoints/checkpoint_last.pt (epoch 65 @ 1560 updates, score 21.929) (writing took 2.1621619882062078 seconds)
[2026-08-29 21:55:41,074][fairseq_cli.train][INFO] - end of epoch 65 (average epoch stats below)
[2026-08-29 21:55:41,076][train][INFO] - {"epoch": 65, "train_loss": "102.354", "train_nll_loss": "5.906", "train_total": "1209.17", "train_n_correct": "274.292", "train_ppl": "59.97", "train_accuracy": "22.684", "train_wps": "1765.2", "train_ups": "1.46", "train_wpb": "1209.2", "train_bsz": "75", "train_num_updates": "1560", "train_lr": "0.00125841", "train_gnorm": "6.254", "train_loss_scale": "128", "train_train_wall": "10", "train_gb_free": "42.7", "train_wall": "1198"}
[2026-08-29 21:55:41,310][fairseq.logging.progress_bar][WARNING] - tensorboard not found, please install with: pip install tensorboard
[2026-08-29 21:55:41,323][fairseq.trainer][INFO] - begin training epoch 66
[2026-08-29 21:55:41,324][fairseq_cli.train][INFO] - Start iterating over samples
[2026-08-29 21:55:53,037][fairseq_cli.train][INFO] - begin validation on "valid" subset
[2026-08-29 21:55:53,274][fairseq.logging.progress_bar][WARNING] - tensorboard not found, please install with: pip install tensorboard
[2026-08-29 21:55:55,329][valid][INFO] - {"epoch": 66, "valid_loss": "105.7", "valid_nll_loss": "6.123", "valid_total": "291.154", "valid_n_correct": "64.3077", "valid_ppl": "69.71", "valid_accuracy": "22.087", "valid_wps": "4431.9", "valid_wpb": "291.2", "valid_bsz": "18.1", "valid_num_updates": "1584", "valid_best_accuracy": "22.193"}
[2026-08-29 21:55:55,333][fairseq.checkpoint_utils][INFO] - Preparing to save checkpoint for epoch 66 @ 1584 updates
[2026-08-29 21:55:55,334][fairseq.trainer][INFO] - Saving checkpoint to checkpoints/checkpoint_last.pt
[2026-08-29 21:55:57,743][fairseq.trainer][INFO] - Finished saving checkpoint to checkpoints/checkpoint_last.pt
[2026-08-29 21:55:57,753][fairseq.checkpoint_utils][INFO] - Saved checkpoint checkpoints/checkpoint_last.pt (epoch 66 @ 1584 updates, score 22.087) (writing took 2.420281092636287 seconds)
[2026-08-29 21:55:57,754][fairseq_cli.train][INFO] - end of epoch 66 (average epoch stats below)
[2026-08-29 21:55:57,756][train][INFO] - {"epoch": 66, "train_loss": "101.998", "train_nll_loss": "5.881", "train_total": "1209.17", "train_n_correct": "277.375", "train_ppl": "58.92", "train_accuracy": "22.939", "train_wps": "1739.9", "train_ups": "1.44", "train_wpb": "1209.2", "train_bsz": "75", "train_num_updates": "1584", "train_lr": "0.00123599", "train_gnorm": "5.997", "train_loss_scale": "128", "train_train_wall": "10", "train_gb_free": "42.8", "train_wall": "1214"}
[2026-08-29 21:55:58,030][fairseq.logging.progress_bar][WARNING] - tensorboard not found, please install with: pip install tensorboard
[2026-08-29 21:55:58,033][fairseq.trainer][INFO] - begin training epoch 67
[2026-08-29 21:55:58,034][fairseq_cli.train][INFO] - Start iterating over samples
[2026-08-29 21:56:06,267][train_inner][INFO] - {"epoch": 67, "update": 66.667, "loss": "102.061", "nll_loss": "5.909", "total": "1222.98", "n_correct": "276.76", "ppl": "60.1", "accuracy": "22.63", "wps": "1743.5", "ups": "1.43", "wpb": "1223", "bsz": "76.1", "num_updates": "1600", "lr": "0.00122127", "gnorm": "6.09", "loss_scale": "128", "train_wall": "42", "gb_free": "42.8", "wall": "1223"}
[2026-08-29 21:56:09,465][fairseq_cli.train][INFO] - begin validation on "valid" subset
[2026-08-29 21:56:09,728][fairseq.logging.progress_bar][WARNING] - tensorboard not found, please install with: pip install tensorboard
[2026-08-29 21:56:11,771][valid][INFO] - {"epoch": 67, "valid_loss": "105.994", "valid_nll_loss": "6.142", "valid_total": "291.154", "valid_n_correct": "65.3846", "valid_ppl": "70.64", "valid_accuracy": "22.457", "valid_wps": "4140.1", "valid_wpb": "291.2", "valid_bsz": "18.1", "valid_num_updates": "1608", "valid_best_accuracy": "22.457"}
[2026-08-29 21:56:11,774][fairseq.checkpoint_utils][INFO] - Preparing to save checkpoint for epoch 67 @ 1608 updates
[2026-08-29 21:56:11,775][fairseq.trainer][INFO] - Saving checkpoint to checkpoints/checkpoint_best.pt
[2026-08-29 21:56:14,308][fairseq.trainer][INFO] - Finished saving checkpoint to checkpoints/checkpoint_best.pt
[2026-08-29 21:56:16,970][fairseq.checkpoint_utils][INFO] - Saved checkpoint checkpoints/checkpoint_best.pt (epoch 67 @ 1608 updates, score 22.457) (writing took 5.195429337210953 seconds)
[2026-08-29 21:56:16,971][fairseq_cli.train][INFO] - end of epoch 67 (average epoch stats below)
[2026-08-29 21:56:16,974][train][INFO] - {"epoch": 67, "train_loss": "102.05", "train_nll_loss": "5.884", "train_total": "1209.17", "train_n_correct": "279.708", "train_ppl": "59.06", "train_accuracy": "23.132", "train_wps": "1510.1", "train_ups": "1.25", "train_wpb": "1209.2", "train_bsz": "75", "train_num_updates": "1608", "train_lr": "0.00121398", "train_gnorm": "6.107", "train_loss_scale": "128", "train_train_wall": "10", "train_gb_free": "42.8", "train_wall": "1234"}
[2026-08-29 21:56:17,289][fairseq.logging.progress_bar][WARNING] - tensorboard not found, please install with: pip install tensorboard
[2026-08-29 21:56:17,292][fairseq.trainer][INFO] - begin training epoch 68
[2026-08-29 21:56:17,293][fairseq_cli.train][INFO] - Start iterating over samples
[2026-08-29 21:56:28,603][fairseq_cli.train][INFO] - begin validation on "valid" subset
[2026-08-29 21:56:28,925][fairseq.logging.progress_bar][WARNING] - tensorboard not found, please install with: pip install tensorboard
[2026-08-29 21:56:31,036][valid][INFO] - {"epoch": 68, "valid_loss": "105.591", "valid_nll_loss": "6.118", "valid_total": "291.154", "valid_n_correct": "64.5385", "valid_ppl": "69.46", "valid_accuracy": "22.166", "valid_wps": "4422.1", "valid_wpb": "291.2", "valid_bsz": "18.1", "valid_num_updates": "1632", "valid_best_accuracy": "22.457"}
[2026-08-29 21:56:31,040][fairseq.checkpoint_utils][INFO] - Preparing to save checkpoint for epoch 68 @ 1632 updates
[2026-08-29 21:56:31,040][fairseq.trainer][INFO] - Saving checkpoint to checkpoints/checkpoint_last.pt
[2026-08-29 21:56:33,369][fairseq.trainer][INFO] - Finished saving checkpoint to checkpoints/checkpoint_last.pt
[2026-08-29 21:56:33,379][fairseq.checkpoint_utils][INFO] - Saved checkpoint checkpoints/checkpoint_last.pt (epoch 68 @ 1632 updates, score 22.166) (writing took 2.3395238695666194 seconds)
[2026-08-29 21:56:33,380][fairseq_cli.train][INFO] - end of epoch 68 (average epoch stats below)
[2026-08-29 21:56:33,382][train][INFO] - {"epoch": 68, "train_loss": "102.075", "train_nll_loss": "5.887", "train_total": "1209.17", "train_n_correct": "277.333", "train_ppl": "59.16", "train_accuracy": "22.936", "train_wps": "1768.8", "train_ups": "1.46", "train_wpb": "1209.2", "train_bsz": "75", "train_num_updates": "1632", "train_lr": "0.00119235", "train_gnorm": "6.383", "train_loss_scale": "128", "train_train_wall": "10", "train_gb_free": "42.7", "train_wall": "1250"}
[2026-08-29 21:56:33,646][fairseq.logging.progress_bar][WARNING] - tensorboard not found, please install with: pip install tensorboard
[2026-08-29 21:56:33,648][fairseq.trainer][INFO] - begin training epoch 69
[2026-08-29 21:56:33,649][fairseq_cli.train][INFO] - Start iterating over samples
[2026-08-29 21:56:44,919][fairseq_cli.train][INFO] - begin validation on "valid" subset
[2026-08-29 21:56:45,129][fairseq.logging.progress_bar][WARNING] - tensorboard not found, please install with: pip install tensorboard
[2026-08-29 21:56:47,166][valid][INFO] - {"epoch": 69, "valid_loss": "105.82", "valid_nll_loss": "6.13", "valid_total": "291.154", "valid_n_correct": "65.6923", "valid_ppl": "70.05", "valid_accuracy": "22.563", "valid_wps": "4422", "valid_wpb": "291.2", "valid_bsz": "18.1", "valid_num_updates": "1656", "valid_best_accuracy": "22.563"}
[2026-08-29 21:56:47,168][fairseq.checkpoint_utils][INFO] - Preparing to save checkpoint for epoch 69 @ 1656 updates
[2026-08-29 21:56:47,169][fairseq.trainer][INFO] - Saving checkpoint to checkpoints/checkpoint_best.pt
[2026-08-29 21:56:49,327][fairseq.trainer][INFO] - Finished saving checkpoint to checkpoints/checkpoint_best.pt
[2026-08-29 21:56:51,886][fairseq.checkpoint_utils][INFO] - Saved checkpoint checkpoints/checkpoint_best.pt (epoch 69 @ 1656 updates, score 22.563) (writing took 4.717265563085675 seconds)
[2026-08-29 21:56:51,887][fairseq_cli.train][INFO] - end of epoch 69 (average epoch stats below)
[2026-08-29 21:56:51,889][train][INFO] - {"epoch": 69, "train_loss": "101.871", "train_nll_loss": "5.872", "train_total": "1209.17", "train_n_correct": "280.208", "train_ppl": "58.55", "train_accuracy": "23.174", "train_wps": "1568.1", "train_ups": "1.3", "train_wpb": "1209.2", "train_bsz": "75", "train_num_updates": "1656", "train_lr": "0.00117111", "train_gnorm": "6.361", "train_loss_scale": "128", "train_train_wall": "10", "train_gb_free": "42.9", "train_wall": "1269"}
[2026-08-29 21:56:52,190][fairseq.logging.progress_bar][WARNING] - tensorboard not found, please install with: pip install tensorboard
[2026-08-29 21:56:52,193][fairseq.trainer][INFO] - begin training epoch 70
[2026-08-29 21:56:52,193][fairseq_cli.train][INFO] - Start iterating over samples
[2026-08-29 21:57:03,519][fairseq_cli.train][INFO] - begin validation on "valid" subset
[2026-08-29 21:57:03,721][fairseq.logging.progress_bar][WARNING] - tensorboard not found, please install with: pip install tensorboard
[2026-08-29 21:57:05,603][valid][INFO] - {"epoch": 70, "valid_loss": "105.697", "valid_nll_loss": "6.12", "valid_total": "291.154", "valid_n_correct": "64.4615", "valid_ppl": "69.55", "valid_accuracy": "22.14", "valid_wps": "4418.3", "valid_wpb": "291.2", "valid_bsz": "18.1", "valid_num_updates": "1680", "valid_best_accuracy": "22.563"}
[2026-08-29 21:57:05,614][fairseq.checkpoint_utils][INFO] - Preparing to save checkpoint for epoch 70 @ 1680 updates
[2026-08-29 21:57:05,616][fairseq.trainer][INFO] - Saving checkpoint to checkpoints/checkpoint_last.pt
[2026-08-29 21:57:08,027][fairseq.trainer][INFO] - Finished saving checkpoint to checkpoints/checkpoint_last.pt
[2026-08-29 21:57:08,036][fairseq.checkpoint_utils][INFO] - Saved checkpoint checkpoints/checkpoint_last.pt (epoch 70 @ 1680 updates, score 22.14) (writing took 2.4223400009796023 seconds)
[2026-08-29 21:57:08,037][fairseq_cli.train][INFO] - end of epoch 70 (average epoch stats below)
[2026-08-29 21:57:08,038][train][INFO] - {"epoch": 70, "train_loss": "101.772", "train_nll_loss": "5.865", "train_total": "1209.17", "train_n_correct": "281.208", "train_ppl": "58.29", "train_accuracy": "23.256", "train_wps": "1797.2", "train_ups": "1.49", "train_wpb": "1209.2", "train_bsz": "75", "train_num_updates": "1680", "train_lr": "0.00115025", "train_gnorm": "6.119", "train_loss_scale": "128", "train_train_wall": "10", "train_gb_free": "42.9", "train_wall": "1285"}
[2026-08-29 21:57:08,356][fairseq.logging.progress_bar][WARNING] - tensorboard not found, please install with: pip install tensorboard
[2026-08-29 21:57:08,359][fairseq.trainer][INFO] - begin training epoch 71
[2026-08-29 21:57:08,362][fairseq_cli.train][INFO] - Start iterating over samples
[2026-08-29 21:57:18,111][train_inner][INFO] - {"epoch": 71, "update": 70.833, "loss": "101.899", "nll_loss": "5.865", "total": "1201.73", "n_correct": "279.4", "ppl": "58.29", "accuracy": "23.25", "wps": "1672.7", "ups": "1.39", "wpb": "1201.7", "bsz": "74.5", "num_updates": "1700", "lr": "0.00113315", "gnorm": "6.399", "loss_scale": "128", "train_wall": "41", "gb_free": "42.7", "wall": "1295"}
[2026-08-29 21:57:19,607][fairseq_cli.train][INFO] - begin validation on "valid" subset
[2026-08-29 21:57:19,822][fairseq.logging.progress_bar][WARNING] - tensorboard not found, please install with: pip install tensorboard
[2026-08-29 21:57:21,780][valid][INFO] - {"epoch": 71, "valid_loss": "105.389", "valid_nll_loss": "6.105", "valid_total": "291.154", "valid_n_correct": "64.3077", "valid_ppl": "68.84", "valid_accuracy": "22.087", "valid_wps": "4154.1", "valid_wpb": "291.2", "valid_bsz": "18.1", "valid_num_updates": "1704", "valid_best_accuracy": "22.563"}
[2026-08-29 21:57:21,782][fairseq.checkpoint_utils][INFO] - Preparing to save checkpoint for epoch 71 @ 1704 updates
[2026-08-29 21:57:21,783][fairseq.trainer][INFO] - Saving checkpoint to checkpoints/checkpoint_last.pt
[2026-08-29 21:57:23,936][fairseq.trainer][INFO] - Finished saving checkpoint to checkpoints/checkpoint_last.pt
[2026-08-29 21:57:23,944][fairseq.checkpoint_utils][INFO] - Saved checkpoint checkpoints/checkpoint_last.pt (epoch 71 @ 1704 updates, score 22.087) (writing took 2.1619705567136407 seconds)
[2026-08-29 21:57:23,946][fairseq_cli.train][INFO] - end of epoch 71 (average epoch stats below)
[2026-08-29 21:57:23,947][train][INFO] - {"epoch": 71, "train_loss": "101.85", "train_nll_loss": "5.87", "train_total": "1209.17", "train_n_correct": "279.958", "train_ppl": "58.47", "train_accuracy": "23.153", "train_wps": "1824.4", "train_ups": "1.51", "train_wpb": "1209.2", "train_bsz": "75", "train_num_updates": "1704", "train_lr": "0.00112976", "train_gnorm": "6.686", "train_loss_scale": "128", "train_train_wall": "10", "train_gb_free": "42.8", "train_wall": "1301"}
[2026-08-29 21:57:24,168][fairseq.logging.progress_bar][WARNING] - tensorboard not found, please install with: pip install tensorboard
[2026-08-29 21:57:24,171][fairseq.trainer][INFO] - begin training epoch 72
[2026-08-29 21:57:24,172][fairseq_cli.train][INFO] - Start iterating over samples
[2026-08-29 21:57:35,753][fairseq_cli.train][INFO] - begin validation on "valid" subset
[2026-08-29 21:57:35,972][fairseq.logging.progress_bar][WARNING] - tensorboard not found, please install with: pip install tensorboard
[2026-08-29 21:57:38,155][valid][INFO] - {"epoch": 72, "valid_loss": "105.863", "valid_nll_loss": "6.137", "valid_total": "291.154", "valid_n_correct": "64.4615", "valid_ppl": "70.36", "valid_accuracy": "22.14", "valid_wps": "3394", "valid_wpb": "291.2", "valid_bsz": "18.1", "valid_num_updates": "1728", "valid_best_accuracy": "22.563"}
[2026-08-29 21:57:38,159][fairseq.checkpoint_utils][INFO] - Preparing to save checkpoint for epoch 72 @ 1728 updates
[2026-08-29 21:57:38,160][fairseq.trainer][INFO] - Saving checkpoint to checkpoints/checkpoint_last.pt
[2026-08-29 21:57:40,428][fairseq.trainer][INFO] - Finished saving checkpoint to checkpoints/checkpoint_last.pt
[2026-08-29 21:57:40,431][fairseq.checkpoint_utils][INFO] - Saved checkpoint checkpoints/checkpoint_last.pt (epoch 72 @ 1728 updates, score 22.14) (writing took 2.2719069588929415 seconds)
[2026-08-29 21:57:40,432][fairseq_cli.train][INFO] - end of epoch 72 (average epoch stats below)
[2026-08-29 21:57:40,435][train][INFO] - {"epoch": 72, "train_loss": "101.838", "train_nll_loss": "5.869", "train_total": "1209.17", "train_n_correct": "280.792", "train_ppl": "58.44", "train_accuracy": "23.222", "train_wps": "1760.3", "train_ups": "1.46", "train_wpb": "1209.2", "train_bsz": "75", "train_num_updates": "1728", "train_lr": "0.00110963", "train_gnorm": "6.003", "train_loss_scale": "128", "train_train_wall": "10", "train_gb_free": "42.9", "train_wall": "1317"}
[2026-08-29 21:57:40,711][fairseq.logging.progress_bar][WARNING] - tensorboard not found, please install with: pip install tensorboard
[2026-08-29 21:57:40,714][fairseq.trainer][INFO] - begin training epoch 73
[2026-08-29 21:57:40,718][fairseq_cli.train][INFO] - Start iterating over samples
[2026-08-29 21:57:52,276][fairseq_cli.train][INFO] - begin validation on "valid" subset
[2026-08-29 21:57:52,496][fairseq.logging.progress_bar][WARNING] - tensorboard not found, please install with: pip install tensorboard
[2026-08-29 21:57:54,409][valid][INFO] - {"epoch": 73, "valid_loss": "105.556", "valid_nll_loss": "6.114", "valid_total": "291.154", "valid_n_correct": "65.1538", "valid_ppl": "69.25", "valid_accuracy": "22.378", "valid_wps": "4421", "valid_wpb": "291.2", "valid_bsz": "18.1", "valid_num_updates": "1752", "valid_best_accuracy": "22.563"}
[2026-08-29 21:57:54,412][fairseq.checkpoint_utils][INFO] - Preparing to save checkpoint for epoch 73 @ 1752 updates
[2026-08-29 21:57:54,414][fairseq.trainer][INFO] - Saving checkpoint to checkpoints/checkpoint_last.pt
[2026-08-29 21:57:56,620][fairseq.trainer][INFO] - Finished saving checkpoint to checkpoints/checkpoint_last.pt
[2026-08-29 21:57:56,622][fairseq.checkpoint_utils][INFO] - Saved checkpoint checkpoints/checkpoint_last.pt (epoch 73 @ 1752 updates, score 22.378) (writing took 2.2090175235643983 seconds)
[2026-08-29 21:57:56,623][fairseq_cli.train][INFO] - end of epoch 73 (average epoch stats below)
[2026-08-29 21:57:56,624][train][INFO] - {"epoch": 73, "train_loss": "101.723", "train_nll_loss": "5.862", "train_total": "1209.17", "train_n_correct": "280.667", "train_ppl": "58.15", "train_accuracy": "23.212", "train_wps": "1792.6", "train_ups": "1.48", "train_wpb": "1209.2", "train_bsz": "75", "train_num_updates": "1752", "train_lr": "0.00108987", "train_gnorm": "6.37", "train_loss_scale": "128", "train_train_wall": "10", "train_gb_free": "43.1", "train_wall": "1333"}
[2026-08-29 21:57:56,894][fairseq.logging.progress_bar][WARNING] - tensorboard not found, please install with: pip install tensorboard
[2026-08-29 21:57:56,897][fairseq.trainer][INFO] - begin training epoch 74
[2026-08-29 21:57:56,898][fairseq_cli.train][INFO] - Start iterating over samples
[2026-08-29 21:58:08,837][fairseq_cli.train][INFO] - begin validation on "valid" subset
[2026-08-29 21:58:09,072][fairseq.logging.progress_bar][WARNING] - tensorboard not found, please install with: pip install tensorboard
[2026-08-29 21:58:11,078][valid][INFO] - {"epoch": 74, "valid_loss": "105.955", "valid_nll_loss": "6.141", "valid_total": "291.154", "valid_n_correct": "65.6154", "valid_ppl": "70.59", "valid_accuracy": "22.536", "valid_wps": "4385.8", "valid_wpb": "291.2", "valid_bsz": "18.1", "valid_num_updates": "1776", "valid_best_accuracy": "22.563"}
[2026-08-29 21:58:11,083][fairseq.checkpoint_utils][INFO] - Preparing to save checkpoint for epoch 74 @ 1776 updates
[2026-08-29 21:58:11,083][fairseq.trainer][INFO] - Saving checkpoint to checkpoints/checkpoint_last.pt
[2026-08-29 21:58:13,280][fairseq.trainer][INFO] - Finished saving checkpoint to checkpoints/checkpoint_last.pt
[2026-08-29 21:58:13,281][fairseq.checkpoint_utils][INFO] - Saved checkpoint checkpoints/checkpoint_last.pt (epoch 74 @ 1776 updates, score 22.536) (writing took 2.198919896967709 seconds)
[2026-08-29 21:58:13,284][fairseq_cli.train][INFO] - end of epoch 74 (average epoch stats below)
[2026-08-29 21:58:13,286][train][INFO] - {"epoch": 74, "train_loss": "101.517", "train_nll_loss": "5.846", "train_total": "1209.17", "train_n_correct": "283.708", "train_ppl": "57.53", "train_accuracy": "23.463", "train_wps": "1741.9", "train_ups": "1.44", "train_wpb": "1209.2", "train_bsz": "75", "train_num_updates": "1776", "train_lr": "0.00107045", "train_gnorm": "6.134", "train_loss_scale": "128", "train_train_wall": "11", "train_gb_free": "43", "train_wall": "1350"}
[2026-08-29 21:58:13,477][fairseq.logging.progress_bar][WARNING] - tensorboard not found, please install with: pip install tensorboard
[2026-08-29 21:58:13,480][fairseq.trainer][INFO] - begin training epoch 75
[2026-08-29 21:58:13,481][fairseq_cli.train][INFO] - Start iterating over samples
[2026-08-29 21:58:24,928][train_inner][INFO] - {"epoch": 75, "update": 75.0, "loss": "101.775", "nll_loss": "5.864", "total": "1206.93", "n_correct": "281.67", "ppl": "58.23", "accuracy": "23.338", "wps": "1806.4", "ups": "1.5", "wpb": "1206.9", "bsz": "74.8", "num_updates": "1800", "lr": "0.00105138", "gnorm": "6.302", "loss_scale": "128", "train_wall": "42", "gb_free": "42.7", "wall": "1362"}
[2026-08-29 21:58:24,929][fairseq_cli.train][INFO] - begin validation on "valid" subset
[2026-08-29 21:58:25,124][fairseq.logging.progress_bar][WARNING] - tensorboard not found, please install with: pip install tensorboard
[2026-08-29 21:58:27,225][valid][INFO] - {"epoch": 75, "valid_loss": "105.826", "valid_nll_loss": "6.132", "valid_total": "291.154", "valid_n_correct": "65.1538", "valid_ppl": "70.11", "valid_accuracy": "22.378", "valid_wps": "3390.4", "valid_wpb": "291.2", "valid_bsz": "18.1", "valid_num_updates": "1800", "valid_best_accuracy": "22.563"}
[2026-08-29 21:58:27,227][fairseq.checkpoint_utils][INFO] - Preparing to save checkpoint for epoch 75 @ 1800 updates
[2026-08-29 21:58:27,231][fairseq.trainer][INFO] - Saving checkpoint to checkpoints/checkpoint_last.pt
[2026-08-29 21:58:29,337][fairseq.trainer][INFO] - Finished saving checkpoint to checkpoints/checkpoint_last.pt
[2026-08-29 21:58:29,346][fairseq.checkpoint_utils][INFO] - Saved checkpoint checkpoints/checkpoint_last.pt (epoch 75 @ 1800 updates, score 22.378) (writing took 2.1188803426921368 seconds)
[2026-08-29 21:58:29,348][fairseq_cli.train][INFO] - end of epoch 75 (average epoch stats below)
[2026-08-29 21:58:29,349][train][INFO] - {"epoch": 75, "train_loss": "101.742", "train_nll_loss": "5.862", "train_total": "1209.17", "train_n_correct": "286.042", "train_ppl": "58.17", "train_accuracy": "23.656", "train_wps": "1806.9", "train_ups": "1.49", "train_wpb": "1209.2", "train_bsz": "75", "train_num_updates": "1800", "train_lr": "0.00105138", "train_gnorm": "6.715", "train_loss_scale": "128", "train_train_wall": "10", "train_gb_free": "42.7", "train_wall": "1366"}
[2026-08-29 21:58:29,570][fairseq.logging.progress_bar][WARNING] - tensorboard not found, please install with: pip install tensorboard
[2026-08-29 21:58:29,572][fairseq.trainer][INFO] - begin training epoch 76
[2026-08-29 21:58:29,573][fairseq_cli.train][INFO] - Start iterating over samples
[2026-08-29 21:58:40,756][fairseq_cli.train][INFO] - begin validation on "valid" subset
[2026-08-29 21:58:41,026][fairseq.logging.progress_bar][WARNING] - tensorboard not found, please install with: pip install tensorboard
[2026-08-29 21:58:43,134][valid][INFO] - {"epoch": 76, "valid_loss": "105.42", "valid_nll_loss": "6.106", "valid_total": "291.154", "valid_n_correct": "64.5385", "valid_ppl": "68.89", "valid_accuracy": "22.166", "valid_wps": "3736.9", "valid_wpb": "291.2", "valid_bsz": "18.1", "valid_num_updates": "1824", "valid_best_accuracy": "22.563"}
[2026-08-29 21:58:43,137][fairseq.checkpoint_utils][INFO] - Preparing to save checkpoint for epoch 76 @ 1824 updates
[2026-08-29 21:58:43,138][fairseq.trainer][INFO] - Saving checkpoint to checkpoints/checkpoint_last.pt
[2026-08-29 21:58:45,460][fairseq.trainer][INFO] - Finished saving checkpoint to checkpoints/checkpoint_last.pt
[2026-08-29 21:58:45,461][fairseq.checkpoint_utils][INFO] - Saved checkpoint checkpoints/checkpoint_last.pt (epoch 76 @ 1824 updates, score 22.166) (writing took 2.324146098457277 seconds)
[2026-08-29 21:58:45,462][fairseq_cli.train][INFO] - end of epoch 76 (average epoch stats below)
[2026-08-29 21:58:45,466][train][INFO] - {"epoch": 76, "train_loss": "101.73", "train_nll_loss": "5.861", "train_total": "1209.17", "train_n_correct": "283", "train_ppl": "58.13", "train_accuracy": "23.405", "train_wps": "1800.6", "train_ups": "1.49", "train_wpb": "1209.2", "train_bsz": "75", "train_num_updates": "1824", "train_lr": "0.00103265", "train_gnorm": "6.563", "train_loss_scale": "128", "train_train_wall": "10", "train_gb_free": "42.8", "train_wall": "1382"}
[2026-08-29 21:58:45,722][fairseq.logging.progress_bar][WARNING] - tensorboard not found, please install with: pip install tensorboard
[2026-08-29 21:58:45,724][fairseq.trainer][INFO] - begin training epoch 77
[2026-08-29 21:58:45,725][fairseq_cli.train][INFO] - Start iterating over samples
[2026-08-29 21:58:57,146][fairseq_cli.train][INFO] - begin validation on "valid" subset
[2026-08-29 21:58:57,331][fairseq.logging.progress_bar][WARNING] - tensorboard not found, please install with: pip install tensorboard
[2026-08-29 21:58:59,389][valid][INFO] - {"epoch": 77, "valid_loss": "105.501", "valid_nll_loss": "6.114", "valid_total": "291.154", "valid_n_correct": "64.6154", "valid_ppl": "69.27", "valid_accuracy": "22.193", "valid_wps": "4234.2", "valid_wpb": "291.2", "valid_bsz": "18.1", "valid_num_updates": "1848", "valid_best_accuracy": "22.563"}
[2026-08-29 21:58:59,391][fairseq_cli.train][INFO] - early stop since valid performance hasn't improved for last 8 runs
[2026-08-29 21:58:59,393][fairseq.checkpoint_utils][INFO] - Preparing to save checkpoint for epoch 77 @ 1848 updates
[2026-08-29 21:58:59,394][fairseq.trainer][INFO] - Saving checkpoint to checkpoints/checkpoint_last.pt
[2026-08-29 21:59:01,620][fairseq.trainer][INFO] - Finished saving checkpoint to checkpoints/checkpoint_last.pt
[2026-08-29 21:59:01,629][fairseq.checkpoint_utils][INFO] - Saved checkpoint checkpoints/checkpoint_last.pt (epoch 77 @ 1848 updates, score 22.193) (writing took 2.2365318899974227 seconds)
[2026-08-29 21:59:01,630][fairseq_cli.train][INFO] - end of epoch 77 (average epoch stats below)
[2026-08-29 21:59:01,632][train][INFO] - {"epoch": 77, "train_loss": "101.697", "train_nll_loss": "5.859", "train_total": "1209.17", "train_n_correct": "280.542", "train_ppl": "58.05", "train_accuracy": "23.201", "train_wps": "1795.3", "train_ups": "1.48", "train_wpb": "1209.2", "train_bsz": "75", "train_num_updates": "1848", "train_lr": "0.00101426", "train_gnorm": "6.596", "train_loss_scale": "128", "train_train_wall": "10", "train_gb_free": "42.8", "train_wall": "1398"}
[2026-08-29 21:59:01,632][fairseq_cli.train][INFO] - done training in 1398.0 seconds

training finished. checkpoints + logs in: /workspace/av-hubert-ai-speak/workspace/experiments/sweep_r4
tensorboard --logdir /workspace/av-hubert-ai-speak/workspace/experiments/sweep_r4/tblog
