config: aispeak_lora_decoder   data: /workspace/av-hubert-ai-speak/data/aispeak_ser_data
[2026-08-29 22:51:31,312][fairseq_cli.train][INFO] - {'_name': None, 'common': {'_name': None, 'no_progress_bar': False, 'log_interval': 100, 'log_format': 'json', 'log_file': None, 'tensorboard_logdir': 'tblog', 'wandb_project': None, 'azureml_logging': False, 'seed': 1337, 'cpu': False, 'tpu': False, 'bf16': False, 'memory_efficient_bf16': False, 'fp16': True, 'memory_efficient_fp16': False, 'fp16_no_flatten_grads': False, 'fp16_init_scale': 128, 'fp16_scale_window': None, 'fp16_scale_tolerance': 0.0, 'on_cpu_convert_precision': False, 'min_loss_scale': 0.0001, 'threshold_loss_scale': None, 'amp': False, 'amp_batch_retries': 2, 'amp_init_scale': 128, 'amp_scale_window': None, 'user_dir': '/workspace/av-hubert-ai-speak/av_hubert/avhubert', 'empty_cache_freq': 0, 'all_gather_list_size': 16384, 'model_parallel_size': 1, 'quantization_config_path': None, 'profile': False, 'reset_logging': False, 'suppress_crashes': False, 'use_plasma_view': False, 'plasma_path': '/tmp/plasma'}, 'common_eval': {'_name': None, 'path': None, 'post_process': None, 'quiet': False, 'model_overrides': '{}', 'results_path': None}, 'distributed_training': {'_name': None, 'distributed_world_size': 1, 'distributed_num_procs': 1, 'distributed_rank': 0, 'distributed_backend': 'nccl', 'distributed_init_method': None, 'distributed_port': -1, 'device_id': 0, 'distributed_no_spawn': False, 'ddp_backend': 'c10d', 'ddp_comm_hook': 'none', 'bucket_cap_mb': 25, 'fix_batches_to_gpus': False, 'find_unused_parameters': True, 'fast_stat_sync': False, 'heartbeat_timeout': -1, 'broadcast_buffers': False, 'slowmo_momentum': None, 'slowmo_algorithm': 'LocalSGD', 'localsgd_frequency': 3, 'nprocs_per_node': 1, 'pipeline_model_parallel': False, 'pipeline_balance': None, 'pipeline_devices': None, 'pipeline_chunks': 0, 'pipeline_encoder_balance': None, 'pipeline_encoder_devices': None, 'pipeline_decoder_balance': None, 'pipeline_decoder_devices': None, 'pipeline_checkpoint': 'never', 'zero_sharding': 'none', 'fp16': True, 'memory_efficient_fp16': False, 'tpu': False, 'no_reshard_after_forward': False, 'fp32_reduce_scatter': False, 'cpu_offload': False, 'use_sharded_state': False}, 'dataset': {'_name': None, 'num_workers': 8, 'skip_invalid_size_inputs_valid_test': False, 'max_tokens': 2000, 'batch_size': None, 'required_batch_size_multiple': 8, 'required_seq_len_multiple': 1, 'dataset_impl': None, 'data_buffer_size': 10, 'train_subset': 'train', 'valid_subset': 'valid', 'combine_valid_subsets': None, 'ignore_unused_valid_subsets': False, 'validate_interval': 1, 'validate_interval_updates': 0, 'validate_after_updates': 0, 'fixed_validation_seed': None, 'disable_validation': False, 'max_tokens_valid': 2000, 'batch_size_valid': None, 'max_valid_steps': None, 'curriculum': 0, 'gen_subset': 'test', 'num_shards': 1, 'shard_id': 0}, 'optimization': {'_name': None, 'max_epoch': 0, 'max_update': 3000, 'stop_time_hours': 0.0, 'clip_norm': 0.0, 'sentence_avg': True, 'update_freq': [4], 'lr': [0.003], 'stop_min_lr': -1.0, 'use_bmuf': False}, 'checkpoint': {'_name': None, 'save_dir': 'checkpoints', 'restore_file': 'checkpoint_last.pt', 'finetune_from_model': None, 'reset_dataloader': False, 'reset_lr_scheduler': False, 'reset_meters': False, 'reset_optimizer': False, 'optimizer_overrides': '{}', 'save_interval': 1, 'save_interval_updates': 0, 'keep_interval_updates': 1, 'keep_interval_updates_pattern': -1, 'keep_last_epochs': -1, 'keep_best_checkpoints': -1, 'no_save': False, 'no_epoch_checkpoints': True, 'no_last_checkpoints': False, 'no_save_optimizer_state': False, 'best_checkpoint_metric': 'accuracy', 'maximize_best_checkpoint_metric': True, 'patience': 8, 'checkpoint_suffix': '', 'checkpoint_shard_count': 1, 'load_checkpoint_on_all_dp_ranks': False, 'write_checkpoints_asynchronously': False, 'model_parallel_size': 1}, 'bmuf': {'_name': None, 'block_lr': 1.0, 'block_momentum': 0.875, 'global_sync_iter': 50, 'warmup_iterations': 500, 'use_nbm': False, 'average_sync': False, 'distributed_world_size': 1}, 'generation': {'_name': None, 'beam': 5, 'nbest': 1, 'max_len_a': 0.0, 'max_len_b': 200, 'min_len': 1, 'match_source_len': False, 'unnormalized': False, 'no_early_stop': False, 'no_beamable_mm': False, 'lenpen': 1.0, 'unkpen': 0.0, 'replace_unk': None, 'sacrebleu': False, 'score_reference': False, 'prefix_size': 0, 'no_repeat_ngram_size': 0, 'sampling': False, 'sampling_topk': -1, 'sampling_topp': -1.0, 'constraints': None, 'temperature': 1.0, 'diverse_beam_groups': -1, 'diverse_beam_strength': 0.5, 'diversity_rate': -1.0, 'print_alignment': None, 'print_step': False, 'lm_path': None, 'lm_weight': 0.0, 'iter_decode_eos_penalty': 0.0, 'iter_decode_max_iter': 10, 'iter_decode_force_max_iter': False, 'iter_decode_with_beam': 1, 'iter_decode_with_external_reranker': False, 'retain_iter_history': False, 'retain_dropout': False, 'retain_dropout_modules': None, 'decoding_format': None, 'no_seed_provided': False}, 'eval_lm': {'_name': None, 'output_word_probs': False, 'output_word_stats': False, 'context_window': 0, 'softmax_batch': 9223372036854775807}, 'interactive': {'_name': None, 'buffer_size': 0, 'input': '-'}, 'model': {'_name': 'av_hubert_seq2seq', 'w2v_path': '/workspace/av-hubert-ai-speak/workspace/checkpoints/base_vox_433h_encoder.pt', 'lora_enable': True, 'lora_r': 32, 'lora_alpha': 16, 'lora_dropout': 0.05, 'lora_targets': 'q_proj,v_proj', 'lora_scope': 'decoder', 'freeze_finetune_updates': 0, 'apply_mask': False, 'mask_selection': 'static', 'mask_length': 10, 'mask_other': 0, 'mask_prob': 0.75, 'mask_channel_selection': 'static', 'mask_channel_length': 64, 'mask_channel_other': 0, 'mask_channel_prob': 0.5, 'layerdrop': 0.1, 'dropout': 0.0, 'activation_dropout': 0.1, 'attention_dropout': 0.0, 'feature_grad_mult': 1.0, 'decoder_layers': 6, 'decoder_dropout': 0.1, 'decoder_attention_dropout': 0.0, 'decoder_activation_dropout': 0.1, 'share_decoder_input_output_embed': True, 'decoder_normalize_before': True}, 'task': {'_name': 'av_hubert_pretraining', 'is_s2s': True, 'data': '/workspace/av-hubert-ai-speak/data/aispeak_ser_data', 'label_dir': '/workspace/av-hubert-ai-speak/data/aispeak_ser_data', 'tokenizer_bpe_model': '/workspace/av-hubert-ai-speak/data/aispeak_ser_data/spm_unigram500.model', 'normalize': True, 'labels': ['wrd'], 'single_target': True, 'fine_tuning': True, 'stack_order_audio': 4, 'tokenizer_bpe_name': 'sentencepiece', 'max_sample_size': 500, 'modalities': ['video'], 'image_aug': True, 'pad_audio': True, 'random_crop': False}, 'criterion': {'_name': 'label_smoothed_cross_entropy', 'label_smoothing': 0.1, 'report_accuracy': True, 'ignore_prefix_size': 0, 'sentence_avg': True}, 'optimizer': {'_name': 'adam', 'adam_betas': '(0.9,0.98)', 'adam_eps': 1e-08, 'weight_decay': 0.0, 'use_old_adam': False, 'tpu': False, 'lr': [0.003]}, 'lr_scheduler': {'_name': 'tri_stage', 'warmup_steps': 400, 'hold_steps': 0, 'decay_steps': 4000, 'phase_ratio': None, 'init_lr_scale': 0.01, 'final_lr_scale': 0.05, 'max_update': 3000, 'lr': [0.003]}, 'scoring': None, 'bpe': None, 'tokenizer': None, 'job_logging_cfg': {'version': 1, 'formatters': {'simple': {'format': '[%(asctime)s][%(name)s][%(levelname)s] - %(message)s'}}, 'handlers': {'console': {'class': 'logging.StreamHandler', 'formatter': 'simple', 'stream': 'ext://sys.stdout'}, 'file': {'class': 'logging.FileHandler', 'formatter': 'simple', 'filename': 'hydra_train.log'}}, 'root': {'level': 'INFO', 'handlers': ['console', 'file']}, 'disable_existing_loggers': False}}
[2026-08-29 22:51:31,317][avhubert.hubert_pretraining][INFO] - current directory is /workspace/av-hubert-ai-speak/workspace/experiments/sweep_r32
[2026-08-29 22:51:31,318][avhubert.hubert_pretraining][INFO] - AVHubertPretrainingTask Config {'_name': 'av_hubert_pretraining', 'data': '/workspace/av-hubert-ai-speak/data/aispeak_ser_data', 'labels': ['wrd'], 'label_dir': '/workspace/av-hubert-ai-speak/data/aispeak_ser_data', 'label_rate': -1, 'sample_rate': 16000, 'normalize': True, 'enable_padding': False, 'max_sample_size': 500, 'min_sample_size': None, 'max_trim_sample_size': '${task.max_sample_size}', 'single_target': True, 'random_crop': False, 'pad_audio': True, 'pdb': False, 'stack_order_audio': 4, 'skip_verify': False, 'image_aug': True, 'image_crop_size': 88, 'image_mean': 0.421, 'image_std': 0.165, 'modalities': ['video'], 'is_s2s': True, 'tokenizer_bpe_name': 'sentencepiece', 'tokenizer_bpe_model': '/workspace/av-hubert-ai-speak/data/aispeak_ser_data/spm_unigram500.model', 'noise_wav': None, 'noise_prob': 0.0, 'noise_snr': '0', 'noise_num': 1, 'fine_tuning': True}
[2026-08-29 22:51:32,133][avhubert.hubert_pretraining][INFO] - current directory is /workspace/av-hubert-ai-speak/workspace/experiments/sweep_r32
[2026-08-29 22:51:32,133][avhubert.hubert_pretraining][INFO] - AVHubertPretrainingTask Config {'_name': 'av_hubert_pretraining', 'data': '/workspace/av-hubert-ai-speak/data/aispeak_ser_data', 'labels': ['km'], 'label_dir': '/checkpoint/bshi/data/lrs3//video/hubert/stitch-iters/envox-iter4-l12c2000/', 'label_rate': 25, 'sample_rate': 25, 'normalize': True, 'enable_padding': False, 'max_sample_size': 2000, 'min_sample_size': 5, 'max_trim_sample_size': 400, 'single_target': False, 'random_crop': True, 'pad_audio': False, 'pdb': False, 'stack_order_audio': 4, 'skip_verify': False, 'image_aug': True, 'image_crop_size': 88, 'image_mean': 0.421, 'image_std': 0.165, 'modalities': ['audio', 'video'], 'is_s2s': False, 'tokenizer_bpe_name': None, 'tokenizer_bpe_model': None, 'noise_wav': None, 'noise_prob': 0.0, 'noise_snr': '0', 'noise_num': 1, 'fine_tuning': False}
[2026-08-29 22:51:32,141][avhubert.hubert][INFO] - HubertModel Config: {'_name': 'av_hubert', 'label_rate': 25, 'input_modality': '${task.input_modality}', 'extractor_mode': default, 'encoder_layers': 12, 'encoder_embed_dim': 768, 'encoder_ffn_embed_dim': 3072, 'encoder_attention_heads': 12, 'activation_fn': gelu, 'dropout': 0.0, 'attention_dropout': 0.0, 'activation_dropout': 0.1, 'encoder_layerdrop': 0.1, 'dropout_input': 0.0, 'dropout_features': 0.1, 'final_dim': 256, 'untie_final_proj': True, 'layer_norm_first': True, 'conv_feature_layers': '[(512,10,5)] + [(512,3,2)] * 4 + [(512,2,2)] * 2', 'conv_bias': False, 'logit_temp': 0.1, 'target_glu': False, 'feature_grad_mult': 1.0, 'mask_length_audio': 10, 'mask_prob_audio': 0.8, 'mask_length_image': 5, 'mask_prob_image': 0.3, 'mask_selection': static, 'mask_other': 0.0, 'no_mask_overlap': False, 'mask_min_space': 1, 'mask_channel_length': 10, 'mask_channel_prob': 0.0, 'mask_channel_selection': static, 'mask_channel_other': 0.0, 'no_mask_channel_overlap': False, 'mask_channel_min_space': 1, 'conv_pos': 128, 'conv_pos_groups': 16, 'latent_temp': [2.0, 0.5, 0.999995], 'skip_masked': False, 'skip_nomask': False, 'resnet_relu_type': 'prelu', 'resnet_weights': None, 'sim_type': 'cosine', 'sub_encoder_layers': 0, 'audio_feat_dim': 104, 'modality_dropout': 0.5, 'audio_dropout': 0.5, 'modality_fuse': 'concat', 'selection_type': 'same_seq', 'masking_type': 'input', 'decoder_embed_dim': 768, 'decoder_ffn_embed_dim': 3072, 'decoder_layers': 6, 'decoder_layerdrop': 0.0, 'decoder_attention_heads': 4, 'decoder_learned_pos': False, 'decoder_normalize_before': False, 'no_token_positional_embeddings': False, 'decoder_dropout': 0.1, 'decoder_attention_dropout': 0.1, 'decoder_activation_dropout': 0.0, 'max_target_positions': 2048, 'share_decoder_input_output_embed': False, 'no_scale_embedding': True}
[2026-08-29 22:51:36,114][avhubert.hubert_asr][INFO] - [LoRA] scope=decoder targets=('q_proj', 'v_proj') r=32 alpha=16: adapted 24 layers, trainable 1,179,648/161,409,256 (0.73%)
[2026-08-29 22:51:36,117][fairseq_cli.train][INFO] - AVHubertSeq2Seq(
  (encoder): HubertEncoderWrapper(
    (w2v_model): AVHubertModel(
      (feature_extractor_audio): SubModel(
        (proj): Linear(in_features=104, out_features=768, bias=True)
      )
      (feature_extractor_video): SubModel(
        (resnet): ResEncoder(
          (frontend3D): Sequential(
            (0): Conv3d(1, 64, kernel_size=(5, 7, 7), stride=(1, 2, 2), padding=(2, 3, 3), bias=False)
            (1): BatchNorm3d(64, eps=1e-05, momentum=0.1, affine=True, track_running_stats=True)
            (2): PReLU(num_parameters=64)
            (3): MaxPool3d(kernel_size=(1, 3, 3), stride=(1, 2, 2), padding=(0, 1, 1), dilation=1, ceil_mode=False)
          )
          (trunk): ResNet(
            (layer1): Sequential(
              (0): BasicBlock(
                (conv1): Conv2d(64, 64, kernel_size=(3, 3), stride=(1, 1), padding=(1, 1), bias=False)
                (bn1): BatchNorm2d(64, eps=1e-05, momentum=0.1, affine=True, track_running_stats=True)
                (relu1): PReLU(num_parameters=64)
                (relu2): PReLU(num_parameters=64)
                (conv2): Conv2d(64, 64, kernel_size=(3, 3), stride=(1, 1), padding=(1, 1), bias=False)
                (bn2): BatchNorm2d(64, eps=1e-05, momentum=0.1, affine=True, track_running_stats=True)
              )
              (1): BasicBlock(
                (conv1): Conv2d(64, 64, kernel_size=(3, 3), stride=(1, 1), padding=(1, 1), bias=False)
                (bn1): BatchNorm2d(64, eps=1e-05, momentum=0.1, affine=True, track_running_stats=True)
                (relu1): PReLU(num_parameters=64)
                (relu2): PReLU(num_parameters=64)
                (conv2): Conv2d(64, 64, kernel_size=(3, 3), stride=(1, 1), padding=(1, 1), bias=False)
                (bn2): BatchNorm2d(64, eps=1e-05, momentum=0.1, affine=True, track_running_stats=True)
              )
            )
            (layer2): Sequential(
              (0): BasicBlock(
                (conv1): Conv2d(64, 128, kernel_size=(3, 3), stride=(2, 2), padding=(1, 1), bias=False)
                (bn1): BatchNorm2d(128, eps=1e-05, momentum=0.1, affine=True, track_running_stats=True)
                (relu1): PReLU(num_parameters=128)
                (relu2): PReLU(num_parameters=128)
                (conv2): Conv2d(128, 128, kernel_size=(3, 3), stride=(1, 1), padding=(1, 1), bias=False)
                (bn2): BatchNorm2d(128, eps=1e-05, momentum=0.1, affine=True, track_running_stats=True)
                (downsample): Sequential(
                  (0): Conv2d(64, 128, kernel_size=(1, 1), stride=(2, 2), bias=False)
                  (1): BatchNorm2d(128, eps=1e-05, momentum=0.1, affine=True, track_running_stats=True)
                )
              )
              (1): BasicBlock(
                (conv1): Conv2d(128, 128, kernel_size=(3, 3), stride=(1, 1), padding=(1, 1), bias=False)
                (bn1): BatchNorm2d(128, eps=1e-05, momentum=0.1, affine=True, track_running_stats=True)
                (relu1): PReLU(num_parameters=128)
                (relu2): PReLU(num_parameters=128)
                (conv2): Conv2d(128, 128, kernel_size=(3, 3), stride=(1, 1), padding=(1, 1), bias=False)
                (bn2): BatchNorm2d(128, eps=1e-05, momentum=0.1, affine=True, track_running_stats=True)
              )
            )
            (layer3): Sequential(
              (0): BasicBlock(
                (conv1): Conv2d(128, 256, kernel_size=(3, 3), stride=(2, 2), padding=(1, 1), bias=False)
                (bn1): BatchNorm2d(256, eps=1e-05, momentum=0.1, affine=True, track_running_stats=True)
                (relu1): PReLU(num_parameters=256)
                (relu2): PReLU(num_parameters=256)
                (conv2): Conv2d(256, 256, kernel_size=(3, 3), stride=(1, 1), padding=(1, 1), bias=False)
                (bn2): BatchNorm2d(256, eps=1e-05, momentum=0.1, affine=True, track_running_stats=True)
                (downsample): Sequential(
                  (0): Conv2d(128, 256, kernel_size=(1, 1), stride=(2, 2), bias=False)
                  (1): BatchNorm2d(256, eps=1e-05, momentum=0.1, affine=True, track_running_stats=True)
                )
              )
              (1): BasicBlock(
                (conv1): Conv2d(256, 256, kernel_size=(3, 3), stride=(1, 1), padding=(1, 1), bias=False)
                (bn1): BatchNorm2d(256, eps=1e-05, momentum=0.1, affine=True, track_running_stats=True)
                (relu1): PReLU(num_parameters=256)
                (relu2): PReLU(num_parameters=256)
                (conv2): Conv2d(256, 256, kernel_size=(3, 3), stride=(1, 1), padding=(1, 1), bias=False)
                (bn2): BatchNorm2d(256, eps=1e-05, momentum=0.1, affine=True, track_running_stats=True)
              )
            )
            (layer4): Sequential(
              (0): BasicBlock(
                (conv1): Conv2d(256, 512, kernel_size=(3, 3), stride=(2, 2), padding=(1, 1), bias=False)
                (bn1): BatchNorm2d(512, eps=1e-05, momentum=0.1, affine=True, track_running_stats=True)
                (relu1): PReLU(num_parameters=512)
                (relu2): PReLU(num_parameters=512)
                (conv2): Conv2d(512, 512, kernel_size=(3, 3), stride=(1, 1), padding=(1, 1), bias=False)
                (bn2): BatchNorm2d(512, eps=1e-05, momentum=0.1, affine=True, track_running_stats=True)
                (downsample): Sequential(
                  (0): Conv2d(256, 512, kernel_size=(1, 1), stride=(2, 2), bias=False)
                  (1): BatchNorm2d(512, eps=1e-05, momentum=0.1, affine=True, track_running_stats=True)
                )
              )
              (1): BasicBlock(
                (conv1): Conv2d(512, 512, kernel_size=(3, 3), stride=(1, 1), padding=(1, 1), bias=False)
                (bn1): BatchNorm2d(512, eps=1e-05, momentum=0.1, affine=True, track_running_stats=True)
                (relu1): PReLU(num_parameters=512)
                (relu2): PReLU(num_parameters=512)
                (conv2): Conv2d(512, 512, kernel_size=(3, 3), stride=(1, 1), padding=(1, 1), bias=False)
                (bn2): BatchNorm2d(512, eps=1e-05, momentum=0.1, affine=True, track_running_stats=True)
              )
            )
            (avgpool): AdaptiveAvgPool2d(output_size=1)
          )
        )
        (proj): Linear(in_features=512, out_features=768, bias=True)
      )
      (post_extract_proj): Linear(in_features=1536, out_features=768, bias=True)
      (dropout_input): Dropout(p=0.0, inplace=False)
      (dropout_features): Dropout(p=0.1, inplace=False)
      (encoder): TransformerEncoder(
        (pos_conv): Sequential(
          (0): Conv1d(768, 768, kernel_size=(128,), stride=(1,), padding=(64,), groups=16)
          (1): SamePad()
          (2): GELU(approximate='none')
        )
        (layers): ModuleList(
          (0): TransformerSentenceEncoderLayer(
            (self_attn): MultiheadAttention(
              (dropout_module): FairseqDropout()
              (k_proj): Linear(in_features=768, out_features=768, bias=True)
              (v_proj): Linear(in_features=768, out_features=768, bias=True)
              (q_proj): Linear(in_features=768, out_features=768, bias=True)
              (out_proj): Linear(in_features=768, out_features=768, bias=True)
            )
            (dropout1): Dropout(p=0.0, inplace=False)
            (dropout2): Dropout(p=0.1, inplace=False)
            (dropout3): Dropout(p=0.0, inplace=False)
            (self_attn_layer_norm): LayerNorm((768,), eps=1e-05, elementwise_affine=True)
            (fc1): Linear(in_features=768, out_features=3072, bias=True)
            (fc2): Linear(in_features=3072, out_features=768, bias=True)
            (final_layer_norm): LayerNorm((768,), eps=1e-05, elementwise_affine=True)
          )
          (1): TransformerSentenceEncoderLayer(
            (self_attn): MultiheadAttention(
              (dropout_module): FairseqDropout()
              (k_proj): Linear(in_features=768, out_features=768, bias=True)
              (v_proj): Linear(in_features=768, out_features=768, bias=True)
              (q_proj): Linear(in_features=768, out_features=768, bias=True)
              (out_proj): Linear(in_features=768, out_features=768, bias=True)
            )
            (dropout1): Dropout(p=0.0, inplace=False)
            (dropout2): Dropout(p=0.1, inplace=False)
            (dropout3): Dropout(p=0.0, inplace=False)
            (self_attn_layer_norm): LayerNorm((768,), eps=1e-05, elementwise_affine=True)
            (fc1): Linear(in_features=768, out_features=3072, bias=True)
            (fc2): Linear(in_features=3072, out_features=768, bias=True)
            (final_layer_norm): LayerNorm((768,), eps=1e-05, elementwise_affine=True)
          )
          (2): TransformerSentenceEncoderLayer(
            (self_attn): MultiheadAttention(
              (dropout_module): FairseqDropout()
              (k_proj): Linear(in_features=768, out_features=768, bias=True)
              (v_proj): Linear(in_features=768, out_features=768, bias=True)
              (q_proj): Linear(in_features=768, out_features=768, bias=True)
              (out_proj): Linear(in_features=768, out_features=768, bias=True)
            )
            (dropout1): Dropout(p=0.0, inplace=False)
            (dropout2): Dropout(p=0.1, inplace=False)
            (dropout3): Dropout(p=0.0, inplace=False)
            (self_attn_layer_norm): LayerNorm((768,), eps=1e-05, elementwise_affine=True)
            (fc1): Linear(in_features=768, out_features=3072, bias=True)
            (fc2): Linear(in_features=3072, out_features=768, bias=True)
            (final_layer_norm): LayerNorm((768,), eps=1e-05, elementwise_affine=True)
          )
          (3): TransformerSentenceEncoderLayer(
            (self_attn): MultiheadAttention(
              (dropout_module): FairseqDropout()
              (k_proj): Linear(in_features=768, out_features=768, bias=True)
              (v_proj): Linear(in_features=768, out_features=768, bias=True)
              (q_proj): Linear(in_features=768, out_features=768, bias=True)
              (out_proj): Linear(in_features=768, out_features=768, bias=True)
            )
            (dropout1): Dropout(p=0.0, inplace=False)
            (dropout2): Dropout(p=0.1, inplace=False)
            (dropout3): Dropout(p=0.0, inplace=False)
            (self_attn_layer_norm): LayerNorm((768,), eps=1e-05, elementwise_affine=True)
            (fc1): Linear(in_features=768, out_features=3072, bias=True)
            (fc2): Linear(in_features=3072, out_features=768, bias=True)
            (final_layer_norm): LayerNorm((768,), eps=1e-05, elementwise_affine=True)
          )
          (4): TransformerSentenceEncoderLayer(
            (self_attn): MultiheadAttention(
              (dropout_module): FairseqDropout()
              (k_proj): Linear(in_features=768, out_features=768, bias=True)
              (v_proj): Linear(in_features=768, out_features=768, bias=True)
              (q_proj): Linear(in_features=768, out_features=768, bias=True)
              (out_proj): Linear(in_features=768, out_features=768, bias=True)
            )
            (dropout1): Dropout(p=0.0, inplace=False)
            (dropout2): Dropout(p=0.1, inplace=False)
            (dropout3): Dropout(p=0.0, inplace=False)
            (self_attn_layer_norm): LayerNorm((768,), eps=1e-05, elementwise_affine=True)
            (fc1): Linear(in_features=768, out_features=3072, bias=True)
            (fc2): Linear(in_features=3072, out_features=768, bias=True)
            (final_layer_norm): LayerNorm((768,), eps=1e-05, elementwise_affine=True)
          )
          (5): TransformerSentenceEncoderLayer(
            (self_attn): MultiheadAttention(
              (dropout_module): FairseqDropout()
              (k_proj): Linear(in_features=768, out_features=768, bias=True)
              (v_proj): Linear(in_features=768, out_features=768, bias=True)
              (q_proj): Linear(in_features=768, out_features=768, bias=True)
              (out_proj): Linear(in_features=768, out_features=768, bias=True)
            )
            (dropout1): Dropout(p=0.0, inplace=False)
            (dropout2): Dropout(p=0.1, inplace=False)
            (dropout3): Dropout(p=0.0, inplace=False)
            (self_attn_layer_norm): LayerNorm((768,), eps=1e-05, elementwise_affine=True)
            (fc1): Linear(in_features=768, out_features=3072, bias=True)
            (fc2): Linear(in_features=3072, out_features=768, bias=True)
            (final_layer_norm): LayerNorm((768,), eps=1e-05, elementwise_affine=True)
          )
          (6): TransformerSentenceEncoderLayer(
            (self_attn): MultiheadAttention(
              (dropout_module): FairseqDropout()
              (k_proj): Linear(in_features=768, out_features=768, bias=True)
              (v_proj): Linear(in_features=768, out_features=768, bias=True)
              (q_proj): Linear(in_features=768, out_features=768, bias=True)
              (out_proj): Linear(in_features=768, out_features=768, bias=True)
            )
            (dropout1): Dropout(p=0.0, inplace=False)
            (dropout2): Dropout(p=0.1, inplace=False)
            (dropout3): Dropout(p=0.0, inplace=False)
            (self_attn_layer_norm): LayerNorm((768,), eps=1e-05, elementwise_affine=True)
            (fc1): Linear(in_features=768, out_features=3072, bias=True)
            (fc2): Linear(in_features=3072, out_features=768, bias=True)
            (final_layer_norm): LayerNorm((768,), eps=1e-05, elementwise_affine=True)
          )
          (7): TransformerSentenceEncoderLayer(
            (self_attn): MultiheadAttention(
              (dropout_module): FairseqDropout()
              (k_proj): Linear(in_features=768, out_features=768, bias=True)
              (v_proj): Linear(in_features=768, out_features=768, bias=True)
              (q_proj): Linear(in_features=768, out_features=768, bias=True)
              (out_proj): Linear(in_features=768, out_features=768, bias=True)
            )
            (dropout1): Dropout(p=0.0, inplace=False)
            (dropout2): Dropout(p=0.1, inplace=False)
            (dropout3): Dropout(p=0.0, inplace=False)
            (self_attn_layer_norm): LayerNorm((768,), eps=1e-05, elementwise_affine=True)
            (fc1): Linear(in_features=768, out_features=3072, bias=True)
            (fc2): Linear(in_features=3072, out_features=768, bias=True)
            (final_layer_norm): LayerNorm((768,), eps=1e-05, elementwise_affine=True)
          )
          (8): TransformerSentenceEncoderLayer(
            (self_attn): MultiheadAttention(
              (dropout_module): FairseqDropout()
              (k_proj): Linear(in_features=768, out_features=768, bias=True)
              (v_proj): Linear(in_features=768, out_features=768, bias=True)
              (q_proj): Linear(in_features=768, out_features=768, bias=True)
              (out_proj): Linear(in_features=768, out_features=768, bias=True)
            )
            (dropout1): Dropout(p=0.0, inplace=False)
            (dropout2): Dropout(p=0.1, inplace=False)
            (dropout3): Dropout(p=0.0, inplace=False)
            (self_attn_layer_norm): LayerNorm((768,), eps=1e-05, elementwise_affine=True)
            (fc1): Linear(in_features=768, out_features=3072, bias=True)
            (fc2): Linear(in_features=3072, out_features=768, bias=True)
            (final_layer_norm): LayerNorm((768,), eps=1e-05, elementwise_affine=True)
          )
          (9): TransformerSentenceEncoderLayer(
            (self_attn): MultiheadAttention(
              (dropout_module): FairseqDropout()
              (k_proj): Linear(in_features=768, out_features=768, bias=True)
              (v_proj): Linear(in_features=768, out_features=768, bias=True)
              (q_proj): Linear(in_features=768, out_features=768, bias=True)
              (out_proj): Linear(in_features=768, out_features=768, bias=True)
            )
            (dropout1): Dropout(p=0.0, inplace=False)
            (dropout2): Dropout(p=0.1, inplace=False)
            (dropout3): Dropout(p=0.0, inplace=False)
            (self_attn_layer_norm): LayerNorm((768,), eps=1e-05, elementwise_affine=True)
            (fc1): Linear(in_features=768, out_features=3072, bias=True)
            (fc2): Linear(in_features=3072, out_features=768, bias=True)
            (final_layer_norm): LayerNorm((768,), eps=1e-05, elementwise_affine=True)
          )
          (10): TransformerSentenceEncoderLayer(
            (self_attn): MultiheadAttention(
              (dropout_module): FairseqDropout()
              (k_proj): Linear(in_features=768, out_features=768, bias=True)
              (v_proj): Linear(in_features=768, out_features=768, bias=True)
              (q_proj): Linear(in_features=768, out_features=768, bias=True)
              (out_proj): Linear(in_features=768, out_features=768, bias=True)
            )
            (dropout1): Dropout(p=0.0, inplace=False)
            (dropout2): Dropout(p=0.1, inplace=False)
            (dropout3): Dropout(p=0.0, inplace=False)
            (self_attn_layer_norm): LayerNorm((768,), eps=1e-05, elementwise_affine=True)
            (fc1): Linear(in_features=768, out_features=3072, bias=True)
            (fc2): Linear(in_features=3072, out_features=768, bias=True)
            (final_layer_norm): LayerNorm((768,), eps=1e-05, elementwise_affine=True)
          )
          (11): TransformerSentenceEncoderLayer(
            (self_attn): MultiheadAttention(
              (dropout_module): FairseqDropout()
              (k_proj): Linear(in_features=768, out_features=768, bias=True)
              (v_proj): Linear(in_features=768, out_features=768, bias=True)
              (q_proj): Linear(in_features=768, out_features=768, bias=True)
              (out_proj): Linear(in_features=768, out_features=768, bias=True)
            )
            (dropout1): Dropout(p=0.0, inplace=False)
            (dropout2): Dropout(p=0.1, inplace=False)
            (dropout3): Dropout(p=0.0, inplace=False)
            (self_attn_layer_norm): LayerNorm((768,), eps=1e-05, elementwise_affine=True)
            (fc1): Linear(in_features=768, out_features=3072, bias=True)
            (fc2): Linear(in_features=3072, out_features=768, bias=True)
            (final_layer_norm): LayerNorm((768,), eps=1e-05, elementwise_affine=True)
          )
        )
        (layer_norm): LayerNorm((768,), eps=1e-05, elementwise_affine=True)
      )
      (layer_norm): LayerNorm((1536,), eps=1e-05, elementwise_affine=True)
      (final_proj): None
    )
  )
  (decoder): TransformerDecoder(
    (embed_tokens): Embedding(500, 768, padding_idx=1)
    (embed_positions): SinusoidalPositionalEmbedding()
    (layers): ModuleList(
      (0): TransformerDecoderLayer(
        (dropout_module): FairseqDropout()
        (self_attn): MultiheadAttention(
          (dropout_module): FairseqDropout()
          (k_proj): Linear(in_features=768, out_features=768, bias=True)
          (v_proj): LoRALinear(
            (base): Linear(in_features=768, out_features=768, bias=True)
            (lora_dropout): Dropout(p=0.05, inplace=False)
          )
          (q_proj): LoRALinear(
            (base): Linear(in_features=768, out_features=768, bias=True)
            (lora_dropout): Dropout(p=0.05, inplace=False)
          )
          (out_proj): Linear(in_features=768, out_features=768, bias=True)
        )
        (activation_dropout_module): FairseqDropout()
        (self_attn_layer_norm): LayerNorm((768,), eps=1e-05, elementwise_affine=True)
        (encoder_attn): MultiheadAttention(
          (dropout_module): FairseqDropout()
          (k_proj): Linear(in_features=768, out_features=768, bias=True)
          (v_proj): LoRALinear(
            (base): Linear(in_features=768, out_features=768, bias=True)
            (lora_dropout): Dropout(p=0.05, inplace=False)
          )
          (q_proj): LoRALinear(
            (base): Linear(in_features=768, out_features=768, bias=True)
            (lora_dropout): Dropout(p=0.05, inplace=False)
          )
          (out_proj): Linear(in_features=768, out_features=768, bias=True)
        )
        (encoder_attn_layer_norm): LayerNorm((768,), eps=1e-05, elementwise_affine=True)
        (fc1): Linear(in_features=768, out_features=3072, bias=True)
        (fc2): Linear(in_features=3072, out_features=768, bias=True)
        (final_layer_norm): LayerNorm((768,), eps=1e-05, elementwise_affine=True)
      )
      (1): TransformerDecoderLayer(
        (dropout_module): FairseqDropout()
        (self_attn): MultiheadAttention(
          (dropout_module): FairseqDropout()
          (k_proj): Linear(in_features=768, out_features=768, bias=True)
          (v_proj): LoRALinear(
            (base): Linear(in_features=768, out_features=768, bias=True)
            (lora_dropout): Dropout(p=0.05, inplace=False)
          )
          (q_proj): LoRALinear(
            (base): Linear(in_features=768, out_features=768, bias=True)
            (lora_dropout): Dropout(p=0.05, inplace=False)
          )
          (out_proj): Linear(in_features=768, out_features=768, bias=True)
        )
        (activation_dropout_module): FairseqDropout()
        (self_attn_layer_norm): LayerNorm((768,), eps=1e-05, elementwise_affine=True)
        (encoder_attn): MultiheadAttention(
          (dropout_module): FairseqDropout()
          (k_proj): Linear(in_features=768, out_features=768, bias=True)
          (v_proj): LoRALinear(
            (base): Linear(in_features=768, out_features=768, bias=True)
            (lora_dropout): Dropout(p=0.05, inplace=False)
          )
          (q_proj): LoRALinear(
            (base): Linear(in_features=768, out_features=768, bias=True)
            (lora_dropout): Dropout(p=0.05, inplace=False)
          )
          (out_proj): Linear(in_features=768, out_features=768, bias=True)
        )
        (encoder_attn_layer_norm): LayerNorm((768,), eps=1e-05, elementwise_affine=True)
        (fc1): Linear(in_features=768, out_features=3072, bias=True)
        (fc2): Linear(in_features=3072, out_features=768, bias=True)
        (final_layer_norm): LayerNorm((768,), eps=1e-05, elementwise_affine=True)
      )
      (2): TransformerDecoderLayer(
        (dropout_module): FairseqDropout()
        (self_attn): MultiheadAttention(
          (dropout_module): FairseqDropout()
          (k_proj): Linear(in_features=768, out_features=768, bias=True)
          (v_proj): LoRALinear(
            (base): Linear(in_features=768, out_features=768, bias=True)
            (lora_dropout): Dropout(p=0.05, inplace=False)
          )
          (q_proj): LoRALinear(
            (base): Linear(in_features=768, out_features=768, bias=True)
            (lora_dropout): Dropout(p=0.05, inplace=False)
          )
          (out_proj): Linear(in_features=768, out_features=768, bias=True)
        )
        (activation_dropout_module): FairseqDropout()
        (self_attn_layer_norm): LayerNorm((768,), eps=1e-05, elementwise_affine=True)
        (encoder_attn): MultiheadAttention(
          (dropout_module): FairseqDropout()
          (k_proj): Linear(in_features=768, out_features=768, bias=True)
          (v_proj): LoRALinear(
            (base): Linear(in_features=768, out_features=768, bias=True)
            (lora_dropout): Dropout(p=0.05, inplace=False)
          )
          (q_proj): LoRALinear(
            (base): Linear(in_features=768, out_features=768, bias=True)
            (lora_dropout): Dropout(p=0.05, inplace=False)
          )
          (out_proj): Linear(in_features=768, out_features=768, bias=True)
        )
        (encoder_attn_layer_norm): LayerNorm((768,), eps=1e-05, elementwise_affine=True)
        (fc1): Linear(in_features=768, out_features=3072, bias=True)
        (fc2): Linear(in_features=3072, out_features=768, bias=True)
        (final_layer_norm): LayerNorm((768,), eps=1e-05, elementwise_affine=True)
      )
      (3): TransformerDecoderLayer(
        (dropout_module): FairseqDropout()
        (self_attn): MultiheadAttention(
          (dropout_module): FairseqDropout()
          (k_proj): Linear(in_features=768, out_features=768, bias=True)
          (v_proj): LoRALinear(
            (base): Linear(in_features=768, out_features=768, bias=True)
            (lora_dropout): Dropout(p=0.05, inplace=False)
          )
          (q_proj): LoRALinear(
            (base): Linear(in_features=768, out_features=768, bias=True)
            (lora_dropout): Dropout(p=0.05, inplace=False)
          )
          (out_proj): Linear(in_features=768, out_features=768, bias=True)
        )
        (activation_dropout_module): FairseqDropout()
        (self_attn_layer_norm): LayerNorm((768,), eps=1e-05, elementwise_affine=True)
        (encoder_attn): MultiheadAttention(
          (dropout_module): FairseqDropout()
          (k_proj): Linear(in_features=768, out_features=768, bias=True)
          (v_proj): LoRALinear(
            (base): Linear(in_features=768, out_features=768, bias=True)
            (lora_dropout): Dropout(p=0.05, inplace=False)
          )
          (q_proj): LoRALinear(
            (base): Linear(in_features=768, out_features=768, bias=True)
            (lora_dropout): Dropout(p=0.05, inplace=False)
          )
          (out_proj): Linear(in_features=768, out_features=768, bias=True)
        )
        (encoder_attn_layer_norm): LayerNorm((768,), eps=1e-05, elementwise_affine=True)
        (fc1): Linear(in_features=768, out_features=3072, bias=True)
        (fc2): Linear(in_features=3072, out_features=768, bias=True)
        (final_layer_norm): LayerNorm((768,), eps=1e-05, elementwise_affine=True)
      )
      (4): TransformerDecoderLayer(
        (dropout_module): FairseqDropout()
        (self_attn): MultiheadAttention(
          (dropout_module): FairseqDropout()
          (k_proj): Linear(in_features=768, out_features=768, bias=True)
          (v_proj): LoRALinear(
            (base): Linear(in_features=768, out_features=768, bias=True)
            (lora_dropout): Dropout(p=0.05, inplace=False)
          )
          (q_proj): LoRALinear(
            (base): Linear(in_features=768, out_features=768, bias=True)
            (lora_dropout): Dropout(p=0.05, inplace=False)
          )
          (out_proj): Linear(in_features=768, out_features=768, bias=True)
        )
        (activation_dropout_module): FairseqDropout()
        (self_attn_layer_norm): LayerNorm((768,), eps=1e-05, elementwise_affine=True)
        (encoder_attn): MultiheadAttention(
          (dropout_module): FairseqDropout()
          (k_proj): Linear(in_features=768, out_features=768, bias=True)
          (v_proj): LoRALinear(
            (base): Linear(in_features=768, out_features=768, bias=True)
            (lora_dropout): Dropout(p=0.05, inplace=False)
          )
          (q_proj): LoRALinear(
            (base): Linear(in_features=768, out_features=768, bias=True)
            (lora_dropout): Dropout(p=0.05, inplace=False)
          )
          (out_proj): Linear(in_features=768, out_features=768, bias=True)
        )
        (encoder_attn_layer_norm): LayerNorm((768,), eps=1e-05, elementwise_affine=True)
        (fc1): Linear(in_features=768, out_features=3072, bias=True)
        (fc2): Linear(in_features=3072, out_features=768, bias=True)
        (final_layer_norm): LayerNorm((768,), eps=1e-05, elementwise_affine=True)
      )
      (5): TransformerDecoderLayer(
        (dropout_module): FairseqDropout()
        (self_attn): MultiheadAttention(
          (dropout_module): FairseqDropout()
          (k_proj): Linear(in_features=768, out_features=768, bias=True)
          (v_proj): LoRALinear(
            (base): Linear(in_features=768, out_features=768, bias=True)
            (lora_dropout): Dropout(p=0.05, inplace=False)
          )
          (q_proj): LoRALinear(
            (base): Linear(in_features=768, out_features=768, bias=True)
            (lora_dropout): Dropout(p=0.05, inplace=False)
          )
          (out_proj): Linear(in_features=768, out_features=768, bias=True)
        )
        (activation_dropout_module): FairseqDropout()
        (self_attn_layer_norm): LayerNorm((768,), eps=1e-05, elementwise_affine=True)
        (encoder_attn): MultiheadAttention(
          (dropout_module): FairseqDropout()
          (k_proj): Linear(in_features=768, out_features=768, bias=True)
          (v_proj): LoRALinear(
            (base): Linear(in_features=768, out_features=768, bias=True)
            (lora_dropout): Dropout(p=0.05, inplace=False)
          )
          (q_proj): LoRALinear(
            (base): Linear(in_features=768, out_features=768, bias=True)
            (lora_dropout): Dropout(p=0.05, inplace=False)
          )
          (out_proj): Linear(in_features=768, out_features=768, bias=True)
        )
        (encoder_attn_layer_norm): LayerNorm((768,), eps=1e-05, elementwise_affine=True)
        (fc1): Linear(in_features=768, out_features=3072, bias=True)
        (fc2): Linear(in_features=3072, out_features=768, bias=True)
        (final_layer_norm): LayerNorm((768,), eps=1e-05, elementwise_affine=True)
      )
    )
    (layer_norm): LayerNorm((768,), eps=1e-05, elementwise_affine=True)
  )
)
[2026-08-29 22:51:36,122][fairseq_cli.train][INFO] - task: AVHubertPretrainingTask
[2026-08-29 22:51:36,122][fairseq_cli.train][INFO] - model: AVHubertSeq2Seq
[2026-08-29 22:51:36,123][fairseq_cli.train][INFO] - criterion: LabelSmoothedCrossEntropyCriterion
[2026-08-29 22:51:36,125][fairseq_cli.train][INFO] - num. shared model params: 161,409,256 (num. trained: 1,179,648)
[2026-08-29 22:51:36,127][fairseq_cli.train][INFO] - num. expert model params: 0 (num. trained: 0)
[2026-08-29 22:51:36,129][avhubert.hubert_pretraining][INFO] - Using tokenizer
[2026-08-29 22:51:36,144][avhubert.hubert_dataset][INFO] - max_keep=500, min_keep=None, loaded 235, skipped 0 short and 3 long and 0 unaligned, longest-loaded=369, shortest-loaded=32
[2026-08-29 22:51:36,147][avhubert.hubert_dataset][INFO] - /workspace/av-hubert-ai-speak/data/aispeak_ser_data/valid.wrd is sequence label. skipped
[2026-08-29 22:51:36,147][avhubert.hubert_dataset][INFO] - image transform: Compose(
    Normalize(mean=0.0, std=255.0)
    <avhubert.utils.CenterCrop object at 0x7dfc0ac71790>
    Normalize(mean=0.421, std=0.165)
)
[2026-08-29 22:51:36,148][avhubert.hubert_dataset][INFO] - pad_audio=True, random_crop=False, normalize=True, max_sample_size=500, seqs2seq data=True,
[2026-08-29 22:51:36,148][avhubert.hubert_dataset][INFO] - Noise wav: None->0 wav, Prob: 0.0, SNR: 0, Number of mixture: 1
[2026-08-29 22:51:38,378][fairseq.trainer][INFO] - detected shared parameter: encoder.w2v_model.feature_extractor_video.resnet.frontend3D.0.bias <- encoder.w2v_model.feature_extractor_video.resnet.trunk.layer1.0.conv1.bias
[2026-08-29 22:51:38,379][fairseq.trainer][INFO] - detected shared parameter: encoder.w2v_model.feature_extractor_video.resnet.frontend3D.0.bias <- encoder.w2v_model.feature_extractor_video.resnet.trunk.layer1.0.conv2.bias
[2026-08-29 22:51:38,380][fairseq.trainer][INFO] - detected shared parameter: encoder.w2v_model.feature_extractor_video.resnet.frontend3D.0.bias <- encoder.w2v_model.feature_extractor_video.resnet.trunk.layer1.1.conv1.bias
[2026-08-29 22:51:38,380][fairseq.trainer][INFO] - detected shared parameter: encoder.w2v_model.feature_extractor_video.resnet.frontend3D.0.bias <- encoder.w2v_model.feature_extractor_video.resnet.trunk.layer1.1.conv2.bias
[2026-08-29 22:51:38,381][fairseq.trainer][INFO] - detected shared parameter: encoder.w2v_model.feature_extractor_video.resnet.frontend3D.0.bias <- encoder.w2v_model.feature_extractor_video.resnet.trunk.layer2.0.conv1.bias
[2026-08-29 22:51:38,381][fairseq.trainer][INFO] - detected shared parameter: encoder.w2v_model.feature_extractor_video.resnet.frontend3D.0.bias <- encoder.w2v_model.feature_extractor_video.resnet.trunk.layer2.0.conv2.bias
[2026-08-29 22:51:38,382][fairseq.trainer][INFO] - detected shared parameter: encoder.w2v_model.feature_extractor_video.resnet.frontend3D.0.bias <- encoder.w2v_model.feature_extractor_video.resnet.trunk.layer2.0.downsample.0.bias
[2026-08-29 22:51:38,382][fairseq.trainer][INFO] - detected shared parameter: encoder.w2v_model.feature_extractor_video.resnet.frontend3D.0.bias <- encoder.w2v_model.feature_extractor_video.resnet.trunk.layer2.1.conv1.bias
[2026-08-29 22:51:38,383][fairseq.trainer][INFO] - detected shared parameter: encoder.w2v_model.feature_extractor_video.resnet.frontend3D.0.bias <- encoder.w2v_model.feature_extractor_video.resnet.trunk.layer2.1.conv2.bias
[2026-08-29 22:51:38,383][fairseq.trainer][INFO] - detected shared parameter: encoder.w2v_model.feature_extractor_video.resnet.frontend3D.0.bias <- encoder.w2v_model.feature_extractor_video.resnet.trunk.layer3.0.conv1.bias
[2026-08-29 22:51:38,383][fairseq.trainer][INFO] - detected shared parameter: encoder.w2v_model.feature_extractor_video.resnet.frontend3D.0.bias <- encoder.w2v_model.feature_extractor_video.resnet.trunk.layer3.0.conv2.bias
[2026-08-29 22:51:38,384][fairseq.trainer][INFO] - detected shared parameter: encoder.w2v_model.feature_extractor_video.resnet.frontend3D.0.bias <- encoder.w2v_model.feature_extractor_video.resnet.trunk.layer3.0.downsample.0.bias
[2026-08-29 22:51:38,384][fairseq.trainer][INFO] - detected shared parameter: encoder.w2v_model.feature_extractor_video.resnet.frontend3D.0.bias <- encoder.w2v_model.feature_extractor_video.resnet.trunk.layer3.1.conv1.bias
[2026-08-29 22:51:38,385][fairseq.trainer][INFO] - detected shared parameter: encoder.w2v_model.feature_extractor_video.resnet.frontend3D.0.bias <- encoder.w2v_model.feature_extractor_video.resnet.trunk.layer3.1.conv2.bias
[2026-08-29 22:51:38,386][fairseq.trainer][INFO] - detected shared parameter: encoder.w2v_model.feature_extractor_video.resnet.frontend3D.0.bias <- encoder.w2v_model.feature_extractor_video.resnet.trunk.layer4.0.conv1.bias
[2026-08-29 22:51:38,386][fairseq.trainer][INFO] - detected shared parameter: encoder.w2v_model.feature_extractor_video.resnet.frontend3D.0.bias <- encoder.w2v_model.feature_extractor_video.resnet.trunk.layer4.0.conv2.bias
[2026-08-29 22:51:38,386][fairseq.trainer][INFO] - detected shared parameter: encoder.w2v_model.feature_extractor_video.resnet.frontend3D.0.bias <- encoder.w2v_model.feature_extractor_video.resnet.trunk.layer4.0.downsample.0.bias
[2026-08-29 22:51:38,387][fairseq.trainer][INFO] - detected shared parameter: encoder.w2v_model.feature_extractor_video.resnet.frontend3D.0.bias <- encoder.w2v_model.feature_extractor_video.resnet.trunk.layer4.1.conv1.bias
[2026-08-29 22:51:38,387][fairseq.trainer][INFO] - detected shared parameter: encoder.w2v_model.feature_extractor_video.resnet.frontend3D.0.bias <- encoder.w2v_model.feature_extractor_video.resnet.trunk.layer4.1.conv2.bias
[2026-08-29 22:51:38,388][fairseq.utils][INFO] - ***********************CUDA enviroments for all 1 workers***********************
[2026-08-29 22:51:38,388][fairseq.utils][INFO] - rank   0: capabilities =  8.6  ; total memory = 44.422 GB ; name = NVIDIA A40                              
[2026-08-29 22:51:38,389][fairseq.utils][INFO] - ***********************CUDA enviroments for all 1 workers***********************
[2026-08-29 22:51:38,389][fairseq_cli.train][INFO] - training on 1 devices (GPUs/TPUs)
[2026-08-29 22:51:38,390][fairseq_cli.train][INFO] - max tokens per device = 2000 and max sentences per device = None
[2026-08-29 22:51:38,392][fairseq.trainer][INFO] - Preparing to load checkpoint checkpoints/checkpoint_last.pt
[2026-08-29 22:51:38,392][fairseq.trainer][INFO] - No existing checkpoint found checkpoints/checkpoint_last.pt
[2026-08-29 22:51:38,393][fairseq.trainer][INFO] - loading train data for epoch 1
[2026-08-29 22:51:38,393][avhubert.hubert_pretraining][INFO] - Using tokenizer
[2026-08-29 22:51:38,414][avhubert.hubert_dataset][INFO] - max_keep=500, min_keep=None, loaded 1800, skipped 0 short and 22 long and 0 unaligned, longest-loaded=421, shortest-loaded=29
[2026-08-29 22:51:38,417][avhubert.hubert_dataset][INFO] - /workspace/av-hubert-ai-speak/data/aispeak_ser_data/train.wrd is sequence label. skipped
[2026-08-29 22:51:38,418][avhubert.hubert_dataset][INFO] - image transform: Compose(
    Normalize(mean=0.0, std=255.0)
    RandomCrop(size=(88, 88))
    <avhubert.utils.HorizontalFlip object at 0x7dfc3b968d60>
    Normalize(mean=0.421, std=0.165)
)
[2026-08-29 22:51:38,418][avhubert.hubert_dataset][INFO] - pad_audio=True, random_crop=False, normalize=True, max_sample_size=500, seqs2seq data=True,
[2026-08-29 22:51:38,418][avhubert.hubert_dataset][INFO] - Noise wav: None->0 wav, Prob: 0.0, SNR: 0, Number of mixture: 1
[2026-08-29 22:51:38,658][fairseq.logging.progress_bar][WARNING] - tensorboard not found, please install with: pip install tensorboard
[2026-08-29 22:51:38,660][fairseq.trainer][INFO] - begin training epoch 1
[2026-08-29 22:51:38,660][fairseq_cli.train][INFO] - Start iterating over samples
[2026-08-29 22:51:53,036][fairseq_cli.train][INFO] - begin validation on "valid" subset
[2026-08-29 22:51:53,532][fairseq.logging.progress_bar][WARNING] - tensorboard not found, please install with: pip install tensorboard
[2026-08-29 22:51:55,296][valid][INFO] - {"epoch": 1, "valid_loss": "153.253", "valid_nll_loss": "9.506", "valid_total": "291.154", "valid_n_correct": "0.384615", "valid_ppl": "726.93", "valid_accuracy": "0.132", "valid_wps": "4352.3", "valid_wpb": "291.2", "valid_bsz": "18.1", "valid_num_updates": "24"}
[2026-08-29 22:51:55,299][fairseq.checkpoint_utils][INFO] - Preparing to save checkpoint for epoch 1 @ 24 updates
[2026-08-29 22:51:55,310][fairseq.trainer][INFO] - Saving checkpoint to checkpoints/checkpoint_best.pt
[2026-08-29 22:51:57,637][fairseq.trainer][INFO] - Finished saving checkpoint to checkpoints/checkpoint_best.pt
[2026-08-29 22:52:00,213][fairseq.checkpoint_utils][INFO] - Saved checkpoint checkpoints/checkpoint_best.pt (epoch 1 @ 24 updates, score 0.132) (writing took 4.914352391846478 seconds)
[2026-08-29 22:52:00,216][fairseq_cli.train][INFO] - end of epoch 1 (average epoch stats below)
[2026-08-29 22:52:00,218][train][INFO] - {"epoch": 1, "train_loss": "154.409", "train_nll_loss": "9.572", "train_total": "1209.17", "train_n_correct": "1.5", "train_ppl": "761.14", "train_accuracy": "0.124", "train_wps": "1627.4", "train_ups": "1.36", "train_wpb": "1209.2", "train_bsz": "75", "train_num_updates": "24", "train_lr": "0.0002082", "train_gnorm": "0.405", "train_loss_scale": "128", "train_train_wall": "13", "train_gb_free": "42.7", "train_wall": "22"}
[2026-08-29 22:52:00,482][fairseq.logging.progress_bar][WARNING] - tensorboard not found, please install with: pip install tensorboard
[2026-08-29 22:52:00,484][fairseq.trainer][INFO] - begin training epoch 2
[2026-08-29 22:52:00,485][fairseq_cli.train][INFO] - Start iterating over samples
[2026-08-29 22:52:11,601][fairseq_cli.train][INFO] - begin validation on "valid" subset
[2026-08-29 22:52:12,242][fairseq.logging.progress_bar][WARNING] - tensorboard not found, please install with: pip install tensorboard
[2026-08-29 22:52:14,068][valid][INFO] - {"epoch": 2, "valid_loss": "144.921", "valid_nll_loss": "8.937", "valid_total": "291.154", "valid_n_correct": "11.3846", "valid_ppl": "490.14", "valid_accuracy": "3.91", "valid_wps": "4437.6", "valid_wpb": "291.2", "valid_bsz": "18.1", "valid_num_updates": "48", "valid_best_accuracy": "3.91"}
[2026-08-29 22:52:14,071][fairseq.checkpoint_utils][INFO] - Preparing to save checkpoint for epoch 2 @ 48 updates
[2026-08-29 22:52:14,072][fairseq.trainer][INFO] - Saving checkpoint to checkpoints/checkpoint_best.pt
[2026-08-29 22:52:16,561][fairseq.trainer][INFO] - Finished saving checkpoint to checkpoints/checkpoint_best.pt
[2026-08-29 22:52:19,358][fairseq.checkpoint_utils][INFO] - Saved checkpoint checkpoints/checkpoint_best.pt (epoch 2 @ 48 updates, score 3.91) (writing took 5.287182399071753 seconds)
[2026-08-29 22:52:19,361][fairseq_cli.train][INFO] - end of epoch 2 (average epoch stats below)
[2026-08-29 22:52:19,366][train][INFO] - {"epoch": 2, "train_loss": "151.522", "train_nll_loss": "9.377", "train_total": "1209.17", "train_n_correct": "7.25", "train_ppl": "664.71", "train_accuracy": "0.6", "train_wps": "1515.7", "train_ups": "1.25", "train_wpb": "1209.2", "train_bsz": "75", "train_num_updates": "48", "train_lr": "0.0003864", "train_gnorm": "1.556", "train_loss_scale": "128", "train_train_wall": "10", "train_gb_free": "42.9", "train_wall": "41"}
[2026-08-29 22:52:19,718][fairseq.logging.progress_bar][WARNING] - tensorboard not found, please install with: pip install tensorboard
[2026-08-29 22:52:19,720][fairseq.trainer][INFO] - begin training epoch 3
[2026-08-29 22:52:19,721][fairseq_cli.train][INFO] - Start iterating over samples
[2026-08-29 22:52:31,029][fairseq_cli.train][INFO] - begin validation on "valid" subset
[2026-08-29 22:52:31,310][fairseq.logging.progress_bar][WARNING] - tensorboard not found, please install with: pip install tensorboard
[2026-08-29 22:52:33,301][valid][INFO] - {"epoch": 3, "valid_loss": "134.312", "valid_nll_loss": "8.185", "valid_total": "291.154", "valid_n_correct": "11.7692", "valid_ppl": "290.94", "valid_accuracy": "4.042", "valid_wps": "4440.4", "valid_wpb": "291.2", "valid_bsz": "18.1", "valid_num_updates": "72", "valid_best_accuracy": "4.042"}
[2026-08-29 22:52:33,312][fairseq.checkpoint_utils][INFO] - Preparing to save checkpoint for epoch 3 @ 72 updates
[2026-08-29 22:52:33,313][fairseq.trainer][INFO] - Saving checkpoint to checkpoints/checkpoint_best.pt
[2026-08-29 22:52:35,633][fairseq.trainer][INFO] - Finished saving checkpoint to checkpoints/checkpoint_best.pt
[2026-08-29 22:52:38,356][fairseq.checkpoint_utils][INFO] - Saved checkpoint checkpoints/checkpoint_best.pt (epoch 3 @ 72 updates, score 4.042) (writing took 5.043945758603513 seconds)
[2026-08-29 22:52:38,357][fairseq_cli.train][INFO] - end of epoch 3 (average epoch stats below)
[2026-08-29 22:52:38,360][train][INFO] - {"epoch": 3, "train_loss": "140.994", "train_nll_loss": "8.645", "train_total": "1209.17", "train_n_correct": "61.1667", "train_ppl": "400.34", "train_accuracy": "5.059", "train_wps": "1528", "train_ups": "1.26", "train_wpb": "1209.2", "train_bsz": "75", "train_num_updates": "72", "train_lr": "0.0005646", "train_gnorm": "1.948", "train_loss_scale": "128", "train_train_wall": "10", "train_gb_free": "42.7", "train_wall": "60"}
[2026-08-29 22:52:38,710][fairseq.logging.progress_bar][WARNING] - tensorboard not found, please install with: pip install tensorboard
[2026-08-29 22:52:38,713][fairseq.trainer][INFO] - begin training epoch 4
[2026-08-29 22:52:38,714][fairseq_cli.train][INFO] - Start iterating over samples
[2026-08-29 22:52:50,416][fairseq_cli.train][INFO] - begin validation on "valid" subset
[2026-08-29 22:52:50,623][fairseq.logging.progress_bar][WARNING] - tensorboard not found, please install with: pip install tensorboard
[2026-08-29 22:52:52,419][valid][INFO] - {"epoch": 4, "valid_loss": "130.327", "valid_nll_loss": "7.903", "valid_total": "291.154", "valid_n_correct": "18.1538", "valid_ppl": "239.4", "valid_accuracy": "6.235", "valid_wps": "4346", "valid_wpb": "291.2", "valid_bsz": "18.1", "valid_num_updates": "96", "valid_best_accuracy": "6.235"}
[2026-08-29 22:52:52,422][fairseq.checkpoint_utils][INFO] - Preparing to save checkpoint for epoch 4 @ 96 updates
[2026-08-29 22:52:52,423][fairseq.trainer][INFO] - Saving checkpoint to checkpoints/checkpoint_best.pt
[2026-08-29 22:52:54,708][fairseq.trainer][INFO] - Finished saving checkpoint to checkpoints/checkpoint_best.pt
[2026-08-29 22:52:57,409][fairseq.checkpoint_utils][INFO] - Saved checkpoint checkpoints/checkpoint_best.pt (epoch 4 @ 96 updates, score 6.235) (writing took 4.98735695052892 seconds)
[2026-08-29 22:52:57,411][fairseq_cli.train][INFO] - end of epoch 4 (average epoch stats below)
[2026-08-29 22:52:57,413][train][INFO] - {"epoch": 4, "train_loss": "133.885", "train_nll_loss": "8.142", "train_total": "1209.17", "train_n_correct": "61.8333", "train_ppl": "282.46", "train_accuracy": "5.114", "train_wps": "1523.2", "train_ups": "1.26", "train_wpb": "1209.2", "train_bsz": "75", "train_num_updates": "96", "train_lr": "0.0007428", "train_gnorm": "1.559", "train_loss_scale": "128", "train_train_wall": "10", "train_gb_free": "42.8", "train_wall": "79"}
[2026-08-29 22:52:57,699][fairseq.logging.progress_bar][WARNING] - tensorboard not found, please install with: pip install tensorboard
[2026-08-29 22:52:57,702][fairseq.trainer][INFO] - begin training epoch 5
[2026-08-29 22:52:57,710][fairseq_cli.train][INFO] - Start iterating over samples
[2026-08-29 22:53:00,461][train_inner][INFO] - {"epoch": 5, "update": 4.167, "loss": "144.653", "nll_loss": "8.897", "total": "1208.34", "n_correct": "34.26", "ppl": "476.7", "accuracy": "2.835", "wps": "1546.7", "ups": "1.28", "wpb": "1208.3", "bsz": "75", "num_updates": "100", "lr": "0.0007725", "gnorm": "1.366", "loss_scale": "128", "train_wall": "45", "gb_free": "42.7", "wall": "82"}
[2026-08-29 22:53:08,908][fairseq_cli.train][INFO] - begin validation on "valid" subset
[2026-08-29 22:53:09,118][fairseq.logging.progress_bar][WARNING] - tensorboard not found, please install with: pip install tensorboard
[2026-08-29 22:53:11,006][valid][INFO] - {"epoch": 5, "valid_loss": "128.937", "valid_nll_loss": "7.81", "valid_total": "291.154", "valid_n_correct": "18.0769", "valid_ppl": "224.39", "valid_accuracy": "6.209", "valid_wps": "4462", "valid_wpb": "291.2", "valid_bsz": "18.1", "valid_num_updates": "120", "valid_best_accuracy": "6.235"}
[2026-08-29 22:53:11,012][fairseq.checkpoint_utils][INFO] - Preparing to save checkpoint for epoch 5 @ 120 updates
[2026-08-29 22:53:11,013][fairseq.trainer][INFO] - Saving checkpoint to checkpoints/checkpoint_last.pt
[2026-08-29 22:53:13,483][fairseq.trainer][INFO] - Finished saving checkpoint to checkpoints/checkpoint_last.pt
[2026-08-29 22:53:13,485][fairseq.checkpoint_utils][INFO] - Saved checkpoint checkpoints/checkpoint_last.pt (epoch 5 @ 120 updates, score 6.209) (writing took 2.473067121580243 seconds)
[2026-08-29 22:53:13,486][fairseq_cli.train][INFO] - end of epoch 5 (average epoch stats below)
[2026-08-29 22:53:13,488][train][INFO] - {"epoch": 5, "train_loss": "131.219", "train_nll_loss": "7.956", "train_total": "1209.17", "train_n_correct": "71.0417", "train_ppl": "248.33", "train_accuracy": "5.875", "train_wps": "1805.5", "train_ups": "1.49", "train_wpb": "1209.2", "train_bsz": "75", "train_num_updates": "120", "train_lr": "0.000921", "train_gnorm": "1.315", "train_loss_scale": "128", "train_train_wall": "10", "train_gb_free": "42.8", "train_wall": "95"}
[2026-08-29 22:53:13,678][fairseq.logging.progress_bar][WARNING] - tensorboard not found, please install with: pip install tensorboard
[2026-08-29 22:53:13,681][fairseq.trainer][INFO] - begin training epoch 6
[2026-08-29 22:53:13,682][fairseq_cli.train][INFO] - Start iterating over samples
[2026-08-29 22:53:24,506][fairseq_cli.train][INFO] - begin validation on "valid" subset
[2026-08-29 22:53:25,069][fairseq.logging.progress_bar][WARNING] - tensorboard not found, please install with: pip install tensorboard
[2026-08-29 22:53:27,193][valid][INFO] - {"epoch": 6, "valid_loss": "128.242", "valid_nll_loss": "7.766", "valid_total": "291.154", "valid_n_correct": "18.0769", "valid_ppl": "217.67", "valid_accuracy": "6.209", "valid_wps": "3965.4", "valid_wpb": "291.2", "valid_bsz": "18.1", "valid_num_updates": "144", "valid_best_accuracy": "6.235"}
[2026-08-29 22:53:27,198][fairseq.checkpoint_utils][INFO] - Preparing to save checkpoint for epoch 6 @ 144 updates
[2026-08-29 22:53:27,199][fairseq.trainer][INFO] - Saving checkpoint to checkpoints/checkpoint_last.pt
[2026-08-29 22:53:29,540][fairseq.trainer][INFO] - Finished saving checkpoint to checkpoints/checkpoint_last.pt
[2026-08-29 22:53:29,541][fairseq.checkpoint_utils][INFO] - Saved checkpoint checkpoints/checkpoint_last.pt (epoch 6 @ 144 updates, score 6.209) (writing took 2.3434788128361106 seconds)
[2026-08-29 22:53:29,542][fairseq_cli.train][INFO] - end of epoch 6 (average epoch stats below)
[2026-08-29 22:53:29,543][train][INFO] - {"epoch": 6, "train_loss": "129.997", "train_nll_loss": "7.875", "train_total": "1209.17", "train_n_correct": "73.4583", "train_ppl": "234.7", "train_accuracy": "6.075", "train_wps": "1807.6", "train_ups": "1.49", "train_wpb": "1209.2", "train_bsz": "75", "train_num_updates": "144", "train_lr": "0.0010992", "train_gnorm": "1.326", "train_loss_scale": "128", "train_train_wall": "10", "train_gb_free": "42.8", "train_wall": "111"}
[2026-08-29 22:53:29,769][fairseq.logging.progress_bar][WARNING] - tensorboard not found, please install with: pip install tensorboard
[2026-08-29 22:53:29,821][fairseq.trainer][INFO] - begin training epoch 7
[2026-08-29 22:53:29,821][fairseq_cli.train][INFO] - Start iterating over samples
[2026-08-29 22:53:40,799][fairseq_cli.train][INFO] - begin validation on "valid" subset
[2026-08-29 22:53:41,023][fairseq.logging.progress_bar][WARNING] - tensorboard not found, please install with: pip install tensorboard
[2026-08-29 22:53:42,984][valid][INFO] - {"epoch": 7, "valid_loss": "127.701", "valid_nll_loss": "7.73", "valid_total": "291.154", "valid_n_correct": "18.0769", "valid_ppl": "212.28", "valid_accuracy": "6.209", "valid_wps": "4447.5", "valid_wpb": "291.2", "valid_bsz": "18.1", "valid_num_updates": "168", "valid_best_accuracy": "6.235"}
[2026-08-29 22:53:42,987][fairseq.checkpoint_utils][INFO] - Preparing to save checkpoint for epoch 7 @ 168 updates
[2026-08-29 22:53:42,988][fairseq.trainer][INFO] - Saving checkpoint to checkpoints/checkpoint_last.pt
[2026-08-29 22:53:45,283][fairseq.trainer][INFO] - Finished saving checkpoint to checkpoints/checkpoint_last.pt
[2026-08-29 22:53:45,285][fairseq.checkpoint_utils][INFO] - Saved checkpoint checkpoints/checkpoint_last.pt (epoch 7 @ 168 updates, score 6.209) (writing took 2.29845483135432 seconds)
[2026-08-29 22:53:45,286][fairseq_cli.train][INFO] - end of epoch 7 (average epoch stats below)
[2026-08-29 22:53:45,287][train][INFO] - {"epoch": 7, "train_loss": "129.397", "train_nll_loss": "7.837", "train_total": "1209.17", "train_n_correct": "72.8333", "train_ppl": "228.59", "train_accuracy": "6.023", "train_wps": "1843.3", "train_ups": "1.52", "train_wpb": "1209.2", "train_bsz": "75", "train_num_updates": "168", "train_lr": "0.0012774", "train_gnorm": "1.362", "train_loss_scale": "128", "train_train_wall": "10", "train_gb_free": "42.8", "train_wall": "127"}
[2026-08-29 22:53:45,523][fairseq.logging.progress_bar][WARNING] - tensorboard not found, please install with: pip install tensorboard
[2026-08-29 22:53:45,525][fairseq.trainer][INFO] - begin training epoch 8
[2026-08-29 22:53:45,526][fairseq_cli.train][INFO] - Start iterating over samples
[2026-08-29 22:53:57,187][fairseq_cli.train][INFO] - begin validation on "valid" subset
[2026-08-29 22:53:57,407][fairseq.logging.progress_bar][WARNING] - tensorboard not found, please install with: pip install tensorboard
[2026-08-29 22:53:59,492][valid][INFO] - {"epoch": 8, "valid_loss": "126.786", "valid_nll_loss": "7.663", "valid_total": "291.154", "valid_n_correct": "18.0769", "valid_ppl": "202.61", "valid_accuracy": "6.209", "valid_wps": "3520.6", "valid_wpb": "291.2", "valid_bsz": "18.1", "valid_num_updates": "192", "valid_best_accuracy": "6.235"}
[2026-08-29 22:53:59,496][fairseq.checkpoint_utils][INFO] - Preparing to save checkpoint for epoch 8 @ 192 updates
[2026-08-29 22:53:59,498][fairseq.trainer][INFO] - Saving checkpoint to checkpoints/checkpoint_last.pt
[2026-08-29 22:54:02,085][fairseq.trainer][INFO] - Finished saving checkpoint to checkpoints/checkpoint_last.pt
[2026-08-29 22:54:02,086][fairseq.checkpoint_utils][INFO] - Saved checkpoint checkpoints/checkpoint_last.pt (epoch 8 @ 192 updates, score 6.209) (writing took 2.590298740193248 seconds)
[2026-08-29 22:54:02,087][fairseq_cli.train][INFO] - end of epoch 8 (average epoch stats below)
[2026-08-29 22:54:02,089][train][INFO] - {"epoch": 8, "train_loss": "128.74", "train_nll_loss": "7.791", "train_total": "1209.17", "train_n_correct": "73.375", "train_ppl": "221.54", "train_accuracy": "6.068", "train_wps": "1727.3", "train_ups": "1.43", "train_wpb": "1209.2", "train_bsz": "75", "train_num_updates": "192", "train_lr": "0.0014556", "train_gnorm": "1.377", "train_loss_scale": "128", "train_train_wall": "10", "train_gb_free": "42.9", "train_wall": "144"}
[2026-08-29 22:54:02,283][fairseq.logging.progress_bar][WARNING] - tensorboard not found, please install with: pip install tensorboard
[2026-08-29 22:54:02,286][fairseq.trainer][INFO] - begin training epoch 9
[2026-08-29 22:54:02,286][fairseq_cli.train][INFO] - Start iterating over samples
[2026-08-29 22:54:06,923][train_inner][INFO] - {"epoch": 9, "update": 8.333, "loss": "130.375", "nll_loss": "7.849", "total": "1215", "n_correct": "72.88", "ppl": "230.59", "accuracy": "5.998", "wps": "1828.2", "ups": "1.5", "wpb": "1215", "bsz": "74.9", "num_updates": "200", "lr": "0.001515", "gnorm": "1.35", "loss_scale": "128", "train_wall": "41", "gb_free": "42.7", "wall": "149"}
[2026-08-29 22:54:13,447][fairseq_cli.train][INFO] - begin validation on "valid" subset
[2026-08-29 22:54:13,667][fairseq.logging.progress_bar][WARNING] - tensorboard not found, please install with: pip install tensorboard
[2026-08-29 22:54:15,595][valid][INFO] - {"epoch": 9, "valid_loss": "125.934", "valid_nll_loss": "7.604", "valid_total": "291.154", "valid_n_correct": "19.3077", "valid_ppl": "194.51", "valid_accuracy": "6.631", "valid_wps": "4442.7", "valid_wpb": "291.2", "valid_bsz": "18.1", "valid_num_updates": "216", "valid_best_accuracy": "6.631"}
[2026-08-29 22:54:15,598][fairseq.checkpoint_utils][INFO] - Preparing to save checkpoint for epoch 9 @ 216 updates
[2026-08-29 22:54:15,610][fairseq.trainer][INFO] - Saving checkpoint to checkpoints/checkpoint_best.pt
[2026-08-29 22:54:18,070][fairseq.trainer][INFO] - Finished saving checkpoint to checkpoints/checkpoint_best.pt
[2026-08-29 22:54:21,124][fairseq.checkpoint_utils][INFO] - Saved checkpoint checkpoints/checkpoint_best.pt (epoch 9 @ 216 updates, score 6.631) (writing took 5.525836916640401 seconds)
[2026-08-29 22:54:21,125][fairseq_cli.train][INFO] - end of epoch 9 (average epoch stats below)
[2026-08-29 22:54:21,127][train][INFO] - {"epoch": 9, "train_loss": "127.967", "train_nll_loss": "7.736", "train_total": "1209.17", "train_n_correct": "74.375", "train_ppl": "213.13", "train_accuracy": "6.151", "train_wps": "1524.4", "train_ups": "1.26", "train_wpb": "1209.2", "train_bsz": "75", "train_num_updates": "216", "train_lr": "0.0016338", "train_gnorm": "1.412", "train_loss_scale": "128", "train_train_wall": "10", "train_gb_free": "42.9", "train_wall": "163"}
[2026-08-29 22:54:21,457][fairseq.logging.progress_bar][WARNING] - tensorboard not found, please install with: pip install tensorboard
[2026-08-29 22:54:21,521][fairseq.trainer][INFO] - begin training epoch 10
[2026-08-29 22:54:21,522][fairseq_cli.train][INFO] - Start iterating over samples
[2026-08-29 22:54:32,797][fairseq_cli.train][INFO] - begin validation on "valid" subset
[2026-08-29 22:54:33,041][fairseq.logging.progress_bar][WARNING] - tensorboard not found, please install with: pip install tensorboard
[2026-08-29 22:54:35,116][valid][INFO] - {"epoch": 10, "valid_loss": "124.795", "valid_nll_loss": "7.522", "valid_total": "291.154", "valid_n_correct": "23.5385", "valid_ppl": "183.74", "valid_accuracy": "8.085", "valid_wps": "4312.6", "valid_wpb": "291.2", "valid_bsz": "18.1", "valid_num_updates": "240", "valid_best_accuracy": "8.085"}
[2026-08-29 22:54:35,119][fairseq.checkpoint_utils][INFO] - Preparing to save checkpoint for epoch 10 @ 240 updates
[2026-08-29 22:54:35,120][fairseq.trainer][INFO] - Saving checkpoint to checkpoints/checkpoint_best.pt
[2026-08-29 22:54:37,417][fairseq.trainer][INFO] - Finished saving checkpoint to checkpoints/checkpoint_best.pt
[2026-08-29 22:54:40,121][fairseq.checkpoint_utils][INFO] - Saved checkpoint checkpoints/checkpoint_best.pt (epoch 10 @ 240 updates, score 8.085) (writing took 5.0026549361646175 seconds)
[2026-08-29 22:54:40,123][fairseq_cli.train][INFO] - end of epoch 10 (average epoch stats below)
[2026-08-29 22:54:40,125][train][INFO] - {"epoch": 10, "train_loss": "126.89", "train_nll_loss": "7.66", "train_total": "1209.17", "train_n_correct": "88.3333", "train_ppl": "202.2", "train_accuracy": "7.305", "train_wps": "1527.7", "train_ups": "1.26", "train_wpb": "1209.2", "train_bsz": "75", "train_num_updates": "240", "train_lr": "0.001812", "train_gnorm": "1.473", "train_loss_scale": "128", "train_train_wall": "10", "train_gb_free": "42.9", "train_wall": "182"}
[2026-08-29 22:54:40,412][fairseq.logging.progress_bar][WARNING] - tensorboard not found, please install with: pip install tensorboard
[2026-08-29 22:54:40,422][fairseq.trainer][INFO] - begin training epoch 11
[2026-08-29 22:54:40,423][fairseq_cli.train][INFO] - Start iterating over samples
[2026-08-29 22:54:51,627][fairseq_cli.train][INFO] - begin validation on "valid" subset
[2026-08-29 22:54:52,274][fairseq.logging.progress_bar][WARNING] - tensorboard not found, please install with: pip install tensorboard
[2026-08-29 22:54:54,148][valid][INFO] - {"epoch": 11, "valid_loss": "123.705", "valid_nll_loss": "7.442", "valid_total": "291.154", "valid_n_correct": "25.3077", "valid_ppl": "173.9", "valid_accuracy": "8.692", "valid_wps": "4187.7", "valid_wpb": "291.2", "valid_bsz": "18.1", "valid_num_updates": "264", "valid_best_accuracy": "8.692"}
[2026-08-29 22:54:54,151][fairseq.checkpoint_utils][INFO] - Preparing to save checkpoint for epoch 11 @ 264 updates
[2026-08-29 22:54:54,153][fairseq.trainer][INFO] - Saving checkpoint to checkpoints/checkpoint_best.pt
[2026-08-29 22:54:56,575][fairseq.trainer][INFO] - Finished saving checkpoint to checkpoints/checkpoint_best.pt
[2026-08-29 22:55:01,684][fairseq.checkpoint_utils][INFO] - Saved checkpoint checkpoints/checkpoint_best.pt (epoch 11 @ 264 updates, score 8.692) (writing took 7.532438987866044 seconds)
[2026-08-29 22:55:01,686][fairseq_cli.train][INFO] - end of epoch 11 (average epoch stats below)
[2026-08-29 22:55:01,689][train][INFO] - {"epoch": 11, "train_loss": "125.794", "train_nll_loss": "7.582", "train_total": "1209.17", "train_n_correct": "96.8333", "train_ppl": "191.58", "train_accuracy": "8.008", "train_wps": "1345.8", "train_ups": "1.11", "train_wpb": "1209.2", "train_bsz": "75", "train_num_updates": "264", "train_lr": "0.0019902", "train_gnorm": "1.525", "train_loss_scale": "128", "train_train_wall": "10", "train_gb_free": "42.8", "train_wall": "203"}
[2026-08-29 22:55:02,324][fairseq.logging.progress_bar][WARNING] - tensorboard not found, please install with: pip install tensorboard
[2026-08-29 22:55:02,330][fairseq.trainer][INFO] - begin training epoch 12
[2026-08-29 22:55:02,332][fairseq_cli.train][INFO] - Start iterating over samples
[2026-08-29 22:55:13,710][fairseq_cli.train][INFO] - begin validation on "valid" subset
[2026-08-29 22:55:15,036][fairseq.logging.progress_bar][WARNING] - tensorboard not found, please install with: pip install tensorboard
[2026-08-29 22:55:16,943][valid][INFO] - {"epoch": 12, "valid_loss": "122.807", "valid_nll_loss": "7.373", "valid_total": "291.154", "valid_n_correct": "26.2308", "valid_ppl": "165.77", "valid_accuracy": "9.009", "valid_wps": "3914.8", "valid_wpb": "291.2", "valid_bsz": "18.1", "valid_num_updates": "288", "valid_best_accuracy": "9.009"}
[2026-08-29 22:55:16,946][fairseq.checkpoint_utils][INFO] - Preparing to save checkpoint for epoch 12 @ 288 updates
[2026-08-29 22:55:16,948][fairseq.trainer][INFO] - Saving checkpoint to checkpoints/checkpoint_best.pt
[2026-08-29 22:55:19,358][fairseq.trainer][INFO] - Finished saving checkpoint to checkpoints/checkpoint_best.pt
[2026-08-29 22:55:23,484][fairseq.checkpoint_utils][INFO] - Saved checkpoint checkpoints/checkpoint_best.pt (epoch 12 @ 288 updates, score 9.009) (writing took 6.537890234962106 seconds)
[2026-08-29 22:55:23,487][fairseq_cli.train][INFO] - end of epoch 12 (average epoch stats below)
[2026-08-29 22:55:23,489][train][INFO] - {"epoch": 12, "train_loss": "124.688", "train_nll_loss": "7.501", "train_total": "1209.17", "train_n_correct": "100.417", "train_ppl": "181.2", "train_accuracy": "8.305", "train_wps": "1331.3", "train_ups": "1.1", "train_wpb": "1209.2", "train_bsz": "75", "train_num_updates": "288", "train_lr": "0.0021684", "train_gnorm": "1.645", "train_loss_scale": "128", "train_train_wall": "10", "train_gb_free": "43", "train_wall": "225"}
[2026-08-29 22:55:24,126][fairseq.logging.progress_bar][WARNING] - tensorboard not found, please install with: pip install tensorboard
[2026-08-29 22:55:24,130][fairseq.trainer][INFO] - begin training epoch 13
[2026-08-29 22:55:24,131][fairseq_cli.train][INFO] - Start iterating over samples
[2026-08-29 22:55:30,564][train_inner][INFO] - {"epoch": 13, "update": 12.5, "loss": "124.736", "nll_loss": "7.581", "total": "1195.61", "n_correct": "92.52", "ppl": "191.49", "accuracy": "7.738", "wps": "1429.5", "ups": "1.2", "wpb": "1195.6", "bsz": "74.8", "num_updates": "300", "lr": "0.0022575", "gnorm": "1.567", "loss_scale": "128", "train_wall": "41", "gb_free": "42.7", "wall": "232"}
[2026-08-29 22:55:35,325][fairseq_cli.train][INFO] - begin validation on "valid" subset
[2026-08-29 22:55:35,980][fairseq.logging.progress_bar][WARNING] - tensorboard not found, please install with: pip install tensorboard
[2026-08-29 22:55:38,047][valid][INFO] - {"epoch": 13, "valid_loss": "121.539", "valid_nll_loss": "7.286", "valid_total": "291.154", "valid_n_correct": "26.6923", "valid_ppl": "156.04", "valid_accuracy": "9.168", "valid_wps": "3998", "valid_wpb": "291.2", "valid_bsz": "18.1", "valid_num_updates": "312", "valid_best_accuracy": "9.168"}
[2026-08-29 22:55:38,050][fairseq.checkpoint_utils][INFO] - Preparing to save checkpoint for epoch 13 @ 312 updates
[2026-08-29 22:55:38,052][fairseq.trainer][INFO] - Saving checkpoint to checkpoints/checkpoint_best.pt
[2026-08-29 22:55:40,940][fairseq.trainer][INFO] - Finished saving checkpoint to checkpoints/checkpoint_best.pt
[2026-08-29 22:55:46,395][fairseq.checkpoint_utils][INFO] - Saved checkpoint checkpoints/checkpoint_best.pt (epoch 13 @ 312 updates, score 9.168) (writing took 8.344292304478586 seconds)
[2026-08-29 22:55:46,397][fairseq_cli.train][INFO] - end of epoch 13 (average epoch stats below)
[2026-08-29 22:55:46,401][train][INFO] - {"epoch": 13, "train_loss": "123.625", "train_nll_loss": "7.423", "train_total": "1209.17", "train_n_correct": "101.625", "train_ppl": "171.64", "train_accuracy": "8.405", "train_wps": "1266.7", "train_ups": "1.05", "train_wpb": "1209.2", "train_bsz": "75", "train_num_updates": "312", "train_lr": "0.0023466", "train_gnorm": "1.835", "train_loss_scale": "128", "train_train_wall": "10", "train_gb_free": "43", "train_wall": "248"}
[2026-08-29 22:55:47,024][fairseq.logging.progress_bar][WARNING] - tensorboard not found, please install with: pip install tensorboard
[2026-08-29 22:55:47,030][fairseq.trainer][INFO] - begin training epoch 14
[2026-08-29 22:55:47,032][fairseq_cli.train][INFO] - Start iterating over samples
[2026-08-29 22:55:58,703][fairseq_cli.train][INFO] - begin validation on "valid" subset
[2026-08-29 22:55:59,288][fairseq.logging.progress_bar][WARNING] - tensorboard not found, please install with: pip install tensorboard
[2026-08-29 22:56:01,301][valid][INFO] - {"epoch": 14, "valid_loss": "120.435", "valid_nll_loss": "7.2", "valid_total": "291.154", "valid_n_correct": "28.0769", "valid_ppl": "147.08", "valid_accuracy": "9.643", "valid_wps": "4375.3", "valid_wpb": "291.2", "valid_bsz": "18.1", "valid_num_updates": "336", "valid_best_accuracy": "9.643"}
[2026-08-29 22:56:01,312][fairseq.checkpoint_utils][INFO] - Preparing to save checkpoint for epoch 14 @ 336 updates
[2026-08-29 22:56:01,313][fairseq.trainer][INFO] - Saving checkpoint to checkpoints/checkpoint_best.pt
[2026-08-29 22:56:03,893][fairseq.trainer][INFO] - Finished saving checkpoint to checkpoints/checkpoint_best.pt
[2026-08-29 22:56:09,299][fairseq.checkpoint_utils][INFO] - Saved checkpoint checkpoints/checkpoint_best.pt (epoch 14 @ 336 updates, score 9.643) (writing took 7.987712695263326 seconds)
[2026-08-29 22:56:09,310][fairseq_cli.train][INFO] - end of epoch 14 (average epoch stats below)
[2026-08-29 22:56:09,313][train][INFO] - {"epoch": 14, "train_loss": "122.225", "train_nll_loss": "7.323", "train_total": "1209.17", "train_n_correct": "105.083", "train_ppl": "160.1", "train_accuracy": "8.691", "train_wps": "1267.1", "train_ups": "1.05", "train_wpb": "1209.2", "train_bsz": "75", "train_num_updates": "336", "train_lr": "0.0025248", "train_gnorm": "1.903", "train_loss_scale": "128", "train_train_wall": "10", "train_gb_free": "42.7", "train_wall": "271"}
[2026-08-29 22:56:09,973][fairseq.logging.progress_bar][WARNING] - tensorboard not found, please install with: pip install tensorboard
[2026-08-29 22:56:10,022][fairseq.trainer][INFO] - begin training epoch 15
[2026-08-29 22:56:10,023][fairseq_cli.train][INFO] - Start iterating over samples
[2026-08-29 22:56:21,570][fairseq_cli.train][INFO] - begin validation on "valid" subset
[2026-08-29 22:56:22,226][fairseq.logging.progress_bar][WARNING] - tensorboard not found, please install with: pip install tensorboard
[2026-08-29 22:56:24,204][valid][INFO] - {"epoch": 15, "valid_loss": "118.964", "valid_nll_loss": "7.091", "valid_total": "291.154", "valid_n_correct": "29.6923", "valid_ppl": "136.32", "valid_accuracy": "10.198", "valid_wps": "4227.2", "valid_wpb": "291.2", "valid_bsz": "18.1", "valid_num_updates": "360", "valid_best_accuracy": "10.198"}
[2026-08-29 22:56:24,212][fairseq.checkpoint_utils][INFO] - Preparing to save checkpoint for epoch 15 @ 360 updates
[2026-08-29 22:56:24,214][fairseq.trainer][INFO] - Saving checkpoint to checkpoints/checkpoint_best.pt
[2026-08-29 22:56:26,959][fairseq.trainer][INFO] - Finished saving checkpoint to checkpoints/checkpoint_best.pt
[2026-08-29 22:56:29,566][fairseq.checkpoint_utils][INFO] - Saved checkpoint checkpoints/checkpoint_best.pt (epoch 15 @ 360 updates, score 10.198) (writing took 5.353978293016553 seconds)
[2026-08-29 22:56:29,568][fairseq_cli.train][INFO] - end of epoch 15 (average epoch stats below)
[2026-08-29 22:56:29,570][train][INFO] - {"epoch": 15, "train_loss": "120.921", "train_nll_loss": "7.229", "train_total": "1209.17", "train_n_correct": "110.417", "train_ppl": "149.99", "train_accuracy": "9.132", "train_wps": "1432.8", "train_ups": "1.18", "train_wpb": "1209.2", "train_bsz": "75", "train_num_updates": "360", "train_lr": "0.002703", "train_gnorm": "2.199", "train_loss_scale": "128", "train_train_wall": "10", "train_gb_free": "43", "train_wall": "291"}
[2026-08-29 22:56:29,871][fairseq.logging.progress_bar][WARNING] - tensorboard not found, please install with: pip install tensorboard
[2026-08-29 22:56:29,874][fairseq.trainer][INFO] - begin training epoch 16
[2026-08-29 22:56:29,875][fairseq_cli.train][INFO] - Start iterating over samples
[2026-08-29 22:56:40,965][fairseq_cli.train][INFO] - begin validation on "valid" subset
[2026-08-29 22:56:41,590][fairseq.logging.progress_bar][WARNING] - tensorboard not found, please install with: pip install tensorboard
[2026-08-29 22:56:43,670][valid][INFO] - {"epoch": 16, "valid_loss": "117.701", "valid_nll_loss": "7.002", "valid_total": "291.154", "valid_n_correct": "29.0769", "valid_ppl": "128.22", "valid_accuracy": "9.987", "valid_wps": "4140.8", "valid_wpb": "291.2", "valid_bsz": "18.1", "valid_num_updates": "384", "valid_best_accuracy": "10.198"}
[2026-08-29 22:56:43,674][fairseq.checkpoint_utils][INFO] - Preparing to save checkpoint for epoch 16 @ 384 updates
[2026-08-29 22:56:43,676][fairseq.trainer][INFO] - Saving checkpoint to checkpoints/checkpoint_last.pt
[2026-08-29 22:56:46,212][fairseq.trainer][INFO] - Finished saving checkpoint to checkpoints/checkpoint_last.pt
[2026-08-29 22:56:46,221][fairseq.checkpoint_utils][INFO] - Saved checkpoint checkpoints/checkpoint_last.pt (epoch 16 @ 384 updates, score 9.987) (writing took 2.546842967160046 seconds)
[2026-08-29 22:56:46,222][fairseq_cli.train][INFO] - end of epoch 16 (average epoch stats below)
[2026-08-29 22:56:46,223][train][INFO] - {"epoch": 16, "train_loss": "119.41", "train_nll_loss": "7.121", "train_total": "1209.17", "train_n_correct": "116.125", "train_ppl": "139.21", "train_accuracy": "9.604", "train_wps": "1742.7", "train_ups": "1.44", "train_wpb": "1209.2", "train_bsz": "75", "train_num_updates": "384", "train_lr": "0.0028812", "train_gnorm": "2.032", "train_loss_scale": "128", "train_train_wall": "10", "train_gb_free": "42.7", "train_wall": "308"}
[2026-08-29 22:56:46,838][fairseq.logging.progress_bar][WARNING] - tensorboard not found, please install with: pip install tensorboard
[2026-08-29 22:56:46,923][fairseq.trainer][INFO] - begin training epoch 17
[2026-08-29 22:56:46,924][fairseq_cli.train][INFO] - Start iterating over samples
[2026-08-29 22:56:54,987][train_inner][INFO] - {"epoch": 17, "update": 16.667, "loss": "121.105", "nll_loss": "7.22", "total": "1212.32", "n_correct": "111.17", "ppl": "149.07", "accuracy": "9.17", "wps": "1436", "ups": "1.18", "wpb": "1212.3", "bsz": "75", "num_updates": "400", "lr": "0.003", "gnorm": "2.016", "loss_scale": "128", "train_wall": "41", "gb_free": "42.7", "wall": "317"}
[2026-08-29 22:56:58,328][fairseq_cli.train][INFO] - begin validation on "valid" subset
[2026-08-29 22:56:58,933][fairseq.logging.progress_bar][WARNING] - tensorboard not found, please install with: pip install tensorboard
[2026-08-29 22:57:01,080][valid][INFO] - {"epoch": 17, "valid_loss": "116.583", "valid_nll_loss": "6.921", "valid_total": "291.154", "valid_n_correct": "31.6923", "valid_ppl": "121.2", "valid_accuracy": "10.885", "valid_wps": "4367.3", "valid_wpb": "291.2", "valid_bsz": "18.1", "valid_num_updates": "408", "valid_best_accuracy": "10.885"}
[2026-08-29 22:57:01,083][fairseq.checkpoint_utils][INFO] - Preparing to save checkpoint for epoch 17 @ 408 updates
[2026-08-29 22:57:01,084][fairseq.trainer][INFO] - Saving checkpoint to checkpoints/checkpoint_best.pt
[2026-08-29 22:57:03,614][fairseq.trainer][INFO] - Finished saving checkpoint to checkpoints/checkpoint_best.pt
[2026-08-29 22:57:09,012][fairseq.checkpoint_utils][INFO] - Saved checkpoint checkpoints/checkpoint_best.pt (epoch 17 @ 408 updates, score 10.885) (writing took 7.929320849478245 seconds)
[2026-08-29 22:57:09,014][fairseq_cli.train][INFO] - end of epoch 17 (average epoch stats below)
[2026-08-29 22:57:09,017][train][INFO] - {"epoch": 17, "train_loss": "118.016", "train_nll_loss": "7.021", "train_total": "1209.17", "train_n_correct": "121.708", "train_ppl": "129.84", "train_accuracy": "10.065", "train_wps": "1273.2", "train_ups": "1.05", "train_wpb": "1209.2", "train_bsz": "75", "train_num_updates": "408", "train_lr": "0.00298208", "train_gnorm": "2.051", "train_loss_scale": "128", "train_train_wall": "10", "train_gb_free": "42.7", "train_wall": "331"}
[2026-08-29 22:57:09,611][fairseq.logging.progress_bar][WARNING] - tensorboard not found, please install with: pip install tensorboard
[2026-08-29 22:57:09,623][fairseq.trainer][INFO] - begin training epoch 18
[2026-08-29 22:57:09,624][fairseq_cli.train][INFO] - Start iterating over samples
[2026-08-29 22:57:20,576][fairseq_cli.train][INFO] - begin validation on "valid" subset
[2026-08-29 22:57:21,140][fairseq.logging.progress_bar][WARNING] - tensorboard not found, please install with: pip install tensorboard
[2026-08-29 22:57:23,329][valid][INFO] - {"epoch": 18, "valid_loss": "115.175", "valid_nll_loss": "6.816", "valid_total": "291.154", "valid_n_correct": "32.6154", "valid_ppl": "112.66", "valid_accuracy": "11.202", "valid_wps": "3853.6", "valid_wpb": "291.2", "valid_bsz": "18.1", "valid_num_updates": "432", "valid_best_accuracy": "11.202"}
[2026-08-29 22:57:23,332][fairseq.checkpoint_utils][INFO] - Preparing to save checkpoint for epoch 18 @ 432 updates
[2026-08-29 22:57:23,333][fairseq.trainer][INFO] - Saving checkpoint to checkpoints/checkpoint_best.pt
[2026-08-29 22:57:25,790][fairseq.trainer][INFO] - Finished saving checkpoint to checkpoints/checkpoint_best.pt
[2026-08-29 22:57:28,657][fairseq.checkpoint_utils][INFO] - Saved checkpoint checkpoints/checkpoint_best.pt (epoch 18 @ 432 updates, score 11.202) (writing took 5.325684095732868 seconds)
[2026-08-29 22:57:28,659][fairseq_cli.train][INFO] - end of epoch 18 (average epoch stats below)
[2026-08-29 22:57:28,662][train][INFO] - {"epoch": 18, "train_loss": "116.425", "train_nll_loss": "6.907", "train_total": "1209.17", "train_n_correct": "126.792", "train_ppl": "120.04", "train_accuracy": "10.486", "train_wps": "1477.5", "train_ups": "1.22", "train_wpb": "1209.2", "train_bsz": "75", "train_num_updates": "432", "train_lr": "0.00292896", "train_gnorm": "2.09", "train_loss_scale": "128", "train_train_wall": "10", "train_gb_free": "42.7", "train_wall": "350"}
[2026-08-29 22:57:29,274][fairseq.logging.progress_bar][WARNING] - tensorboard not found, please install with: pip install tensorboard
[2026-08-29 22:57:29,324][fairseq.trainer][INFO] - begin training epoch 19
[2026-08-29 22:57:29,327][fairseq_cli.train][INFO] - Start iterating over samples
[2026-08-29 22:57:40,439][fairseq_cli.train][INFO] - begin validation on "valid" subset
[2026-08-29 22:57:41,041][fairseq.logging.progress_bar][WARNING] - tensorboard not found, please install with: pip install tensorboard
[2026-08-29 22:57:43,268][valid][INFO] - {"epoch": 19, "valid_loss": "113.858", "valid_nll_loss": "6.723", "valid_total": "291.154", "valid_n_correct": "34.6923", "valid_ppl": "105.66", "valid_accuracy": "11.915", "valid_wps": "3424.7", "valid_wpb": "291.2", "valid_bsz": "18.1", "valid_num_updates": "456", "valid_best_accuracy": "11.915"}
[2026-08-29 22:57:43,271][fairseq.checkpoint_utils][INFO] - Preparing to save checkpoint for epoch 19 @ 456 updates
[2026-08-29 22:57:43,272][fairseq.trainer][INFO] - Saving checkpoint to checkpoints/checkpoint_best.pt
[2026-08-29 22:57:45,882][fairseq.trainer][INFO] - Finished saving checkpoint to checkpoints/checkpoint_best.pt
[2026-08-29 22:57:50,581][fairseq.checkpoint_utils][INFO] - Saved checkpoint checkpoints/checkpoint_best.pt (epoch 19 @ 456 updates, score 11.915) (writing took 7.310574651695788 seconds)
[2026-08-29 22:57:50,584][fairseq_cli.train][INFO] - end of epoch 19 (average epoch stats below)
[2026-08-29 22:57:50,587][train][INFO] - {"epoch": 19, "train_loss": "114.99", "train_nll_loss": "6.805", "train_total": "1209.17", "train_n_correct": "134.375", "train_ppl": "111.83", "train_accuracy": "11.113", "train_wps": "1323.7", "train_ups": "1.09", "train_wpb": "1209.2", "train_bsz": "75", "train_num_updates": "456", "train_lr": "0.00287678", "train_gnorm": "2.092", "train_loss_scale": "128", "train_train_wall": "10", "train_gb_free": "42.8", "train_wall": "372"}
[2026-08-29 22:57:51,210][fairseq.logging.progress_bar][WARNING] - tensorboard not found, please install with: pip install tensorboard
[2026-08-29 22:57:51,226][fairseq.trainer][INFO] - begin training epoch 20
[2026-08-29 22:57:51,227][fairseq_cli.train][INFO] - Start iterating over samples
[2026-08-29 22:58:02,683][fairseq_cli.train][INFO] - begin validation on "valid" subset
[2026-08-29 22:58:03,330][fairseq.logging.progress_bar][WARNING] - tensorboard not found, please install with: pip install tensorboard
[2026-08-29 22:58:05,490][valid][INFO] - {"epoch": 20, "valid_loss": "112.616", "valid_nll_loss": "6.635", "valid_total": "291.154", "valid_n_correct": "35.9231", "valid_ppl": "99.41", "valid_accuracy": "12.338", "valid_wps": "3649.9", "valid_wpb": "291.2", "valid_bsz": "18.1", "valid_num_updates": "480", "valid_best_accuracy": "12.338"}
[2026-08-29 22:58:05,493][fairseq.checkpoint_utils][INFO] - Preparing to save checkpoint for epoch 20 @ 480 updates
[2026-08-29 22:58:05,496][fairseq.trainer][INFO] - Saving checkpoint to checkpoints/checkpoint_best.pt
[2026-08-29 22:58:08,327][fairseq.trainer][INFO] - Finished saving checkpoint to checkpoints/checkpoint_best.pt
[2026-08-29 22:58:13,954][fairseq.checkpoint_utils][INFO] - Saved checkpoint checkpoints/checkpoint_best.pt (epoch 20 @ 480 updates, score 12.338) (writing took 8.460015088319778 seconds)
[2026-08-29 22:58:13,957][fairseq_cli.train][INFO] - end of epoch 20 (average epoch stats below)
[2026-08-29 22:58:13,960][train][INFO] - {"epoch": 20, "train_loss": "113.612", "train_nll_loss": "6.708", "train_total": "1209.17", "train_n_correct": "139.125", "train_ppl": "104.51", "train_accuracy": "11.506", "train_wps": "1241.7", "train_ups": "1.03", "train_wpb": "1209.2", "train_bsz": "75", "train_num_updates": "480", "train_lr": "0.00282553", "train_gnorm": "2.183", "train_loss_scale": "128", "train_train_wall": "10", "train_gb_free": "42.7", "train_wall": "396"}
[2026-08-29 22:58:14,590][fairseq.logging.progress_bar][WARNING] - tensorboard not found, please install with: pip install tensorboard
[2026-08-29 22:58:14,593][fairseq.trainer][INFO] - begin training epoch 21
[2026-08-29 22:58:14,594][fairseq_cli.train][INFO] - Start iterating over samples
[2026-08-29 22:58:24,204][train_inner][INFO] - {"epoch": 21, "update": 20.833, "loss": "115.05", "nll_loss": "6.791", "total": "1217.55", "n_correct": "135.35", "ppl": "110.72", "accuracy": "11.117", "wps": "1364.7", "ups": "1.12", "wpb": "1217.5", "bsz": "75.3", "num_updates": "500", "lr": "0.00278353", "gnorm": "2.152", "loss_scale": "128", "train_wall": "41", "gb_free": "43", "wall": "406"}
[2026-08-29 22:58:25,750][fairseq_cli.train][INFO] - begin validation on "valid" subset
[2026-08-29 22:58:26,926][fairseq.logging.progress_bar][WARNING] - tensorboard not found, please install with: pip install tensorboard
[2026-08-29 22:58:28,834][valid][INFO] - {"epoch": 21, "valid_loss": "111.85", "valid_nll_loss": "6.573", "valid_total": "291.154", "valid_n_correct": "38.6154", "valid_ppl": "95.22", "valid_accuracy": "13.263", "valid_wps": "4306.9", "valid_wpb": "291.2", "valid_bsz": "18.1", "valid_num_updates": "504", "valid_best_accuracy": "13.263"}
[2026-08-29 22:58:28,839][fairseq.checkpoint_utils][INFO] - Preparing to save checkpoint for epoch 21 @ 504 updates
[2026-08-29 22:58:28,841][fairseq.trainer][INFO] - Saving checkpoint to checkpoints/checkpoint_best.pt
[2026-08-29 22:58:31,725][fairseq.trainer][INFO] - Finished saving checkpoint to checkpoints/checkpoint_best.pt
[2026-08-29 22:58:37,721][fairseq.checkpoint_utils][INFO] - Saved checkpoint checkpoints/checkpoint_best.pt (epoch 21 @ 504 updates, score 13.263) (writing took 8.882848458364606 seconds)
[2026-08-29 22:58:37,742][fairseq_cli.train][INFO] - end of epoch 21 (average epoch stats below)
[2026-08-29 22:58:37,746][train][INFO] - {"epoch": 21, "train_loss": "112.492", "train_nll_loss": "6.626", "train_total": "1209.17", "train_n_correct": "146.375", "train_ppl": "98.77", "train_accuracy": "12.105", "train_wps": "1220.2", "train_ups": "1.01", "train_wpb": "1209.2", "train_bsz": "75", "train_num_updates": "504", "train_lr": "0.0027752", "train_gnorm": "2.294", "train_loss_scale": "128", "train_train_wall": "10", "train_gb_free": "42.7", "train_wall": "419"}
[2026-08-29 22:58:38,353][fairseq.logging.progress_bar][WARNING] - tensorboard not found, please install with: pip install tensorboard
[2026-08-29 22:58:38,356][fairseq.trainer][INFO] - begin training epoch 22
[2026-08-29 22:58:38,357][fairseq_cli.train][INFO] - Start iterating over samples
[2026-08-29 22:58:49,300][fairseq_cli.train][INFO] - begin validation on "valid" subset
[2026-08-29 22:58:49,941][fairseq.logging.progress_bar][WARNING] - tensorboard not found, please install with: pip install tensorboard
[2026-08-29 22:58:52,009][valid][INFO] - {"epoch": 22, "valid_loss": "110.864", "valid_nll_loss": "6.507", "valid_total": "291.154", "valid_n_correct": "39.4615", "valid_ppl": "90.94", "valid_accuracy": "13.554", "valid_wps": "4434.5", "valid_wpb": "291.2", "valid_bsz": "18.1", "valid_num_updates": "528", "valid_best_accuracy": "13.554"}
[2026-08-29 22:58:52,014][fairseq.checkpoint_utils][INFO] - Preparing to save checkpoint for epoch 22 @ 528 updates
[2026-08-29 22:58:52,015][fairseq.trainer][INFO] - Saving checkpoint to checkpoints/checkpoint_best.pt
[2026-08-29 22:58:54,617][fairseq.trainer][INFO] - Finished saving checkpoint to checkpoints/checkpoint_best.pt
[2026-08-29 22:59:00,734][fairseq.checkpoint_utils][INFO] - Saved checkpoint checkpoints/checkpoint_best.pt (epoch 22 @ 528 updates, score 13.554) (writing took 8.720417718403041 seconds)
[2026-08-29 22:59:00,736][fairseq_cli.train][INFO] - end of epoch 22 (average epoch stats below)
[2026-08-29 22:59:00,739][train][INFO] - {"epoch": 22, "train_loss": "111.206", "train_nll_loss": "6.535", "train_total": "1209.17", "train_n_correct": "157.792", "train_ppl": "92.74", "train_accuracy": "13.05", "train_wps": "1262.2", "train_ups": "1.04", "train_wpb": "1209.2", "train_bsz": "75", "train_num_updates": "528", "train_lr": "0.00272576", "train_gnorm": "2.398", "train_loss_scale": "128", "train_train_wall": "10", "train_gb_free": "42.9", "train_wall": "442"}
[2026-08-29 22:59:01,375][fairseq.logging.progress_bar][WARNING] - tensorboard not found, please install with: pip install tensorboard
[2026-08-29 22:59:01,379][fairseq.trainer][INFO] - begin training epoch 23
[2026-08-29 22:59:01,381][fairseq_cli.train][INFO] - Start iterating over samples
[2026-08-29 22:59:12,538][fairseq_cli.train][INFO] - begin validation on "valid" subset
[2026-08-29 22:59:13,171][fairseq.logging.progress_bar][WARNING] - tensorboard not found, please install with: pip install tensorboard
[2026-08-29 22:59:15,320][valid][INFO] - {"epoch": 23, "valid_loss": "110.425", "valid_nll_loss": "6.474", "valid_total": "291.154", "valid_n_correct": "40.4615", "valid_ppl": "88.89", "valid_accuracy": "13.897", "valid_wps": "3523.3", "valid_wpb": "291.2", "valid_bsz": "18.1", "valid_num_updates": "552", "valid_best_accuracy": "13.897"}
[2026-08-29 22:59:15,324][fairseq.checkpoint_utils][INFO] - Preparing to save checkpoint for epoch 23 @ 552 updates
[2026-08-29 22:59:15,325][fairseq.trainer][INFO] - Saving checkpoint to checkpoints/checkpoint_best.pt
[2026-08-29 22:59:18,030][fairseq.trainer][INFO] - Finished saving checkpoint to checkpoints/checkpoint_best.pt
[2026-08-29 22:59:24,249][fairseq.checkpoint_utils][INFO] - Saved checkpoint checkpoints/checkpoint_best.pt (epoch 23 @ 552 updates, score 13.897) (writing took 8.92423258908093 seconds)
[2026-08-29 22:59:24,252][fairseq_cli.train][INFO] - end of epoch 23 (average epoch stats below)
[2026-08-29 22:59:24,255][train][INFO] - {"epoch": 23, "train_loss": "110.299", "train_nll_loss": "6.468", "train_total": "1209.17", "train_n_correct": "162.833", "train_ppl": "88.53", "train_accuracy": "13.467", "train_wps": "1234.2", "train_ups": "1.02", "train_wpb": "1209.2", "train_bsz": "75", "train_num_updates": "552", "train_lr": "0.00267721", "train_gnorm": "2.38", "train_loss_scale": "128", "train_train_wall": "10", "train_gb_free": "42.8", "train_wall": "466"}
[2026-08-29 22:59:24,885][fairseq.logging.progress_bar][WARNING] - tensorboard not found, please install with: pip install tensorboard
[2026-08-29 22:59:24,889][fairseq.trainer][INFO] - begin training epoch 24
[2026-08-29 22:59:24,890][fairseq_cli.train][INFO] - Start iterating over samples
[2026-08-29 22:59:36,137][fairseq_cli.train][INFO] - begin validation on "valid" subset
[2026-08-29 22:59:36,724][fairseq.logging.progress_bar][WARNING] - tensorboard not found, please install with: pip install tensorboard
[2026-08-29 22:59:39,053][valid][INFO] - {"epoch": 24, "valid_loss": "109.774", "valid_nll_loss": "6.422", "valid_total": "291.154", "valid_n_correct": "41.7692", "valid_ppl": "85.75", "valid_accuracy": "14.346", "valid_wps": "3270.1", "valid_wpb": "291.2", "valid_bsz": "18.1", "valid_num_updates": "576", "valid_best_accuracy": "14.346"}
[2026-08-29 22:59:39,058][fairseq.checkpoint_utils][INFO] - Preparing to save checkpoint for epoch 24 @ 576 updates
[2026-08-29 22:59:39,059][fairseq.trainer][INFO] - Saving checkpoint to checkpoints/checkpoint_best.pt
[2026-08-29 22:59:41,838][fairseq.trainer][INFO] - Finished saving checkpoint to checkpoints/checkpoint_best.pt
[2026-08-29 22:59:48,178][fairseq.checkpoint_utils][INFO] - Saved checkpoint checkpoints/checkpoint_best.pt (epoch 24 @ 576 updates, score 14.346) (writing took 9.120560981333256 seconds)
[2026-08-29 22:59:48,181][fairseq_cli.train][INFO] - end of epoch 24 (average epoch stats below)
[2026-08-29 22:59:48,185][train][INFO] - {"epoch": 24, "train_loss": "109.276", "train_nll_loss": "6.397", "train_total": "1209.17", "train_n_correct": "175.042", "train_ppl": "84.28", "train_accuracy": "14.476", "train_wps": "1212.8", "train_ups": "1", "train_wpb": "1209.2", "train_bsz": "75", "train_num_updates": "576", "train_lr": "0.00262952", "train_gnorm": "2.279", "train_loss_scale": "128", "train_train_wall": "10", "train_gb_free": "42.7", "train_wall": "490"}
[2026-08-29 22:59:48,842][fairseq.logging.progress_bar][WARNING] - tensorboard not found, please install with: pip install tensorboard
[2026-08-29 22:59:48,921][fairseq.trainer][INFO] - begin training epoch 25
[2026-08-29 22:59:48,923][fairseq_cli.train][INFO] - Start iterating over samples
[2026-08-29 23:00:00,178][train_inner][INFO] - {"epoch": 25, "update": 25.0, "loss": "109.686", "nll_loss": "6.443", "total": "1206.18", "n_correct": "168.26", "ppl": "86.99", "accuracy": "13.95", "wps": "1256.8", "ups": "1.04", "wpb": "1206.2", "bsz": "75", "num_updates": "600", "lr": "0.00258267", "gnorm": "2.317", "loss_scale": "128", "train_wall": "40", "gb_free": "42.8", "wall": "502"}
[2026-08-29 23:00:00,185][fairseq_cli.train][INFO] - begin validation on "valid" subset
[2026-08-29 23:00:00,781][fairseq.logging.progress_bar][WARNING] - tensorboard not found, please install with: pip install tensorboard
[2026-08-29 23:00:02,647][valid][INFO] - {"epoch": 25, "valid_loss": "109.409", "valid_nll_loss": "6.394", "valid_total": "291.154", "valid_n_correct": "45", "valid_ppl": "84.12", "valid_accuracy": "15.456", "valid_wps": "4414.5", "valid_wpb": "291.2", "valid_bsz": "18.1", "valid_num_updates": "600", "valid_best_accuracy": "15.456"}
[2026-08-29 23:00:02,649][fairseq.checkpoint_utils][INFO] - Preparing to save checkpoint for epoch 25 @ 600 updates
[2026-08-29 23:00:02,650][fairseq.trainer][INFO] - Saving checkpoint to checkpoints/checkpoint_best.pt
[2026-08-29 23:00:05,155][fairseq.trainer][INFO] - Finished saving checkpoint to checkpoints/checkpoint_best.pt
[2026-08-29 23:00:10,835][fairseq.checkpoint_utils][INFO] - Saved checkpoint checkpoints/checkpoint_best.pt (epoch 25 @ 600 updates, score 15.456) (writing took 8.185771817341447 seconds)
[2026-08-29 23:00:10,839][fairseq_cli.train][INFO] - end of epoch 25 (average epoch stats below)
[2026-08-29 23:00:10,847][train][INFO] - {"epoch": 25, "train_loss": "108.452", "train_nll_loss": "6.337", "train_total": "1209.17", "train_n_correct": "180.458", "train_ppl": "80.86", "train_accuracy": "14.924", "train_wps": "1280.8", "train_ups": "1.06", "train_wpb": "1209.2", "train_bsz": "75", "train_num_updates": "600", "train_lr": "0.00258267", "train_gnorm": "2.229", "train_loss_scale": "128", "train_train_wall": "10", "train_gb_free": "42.8", "train_wall": "512"}
[2026-08-29 23:00:11,631][fairseq.logging.progress_bar][WARNING] - tensorboard not found, please install with: pip install tensorboard
[2026-08-29 23:00:11,635][fairseq.trainer][INFO] - begin training epoch 26
[2026-08-29 23:00:11,637][fairseq_cli.train][INFO] - Start iterating over samples
[2026-08-29 23:00:22,929][fairseq_cli.train][INFO] - begin validation on "valid" subset
[2026-08-29 23:00:23,530][fairseq.logging.progress_bar][WARNING] - tensorboard not found, please install with: pip install tensorboard
[2026-08-29 23:00:25,765][valid][INFO] - {"epoch": 26, "valid_loss": "108.425", "valid_nll_loss": "6.325", "valid_total": "291.154", "valid_n_correct": "46.6923", "valid_ppl": "80.17", "valid_accuracy": "16.037", "valid_wps": "3485.7", "valid_wpb": "291.2", "valid_bsz": "18.1", "valid_num_updates": "624", "valid_best_accuracy": "16.037"}
[2026-08-29 23:00:25,769][fairseq.checkpoint_utils][INFO] - Preparing to save checkpoint for epoch 26 @ 624 updates
[2026-08-29 23:00:25,771][fairseq.trainer][INFO] - Saving checkpoint to checkpoints/checkpoint_best.pt
[2026-08-29 23:00:28,457][fairseq.trainer][INFO] - Finished saving checkpoint to checkpoints/checkpoint_best.pt
[2026-08-29 23:00:33,010][fairseq.checkpoint_utils][INFO] - Saved checkpoint checkpoints/checkpoint_best.pt (epoch 26 @ 624 updates, score 16.037) (writing took 7.241294581443071 seconds)
[2026-08-29 23:00:33,013][fairseq_cli.train][INFO] - end of epoch 26 (average epoch stats below)
[2026-08-29 23:00:33,017][train][INFO] - {"epoch": 26, "train_loss": "107.649", "train_nll_loss": "6.279", "train_total": "1209.17", "train_n_correct": "191.458", "train_ppl": "77.66", "train_accuracy": "15.834", "train_wps": "1309.1", "train_ups": "1.08", "train_wpb": "1209.2", "train_bsz": "75", "train_num_updates": "624", "train_lr": "0.00253667", "train_gnorm": "2.377", "train_loss_scale": "128", "train_train_wall": "10", "train_gb_free": "43", "train_wall": "535"}
[2026-08-29 23:00:33,674][fairseq.logging.progress_bar][WARNING] - tensorboard not found, please install with: pip install tensorboard
[2026-08-29 23:00:33,679][fairseq.trainer][INFO] - begin training epoch 27
[2026-08-29 23:00:33,681][fairseq_cli.train][INFO] - Start iterating over samples
[2026-08-29 23:00:44,815][fairseq_cli.train][INFO] - begin validation on "valid" subset
[2026-08-29 23:00:45,413][fairseq.logging.progress_bar][WARNING] - tensorboard not found, please install with: pip install tensorboard
[2026-08-29 23:00:47,578][valid][INFO] - {"epoch": 27, "valid_loss": "108.067", "valid_nll_loss": "6.295", "valid_total": "291.154", "valid_n_correct": "48", "valid_ppl": "78.55", "valid_accuracy": "16.486", "valid_wps": "4292.2", "valid_wpb": "291.2", "valid_bsz": "18.1", "valid_num_updates": "648", "valid_best_accuracy": "16.486"}
[2026-08-29 23:00:47,581][fairseq.checkpoint_utils][INFO] - Preparing to save checkpoint for epoch 27 @ 648 updates
[2026-08-29 23:00:47,583][fairseq.trainer][INFO] - Saving checkpoint to checkpoints/checkpoint_best.pt
[2026-08-29 23:00:50,148][fairseq.trainer][INFO] - Finished saving checkpoint to checkpoints/checkpoint_best.pt
[2026-08-29 23:00:53,156][fairseq.checkpoint_utils][INFO] - Saved checkpoint checkpoints/checkpoint_best.pt (epoch 27 @ 648 updates, score 16.486) (writing took 5.57414386048913 seconds)
[2026-08-29 23:00:53,158][fairseq_cli.train][INFO] - end of epoch 27 (average epoch stats below)
[2026-08-29 23:00:53,160][train][INFO] - {"epoch": 27, "train_loss": "107.053", "train_nll_loss": "6.237", "train_total": "1209.17", "train_n_correct": "197.833", "train_ppl": "75.45", "train_accuracy": "16.361", "train_wps": "1440.9", "train_ups": "1.19", "train_wpb": "1209.2", "train_bsz": "75", "train_num_updates": "648", "train_lr": "0.00249148", "train_gnorm": "2.162", "train_loss_scale": "128", "train_train_wall": "10", "train_gb_free": "43", "train_wall": "555"}
[2026-08-29 23:00:53,714][fairseq.logging.progress_bar][WARNING] - tensorboard not found, please install with: pip install tensorboard
[2026-08-29 23:00:53,724][fairseq.trainer][INFO] - begin training epoch 28
[2026-08-29 23:00:53,725][fairseq_cli.train][INFO] - Start iterating over samples
[2026-08-29 23:01:04,849][fairseq_cli.train][INFO] - begin validation on "valid" subset
[2026-08-29 23:01:05,475][fairseq.logging.progress_bar][WARNING] - tensorboard not found, please install with: pip install tensorboard
[2026-08-29 23:01:07,530][valid][INFO] - {"epoch": 28, "valid_loss": "108.795", "valid_nll_loss": "6.335", "valid_total": "291.154", "valid_n_correct": "49.5385", "valid_ppl": "80.7", "valid_accuracy": "17.015", "valid_wps": "3914.9", "valid_wpb": "291.2", "valid_bsz": "18.1", "valid_num_updates": "672", "valid_best_accuracy": "17.015"}
[2026-08-29 23:01:07,534][fairseq.checkpoint_utils][INFO] - Preparing to save checkpoint for epoch 28 @ 672 updates
[2026-08-29 23:01:07,535][fairseq.trainer][INFO] - Saving checkpoint to checkpoints/checkpoint_best.pt
[2026-08-29 23:01:10,214][fairseq.trainer][INFO] - Finished saving checkpoint to checkpoints/checkpoint_best.pt
[2026-08-29 23:01:15,343][fairseq.checkpoint_utils][INFO] - Saved checkpoint checkpoints/checkpoint_best.pt (epoch 28 @ 672 updates, score 17.015) (writing took 7.8094657910987735 seconds)
[2026-08-29 23:01:15,346][fairseq_cli.train][INFO] - end of epoch 28 (average epoch stats below)
[2026-08-29 23:01:15,350][train][INFO] - {"epoch": 28, "train_loss": "106.055", "train_nll_loss": "6.165", "train_total": "1209.17", "train_n_correct": "206.458", "train_ppl": "71.76", "train_accuracy": "17.074", "train_wps": "1307.9", "train_ups": "1.08", "train_wpb": "1209.2", "train_bsz": "75", "train_num_updates": "672", "train_lr": "0.0024471", "train_gnorm": "2.31", "train_loss_scale": "128", "train_train_wall": "10", "train_gb_free": "42.7", "train_wall": "577"}
[2026-08-29 23:01:16,036][fairseq.logging.progress_bar][WARNING] - tensorboard not found, please install with: pip install tensorboard
[2026-08-29 23:01:16,124][fairseq.trainer][INFO] - begin training epoch 29
[2026-08-29 23:01:16,126][fairseq_cli.train][INFO] - Start iterating over samples
[2026-08-29 23:01:27,237][fairseq_cli.train][INFO] - begin validation on "valid" subset
[2026-08-29 23:01:27,931][fairseq.logging.progress_bar][WARNING] - tensorboard not found, please install with: pip install tensorboard
[2026-08-29 23:01:29,991][valid][INFO] - {"epoch": 29, "valid_loss": "107.51", "valid_nll_loss": "6.251", "valid_total": "291.154", "valid_n_correct": "50.7692", "valid_ppl": "76.17", "valid_accuracy": "17.437", "valid_wps": "3662.4", "valid_wpb": "291.2", "valid_bsz": "18.1", "valid_num_updates": "696", "valid_best_accuracy": "17.437"}
[2026-08-29 23:01:29,995][fairseq.checkpoint_utils][INFO] - Preparing to save checkpoint for epoch 29 @ 696 updates
[2026-08-29 23:01:29,996][fairseq.trainer][INFO] - Saving checkpoint to checkpoints/checkpoint_best.pt
[2026-08-29 23:01:32,503][fairseq.trainer][INFO] - Finished saving checkpoint to checkpoints/checkpoint_best.pt
[2026-08-29 23:01:38,777][fairseq.checkpoint_utils][INFO] - Saved checkpoint checkpoints/checkpoint_best.pt (epoch 29 @ 696 updates, score 17.437) (writing took 8.78245568368584 seconds)
[2026-08-29 23:01:38,781][fairseq_cli.train][INFO] - end of epoch 29 (average epoch stats below)
[2026-08-29 23:01:38,784][train][INFO] - {"epoch": 29, "train_loss": "105.665", "train_nll_loss": "6.138", "train_total": "1209.17", "train_n_correct": "207.792", "train_ppl": "70.42", "train_accuracy": "17.185", "train_wps": "1238.5", "train_ups": "1.02", "train_wpb": "1209.2", "train_bsz": "75", "train_num_updates": "696", "train_lr": "0.00240351", "train_gnorm": "2.414", "train_loss_scale": "128", "train_train_wall": "10", "train_gb_free": "42.7", "train_wall": "600"}
[2026-08-29 23:01:39,529][fairseq.logging.progress_bar][WARNING] - tensorboard not found, please install with: pip install tensorboard
[2026-08-29 23:01:39,533][fairseq.trainer][INFO] - begin training epoch 30
[2026-08-29 23:01:39,535][fairseq_cli.train][INFO] - Start iterating over samples
[2026-08-29 23:01:42,484][train_inner][INFO] - {"epoch": 30, "update": 29.167, "loss": "106.174", "nll_loss": "6.2", "total": "1211.13", "n_correct": "201.92", "ppl": "73.52", "accuracy": "16.672", "wps": "1183.9", "ups": "0.98", "wpb": "1211.1", "bsz": "75.4", "num_updates": "700", "lr": "0.00239632", "gnorm": "2.303", "loss_scale": "128", "train_wall": "41", "gb_free": "42.8", "wall": "604"}
[2026-08-29 23:01:50,757][fairseq_cli.train][INFO] - begin validation on "valid" subset
[2026-08-29 23:01:51,834][fairseq.logging.progress_bar][WARNING] - tensorboard not found, please install with: pip install tensorboard
[2026-08-29 23:01:53,816][valid][INFO] - {"epoch": 30, "valid_loss": "106.76", "valid_nll_loss": "6.205", "valid_total": "291.154", "valid_n_correct": "51.5385", "valid_ppl": "73.77", "valid_accuracy": "17.701", "valid_wps": "4392", "valid_wpb": "291.2", "valid_bsz": "18.1", "valid_num_updates": "720", "valid_best_accuracy": "17.701"}
[2026-08-29 23:01:53,819][fairseq.checkpoint_utils][INFO] - Preparing to save checkpoint for epoch 30 @ 720 updates
[2026-08-29 23:01:53,821][fairseq.trainer][INFO] - Saving checkpoint to checkpoints/checkpoint_best.pt
[2026-08-29 23:01:56,418][fairseq.trainer][INFO] - Finished saving checkpoint to checkpoints/checkpoint_best.pt
[2026-08-29 23:02:01,826][fairseq.checkpoint_utils][INFO] - Saved checkpoint checkpoints/checkpoint_best.pt (epoch 30 @ 720 updates, score 17.701) (writing took 8.006368453614414 seconds)
[2026-08-29 23:02:01,847][fairseq_cli.train][INFO] - end of epoch 30 (average epoch stats below)
[2026-08-29 23:02:01,850][train][INFO] - {"epoch": 30, "train_loss": "104.865", "train_nll_loss": "6.08", "train_total": "1209.17", "train_n_correct": "219.917", "train_ppl": "67.64", "train_accuracy": "18.187", "train_wps": "1258.3", "train_ups": "1.04", "train_wpb": "1209.2", "train_bsz": "75", "train_num_updates": "720", "train_lr": "0.00236069", "train_gnorm": "2.411", "train_loss_scale": "128", "train_train_wall": "10", "train_gb_free": "42.7", "train_wall": "623"}
[2026-08-29 23:02:02,461][fairseq.logging.progress_bar][WARNING] - tensorboard not found, please install with: pip install tensorboard
[2026-08-29 23:02:02,465][fairseq.trainer][INFO] - begin training epoch 31
[2026-08-29 23:02:02,466][fairseq_cli.train][INFO] - Start iterating over samples
[2026-08-29 23:02:13,417][fairseq_cli.train][INFO] - begin validation on "valid" subset
[2026-08-29 23:02:14,036][fairseq.logging.progress_bar][WARNING] - tensorboard not found, please install with: pip install tensorboard
[2026-08-29 23:02:16,283][valid][INFO] - {"epoch": 31, "valid_loss": "106.445", "valid_nll_loss": "6.175", "valid_total": "291.154", "valid_n_correct": "52.6923", "valid_ppl": "72.23", "valid_accuracy": "18.098", "valid_wps": "3253.1", "valid_wpb": "291.2", "valid_bsz": "18.1", "valid_num_updates": "744", "valid_best_accuracy": "18.098"}
[2026-08-29 23:02:16,287][fairseq.checkpoint_utils][INFO] - Preparing to save checkpoint for epoch 31 @ 744 updates
[2026-08-29 23:02:16,289][fairseq.trainer][INFO] - Saving checkpoint to checkpoints/checkpoint_best.pt
[2026-08-29 23:02:18,970][fairseq.trainer][INFO] - Finished saving checkpoint to checkpoints/checkpoint_best.pt
[2026-08-29 23:02:24,719][fairseq.checkpoint_utils][INFO] - Saved checkpoint checkpoints/checkpoint_best.pt (epoch 31 @ 744 updates, score 18.098) (writing took 8.431708628311753 seconds)
[2026-08-29 23:02:24,723][fairseq_cli.train][INFO] - end of epoch 31 (average epoch stats below)
[2026-08-29 23:02:24,725][train][INFO] - {"epoch": 31, "train_loss": "104.205", "train_nll_loss": "6.034", "train_total": "1209.17", "train_n_correct": "228.208", "train_ppl": "65.53", "train_accuracy": "18.873", "train_wps": "1268.8", "train_ups": "1.05", "train_wpb": "1209.2", "train_bsz": "75", "train_num_updates": "744", "train_lr": "0.00231864", "train_gnorm": "2.326", "train_loss_scale": "128", "train_train_wall": "10", "train_gb_free": "42.8", "train_wall": "646"}
[2026-08-29 23:02:25,296][fairseq.logging.progress_bar][WARNING] - tensorboard not found, please install with: pip install tensorboard
[2026-08-29 23:02:25,299][fairseq.trainer][INFO] - begin training epoch 32
[2026-08-29 23:02:25,309][fairseq_cli.train][INFO] - Start iterating over samples
[2026-08-29 23:02:36,582][fairseq_cli.train][INFO] - begin validation on "valid" subset
[2026-08-29 23:02:37,145][fairseq.logging.progress_bar][WARNING] - tensorboard not found, please install with: pip install tensorboard
[2026-08-29 23:02:39,447][valid][INFO] - {"epoch": 32, "valid_loss": "106.553", "valid_nll_loss": "6.179", "valid_total": "291.154", "valid_n_correct": "54.3846", "valid_ppl": "72.46", "valid_accuracy": "18.679", "valid_wps": "3382.6", "valid_wpb": "291.2", "valid_bsz": "18.1", "valid_num_updates": "768", "valid_best_accuracy": "18.679"}
[2026-08-29 23:02:39,452][fairseq.checkpoint_utils][INFO] - Preparing to save checkpoint for epoch 32 @ 768 updates
[2026-08-29 23:02:39,454][fairseq.trainer][INFO] - Saving checkpoint to checkpoints/checkpoint_best.pt
[2026-08-29 23:02:42,344][fairseq.trainer][INFO] - Finished saving checkpoint to checkpoints/checkpoint_best.pt
[2026-08-29 23:02:48,524][fairseq.checkpoint_utils][INFO] - Saved checkpoint checkpoints/checkpoint_best.pt (epoch 32 @ 768 updates, score 18.679) (writing took 9.071876416914165 seconds)
[2026-08-29 23:02:48,527][fairseq_cli.train][INFO] - end of epoch 32 (average epoch stats below)
[2026-08-29 23:02:48,531][train][INFO] - {"epoch": 32, "train_loss": "103.566", "train_nll_loss": "5.987", "train_total": "1209.17", "train_n_correct": "231.917", "train_ppl": "63.44", "train_accuracy": "19.18", "train_wps": "1219.1", "train_ups": "1.01", "train_wpb": "1209.2", "train_bsz": "75", "train_num_updates": "768", "train_lr": "0.00227733", "train_gnorm": "2.264", "train_loss_scale": "128", "train_train_wall": "10", "train_gb_free": "42.9", "train_wall": "670"}
[2026-08-29 23:02:49,181][fairseq.logging.progress_bar][WARNING] - tensorboard not found, please install with: pip install tensorboard
[2026-08-29 23:02:49,224][fairseq.trainer][INFO] - begin training epoch 33
[2026-08-29 23:02:49,227][fairseq_cli.train][INFO] - Start iterating over samples
[2026-08-29 23:03:00,367][fairseq_cli.train][INFO] - begin validation on "valid" subset
[2026-08-29 23:03:01,028][fairseq.logging.progress_bar][WARNING] - tensorboard not found, please install with: pip install tensorboard
[2026-08-29 23:03:03,245][valid][INFO] - {"epoch": 33, "valid_loss": "106.359", "valid_nll_loss": "6.163", "valid_total": "291.154", "valid_n_correct": "54.6923", "valid_ppl": "71.65", "valid_accuracy": "18.785", "valid_wps": "3921.3", "valid_wpb": "291.2", "valid_bsz": "18.1", "valid_num_updates": "792", "valid_best_accuracy": "18.785"}
[2026-08-29 23:03:03,248][fairseq.checkpoint_utils][INFO] - Preparing to save checkpoint for epoch 33 @ 792 updates
[2026-08-29 23:03:03,251][fairseq.trainer][INFO] - Saving checkpoint to checkpoints/checkpoint_best.pt
[2026-08-29 23:03:05,978][fairseq.trainer][INFO] - Finished saving checkpoint to checkpoints/checkpoint_best.pt
[2026-08-29 23:03:10,210][fairseq.checkpoint_utils][INFO] - Saved checkpoint checkpoints/checkpoint_best.pt (epoch 33 @ 792 updates, score 18.785) (writing took 6.961647351272404 seconds)
[2026-08-29 23:03:10,213][fairseq_cli.train][INFO] - end of epoch 33 (average epoch stats below)
[2026-08-29 23:03:10,217][train][INFO] - {"epoch": 33, "train_loss": "103.045", "train_nll_loss": "5.95", "train_total": "1209.17", "train_n_correct": "239.958", "train_ppl": "61.82", "train_accuracy": "19.845", "train_wps": "1338.4", "train_ups": "1.11", "train_wpb": "1209.2", "train_bsz": "75", "train_num_updates": "792", "train_lr": "0.00223676", "train_gnorm": "2.338", "train_loss_scale": "128", "train_train_wall": "10", "train_gb_free": "42.7", "train_wall": "692"}
[2026-08-29 23:03:11,336][fairseq.logging.progress_bar][WARNING] - tensorboard not found, please install with: pip install tensorboard
[2026-08-29 23:03:11,422][fairseq.trainer][INFO] - begin training epoch 34
[2026-08-29 23:03:11,423][fairseq_cli.train][INFO] - Start iterating over samples
[2026-08-29 23:03:16,000][train_inner][INFO] - {"epoch": 34, "update": 33.333, "loss": "104.275", "nll_loss": "6", "total": "1202.5", "n_correct": "230.26", "ppl": "63.98", "accuracy": "19.148", "wps": "1285.9", "ups": "1.07", "wpb": "1202.5", "bsz": "74.2", "num_updates": "800", "lr": "0.0022234", "gnorm": "2.351", "loss_scale": "128", "train_wall": "41", "gb_free": "42.7", "wall": "698"}
[2026-08-29 23:03:22,647][fairseq_cli.train][INFO] - begin validation on "valid" subset
[2026-08-29 23:03:23,122][fairseq.logging.progress_bar][WARNING] - tensorboard not found, please install with: pip install tensorboard
[2026-08-29 23:03:25,238][valid][INFO] - {"epoch": 34, "valid_loss": "105.617", "valid_nll_loss": "6.114", "valid_total": "291.154", "valid_n_correct": "57.2308", "valid_ppl": "69.26", "valid_accuracy": "19.657", "valid_wps": "4072", "valid_wpb": "291.2", "valid_bsz": "18.1", "valid_num_updates": "816", "valid_best_accuracy": "19.657"}
[2026-08-29 23:03:25,243][fairseq.checkpoint_utils][INFO] - Preparing to save checkpoint for epoch 34 @ 816 updates
[2026-08-29 23:03:25,244][fairseq.trainer][INFO] - Saving checkpoint to checkpoints/checkpoint_best.pt
[2026-08-29 23:03:28,216][fairseq.trainer][INFO] - Finished saving checkpoint to checkpoints/checkpoint_best.pt
[2026-08-29 23:03:33,239][fairseq.checkpoint_utils][INFO] - Saved checkpoint checkpoints/checkpoint_best.pt (epoch 34 @ 816 updates, score 19.657) (writing took 7.9966808361932635 seconds)
[2026-08-29 23:03:33,241][fairseq_cli.train][INFO] - end of epoch 34 (average epoch stats below)
[2026-08-29 23:03:33,244][train][INFO] - {"epoch": 34, "train_loss": "102.497", "train_nll_loss": "5.911", "train_total": "1209.17", "train_n_correct": "242.042", "train_ppl": "60.16", "train_accuracy": "20.017", "train_wps": "1260.4", "train_ups": "1.04", "train_wpb": "1209.2", "train_bsz": "75", "train_num_updates": "816", "train_lr": "0.00219692", "train_gnorm": "2.298", "train_loss_scale": "128", "train_train_wall": "10", "train_gb_free": "42.7", "train_wall": "715"}
[2026-08-29 23:03:33,576][fairseq.logging.progress_bar][WARNING] - tensorboard not found, please install with: pip install tensorboard
[2026-08-29 23:03:33,579][fairseq.trainer][INFO] - begin training epoch 35
[2026-08-29 23:03:33,580][fairseq_cli.train][INFO] - Start iterating over samples
[2026-08-29 23:03:44,580][fairseq_cli.train][INFO] - begin validation on "valid" subset
[2026-08-29 23:03:45,174][fairseq.logging.progress_bar][WARNING] - tensorboard not found, please install with: pip install tensorboard
[2026-08-29 23:03:47,148][valid][INFO] - {"epoch": 35, "valid_loss": "105.743", "valid_nll_loss": "6.12", "valid_total": "291.154", "valid_n_correct": "57.3846", "valid_ppl": "69.53", "valid_accuracy": "19.709", "valid_wps": "3818.6", "valid_wpb": "291.2", "valid_bsz": "18.1", "valid_num_updates": "840", "valid_best_accuracy": "19.709"}
[2026-08-29 23:03:47,152][fairseq.checkpoint_utils][INFO] - Preparing to save checkpoint for epoch 35 @ 840 updates
[2026-08-29 23:03:47,153][fairseq.trainer][INFO] - Saving checkpoint to checkpoints/checkpoint_best.pt
[2026-08-29 23:03:49,666][fairseq.trainer][INFO] - Finished saving checkpoint to checkpoints/checkpoint_best.pt
[2026-08-29 23:03:52,928][fairseq.checkpoint_utils][INFO] - Saved checkpoint checkpoints/checkpoint_best.pt (epoch 35 @ 840 updates, score 19.709) (writing took 5.775709510780871 seconds)
[2026-08-29 23:03:52,931][fairseq_cli.train][INFO] - end of epoch 35 (average epoch stats below)
[2026-08-29 23:03:52,935][train][INFO] - {"epoch": 35, "train_loss": "102.05", "train_nll_loss": "5.879", "train_total": "1209.17", "train_n_correct": "246.958", "train_ppl": "58.85", "train_accuracy": "20.424", "train_wps": "1474", "train_ups": "1.22", "train_wpb": "1209.2", "train_bsz": "75", "train_num_updates": "840", "train_lr": "0.00215778", "train_gnorm": "2.383", "train_loss_scale": "128", "train_train_wall": "10", "train_gb_free": "42.7", "train_wall": "735"}
[2026-08-29 23:03:53,466][fairseq.logging.progress_bar][WARNING] - tensorboard not found, please install with: pip install tensorboard
[2026-08-29 23:03:53,469][fairseq.trainer][INFO] - begin training epoch 36
[2026-08-29 23:03:53,470][fairseq_cli.train][INFO] - Start iterating over samples
[2026-08-29 23:04:04,648][fairseq_cli.train][INFO] - begin validation on "valid" subset
[2026-08-29 23:04:05,276][fairseq.logging.progress_bar][WARNING] - tensorboard not found, please install with: pip install tensorboard
[2026-08-29 23:04:07,260][valid][INFO] - {"epoch": 36, "valid_loss": "105.342", "valid_nll_loss": "6.093", "valid_total": "291.154", "valid_n_correct": "57.6923", "valid_ppl": "68.24", "valid_accuracy": "19.815", "valid_wps": "3782.6", "valid_wpb": "291.2", "valid_bsz": "18.1", "valid_num_updates": "864", "valid_best_accuracy": "19.815"}
[2026-08-29 23:04:07,266][fairseq.checkpoint_utils][INFO] - Preparing to save checkpoint for epoch 36 @ 864 updates
[2026-08-29 23:04:07,267][fairseq.trainer][INFO] - Saving checkpoint to checkpoints/checkpoint_best.pt
[2026-08-29 23:04:09,920][fairseq.trainer][INFO] - Finished saving checkpoint to checkpoints/checkpoint_best.pt
[2026-08-29 23:04:13,483][fairseq.checkpoint_utils][INFO] - Saved checkpoint checkpoints/checkpoint_best.pt (epoch 36 @ 864 updates, score 19.815) (writing took 6.217476340942085 seconds)
[2026-08-29 23:04:13,485][fairseq_cli.train][INFO] - end of epoch 36 (average epoch stats below)
[2026-08-29 23:04:13,488][train][INFO] - {"epoch": 36, "train_loss": "101.669", "train_nll_loss": "5.85", "train_total": "1209.17", "train_n_correct": "250.792", "train_ppl": "57.69", "train_accuracy": "20.741", "train_wps": "1412.1", "train_ups": "1.17", "train_wpb": "1209.2", "train_bsz": "75", "train_num_updates": "864", "train_lr": "0.00211935", "train_gnorm": "2.466", "train_loss_scale": "128", "train_train_wall": "10", "train_gb_free": "42.7", "train_wall": "755"}
[2026-08-29 23:04:14,076][fairseq.logging.progress_bar][WARNING] - tensorboard not found, please install with: pip install tensorboard
[2026-08-29 23:04:14,081][fairseq.trainer][INFO] - begin training epoch 37
[2026-08-29 23:04:14,082][fairseq_cli.train][INFO] - Start iterating over samples
[2026-08-29 23:04:25,500][fairseq_cli.train][INFO] - begin validation on "valid" subset
[2026-08-29 23:04:26,076][fairseq.logging.progress_bar][WARNING] - tensorboard not found, please install with: pip install tensorboard
[2026-08-29 23:04:28,246][valid][INFO] - {"epoch": 37, "valid_loss": "105.48", "valid_nll_loss": "6.101", "valid_total": "291.154", "valid_n_correct": "58.9231", "valid_ppl": "68.63", "valid_accuracy": "20.238", "valid_wps": "3166", "valid_wpb": "291.2", "valid_bsz": "18.1", "valid_num_updates": "888", "valid_best_accuracy": "20.238"}
[2026-08-29 23:04:28,249][fairseq.checkpoint_utils][INFO] - Preparing to save checkpoint for epoch 37 @ 888 updates
[2026-08-29 23:04:28,251][fairseq.trainer][INFO] - Saving checkpoint to checkpoints/checkpoint_best.pt
[2026-08-29 23:04:30,699][fairseq.trainer][INFO] - Finished saving checkpoint to checkpoints/checkpoint_best.pt
[2026-08-29 23:04:34,072][fairseq.checkpoint_utils][INFO] - Saved checkpoint checkpoints/checkpoint_best.pt (epoch 37 @ 888 updates, score 20.238) (writing took 5.82288793195039 seconds)
[2026-08-29 23:04:34,073][fairseq_cli.train][INFO] - end of epoch 37 (average epoch stats below)
[2026-08-29 23:04:34,076][train][INFO] - {"epoch": 37, "train_loss": "100.987", "train_nll_loss": "5.803", "train_total": "1209.17", "train_n_correct": "260.625", "train_ppl": "55.84", "train_accuracy": "21.554", "train_wps": "1409.7", "train_ups": "1.17", "train_wpb": "1209.2", "train_bsz": "75", "train_num_updates": "888", "train_lr": "0.00208159", "train_gnorm": "2.413", "train_loss_scale": "128", "train_train_wall": "10", "train_gb_free": "43", "train_wall": "776"}
[2026-08-29 23:04:34,337][fairseq.logging.progress_bar][WARNING] - tensorboard not found, please install with: pip install tensorboard
[2026-08-29 23:04:34,341][fairseq.trainer][INFO] - begin training epoch 38
[2026-08-29 23:04:34,342][fairseq_cli.train][INFO] - Start iterating over samples
[2026-08-29 23:04:41,199][train_inner][INFO] - {"epoch": 38, "update": 37.5, "loss": "101.512", "nll_loss": "5.859", "total": "1226.95", "n_correct": "254.98", "ppl": "58.04", "accuracy": "20.782", "wps": "1440.3", "ups": "1.17", "wpb": "1227", "bsz": "76.3", "num_updates": "900", "lr": "0.00206297", "gnorm": "2.403", "loss_scale": "128", "train_wall": "42", "gb_free": "42.9", "wall": "783"}
[2026-08-29 23:04:46,008][fairseq_cli.train][INFO] - begin validation on "valid" subset
[2026-08-29 23:04:46,513][fairseq.logging.progress_bar][WARNING] - tensorboard not found, please install with: pip install tensorboard
[2026-08-29 23:04:48,701][valid][INFO] - {"epoch": 38, "valid_loss": "105.726", "valid_nll_loss": "6.112", "valid_total": "291.154", "valid_n_correct": "60.5385", "valid_ppl": "69.16", "valid_accuracy": "20.793", "valid_wps": "3278.9", "valid_wpb": "291.2", "valid_bsz": "18.1", "valid_num_updates": "912", "valid_best_accuracy": "20.793"}
[2026-08-29 23:04:48,720][fairseq.checkpoint_utils][INFO] - Preparing to save checkpoint for epoch 38 @ 912 updates
[2026-08-29 23:04:48,722][fairseq.trainer][INFO] - Saving checkpoint to checkpoints/checkpoint_best.pt
[2026-08-29 23:04:51,213][fairseq.trainer][INFO] - Finished saving checkpoint to checkpoints/checkpoint_best.pt
[2026-08-29 23:04:55,422][fairseq.checkpoint_utils][INFO] - Saved checkpoint checkpoints/checkpoint_best.pt (epoch 38 @ 912 updates, score 20.793) (writing took 6.701411281712353 seconds)
[2026-08-29 23:04:55,424][fairseq_cli.train][INFO] - end of epoch 38 (average epoch stats below)
[2026-08-29 23:04:55,427][train][INFO] - {"epoch": 38, "train_loss": "100.604", "train_nll_loss": "5.775", "train_total": "1209.17", "train_n_correct": "265.417", "train_ppl": "54.77", "train_accuracy": "21.95", "train_wps": "1359.3", "train_ups": "1.12", "train_wpb": "1209.2", "train_bsz": "75", "train_num_updates": "912", "train_lr": "0.00204451", "train_gnorm": "2.465", "train_loss_scale": "128", "train_train_wall": "10", "train_gb_free": "42.7", "train_wall": "797"}
[2026-08-29 23:04:56,010][fairseq.logging.progress_bar][WARNING] - tensorboard not found, please install with: pip install tensorboard
[2026-08-29 23:04:56,024][fairseq.trainer][INFO] - begin training epoch 39
[2026-08-29 23:04:56,025][fairseq_cli.train][INFO] - Start iterating over samples
[2026-08-29 23:05:07,648][fairseq_cli.train][INFO] - begin validation on "valid" subset
[2026-08-29 23:05:08,928][fairseq.logging.progress_bar][WARNING] - tensorboard not found, please install with: pip install tensorboard
[2026-08-29 23:05:11,232][valid][INFO] - {"epoch": 39, "valid_loss": "105.107", "valid_nll_loss": "6.073", "valid_total": "291.154", "valid_n_correct": "60.1538", "valid_ppl": "67.33", "valid_accuracy": "20.661", "valid_wps": "3819.4", "valid_wpb": "291.2", "valid_bsz": "18.1", "valid_num_updates": "936", "valid_best_accuracy": "20.793"}
[2026-08-29 23:05:11,236][fairseq.checkpoint_utils][INFO] - Preparing to save checkpoint for epoch 39 @ 936 updates
[2026-08-29 23:05:11,238][fairseq.trainer][INFO] - Saving checkpoint to checkpoints/checkpoint_last.pt
[2026-08-29 23:05:14,179][fairseq.trainer][INFO] - Finished saving checkpoint to checkpoints/checkpoint_last.pt
[2026-08-29 23:05:14,181][fairseq.checkpoint_utils][INFO] - Saved checkpoint checkpoints/checkpoint_last.pt (epoch 39 @ 936 updates, score 20.661) (writing took 2.944802386686206 seconds)
[2026-08-29 23:05:14,183][fairseq_cli.train][INFO] - end of epoch 39 (average epoch stats below)
[2026-08-29 23:05:14,185][train][INFO] - {"epoch": 39, "train_loss": "100.481", "train_nll_loss": "5.766", "train_total": "1209.17", "train_n_correct": "263.875", "train_ppl": "54.41", "train_accuracy": "21.823", "train_wps": "1547.1", "train_ups": "1.28", "train_wpb": "1209.2", "train_bsz": "75", "train_num_updates": "936", "train_lr": "0.00200809", "train_gnorm": "2.621", "train_loss_scale": "128", "train_train_wall": "10", "train_gb_free": "42.9", "train_wall": "816"}
[2026-08-29 23:05:14,765][fairseq.logging.progress_bar][WARNING] - tensorboard not found, please install with: pip install tensorboard
[2026-08-29 23:05:14,768][fairseq.trainer][INFO] - begin training epoch 40
[2026-08-29 23:05:14,769][fairseq_cli.train][INFO] - Start iterating over samples
[2026-08-29 23:05:25,564][fairseq_cli.train][INFO] - begin validation on "valid" subset
[2026-08-29 23:05:26,173][fairseq.logging.progress_bar][WARNING] - tensorboard not found, please install with: pip install tensorboard
[2026-08-29 23:05:28,688][valid][INFO] - {"epoch": 40, "valid_loss": "105.308", "valid_nll_loss": "6.081", "valid_total": "291.154", "valid_n_correct": "61", "valid_ppl": "67.68", "valid_accuracy": "20.951", "valid_wps": "2556", "valid_wpb": "291.2", "valid_bsz": "18.1", "valid_num_updates": "960", "valid_best_accuracy": "20.951"}
[2026-08-29 23:05:28,693][fairseq.checkpoint_utils][INFO] - Preparing to save checkpoint for epoch 40 @ 960 updates
[2026-08-29 23:05:28,696][fairseq.trainer][INFO] - Saving checkpoint to checkpoints/checkpoint_best.pt
[2026-08-29 23:05:31,391][fairseq.trainer][INFO] - Finished saving checkpoint to checkpoints/checkpoint_best.pt
[2026-08-29 23:05:35,656][fairseq.checkpoint_utils][INFO] - Saved checkpoint checkpoints/checkpoint_best.pt (epoch 40 @ 960 updates, score 20.951) (writing took 6.963123369961977 seconds)
[2026-08-29 23:05:35,659][fairseq_cli.train][INFO] - end of epoch 40 (average epoch stats below)
[2026-08-29 23:05:35,661][train][INFO] - {"epoch": 40, "train_loss": "99.861", "train_nll_loss": "5.722", "train_total": "1209.17", "train_n_correct": "270.25", "train_ppl": "52.79", "train_accuracy": "22.35", "train_wps": "1351.4", "train_ups": "1.12", "train_wpb": "1209.2", "train_bsz": "75", "train_num_updates": "960", "train_lr": "0.00197232", "train_gnorm": "2.524", "train_loss_scale": "128", "train_train_wall": "10", "train_gb_free": "42.7", "train_wall": "837"}
[2026-08-29 23:05:36,226][fairseq.logging.progress_bar][WARNING] - tensorboard not found, please install with: pip install tensorboard
[2026-08-29 23:05:36,229][fairseq.trainer][INFO] - begin training epoch 41
[2026-08-29 23:05:36,230][fairseq_cli.train][INFO] - Start iterating over samples
[2026-08-29 23:05:47,498][fairseq_cli.train][INFO] - begin validation on "valid" subset
[2026-08-29 23:05:48,085][fairseq.logging.progress_bar][WARNING] - tensorboard not found, please install with: pip install tensorboard
[2026-08-29 23:05:50,217][valid][INFO] - {"epoch": 41, "valid_loss": "105.883", "valid_nll_loss": "6.115", "valid_total": "291.154", "valid_n_correct": "61.8462", "valid_ppl": "69.33", "valid_accuracy": "21.242", "valid_wps": "4006", "valid_wpb": "291.2", "valid_bsz": "18.1", "valid_num_updates": "984", "valid_best_accuracy": "21.242"}
[2026-08-29 23:05:50,220][fairseq.checkpoint_utils][INFO] - Preparing to save checkpoint for epoch 41 @ 984 updates
[2026-08-29 23:05:50,222][fairseq.trainer][INFO] - Saving checkpoint to checkpoints/checkpoint_best.pt
[2026-08-29 23:05:52,718][fairseq.trainer][INFO] - Finished saving checkpoint to checkpoints/checkpoint_best.pt
[2026-08-29 23:05:56,858][fairseq.checkpoint_utils][INFO] - Saved checkpoint checkpoints/checkpoint_best.pt (epoch 41 @ 984 updates, score 21.242) (writing took 6.638007004745305 seconds)
[2026-08-29 23:05:56,862][fairseq_cli.train][INFO] - end of epoch 41 (average epoch stats below)
[2026-08-29 23:05:56,865][train][INFO] - {"epoch": 41, "train_loss": "99.478", "train_nll_loss": "5.695", "train_total": "1209.17", "train_n_correct": "273.875", "train_ppl": "51.81", "train_accuracy": "22.65", "train_wps": "1368.8", "train_ups": "1.13", "train_wpb": "1209.2", "train_bsz": "75", "train_num_updates": "984", "train_lr": "0.00193718", "train_gnorm": "2.373", "train_loss_scale": "128", "train_train_wall": "10", "train_gb_free": "42.7", "train_wall": "858"}
[2026-08-29 23:05:57,448][fairseq.logging.progress_bar][WARNING] - tensorboard not found, please install with: pip install tensorboard
[2026-08-29 23:05:57,452][fairseq.trainer][INFO] - begin training epoch 42
[2026-08-29 23:05:57,453][fairseq_cli.train][INFO] - Start iterating over samples
[2026-08-29 23:06:05,488][train_inner][INFO] - {"epoch": 42, "update": 41.667, "loss": "99.673", "nll_loss": "5.71", "total": "1201.76", "n_correct": "270.19", "ppl": "52.33", "accuracy": "22.483", "wps": "1425.9", "ups": "1.19", "wpb": "1201.8", "bsz": "74.5", "num_updates": "1000", "lr": "0.00191411", "gnorm": "2.493", "loss_scale": "128", "train_wall": "41", "gb_free": "42.7", "wall": "867"}
[2026-08-29 23:06:08,790][fairseq_cli.train][INFO] - begin validation on "valid" subset
[2026-08-29 23:06:10,031][fairseq.logging.progress_bar][WARNING] - tensorboard not found, please install with: pip install tensorboard
[2026-08-29 23:06:12,123][valid][INFO] - {"epoch": 42, "valid_loss": "105.046", "valid_nll_loss": "6.062", "valid_total": "291.154", "valid_n_correct": "61.6154", "valid_ppl": "66.79", "valid_accuracy": "21.162", "valid_wps": "3726.5", "valid_wpb": "291.2", "valid_bsz": "18.1", "valid_num_updates": "1008", "valid_best_accuracy": "21.242"}
[2026-08-29 23:06:12,126][fairseq.checkpoint_utils][INFO] - Preparing to save checkpoint for epoch 42 @ 1008 updates
[2026-08-29 23:06:12,127][fairseq.trainer][INFO] - Saving checkpoint to checkpoints/checkpoint_last.pt
[2026-08-29 23:06:14,628][fairseq.trainer][INFO] - Finished saving checkpoint to checkpoints/checkpoint_last.pt
[2026-08-29 23:06:14,630][fairseq.checkpoint_utils][INFO] - Saved checkpoint checkpoints/checkpoint_last.pt (epoch 42 @ 1008 updates, score 21.162) (writing took 2.5036656260490417 seconds)
[2026-08-29 23:06:14,631][fairseq_cli.train][INFO] - end of epoch 42 (average epoch stats below)
[2026-08-29 23:06:14,633][train][INFO] - {"epoch": 42, "train_loss": "99.154", "train_nll_loss": "5.671", "train_total": "1209.17", "train_n_correct": "278.25", "train_ppl": "50.96", "train_accuracy": "23.012", "train_wps": "1633.5", "train_ups": "1.35", "train_wpb": "1209.2", "train_bsz": "75", "train_num_updates": "1008", "train_lr": "0.00190268", "train_gnorm": "2.553", "train_loss_scale": "128", "train_train_wall": "10", "train_gb_free": "43", "train_wall": "876"}
[2026-08-29 23:06:15,178][fairseq.logging.progress_bar][WARNING] - tensorboard not found, please install with: pip install tensorboard
[2026-08-29 23:06:15,181][fairseq.trainer][INFO] - begin training epoch 43
[2026-08-29 23:06:15,182][fairseq_cli.train][INFO] - Start iterating over samples
[2026-08-29 23:06:26,623][fairseq_cli.train][INFO] - begin validation on "valid" subset
[2026-08-29 23:06:27,195][fairseq.logging.progress_bar][WARNING] - tensorboard not found, please install with: pip install tensorboard
[2026-08-29 23:06:29,589][valid][INFO] - {"epoch": 43, "valid_loss": "105.468", "valid_nll_loss": "6.082", "valid_total": "291.154", "valid_n_correct": "62.4615", "valid_ppl": "67.74", "valid_accuracy": "21.453", "valid_wps": "2800.1", "valid_wpb": "291.2", "valid_bsz": "18.1", "valid_num_updates": "1032", "valid_best_accuracy": "21.453"}
[2026-08-29 23:06:29,597][fairseq.checkpoint_utils][INFO] - Preparing to save checkpoint for epoch 43 @ 1032 updates
[2026-08-29 23:06:29,600][fairseq.trainer][INFO] - Saving checkpoint to checkpoints/checkpoint_best.pt
[2026-08-29 23:06:32,380][fairseq.trainer][INFO] - Finished saving checkpoint to checkpoints/checkpoint_best.pt
[2026-08-29 23:06:38,261][fairseq.checkpoint_utils][INFO] - Saved checkpoint checkpoints/checkpoint_best.pt (epoch 43 @ 1032 updates, score 21.453) (writing took 8.66434947308153 seconds)
[2026-08-29 23:06:38,264][fairseq_cli.train][INFO] - end of epoch 43 (average epoch stats below)
[2026-08-29 23:06:38,267][train][INFO] - {"epoch": 43, "train_loss": "98.436", "train_nll_loss": "5.621", "train_total": "1209.17", "train_n_correct": "286.833", "train_ppl": "49.22", "train_accuracy": "23.722", "train_wps": "1227.9", "train_ups": "1.02", "train_wpb": "1209.2", "train_bsz": "75", "train_num_updates": "1032", "train_lr": "0.00186878", "train_gnorm": "2.34", "train_loss_scale": "128", "train_train_wall": "10", "train_gb_free": "42.9", "train_wall": "900"}
[2026-08-29 23:06:38,877][fairseq.logging.progress_bar][WARNING] - tensorboard not found, please install with: pip install tensorboard
[2026-08-29 23:06:38,881][fairseq.trainer][INFO] - begin training epoch 44
[2026-08-29 23:06:38,882][fairseq_cli.train][INFO] - Start iterating over samples
[2026-08-29 23:06:49,968][fairseq_cli.train][INFO] - begin validation on "valid" subset
[2026-08-29 23:06:50,540][fairseq.logging.progress_bar][WARNING] - tensorboard not found, please install with: pip install tensorboard
[2026-08-29 23:06:52,707][valid][INFO] - {"epoch": 44, "valid_loss": "104.999", "valid_nll_loss": "6.054", "valid_total": "291.154", "valid_n_correct": "62.8462", "valid_ppl": "66.44", "valid_accuracy": "21.585", "valid_wps": "3875.8", "valid_wpb": "291.2", "valid_bsz": "18.1", "valid_num_updates": "1056", "valid_best_accuracy": "21.585"}
[2026-08-29 23:06:52,715][fairseq.checkpoint_utils][INFO] - Preparing to save checkpoint for epoch 44 @ 1056 updates
[2026-08-29 23:06:52,718][fairseq.trainer][INFO] - Saving checkpoint to checkpoints/checkpoint_best.pt
[2026-08-29 23:06:55,649][fairseq.trainer][INFO] - Finished saving checkpoint to checkpoints/checkpoint_best.pt
[2026-08-29 23:07:01,134][fairseq.checkpoint_utils][INFO] - Saved checkpoint checkpoints/checkpoint_best.pt (epoch 44 @ 1056 updates, score 21.585) (writing took 8.418325542472303 seconds)
[2026-08-29 23:07:01,137][fairseq_cli.train][INFO] - end of epoch 44 (average epoch stats below)
[2026-08-29 23:07:01,139][train][INFO] - {"epoch": 44, "train_loss": "98.242", "train_nll_loss": "5.605", "train_total": "1209.17", "train_n_correct": "286.5", "train_ppl": "48.68", "train_accuracy": "23.694", "train_wps": "1268.9", "train_ups": "1.05", "train_wpb": "1209.2", "train_bsz": "75", "train_num_updates": "1056", "train_lr": "0.00183549", "train_gnorm": "2.444", "train_loss_scale": "128", "train_train_wall": "10", "train_gb_free": "42.8", "train_wall": "923"}
[2026-08-29 23:07:01,773][fairseq.logging.progress_bar][WARNING] - tensorboard not found, please install with: pip install tensorboard
[2026-08-29 23:07:01,777][fairseq.trainer][INFO] - begin training epoch 45
[2026-08-29 23:07:01,779][fairseq_cli.train][INFO] - Start iterating over samples
[2026-08-29 23:07:13,554][fairseq_cli.train][INFO] - begin validation on "valid" subset
[2026-08-29 23:07:14,131][fairseq.logging.progress_bar][WARNING] - tensorboard not found, please install with: pip install tensorboard
[2026-08-29 23:07:16,450][valid][INFO] - {"epoch": 45, "valid_loss": "105.348", "valid_nll_loss": "6.072", "valid_total": "291.154", "valid_n_correct": "64.4615", "valid_ppl": "67.29", "valid_accuracy": "22.14", "valid_wps": "3489.4", "valid_wpb": "291.2", "valid_bsz": "18.1", "valid_num_updates": "1080", "valid_best_accuracy": "22.14"}
[2026-08-29 23:07:16,454][fairseq.checkpoint_utils][INFO] - Preparing to save checkpoint for epoch 45 @ 1080 updates
[2026-08-29 23:07:16,457][fairseq.trainer][INFO] - Saving checkpoint to checkpoints/checkpoint_best.pt
[2026-08-29 23:07:19,167][fairseq.trainer][INFO] - Finished saving checkpoint to checkpoints/checkpoint_best.pt
[2026-08-29 23:07:21,973][fairseq.checkpoint_utils][INFO] - Saved checkpoint checkpoints/checkpoint_best.pt (epoch 45 @ 1080 updates, score 22.14) (writing took 5.519164772704244 seconds)
[2026-08-29 23:07:21,974][fairseq_cli.train][INFO] - end of epoch 45 (average epoch stats below)
[2026-08-29 23:07:21,977][train][INFO] - {"epoch": 45, "train_loss": "97.762", "train_nll_loss": "5.572", "train_total": "1209.17", "train_n_correct": "292.625", "train_ppl": "47.56", "train_accuracy": "24.201", "train_wps": "1392.8", "train_ups": "1.15", "train_wpb": "1209.2", "train_bsz": "75", "train_num_updates": "1080", "train_lr": "0.00180279", "train_gnorm": "2.705", "train_loss_scale": "128", "train_train_wall": "10", "train_gb_free": "42.7", "train_wall": "944"}
[2026-08-29 23:07:22,269][fairseq.logging.progress_bar][WARNING] - tensorboard not found, please install with: pip install tensorboard
[2026-08-29 23:07:22,272][fairseq.trainer][INFO] - begin training epoch 46
[2026-08-29 23:07:22,273][fairseq_cli.train][INFO] - Start iterating over samples
[2026-08-29 23:07:32,069][train_inner][INFO] - {"epoch": 46, "update": 45.833, "loss": "97.925", "nll_loss": "5.584", "total": "1198.87", "n_correct": "288.12", "ppl": "47.98", "accuracy": "24.033", "wps": "1384.7", "ups": "1.16", "wpb": "1198.9", "bsz": "74.4", "num_updates": "1100", "lr": "0.00177599", "gnorm": "2.505", "loss_scale": "128", "train_wall": "41", "gb_free": "43", "wall": "954"}
[2026-08-29 23:07:33,685][fairseq_cli.train][INFO] - begin validation on "valid" subset
[2026-08-29 23:07:34,150][fairseq.logging.progress_bar][WARNING] - tensorboard not found, please install with: pip install tensorboard
[2026-08-29 23:07:36,055][valid][INFO] - {"epoch": 46, "valid_loss": "105.059", "valid_nll_loss": "6.054", "valid_total": "291.154", "valid_n_correct": "63.5385", "valid_ppl": "66.44", "valid_accuracy": "21.823", "valid_wps": "3871", "valid_wpb": "291.2", "valid_bsz": "18.1", "valid_num_updates": "1104", "valid_best_accuracy": "22.14"}
[2026-08-29 23:07:36,059][fairseq.checkpoint_utils][INFO] - Preparing to save checkpoint for epoch 46 @ 1104 updates
[2026-08-29 23:07:36,060][fairseq.trainer][INFO] - Saving checkpoint to checkpoints/checkpoint_last.pt
[2026-08-29 23:07:38,853][fairseq.trainer][INFO] - Finished saving checkpoint to checkpoints/checkpoint_last.pt
[2026-08-29 23:07:38,859][fairseq.checkpoint_utils][INFO] - Saved checkpoint checkpoints/checkpoint_last.pt (epoch 46 @ 1104 updates, score 21.823) (writing took 2.7999838637188077 seconds)
[2026-08-29 23:07:38,860][fairseq_cli.train][INFO] - end of epoch 46 (average epoch stats below)
[2026-08-29 23:07:38,862][train][INFO] - {"epoch": 46, "train_loss": "97.472", "train_nll_loss": "5.551", "train_total": "1209.17", "train_n_correct": "294.417", "train_ppl": "46.89", "train_accuracy": "24.349", "train_wps": "1718.8", "train_ups": "1.42", "train_wpb": "1209.2", "train_bsz": "75", "train_num_updates": "1104", "train_lr": "0.00177068", "train_gnorm": "2.458", "train_loss_scale": "128", "train_train_wall": "10", "train_gb_free": "42.9", "train_wall": "960"}
[2026-08-29 23:07:39,472][fairseq.logging.progress_bar][WARNING] - tensorboard not found, please install with: pip install tensorboard
[2026-08-29 23:07:39,523][fairseq.trainer][INFO] - begin training epoch 47
[2026-08-29 23:07:39,526][fairseq_cli.train][INFO] - Start iterating over samples
[2026-08-29 23:07:50,705][fairseq_cli.train][INFO] - begin validation on "valid" subset
[2026-08-29 23:07:51,292][fairseq.logging.progress_bar][WARNING] - tensorboard not found, please install with: pip install tensorboard
[2026-08-29 23:07:53,498][valid][INFO] - {"epoch": 47, "valid_loss": "105.238", "valid_nll_loss": "6.067", "valid_total": "291.154", "valid_n_correct": "64.1538", "valid_ppl": "67.06", "valid_accuracy": "22.034", "valid_wps": "3888.5", "valid_wpb": "291.2", "valid_bsz": "18.1", "valid_num_updates": "1128", "valid_best_accuracy": "22.14"}
[2026-08-29 23:07:53,512][fairseq.checkpoint_utils][INFO] - Preparing to save checkpoint for epoch 47 @ 1128 updates
[2026-08-29 23:07:53,514][fairseq.trainer][INFO] - Saving checkpoint to checkpoints/checkpoint_last.pt
[2026-08-29 23:07:55,976][fairseq.trainer][INFO] - Finished saving checkpoint to checkpoints/checkpoint_last.pt
[2026-08-29 23:07:55,978][fairseq.checkpoint_utils][INFO] - Saved checkpoint checkpoints/checkpoint_last.pt (epoch 47 @ 1128 updates, score 22.034) (writing took 2.465719658881426 seconds)
[2026-08-29 23:07:55,979][fairseq_cli.train][INFO] - end of epoch 47 (average epoch stats below)
[2026-08-29 23:07:55,981][train][INFO] - {"epoch": 47, "train_loss": "97.053", "train_nll_loss": "5.522", "train_total": "1209.17", "train_n_correct": "299.083", "train_ppl": "45.93", "train_accuracy": "24.735", "train_wps": "1695.4", "train_ups": "1.4", "train_wpb": "1209.2", "train_bsz": "75", "train_num_updates": "1128", "train_lr": "0.00173914", "train_gnorm": "2.463", "train_loss_scale": "128", "train_train_wall": "10", "train_gb_free": "42.9", "train_wall": "978"}
[2026-08-29 23:07:56,581][fairseq.logging.progress_bar][WARNING] - tensorboard not found, please install with: pip install tensorboard
[2026-08-29 23:07:56,586][fairseq.trainer][INFO] - begin training epoch 48
[2026-08-29 23:07:56,588][fairseq_cli.train][INFO] - Start iterating over samples
[2026-08-29 23:08:08,195][fairseq_cli.train][INFO] - begin validation on "valid" subset
[2026-08-29 23:08:08,766][fairseq.logging.progress_bar][WARNING] - tensorboard not found, please install with: pip install tensorboard
[2026-08-29 23:08:10,869][valid][INFO] - {"epoch": 48, "valid_loss": "105.114", "valid_nll_loss": "6.055", "valid_total": "291.154", "valid_n_correct": "64.7692", "valid_ppl": "66.5", "valid_accuracy": "22.246", "valid_wps": "3793.8", "valid_wpb": "291.2", "valid_bsz": "18.1", "valid_num_updates": "1152", "valid_best_accuracy": "22.246"}
[2026-08-29 23:08:10,872][fairseq.checkpoint_utils][INFO] - Preparing to save checkpoint for epoch 48 @ 1152 updates
[2026-08-29 23:08:10,873][fairseq.trainer][INFO] - Saving checkpoint to checkpoints/checkpoint_best.pt
[2026-08-29 23:08:13,355][fairseq.trainer][INFO] - Finished saving checkpoint to checkpoints/checkpoint_best.pt
[2026-08-29 23:08:16,874][fairseq.checkpoint_utils][INFO] - Saved checkpoint checkpoints/checkpoint_best.pt (epoch 48 @ 1152 updates, score 22.246) (writing took 6.002311929129064 seconds)
[2026-08-29 23:08:16,877][fairseq_cli.train][INFO] - end of epoch 48 (average epoch stats below)
[2026-08-29 23:08:16,880][train][INFO] - {"epoch": 48, "train_loss": "96.839", "train_nll_loss": "5.507", "train_total": "1209.17", "train_n_correct": "298.833", "train_ppl": "45.47", "train_accuracy": "24.714", "train_wps": "1388.7", "train_ups": "1.15", "train_wpb": "1209.2", "train_bsz": "75", "train_num_updates": "1152", "train_lr": "0.00170816", "train_gnorm": "2.511", "train_loss_scale": "128", "train_train_wall": "10", "train_gb_free": "43", "train_wall": "998"}
[2026-08-29 23:08:17,510][fairseq.logging.progress_bar][WARNING] - tensorboard not found, please install with: pip install tensorboard
[2026-08-29 23:08:17,525][fairseq.trainer][INFO] - begin training epoch 49
[2026-08-29 23:08:17,526][fairseq_cli.train][INFO] - Start iterating over samples
[2026-08-29 23:08:28,862][fairseq_cli.train][INFO] - begin validation on "valid" subset
[2026-08-29 23:08:29,492][fairseq.logging.progress_bar][WARNING] - tensorboard not found, please install with: pip install tensorboard
[2026-08-29 23:08:31,681][valid][INFO] - {"epoch": 49, "valid_loss": "104.624", "valid_nll_loss": "6.022", "valid_total": "291.154", "valid_n_correct": "65.9231", "valid_ppl": "65", "valid_accuracy": "22.642", "valid_wps": "3521.1", "valid_wpb": "291.2", "valid_bsz": "18.1", "valid_num_updates": "1176", "valid_best_accuracy": "22.642"}
[2026-08-29 23:08:31,685][fairseq.checkpoint_utils][INFO] - Preparing to save checkpoint for epoch 49 @ 1176 updates
[2026-08-29 23:08:31,686][fairseq.trainer][INFO] - Saving checkpoint to checkpoints/checkpoint_best.pt
[2026-08-29 23:08:34,318][fairseq.trainer][INFO] - Finished saving checkpoint to checkpoints/checkpoint_best.pt
[2026-08-29 23:08:37,595][fairseq.checkpoint_utils][INFO] - Saved checkpoint checkpoints/checkpoint_best.pt (epoch 49 @ 1176 updates, score 22.642) (writing took 5.909667730331421 seconds)
[2026-08-29 23:08:37,596][fairseq_cli.train][INFO] - end of epoch 49 (average epoch stats below)
[2026-08-29 23:08:37,600][train][INFO] - {"epoch": 49, "train_loss": "96.538", "train_nll_loss": "5.484", "train_total": "1209.17", "train_n_correct": "304.5", "train_ppl": "44.75", "train_accuracy": "25.183", "train_wps": "1400.7", "train_ups": "1.16", "train_wpb": "1209.2", "train_bsz": "75", "train_num_updates": "1176", "train_lr": "0.00167773", "train_gnorm": "2.801", "train_loss_scale": "128", "train_train_wall": "10", "train_gb_free": "43", "train_wall": "1019"}
[2026-08-29 23:08:38,430][fairseq.logging.progress_bar][WARNING] - tensorboard not found, please install with: pip install tensorboard
[2026-08-29 23:08:38,434][fairseq.trainer][INFO] - begin training epoch 50
[2026-08-29 23:08:38,435][fairseq_cli.train][INFO] - Start iterating over samples
[2026-08-29 23:08:49,557][train_inner][INFO] - {"epoch": 50, "update": 50.0, "loss": "96.916", "nll_loss": "5.504", "total": "1213.79", "n_correct": "302.6", "ppl": "45.37", "accuracy": "24.93", "wps": "1566.5", "ups": "1.29", "wpb": "1213.8", "bsz": "75.2", "num_updates": "1200", "lr": "0.00164784", "gnorm": "2.613", "loss_scale": "128", "train_wall": "41", "gb_free": "42.7", "wall": "1031"}
[2026-08-29 23:08:49,559][fairseq_cli.train][INFO] - begin validation on "valid" subset
[2026-08-29 23:08:49,993][fairseq.logging.progress_bar][WARNING] - tensorboard not found, please install with: pip install tensorboard
[2026-08-29 23:08:52,118][valid][INFO] - {"epoch": 50, "valid_loss": "104.574", "valid_nll_loss": "6.021", "valid_total": "291.154", "valid_n_correct": "65", "valid_ppl": "64.93", "valid_accuracy": "22.325", "valid_wps": "3499.1", "valid_wpb": "291.2", "valid_bsz": "18.1", "valid_num_updates": "1200", "valid_best_accuracy": "22.642"}
[2026-08-29 23:08:52,121][fairseq.checkpoint_utils][INFO] - Preparing to save checkpoint for epoch 50 @ 1200 updates
[2026-08-29 23:08:52,123][fairseq.trainer][INFO] - Saving checkpoint to checkpoints/checkpoint_last.pt
[2026-08-29 23:08:54,616][fairseq.trainer][INFO] - Finished saving checkpoint to checkpoints/checkpoint_last.pt
[2026-08-29 23:08:54,617][fairseq.checkpoint_utils][INFO] - Saved checkpoint checkpoints/checkpoint_last.pt (epoch 50 @ 1200 updates, score 22.325) (writing took 2.4957727268338203 seconds)
[2026-08-29 23:08:54,618][fairseq_cli.train][INFO] - end of epoch 50 (average epoch stats below)
[2026-08-29 23:08:54,620][train][INFO] - {"epoch": 50, "train_loss": "95.848", "train_nll_loss": "5.436", "train_total": "1209.17", "train_n_correct": "311.875", "train_ppl": "43.3", "train_accuracy": "25.793", "train_wps": "1706.3", "train_ups": "1.41", "train_wpb": "1209.2", "train_bsz": "75", "train_num_updates": "1200", "train_lr": "0.00164784", "train_gnorm": "2.693", "train_loss_scale": "128", "train_train_wall": "10", "train_gb_free": "42.7", "train_wall": "1036"}
[2026-08-29 23:08:55,326][fairseq.logging.progress_bar][WARNING] - tensorboard not found, please install with: pip install tensorboard
[2026-08-29 23:08:55,329][fairseq.trainer][INFO] - begin training epoch 51
[2026-08-29 23:08:55,331][fairseq_cli.train][INFO] - Start iterating over samples
[2026-08-29 23:09:06,586][fairseq_cli.train][INFO] - begin validation on "valid" subset
[2026-08-29 23:09:07,325][fairseq.logging.progress_bar][WARNING] - tensorboard not found, please install with: pip install tensorboard
[2026-08-29 23:09:09,538][valid][INFO] - {"epoch": 51, "valid_loss": "104.808", "valid_nll_loss": "6.035", "valid_total": "291.154", "valid_n_correct": "66.6154", "valid_ppl": "65.59", "valid_accuracy": "22.88", "valid_wps": "3839.1", "valid_wpb": "291.2", "valid_bsz": "18.1", "valid_num_updates": "1224", "valid_best_accuracy": "22.88"}
[2026-08-29 23:09:09,543][fairseq.checkpoint_utils][INFO] - Preparing to save checkpoint for epoch 51 @ 1224 updates
[2026-08-29 23:09:09,545][fairseq.trainer][INFO] - Saving checkpoint to checkpoints/checkpoint_best.pt
[2026-08-29 23:09:12,078][fairseq.trainer][INFO] - Finished saving checkpoint to checkpoints/checkpoint_best.pt
[2026-08-29 23:09:16,292][fairseq.checkpoint_utils][INFO] - Saved checkpoint checkpoints/checkpoint_best.pt (epoch 51 @ 1224 updates, score 22.88) (writing took 6.749023973941803 seconds)
[2026-08-29 23:09:16,296][fairseq_cli.train][INFO] - end of epoch 51 (average epoch stats below)
[2026-08-29 23:09:16,299][train][INFO] - {"epoch": 51, "train_loss": "95.908", "train_nll_loss": "5.44", "train_total": "1209.17", "train_n_correct": "308.292", "train_ppl": "43.41", "train_accuracy": "25.496", "train_wps": "1338.8", "train_ups": "1.11", "train_wpb": "1209.2", "train_bsz": "75", "train_num_updates": "1224", "train_lr": "0.00161849", "train_gnorm": "2.509", "train_loss_scale": "128", "train_train_wall": "10", "train_gb_free": "42.7", "train_wall": "1058"}
[2026-08-29 23:09:16,840][fairseq.logging.progress_bar][WARNING] - tensorboard not found, please install with: pip install tensorboard
[2026-08-29 23:09:16,844][fairseq.trainer][INFO] - begin training epoch 52
[2026-08-29 23:09:16,845][fairseq_cli.train][INFO] - Start iterating over samples
[2026-08-29 23:09:28,302][fairseq_cli.train][INFO] - begin validation on "valid" subset
[2026-08-29 23:09:28,864][fairseq.logging.progress_bar][WARNING] - tensorboard not found, please install with: pip install tensorboard
[2026-08-29 23:09:31,349][valid][INFO] - {"epoch": 52, "valid_loss": "105.575", "valid_nll_loss": "6.083", "valid_total": "291.154", "valid_n_correct": "66.8462", "valid_ppl": "67.78", "valid_accuracy": "22.959", "valid_wps": "3394.6", "valid_wpb": "291.2", "valid_bsz": "18.1", "valid_num_updates": "1248", "valid_best_accuracy": "22.959"}
[2026-08-29 23:09:31,353][fairseq.checkpoint_utils][INFO] - Preparing to save checkpoint for epoch 52 @ 1248 updates
[2026-08-29 23:09:31,354][fairseq.trainer][INFO] - Saving checkpoint to checkpoints/checkpoint_best.pt
[2026-08-29 23:09:34,129][fairseq.trainer][INFO] - Finished saving checkpoint to checkpoints/checkpoint_best.pt
[2026-08-29 23:09:38,511][fairseq.checkpoint_utils][INFO] - Saved checkpoint checkpoints/checkpoint_best.pt (epoch 52 @ 1248 updates, score 22.959) (writing took 7.158123193308711 seconds)
[2026-08-29 23:09:38,513][fairseq_cli.train][INFO] - end of epoch 52 (average epoch stats below)
[2026-08-29 23:09:38,517][train][INFO] - {"epoch": 52, "train_loss": "95.333", "train_nll_loss": "5.399", "train_total": "1209.17", "train_n_correct": "316.542", "train_ppl": "42.18", "train_accuracy": "26.178", "train_wps": "1306.8", "train_ups": "1.08", "train_wpb": "1209.2", "train_bsz": "75", "train_num_updates": "1248", "train_lr": "0.00158966", "train_gnorm": "2.594", "train_loss_scale": "128", "train_train_wall": "10", "train_gb_free": "42.7", "train_wall": "1080"}
[2026-08-29 23:09:39,129][fairseq.logging.progress_bar][WARNING] - tensorboard not found, please install with: pip install tensorboard
[2026-08-29 23:09:39,134][fairseq.trainer][INFO] - begin training epoch 53
[2026-08-29 23:09:39,135][fairseq_cli.train][INFO] - Start iterating over samples
[2026-08-29 23:09:50,386][fairseq_cli.train][INFO] - begin validation on "valid" subset
[2026-08-29 23:09:50,642][fairseq.logging.progress_bar][WARNING] - tensorboard not found, please install with: pip install tensorboard
[2026-08-29 23:09:52,945][valid][INFO] - {"epoch": 53, "valid_loss": "104.479", "valid_nll_loss": "6.012", "valid_total": "291.154", "valid_n_correct": "67.3846", "valid_ppl": "64.55", "valid_accuracy": "23.144", "valid_wps": "4224.4", "valid_wpb": "291.2", "valid_bsz": "18.1", "valid_num_updates": "1272", "valid_best_accuracy": "23.144"}
[2026-08-29 23:09:52,948][fairseq.checkpoint_utils][INFO] - Preparing to save checkpoint for epoch 53 @ 1272 updates
[2026-08-29 23:09:52,949][fairseq.trainer][INFO] - Saving checkpoint to checkpoints/checkpoint_best.pt
[2026-08-29 23:09:55,546][fairseq.trainer][INFO] - Finished saving checkpoint to checkpoints/checkpoint_best.pt
[2026-08-29 23:10:00,755][fairseq.checkpoint_utils][INFO] - Saved checkpoint checkpoints/checkpoint_best.pt (epoch 53 @ 1272 updates, score 23.144) (writing took 7.80626031383872 seconds)
[2026-08-29 23:10:00,757][fairseq_cli.train][INFO] - end of epoch 53 (average epoch stats below)
[2026-08-29 23:10:00,760][train][INFO] - {"epoch": 53, "train_loss": "95.334", "train_nll_loss": "5.399", "train_total": "1209.17", "train_n_correct": "318.958", "train_ppl": "42.2", "train_accuracy": "26.378", "train_wps": "1304.8", "train_ups": "1.08", "train_wpb": "1209.2", "train_bsz": "75", "train_num_updates": "1272", "train_lr": "0.00156134", "train_gnorm": "2.581", "train_loss_scale": "128", "train_train_wall": "10", "train_gb_free": "42.9", "train_wall": "1102"}
[2026-08-29 23:10:01,410][fairseq.logging.progress_bar][WARNING] - tensorboard not found, please install with: pip install tensorboard
[2026-08-29 23:10:01,423][fairseq.trainer][INFO] - begin training epoch 54
[2026-08-29 23:10:01,425][fairseq_cli.train][INFO] - Start iterating over samples
[2026-08-29 23:10:12,517][fairseq_cli.train][INFO] - begin validation on "valid" subset
[2026-08-29 23:10:13,110][fairseq.logging.progress_bar][WARNING] - tensorboard not found, please install with: pip install tensorboard
[2026-08-29 23:10:15,244][valid][INFO] - {"epoch": 54, "valid_loss": "104.846", "valid_nll_loss": "6.033", "valid_total": "291.154", "valid_n_correct": "68", "valid_ppl": "65.48", "valid_accuracy": "23.355", "valid_wps": "4126.3", "valid_wpb": "291.2", "valid_bsz": "18.1", "valid_num_updates": "1296", "valid_best_accuracy": "23.355"}
[2026-08-29 23:10:15,248][fairseq.checkpoint_utils][INFO] - Preparing to save checkpoint for epoch 54 @ 1296 updates
[2026-08-29 23:10:15,249][fairseq.trainer][INFO] - Saving checkpoint to checkpoints/checkpoint_best.pt
[2026-08-29 23:10:17,918][fairseq.trainer][INFO] - Finished saving checkpoint to checkpoints/checkpoint_best.pt
[2026-08-29 23:10:21,478][fairseq.checkpoint_utils][INFO] - Saved checkpoint checkpoints/checkpoint_best.pt (epoch 54 @ 1296 updates, score 23.355) (writing took 6.229710097424686 seconds)
[2026-08-29 23:10:21,482][fairseq_cli.train][INFO] - end of epoch 54 (average epoch stats below)
[2026-08-29 23:10:21,485][train][INFO] - {"epoch": 54, "train_loss": "94.9", "train_nll_loss": "5.368", "train_total": "1209.17", "train_n_correct": "317.792", "train_ppl": "41.31", "train_accuracy": "26.282", "train_wps": "1400.5", "train_ups": "1.16", "train_wpb": "1209.2", "train_bsz": "75", "train_num_updates": "1296", "train_lr": "0.00153352", "train_gnorm": "2.583", "train_loss_scale": "128", "train_train_wall": "10", "train_gb_free": "42.7", "train_wall": "1123"}
[2026-08-29 23:10:21,910][fairseq.logging.progress_bar][WARNING] - tensorboard not found, please install with: pip install tensorboard
[2026-08-29 23:10:21,921][fairseq.trainer][INFO] - begin training epoch 55
[2026-08-29 23:10:21,922][fairseq_cli.train][INFO] - Start iterating over samples
[2026-08-29 23:10:24,937][train_inner][INFO] - {"epoch": 55, "update": 54.167, "loss": "95.361", "nll_loss": "5.4", "total": "1206.04", "n_correct": "314.87", "ppl": "42.21", "accuracy": "26.108", "wps": "1264.5", "ups": "1.05", "wpb": "1206", "bsz": "74.8", "num_updates": "1300", "lr": "0.00152894", "gnorm": "2.566", "loss_scale": "128", "train_wall": "41", "gb_free": "42.7", "wall": "1127"}
[2026-08-29 23:10:33,037][fairseq_cli.train][INFO] - begin validation on "valid" subset
[2026-08-29 23:10:33,727][fairseq.logging.progress_bar][WARNING] - tensorboard not found, please install with: pip install tensorboard
[2026-08-29 23:10:35,910][valid][INFO] - {"epoch": 55, "valid_loss": "104.523", "valid_nll_loss": "6.01", "valid_total": "291.154", "valid_n_correct": "67.6923", "valid_ppl": "64.46", "valid_accuracy": "23.25", "valid_wps": "3796.7", "valid_wpb": "291.2", "valid_bsz": "18.1", "valid_num_updates": "1320", "valid_best_accuracy": "23.355"}
[2026-08-29 23:10:35,914][fairseq.checkpoint_utils][INFO] - Preparing to save checkpoint for epoch 55 @ 1320 updates
[2026-08-29 23:10:35,914][fairseq.trainer][INFO] - Saving checkpoint to checkpoints/checkpoint_last.pt
[2026-08-29 23:10:38,125][fairseq.trainer][INFO] - Finished saving checkpoint to checkpoints/checkpoint_last.pt
[2026-08-29 23:10:38,134][fairseq.checkpoint_utils][INFO] - Saved checkpoint checkpoints/checkpoint_last.pt (epoch 55 @ 1320 updates, score 23.25) (writing took 2.2204552544280887 seconds)
[2026-08-29 23:10:38,135][fairseq_cli.train][INFO] - end of epoch 55 (average epoch stats below)
[2026-08-29 23:10:38,137][train][INFO] - {"epoch": 55, "train_loss": "94.707", "train_nll_loss": "5.355", "train_total": "1209.17", "train_n_correct": "322.375", "train_ppl": "40.92", "train_accuracy": "26.661", "train_wps": "1742.9", "train_ups": "1.44", "train_wpb": "1209.2", "train_bsz": "75", "train_num_updates": "1320", "train_lr": "0.00150621", "train_gnorm": "2.638", "train_loss_scale": "128", "train_train_wall": "10", "train_gb_free": "42.7", "train_wall": "1140"}
[2026-08-29 23:10:38,326][fairseq.logging.progress_bar][WARNING] - tensorboard not found, please install with: pip install tensorboard
[2026-08-29 23:10:38,328][fairseq.trainer][INFO] - begin training epoch 56
[2026-08-29 23:10:38,329][fairseq_cli.train][INFO] - Start iterating over samples
[2026-08-29 23:10:49,666][fairseq_cli.train][INFO] - begin validation on "valid" subset
[2026-08-29 23:10:50,244][fairseq.logging.progress_bar][WARNING] - tensorboard not found, please install with: pip install tensorboard
[2026-08-29 23:10:52,327][valid][INFO] - {"epoch": 56, "valid_loss": "104.31", "valid_nll_loss": "5.997", "valid_total": "291.154", "valid_n_correct": "68.2308", "valid_ppl": "63.86", "valid_accuracy": "23.435", "valid_wps": "3771.7", "valid_wpb": "291.2", "valid_bsz": "18.1", "valid_num_updates": "1344", "valid_best_accuracy": "23.435"}
[2026-08-29 23:10:52,332][fairseq.checkpoint_utils][INFO] - Preparing to save checkpoint for epoch 56 @ 1344 updates
[2026-08-29 23:10:52,334][fairseq.trainer][INFO] - Saving checkpoint to checkpoints/checkpoint_best.pt
[2026-08-29 23:10:54,944][fairseq.trainer][INFO] - Finished saving checkpoint to checkpoints/checkpoint_best.pt
[2026-08-29 23:10:59,321][fairseq.checkpoint_utils][INFO] - Saved checkpoint checkpoints/checkpoint_best.pt (epoch 56 @ 1344 updates, score 23.435) (writing took 6.98891241941601 seconds)
[2026-08-29 23:10:59,323][fairseq_cli.train][INFO] - end of epoch 56 (average epoch stats below)
[2026-08-29 23:10:59,325][train][INFO] - {"epoch": 56, "train_loss": "94.378", "train_nll_loss": "5.331", "train_total": "1209.17", "train_n_correct": "322.125", "train_ppl": "40.25", "train_accuracy": "26.64", "train_wps": "1369.7", "train_ups": "1.13", "train_wpb": "1209.2", "train_bsz": "75", "train_num_updates": "1344", "train_lr": "0.00147937", "train_gnorm": "2.729", "train_loss_scale": "128", "train_train_wall": "10", "train_gb_free": "42.9", "train_wall": "1161"}
[2026-08-29 23:10:59,599][fairseq.logging.progress_bar][WARNING] - tensorboard not found, please install with: pip install tensorboard
[2026-08-29 23:10:59,621][fairseq.trainer][INFO] - begin training epoch 57
[2026-08-29 23:10:59,622][fairseq_cli.train][INFO] - Start iterating over samples
[2026-08-29 23:11:10,852][fairseq_cli.train][INFO] - begin validation on "valid" subset
[2026-08-29 23:11:11,530][fairseq.logging.progress_bar][WARNING] - tensorboard not found, please install with: pip install tensorboard
[2026-08-29 23:11:13,984][valid][INFO] - {"epoch": 57, "valid_loss": "105.046", "valid_nll_loss": "6.041", "valid_total": "291.154", "valid_n_correct": "69.0769", "valid_ppl": "65.86", "valid_accuracy": "23.725", "valid_wps": "3205.7", "valid_wpb": "291.2", "valid_bsz": "18.1", "valid_num_updates": "1368", "valid_best_accuracy": "23.725"}
[2026-08-29 23:11:13,989][fairseq.checkpoint_utils][INFO] - Preparing to save checkpoint for epoch 57 @ 1368 updates
[2026-08-29 23:11:13,991][fairseq.trainer][INFO] - Saving checkpoint to checkpoints/checkpoint_best.pt
[2026-08-29 23:11:16,733][fairseq.trainer][INFO] - Finished saving checkpoint to checkpoints/checkpoint_best.pt
[2026-08-29 23:11:21,063][fairseq.checkpoint_utils][INFO] - Saved checkpoint checkpoints/checkpoint_best.pt (epoch 57 @ 1368 updates, score 23.725) (writing took 7.074266109615564 seconds)
[2026-08-29 23:11:21,067][fairseq_cli.train][INFO] - end of epoch 57 (average epoch stats below)
[2026-08-29 23:11:21,071][train][INFO] - {"epoch": 57, "train_loss": "94.03", "train_nll_loss": "5.306", "train_total": "1209.17", "train_n_correct": "326.917", "train_ppl": "39.56", "train_accuracy": "27.037", "train_wps": "1334.6", "train_ups": "1.1", "train_wpb": "1209.2", "train_bsz": "75", "train_num_updates": "1368", "train_lr": "0.00145302", "train_gnorm": "2.673", "train_loss_scale": "128", "train_train_wall": "10", "train_gb_free": "42.7", "train_wall": "1183"}
[2026-08-29 23:11:21,695][fairseq.logging.progress_bar][WARNING] - tensorboard not found, please install with: pip install tensorboard
[2026-08-29 23:11:21,701][fairseq.trainer][INFO] - begin training epoch 58
[2026-08-29 23:11:21,709][fairseq_cli.train][INFO] - Start iterating over samples
[2026-08-29 23:11:33,126][fairseq_cli.train][INFO] - begin validation on "valid" subset
[2026-08-29 23:11:33,699][fairseq.logging.progress_bar][WARNING] - tensorboard not found, please install with: pip install tensorboard
[2026-08-29 23:11:35,865][valid][INFO] - {"epoch": 58, "valid_loss": "104.268", "valid_nll_loss": "5.992", "valid_total": "291.154", "valid_n_correct": "69.3846", "valid_ppl": "63.67", "valid_accuracy": "23.831", "valid_wps": "4242.9", "valid_wpb": "291.2", "valid_bsz": "18.1", "valid_num_updates": "1392", "valid_best_accuracy": "23.831"}
[2026-08-29 23:11:35,867][fairseq.checkpoint_utils][INFO] - Preparing to save checkpoint for epoch 58 @ 1392 updates
[2026-08-29 23:11:35,869][fairseq.trainer][INFO] - Saving checkpoint to checkpoints/checkpoint_best.pt
[2026-08-29 23:11:38,366][fairseq.trainer][INFO] - Finished saving checkpoint to checkpoints/checkpoint_best.pt
[2026-08-29 23:11:41,451][fairseq.checkpoint_utils][INFO] - Saved checkpoint checkpoints/checkpoint_best.pt (epoch 58 @ 1392 updates, score 23.831) (writing took 5.583321618847549 seconds)
[2026-08-29 23:11:41,452][fairseq_cli.train][INFO] - end of epoch 58 (average epoch stats below)
[2026-08-29 23:11:41,454][train][INFO] - {"epoch": 58, "train_loss": "93.867", "train_nll_loss": "5.294", "train_total": "1209.17", "train_n_correct": "331.208", "train_ppl": "39.24", "train_accuracy": "27.391", "train_wps": "1423.9", "train_ups": "1.18", "train_wpb": "1209.2", "train_bsz": "75", "train_num_updates": "1392", "train_lr": "0.00142714", "train_gnorm": "2.72", "train_loss_scale": "128", "train_train_wall": "10", "train_gb_free": "42.7", "train_wall": "1203"}
[2026-08-29 23:11:42,056][fairseq.logging.progress_bar][WARNING] - tensorboard not found, please install with: pip install tensorboard
[2026-08-29 23:11:42,124][fairseq.trainer][INFO] - begin training epoch 59
[2026-08-29 23:11:42,126][fairseq_cli.train][INFO] - Start iterating over samples
[2026-08-29 23:11:47,342][train_inner][INFO] - {"epoch": 59, "update": 58.333, "loss": "94.184", "nll_loss": "5.314", "total": "1213.05", "n_correct": "327.4", "ppl": "39.79", "accuracy": "26.99", "wps": "1472.1", "ups": "1.21", "wpb": "1213", "bsz": "75.2", "num_updates": "1400", "lr": "0.00141861", "gnorm": "2.682", "loss_scale": "128", "train_wall": "41", "gb_free": "43", "wall": "1209"}
[2026-08-29 23:11:53,967][fairseq_cli.train][INFO] - begin validation on "valid" subset
[2026-08-29 23:11:54,836][fairseq.logging.progress_bar][WARNING] - tensorboard not found, please install with: pip install tensorboard
[2026-08-29 23:11:57,003][valid][INFO] - {"epoch": 59, "valid_loss": "104.369", "valid_nll_loss": "5.996", "valid_total": "291.154", "valid_n_correct": "69.8462", "valid_ppl": "63.8", "valid_accuracy": "23.989", "valid_wps": "4383.2", "valid_wpb": "291.2", "valid_bsz": "18.1", "valid_num_updates": "1416", "valid_best_accuracy": "23.989"}
[2026-08-29 23:11:57,012][fairseq.checkpoint_utils][INFO] - Preparing to save checkpoint for epoch 59 @ 1416 updates
[2026-08-29 23:11:57,013][fairseq.trainer][INFO] - Saving checkpoint to checkpoints/checkpoint_best.pt
[2026-08-29 23:11:59,444][fairseq.trainer][INFO] - Finished saving checkpoint to checkpoints/checkpoint_best.pt
[2026-08-29 23:12:04,110][fairseq.checkpoint_utils][INFO] - Saved checkpoint checkpoints/checkpoint_best.pt (epoch 59 @ 1416 updates, score 23.989) (writing took 7.097899414598942 seconds)
[2026-08-29 23:12:04,113][fairseq_cli.train][INFO] - end of epoch 59 (average epoch stats below)
[2026-08-29 23:12:04,117][train][INFO] - {"epoch": 59, "train_loss": "93.594", "train_nll_loss": "5.276", "train_total": "1209.17", "train_n_correct": "332.208", "train_ppl": "38.74", "train_accuracy": "27.474", "train_wps": "1280.6", "train_ups": "1.06", "train_wpb": "1209.2", "train_bsz": "75", "train_num_updates": "1416", "train_lr": "0.00140171", "train_gnorm": "2.605", "train_loss_scale": "128", "train_train_wall": "10", "train_gb_free": "42.9", "train_wall": "1226"}
[2026-08-29 23:12:04,678][fairseq.logging.progress_bar][WARNING] - tensorboard not found, please install with: pip install tensorboard
[2026-08-29 23:12:04,683][fairseq.trainer][INFO] - begin training epoch 60
[2026-08-29 23:12:04,685][fairseq_cli.train][INFO] - Start iterating over samples
[2026-08-29 23:12:16,028][fairseq_cli.train][INFO] - begin validation on "valid" subset
[2026-08-29 23:12:16,637][fairseq.logging.progress_bar][WARNING] - tensorboard not found, please install with: pip install tensorboard
[2026-08-29 23:12:18,964][valid][INFO] - {"epoch": 60, "valid_loss": "104.629", "valid_nll_loss": "6.016", "valid_total": "291.154", "valid_n_correct": "69.0769", "valid_ppl": "64.69", "valid_accuracy": "23.725", "valid_wps": "3188.8", "valid_wpb": "291.2", "valid_bsz": "18.1", "valid_num_updates": "1440", "valid_best_accuracy": "23.989"}
[2026-08-29 23:12:18,968][fairseq.checkpoint_utils][INFO] - Preparing to save checkpoint for epoch 60 @ 1440 updates
[2026-08-29 23:12:18,971][fairseq.trainer][INFO] - Saving checkpoint to checkpoints/checkpoint_last.pt
[2026-08-29 23:12:21,716][fairseq.trainer][INFO] - Finished saving checkpoint to checkpoints/checkpoint_last.pt
[2026-08-29 23:12:21,718][fairseq.checkpoint_utils][INFO] - Saved checkpoint checkpoints/checkpoint_last.pt (epoch 60 @ 1440 updates, score 23.725) (writing took 2.7492100270465016 seconds)
[2026-08-29 23:12:21,719][fairseq_cli.train][INFO] - end of epoch 60 (average epoch stats below)
[2026-08-29 23:12:21,721][train][INFO] - {"epoch": 60, "train_loss": "93.435", "train_nll_loss": "5.264", "train_total": "1209.17", "train_n_correct": "333.875", "train_ppl": "38.43", "train_accuracy": "27.612", "train_wps": "1648.7", "train_ups": "1.36", "train_wpb": "1209.2", "train_bsz": "75", "train_num_updates": "1440", "train_lr": "0.00137674", "train_gnorm": "2.631", "train_loss_scale": "128", "train_train_wall": "10", "train_gb_free": "42.7", "train_wall": "1243"}
[2026-08-29 23:12:22,379][fairseq.logging.progress_bar][WARNING] - tensorboard not found, please install with: pip install tensorboard
[2026-08-29 23:12:22,381][fairseq.trainer][INFO] - begin training epoch 61
[2026-08-29 23:12:22,382][fairseq_cli.train][INFO] - Start iterating over samples
[2026-08-29 23:12:33,708][fairseq_cli.train][INFO] - begin validation on "valid" subset
[2026-08-29 23:12:34,183][fairseq.logging.progress_bar][WARNING] - tensorboard not found, please install with: pip install tensorboard
[2026-08-29 23:12:36,220][valid][INFO] - {"epoch": 61, "valid_loss": "104.587", "valid_nll_loss": "6.009", "valid_total": "291.154", "valid_n_correct": "70.7692", "valid_ppl": "64.4", "valid_accuracy": "24.306", "valid_wps": "4237.3", "valid_wpb": "291.2", "valid_bsz": "18.1", "valid_num_updates": "1464", "valid_best_accuracy": "24.306"}
[2026-08-29 23:12:36,223][fairseq.checkpoint_utils][INFO] - Preparing to save checkpoint for epoch 61 @ 1464 updates
[2026-08-29 23:12:36,224][fairseq.trainer][INFO] - Saving checkpoint to checkpoints/checkpoint_best.pt
[2026-08-29 23:12:38,838][fairseq.trainer][INFO] - Finished saving checkpoint to checkpoints/checkpoint_best.pt
[2026-08-29 23:12:41,751][fairseq.checkpoint_utils][INFO] - Saved checkpoint checkpoints/checkpoint_best.pt (epoch 61 @ 1464 updates, score 24.306) (writing took 5.527885138988495 seconds)
[2026-08-29 23:12:41,753][fairseq_cli.train][INFO] - end of epoch 61 (average epoch stats below)
[2026-08-29 23:12:41,757][train][INFO] - {"epoch": 61, "train_loss": "93.141", "train_nll_loss": "5.243", "train_total": "1209.17", "train_n_correct": "333.708", "train_ppl": "37.88", "train_accuracy": "27.598", "train_wps": "1448.5", "train_ups": "1.2", "train_wpb": "1209.2", "train_bsz": "75", "train_num_updates": "1464", "train_lr": "0.00135222", "train_gnorm": "2.588", "train_loss_scale": "128", "train_train_wall": "10", "train_gb_free": "42.9", "train_wall": "1263"}
[2026-08-29 23:12:42,356][fairseq.logging.progress_bar][WARNING] - tensorboard not found, please install with: pip install tensorboard
[2026-08-29 23:12:42,361][fairseq.trainer][INFO] - begin training epoch 62
[2026-08-29 23:12:42,363][fairseq_cli.train][INFO] - Start iterating over samples
[2026-08-29 23:12:53,312][fairseq_cli.train][INFO] - begin validation on "valid" subset
[2026-08-29 23:12:53,824][fairseq.logging.progress_bar][WARNING] - tensorboard not found, please install with: pip install tensorboard
[2026-08-29 23:12:55,958][valid][INFO] - {"epoch": 62, "valid_loss": "105.009", "valid_nll_loss": "6.035", "valid_total": "291.154", "valid_n_correct": "71.6923", "valid_ppl": "65.56", "valid_accuracy": "24.624", "valid_wps": "3455", "valid_wpb": "291.2", "valid_bsz": "18.1", "valid_num_updates": "1488", "valid_best_accuracy": "24.624"}
[2026-08-29 23:12:55,961][fairseq.checkpoint_utils][INFO] - Preparing to save checkpoint for epoch 62 @ 1488 updates
[2026-08-29 23:12:55,963][fairseq.trainer][INFO] - Saving checkpoint to checkpoints/checkpoint_best.pt
[2026-08-29 23:12:58,545][fairseq.trainer][INFO] - Finished saving checkpoint to checkpoints/checkpoint_best.pt
[2026-08-29 23:13:02,948][fairseq.checkpoint_utils][INFO] - Saved checkpoint checkpoints/checkpoint_best.pt (epoch 62 @ 1488 updates, score 24.624) (writing took 6.986037426628172 seconds)
[2026-08-29 23:13:02,949][fairseq_cli.train][INFO] - end of epoch 62 (average epoch stats below)
[2026-08-29 23:13:02,953][train][INFO] - {"epoch": 62, "train_loss": "92.703", "train_nll_loss": "5.212", "train_total": "1209.17", "train_n_correct": "342.292", "train_ppl": "37.06", "train_accuracy": "28.308", "train_wps": "1369.3", "train_ups": "1.13", "train_wpb": "1209.2", "train_bsz": "75", "train_num_updates": "1488", "train_lr": "0.00132813", "train_gnorm": "2.638", "train_loss_scale": "128", "train_train_wall": "10", "train_gb_free": "42.9", "train_wall": "1285"}
[2026-08-29 23:13:03,630][fairseq.logging.progress_bar][WARNING] - tensorboard not found, please install with: pip install tensorboard
[2026-08-29 23:13:03,633][fairseq.trainer][INFO] - begin training epoch 63
[2026-08-29 23:13:03,634][fairseq_cli.train][INFO] - Start iterating over samples
[2026-08-29 23:13:09,795][train_inner][INFO] - {"epoch": 63, "update": 62.5, "loss": "93.125", "nll_loss": "5.233", "total": "1204.27", "n_correct": "336.93", "ppl": "37.6", "accuracy": "27.978", "wps": "1460.6", "ups": "1.21", "wpb": "1204.3", "bsz": "74.6", "num_updates": "1500", "lr": "0.00131625", "gnorm": "2.631", "loss_scale": "128", "train_wall": "41", "gb_free": "42.8", "wall": "1291"}
[2026-08-29 23:13:14,658][fairseq_cli.train][INFO] - begin validation on "valid" subset
[2026-08-29 23:13:15,277][fairseq.logging.progress_bar][WARNING] - tensorboard not found, please install with: pip install tensorboard
[2026-08-29 23:13:17,317][valid][INFO] - {"epoch": 63, "valid_loss": "104.525", "valid_nll_loss": "6.008", "valid_total": "291.154", "valid_n_correct": "70.0769", "valid_ppl": "64.34", "valid_accuracy": "24.069", "valid_wps": "4369.8", "valid_wpb": "291.2", "valid_bsz": "18.1", "valid_num_updates": "1512", "valid_best_accuracy": "24.624"}
[2026-08-29 23:13:17,320][fairseq.checkpoint_utils][INFO] - Preparing to save checkpoint for epoch 63 @ 1512 updates
[2026-08-29 23:13:17,321][fairseq.trainer][INFO] - Saving checkpoint to checkpoints/checkpoint_last.pt
[2026-08-29 23:13:19,899][fairseq.trainer][INFO] - Finished saving checkpoint to checkpoints/checkpoint_last.pt
[2026-08-29 23:13:19,910][fairseq.checkpoint_utils][INFO] - Saved checkpoint checkpoints/checkpoint_last.pt (epoch 63 @ 1512 updates, score 24.069) (writing took 2.589713635854423 seconds)
[2026-08-29 23:13:19,912][fairseq_cli.train][INFO] - end of epoch 63 (average epoch stats below)
[2026-08-29 23:13:19,913][train][INFO] - {"epoch": 63, "train_loss": "92.457", "train_nll_loss": "5.194", "train_total": "1209.17", "train_n_correct": "345.917", "train_ppl": "36.6", "train_accuracy": "28.608", "train_wps": "1711.2", "train_ups": "1.42", "train_wpb": "1209.2", "train_bsz": "75", "train_num_updates": "1512", "train_lr": "0.00130447", "train_gnorm": "2.669", "train_loss_scale": "128", "train_train_wall": "10", "train_gb_free": "42.8", "train_wall": "1302"}
[2026-08-29 23:13:20,509][fairseq.logging.progress_bar][WARNING] - tensorboard not found, please install with: pip install tensorboard
[2026-08-29 23:13:20,512][fairseq.trainer][INFO] - begin training epoch 64
[2026-08-29 23:13:20,513][fairseq_cli.train][INFO] - Start iterating over samples
[2026-08-29 23:13:31,605][fairseq_cli.train][INFO] - begin validation on "valid" subset
[2026-08-29 23:13:32,241][fairseq.logging.progress_bar][WARNING] - tensorboard not found, please install with: pip install tensorboard
[2026-08-29 23:13:34,352][valid][INFO] - {"epoch": 64, "valid_loss": "104.496", "valid_nll_loss": "6.004", "valid_total": "291.154", "valid_n_correct": "70.2308", "valid_ppl": "64.17", "valid_accuracy": "24.122", "valid_wps": "3620.8", "valid_wpb": "291.2", "valid_bsz": "18.1", "valid_num_updates": "1536", "valid_best_accuracy": "24.624"}
[2026-08-29 23:13:34,357][fairseq.checkpoint_utils][INFO] - Preparing to save checkpoint for epoch 64 @ 1536 updates
[2026-08-29 23:13:34,358][fairseq.trainer][INFO] - Saving checkpoint to checkpoints/checkpoint_last.pt
[2026-08-29 23:13:37,251][fairseq.trainer][INFO] - Finished saving checkpoint to checkpoints/checkpoint_last.pt
[2026-08-29 23:13:37,253][fairseq.checkpoint_utils][INFO] - Saved checkpoint checkpoints/checkpoint_last.pt (epoch 64 @ 1536 updates, score 24.122) (writing took 2.896832990460098 seconds)
[2026-08-29 23:13:37,255][fairseq_cli.train][INFO] - end of epoch 64 (average epoch stats below)
[2026-08-29 23:13:37,257][train][INFO] - {"epoch": 64, "train_loss": "92.439", "train_nll_loss": "5.193", "train_total": "1209.17", "train_n_correct": "344.042", "train_ppl": "36.58", "train_accuracy": "28.453", "train_wps": "1673.3", "train_ups": "1.38", "train_wpb": "1209.2", "train_bsz": "75", "train_num_updates": "1536", "train_lr": "0.00128123", "train_gnorm": "2.587", "train_loss_scale": "128", "train_train_wall": "10", "train_gb_free": "42.8", "train_wall": "1319"}
[2026-08-29 23:13:37,929][fairseq.logging.progress_bar][WARNING] - tensorboard not found, please install with: pip install tensorboard
[2026-08-29 23:13:37,933][fairseq.trainer][INFO] - begin training epoch 65
[2026-08-29 23:13:37,935][fairseq_cli.train][INFO] - Start iterating over samples
[2026-08-29 23:13:49,054][fairseq_cli.train][INFO] - begin validation on "valid" subset
[2026-08-29 23:13:49,732][fairseq.logging.progress_bar][WARNING] - tensorboard not found, please install with: pip install tensorboard
[2026-08-29 23:13:51,822][valid][INFO] - {"epoch": 65, "valid_loss": "104.46", "valid_nll_loss": "6", "valid_total": "291.154", "valid_n_correct": "71.3077", "valid_ppl": "64.02", "valid_accuracy": "24.491", "valid_wps": "4332.2", "valid_wpb": "291.2", "valid_bsz": "18.1", "valid_num_updates": "1560", "valid_best_accuracy": "24.624"}
[2026-08-29 23:13:51,825][fairseq.checkpoint_utils][INFO] - Preparing to save checkpoint for epoch 65 @ 1560 updates
[2026-08-29 23:13:51,826][fairseq.trainer][INFO] - Saving checkpoint to checkpoints/checkpoint_last.pt
[2026-08-29 23:13:54,444][fairseq.trainer][INFO] - Finished saving checkpoint to checkpoints/checkpoint_last.pt
[2026-08-29 23:13:54,452][fairseq.checkpoint_utils][INFO] - Saved checkpoint checkpoints/checkpoint_last.pt (epoch 65 @ 1560 updates, score 24.491) (writing took 2.6277972301468253 seconds)
[2026-08-29 23:13:54,454][fairseq_cli.train][INFO] - end of epoch 65 (average epoch stats below)
[2026-08-29 23:13:54,456][train][INFO] - {"epoch": 65, "train_loss": "92.393", "train_nll_loss": "5.19", "train_total": "1209.17", "train_n_correct": "344.125", "train_ppl": "36.5", "train_accuracy": "28.46", "train_wps": "1687.5", "train_ups": "1.4", "train_wpb": "1209.2", "train_bsz": "75", "train_num_updates": "1560", "train_lr": "0.00125841", "train_gnorm": "2.66", "train_loss_scale": "128", "train_train_wall": "10", "train_gb_free": "42.7", "train_wall": "1336"}
[2026-08-29 23:13:55,071][fairseq.logging.progress_bar][WARNING] - tensorboard not found, please install with: pip install tensorboard
[2026-08-29 23:13:55,074][fairseq.trainer][INFO] - begin training epoch 66
[2026-08-29 23:13:55,075][fairseq_cli.train][INFO] - Start iterating over samples
[2026-08-29 23:14:06,583][fairseq_cli.train][INFO] - begin validation on "valid" subset
[2026-08-29 23:14:07,229][fairseq.logging.progress_bar][WARNING] - tensorboard not found, please install with: pip install tensorboard
[2026-08-29 23:14:09,431][valid][INFO] - {"epoch": 66, "valid_loss": "104.493", "valid_nll_loss": "6.002", "valid_total": "291.154", "valid_n_correct": "71.3846", "valid_ppl": "64.09", "valid_accuracy": "24.518", "valid_wps": "3805.7", "valid_wpb": "291.2", "valid_bsz": "18.1", "valid_num_updates": "1584", "valid_best_accuracy": "24.624"}
[2026-08-29 23:14:09,435][fairseq.checkpoint_utils][INFO] - Preparing to save checkpoint for epoch 66 @ 1584 updates
[2026-08-29 23:14:09,437][fairseq.trainer][INFO] - Saving checkpoint to checkpoints/checkpoint_last.pt
[2026-08-29 23:14:12,116][fairseq.trainer][INFO] - Finished saving checkpoint to checkpoints/checkpoint_last.pt
[2026-08-29 23:14:12,118][fairseq.checkpoint_utils][INFO] - Saved checkpoint checkpoints/checkpoint_last.pt (epoch 66 @ 1584 updates, score 24.518) (writing took 2.682853856123984 seconds)
[2026-08-29 23:14:12,119][fairseq_cli.train][INFO] - end of epoch 66 (average epoch stats below)
[2026-08-29 23:14:12,121][train][INFO] - {"epoch": 66, "train_loss": "91.803", "train_nll_loss": "5.148", "train_total": "1209.17", "train_n_correct": "350.917", "train_ppl": "35.45", "train_accuracy": "29.021", "train_wps": "1643", "train_ups": "1.36", "train_wpb": "1209.2", "train_bsz": "75", "train_num_updates": "1584", "train_lr": "0.00123599", "train_gnorm": "2.636", "train_loss_scale": "128", "train_train_wall": "10", "train_gb_free": "42.7", "train_wall": "1354"}
[2026-08-29 23:14:12,729][fairseq.logging.progress_bar][WARNING] - tensorboard not found, please install with: pip install tensorboard
[2026-08-29 23:14:12,735][fairseq.trainer][INFO] - begin training epoch 67
[2026-08-29 23:14:12,824][fairseq_cli.train][INFO] - Start iterating over samples
[2026-08-29 23:14:20,743][train_inner][INFO] - {"epoch": 67, "update": 66.667, "loss": "92.075", "nll_loss": "5.189", "total": "1222.98", "n_correct": "348.2", "ppl": "36.48", "accuracy": "28.471", "wps": "1723.8", "ups": "1.41", "wpb": "1223", "bsz": "76.1", "num_updates": "1600", "lr": "0.00122127", "gnorm": "2.647", "loss_scale": "128", "train_wall": "41", "gb_free": "42.8", "wall": "1362"}
[2026-08-29 23:14:23,925][fairseq_cli.train][INFO] - begin validation on "valid" subset
[2026-08-29 23:14:24,621][fairseq.logging.progress_bar][WARNING] - tensorboard not found, please install with: pip install tensorboard
[2026-08-29 23:14:26,801][valid][INFO] - {"epoch": 67, "valid_loss": "104.189", "valid_nll_loss": "5.987", "valid_total": "291.154", "valid_n_correct": "69.3846", "valid_ppl": "63.42", "valid_accuracy": "23.831", "valid_wps": "3478.7", "valid_wpb": "291.2", "valid_bsz": "18.1", "valid_num_updates": "1608", "valid_best_accuracy": "24.624"}
[2026-08-29 23:14:26,814][fairseq.checkpoint_utils][INFO] - Preparing to save checkpoint for epoch 67 @ 1608 updates
[2026-08-29 23:14:26,816][fairseq.trainer][INFO] - Saving checkpoint to checkpoints/checkpoint_last.pt
[2026-08-29 23:14:29,361][fairseq.trainer][INFO] - Finished saving checkpoint to checkpoints/checkpoint_last.pt
[2026-08-29 23:14:29,362][fairseq.checkpoint_utils][INFO] - Saved checkpoint checkpoints/checkpoint_last.pt (epoch 67 @ 1608 updates, score 23.831) (writing took 2.5484804697334766 seconds)
[2026-08-29 23:14:29,364][fairseq_cli.train][INFO] - end of epoch 67 (average epoch stats below)
[2026-08-29 23:14:29,366][train][INFO] - {"epoch": 67, "train_loss": "91.82", "train_nll_loss": "5.149", "train_total": "1209.17", "train_n_correct": "348.667", "train_ppl": "35.47", "train_accuracy": "28.835", "train_wps": "1682.9", "train_ups": "1.39", "train_wpb": "1209.2", "train_bsz": "75", "train_num_updates": "1608", "train_lr": "0.00121398", "train_gnorm": "2.83", "train_loss_scale": "128", "train_train_wall": "10", "train_gb_free": "42.8", "train_wall": "1371"}
[2026-08-29 23:14:29,967][fairseq.logging.progress_bar][WARNING] - tensorboard not found, please install with: pip install tensorboard
[2026-08-29 23:14:30,024][fairseq.trainer][INFO] - begin training epoch 68
[2026-08-29 23:14:30,026][fairseq_cli.train][INFO] - Start iterating over samples
[2026-08-29 23:14:41,733][fairseq_cli.train][INFO] - begin validation on "valid" subset
[2026-08-29 23:14:42,430][fairseq.logging.progress_bar][WARNING] - tensorboard not found, please install with: pip install tensorboard
[2026-08-29 23:14:45,142][valid][INFO] - {"epoch": 68, "valid_loss": "104.235", "valid_nll_loss": "5.985", "valid_total": "291.154", "valid_n_correct": "71.4615", "valid_ppl": "63.34", "valid_accuracy": "24.544", "valid_wps": "3209.2", "valid_wpb": "291.2", "valid_bsz": "18.1", "valid_num_updates": "1632", "valid_best_accuracy": "24.624"}
[2026-08-29 23:14:45,146][fairseq.checkpoint_utils][INFO] - Preparing to save checkpoint for epoch 68 @ 1632 updates
[2026-08-29 23:14:45,148][fairseq.trainer][INFO] - Saving checkpoint to checkpoints/checkpoint_last.pt
[2026-08-29 23:14:47,830][fairseq.trainer][INFO] - Finished saving checkpoint to checkpoints/checkpoint_last.pt
[2026-08-29 23:14:47,831][fairseq.checkpoint_utils][INFO] - Saved checkpoint checkpoints/checkpoint_last.pt (epoch 68 @ 1632 updates, score 24.544) (writing took 2.6852654861286283 seconds)
[2026-08-29 23:14:47,832][fairseq_cli.train][INFO] - end of epoch 68 (average epoch stats below)
[2026-08-29 23:14:47,833][train][INFO] - {"epoch": 68, "train_loss": "91.737", "train_nll_loss": "5.143", "train_total": "1209.17", "train_n_correct": "347.708", "train_ppl": "35.34", "train_accuracy": "28.756", "train_wps": "1571.5", "train_ups": "1.3", "train_wpb": "1209.2", "train_bsz": "75", "train_num_updates": "1632", "train_lr": "0.00119235", "train_gnorm": "2.841", "train_loss_scale": "128", "train_train_wall": "10", "train_gb_free": "42.7", "train_wall": "1389"}
[2026-08-29 23:14:48,412][fairseq.logging.progress_bar][WARNING] - tensorboard not found, please install with: pip install tensorboard
[2026-08-29 23:14:48,423][fairseq.trainer][INFO] - begin training epoch 69
[2026-08-29 23:14:48,425][fairseq_cli.train][INFO] - Start iterating over samples
[2026-08-29 23:14:59,938][fairseq_cli.train][INFO] - begin validation on "valid" subset
[2026-08-29 23:15:00,564][fairseq.logging.progress_bar][WARNING] - tensorboard not found, please install with: pip install tensorboard
[2026-08-29 23:15:02,739][valid][INFO] - {"epoch": 69, "valid_loss": "104.92", "valid_nll_loss": "6.03", "valid_total": "291.154", "valid_n_correct": "71.7692", "valid_ppl": "65.34", "valid_accuracy": "24.65", "valid_wps": "3437.5", "valid_wpb": "291.2", "valid_bsz": "18.1", "valid_num_updates": "1656", "valid_best_accuracy": "24.65"}
[2026-08-29 23:15:02,743][fairseq.checkpoint_utils][INFO] - Preparing to save checkpoint for epoch 69 @ 1656 updates
[2026-08-29 23:15:02,744][fairseq.trainer][INFO] - Saving checkpoint to checkpoints/checkpoint_best.pt
[2026-08-29 23:15:05,121][fairseq.trainer][INFO] - Finished saving checkpoint to checkpoints/checkpoint_best.pt
[2026-08-29 23:15:08,392][fairseq.checkpoint_utils][INFO] - Saved checkpoint checkpoints/checkpoint_best.pt (epoch 69 @ 1656 updates, score 24.65) (writing took 5.64947625529021 seconds)
[2026-08-29 23:15:08,394][fairseq_cli.train][INFO] - end of epoch 69 (average epoch stats below)
[2026-08-29 23:15:08,397][train][INFO] - {"epoch": 69, "train_loss": "91.345", "train_nll_loss": "5.115", "train_total": "1209.17", "train_n_correct": "354.875", "train_ppl": "34.66", "train_accuracy": "29.349", "train_wps": "1411.3", "train_ups": "1.17", "train_wpb": "1209.2", "train_bsz": "75", "train_num_updates": "1656", "train_lr": "0.00117111", "train_gnorm": "2.865", "train_loss_scale": "128", "train_train_wall": "10", "train_gb_free": "42.9", "train_wall": "1410"}
[2026-08-29 23:15:09,023][fairseq.logging.progress_bar][WARNING] - tensorboard not found, please install with: pip install tensorboard
[2026-08-29 23:15:09,028][fairseq.trainer][INFO] - begin training epoch 70
[2026-08-29 23:15:09,029][fairseq_cli.train][INFO] - Start iterating over samples
[2026-08-29 23:15:20,485][fairseq_cli.train][INFO] - begin validation on "valid" subset
[2026-08-29 23:15:21,121][fairseq.logging.progress_bar][WARNING] - tensorboard not found, please install with: pip install tensorboard
[2026-08-29 23:15:23,108][valid][INFO] - {"epoch": 70, "valid_loss": "104.464", "valid_nll_loss": "5.996", "valid_total": "291.154", "valid_n_correct": "73.5385", "valid_ppl": "63.83", "valid_accuracy": "25.258", "valid_wps": "4409.6", "valid_wpb": "291.2", "valid_bsz": "18.1", "valid_num_updates": "1680", "valid_best_accuracy": "25.258"}
[2026-08-29 23:15:23,112][fairseq.checkpoint_utils][INFO] - Preparing to save checkpoint for epoch 70 @ 1680 updates
[2026-08-29 23:15:23,114][fairseq.trainer][INFO] - Saving checkpoint to checkpoints/checkpoint_best.pt
[2026-08-29 23:15:25,509][fairseq.trainer][INFO] - Finished saving checkpoint to checkpoints/checkpoint_best.pt
[2026-08-29 23:15:28,940][fairseq.checkpoint_utils][INFO] - Saved checkpoint checkpoints/checkpoint_best.pt (epoch 70 @ 1680 updates, score 25.258) (writing took 5.8278534999117255 seconds)
[2026-08-29 23:15:28,942][fairseq_cli.train][INFO] - end of epoch 70 (average epoch stats below)
[2026-08-29 23:15:28,945][train][INFO] - {"epoch": 70, "train_loss": "91.121", "train_nll_loss": "5.1", "train_total": "1209.17", "train_n_correct": "357.375", "train_ppl": "34.3", "train_accuracy": "29.555", "train_wps": "1412.4", "train_ups": "1.17", "train_wpb": "1209.2", "train_bsz": "75", "train_num_updates": "1680", "train_lr": "0.00115025", "train_gnorm": "2.723", "train_loss_scale": "128", "train_train_wall": "10", "train_gb_free": "42.9", "train_wall": "1431"}
[2026-08-29 23:15:29,510][fairseq.logging.progress_bar][WARNING] - tensorboard not found, please install with: pip install tensorboard
[2026-08-29 23:15:29,525][fairseq.trainer][INFO] - begin training epoch 71
[2026-08-29 23:15:29,526][fairseq_cli.train][INFO] - Start iterating over samples
[2026-08-29 23:15:39,063][train_inner][INFO] - {"epoch": 71, "update": 70.833, "loss": "91.339", "nll_loss": "5.107", "total": "1201.73", "n_correct": "353.24", "ppl": "34.46", "accuracy": "29.394", "wps": "1534.4", "ups": "1.28", "wpb": "1201.7", "bsz": "74.5", "num_updates": "1700", "lr": "0.00113315", "gnorm": "2.815", "loss_scale": "128", "train_wall": "41", "gb_free": "42.7", "wall": "1441"}
[2026-08-29 23:15:40,601][fairseq_cli.train][INFO] - begin validation on "valid" subset
[2026-08-29 23:15:41,322][fairseq.logging.progress_bar][WARNING] - tensorboard not found, please install with: pip install tensorboard
[2026-08-29 23:15:43,548][valid][INFO] - {"epoch": 71, "valid_loss": "104.272", "valid_nll_loss": "5.986", "valid_total": "291.154", "valid_n_correct": "71.0769", "valid_ppl": "63.38", "valid_accuracy": "24.412", "valid_wps": "3369.5", "valid_wpb": "291.2", "valid_bsz": "18.1", "valid_num_updates": "1704", "valid_best_accuracy": "25.258"}
[2026-08-29 23:15:43,551][fairseq.checkpoint_utils][INFO] - Preparing to save checkpoint for epoch 71 @ 1704 updates
[2026-08-29 23:15:43,553][fairseq.trainer][INFO] - Saving checkpoint to checkpoints/checkpoint_last.pt
[2026-08-29 23:15:46,027][fairseq.trainer][INFO] - Finished saving checkpoint to checkpoints/checkpoint_last.pt
[2026-08-29 23:15:46,029][fairseq.checkpoint_utils][INFO] - Saved checkpoint checkpoints/checkpoint_last.pt (epoch 71 @ 1704 updates, score 24.412) (writing took 2.47739371471107 seconds)
[2026-08-29 23:15:46,031][fairseq_cli.train][INFO] - end of epoch 71 (average epoch stats below)
[2026-08-29 23:15:46,032][train][INFO] - {"epoch": 71, "train_loss": "90.963", "train_nll_loss": "5.087", "train_total": "1209.17", "train_n_correct": "358.292", "train_ppl": "33.99", "train_accuracy": "29.631", "train_wps": "1698.5", "train_ups": "1.4", "train_wpb": "1209.2", "train_bsz": "75", "train_num_updates": "1704", "train_lr": "0.00112976", "train_gnorm": "2.751", "train_loss_scale": "128", "train_train_wall": "10", "train_gb_free": "42.8", "train_wall": "1448"}
[2026-08-29 23:15:46,622][fairseq.logging.progress_bar][WARNING] - tensorboard not found, please install with: pip install tensorboard
[2026-08-29 23:15:46,627][fairseq.trainer][INFO] - begin training epoch 72
[2026-08-29 23:15:46,628][fairseq_cli.train][INFO] - Start iterating over samples
[2026-08-29 23:15:57,951][fairseq_cli.train][INFO] - begin validation on "valid" subset
[2026-08-29 23:15:58,486][fairseq.logging.progress_bar][WARNING] - tensorboard not found, please install with: pip install tensorboard
[2026-08-29 23:16:00,568][valid][INFO] - {"epoch": 72, "valid_loss": "104.434", "valid_nll_loss": "5.999", "valid_total": "291.154", "valid_n_correct": "70.1538", "valid_ppl": "63.94", "valid_accuracy": "24.095", "valid_wps": "4425.7", "valid_wpb": "291.2", "valid_bsz": "18.1", "valid_num_updates": "1728", "valid_best_accuracy": "25.258"}
[2026-08-29 23:16:00,571][fairseq.checkpoint_utils][INFO] - Preparing to save checkpoint for epoch 72 @ 1728 updates
[2026-08-29 23:16:00,573][fairseq.trainer][INFO] - Saving checkpoint to checkpoints/checkpoint_last.pt
[2026-08-29 23:16:03,069][fairseq.trainer][INFO] - Finished saving checkpoint to checkpoints/checkpoint_last.pt
[2026-08-29 23:16:03,078][fairseq.checkpoint_utils][INFO] - Saved checkpoint checkpoints/checkpoint_last.pt (epoch 72 @ 1728 updates, score 24.095) (writing took 2.5069546522572637 seconds)
[2026-08-29 23:16:03,079][fairseq_cli.train][INFO] - end of epoch 72 (average epoch stats below)
[2026-08-29 23:16:03,081][train][INFO] - {"epoch": 72, "train_loss": "90.977", "train_nll_loss": "5.089", "train_total": "1209.17", "train_n_correct": "359.542", "train_ppl": "34.03", "train_accuracy": "29.735", "train_wps": "1702.3", "train_ups": "1.41", "train_wpb": "1209.2", "train_bsz": "75", "train_num_updates": "1728", "train_lr": "0.00110963", "train_gnorm": "2.685", "train_loss_scale": "128", "train_train_wall": "10", "train_gb_free": "42.9", "train_wall": "1465"}
[2026-08-29 23:16:04,123][fairseq.logging.progress_bar][WARNING] - tensorboard not found, please install with: pip install tensorboard
[2026-08-29 23:16:04,126][fairseq.trainer][INFO] - begin training epoch 73
[2026-08-29 23:16:04,126][fairseq_cli.train][INFO] - Start iterating over samples
[2026-08-29 23:16:15,125][fairseq_cli.train][INFO] - begin validation on "valid" subset
[2026-08-29 23:16:15,935][fairseq.logging.progress_bar][WARNING] - tensorboard not found, please install with: pip install tensorboard
[2026-08-29 23:16:18,159][valid][INFO] - {"epoch": 73, "valid_loss": "104.501", "valid_nll_loss": "5.997", "valid_total": "291.154", "valid_n_correct": "73.0769", "valid_ppl": "63.86", "valid_accuracy": "25.099", "valid_wps": "3979.9", "valid_wpb": "291.2", "valid_bsz": "18.1", "valid_num_updates": "1752", "valid_best_accuracy": "25.258"}
[2026-08-29 23:16:18,162][fairseq.checkpoint_utils][INFO] - Preparing to save checkpoint for epoch 73 @ 1752 updates
[2026-08-29 23:16:18,164][fairseq.trainer][INFO] - Saving checkpoint to checkpoints/checkpoint_last.pt
[2026-08-29 23:16:20,850][fairseq.trainer][INFO] - Finished saving checkpoint to checkpoints/checkpoint_last.pt
[2026-08-29 23:16:20,860][fairseq.checkpoint_utils][INFO] - Saved checkpoint checkpoints/checkpoint_last.pt (epoch 73 @ 1752 updates, score 25.099) (writing took 2.6974756168201566 seconds)
[2026-08-29 23:16:20,862][fairseq_cli.train][INFO] - end of epoch 73 (average epoch stats below)
[2026-08-29 23:16:20,863][train][INFO] - {"epoch": 73, "train_loss": "90.568", "train_nll_loss": "5.061", "train_total": "1209.17", "train_n_correct": "360.458", "train_ppl": "33.38", "train_accuracy": "29.81", "train_wps": "1632.1", "train_ups": "1.35", "train_wpb": "1209.2", "train_bsz": "75", "train_num_updates": "1752", "train_lr": "0.00108987", "train_gnorm": "2.807", "train_loss_scale": "128", "train_train_wall": "10", "train_gb_free": "43.1", "train_wall": "1482"}
[2026-08-29 23:16:21,473][fairseq.logging.progress_bar][WARNING] - tensorboard not found, please install with: pip install tensorboard
[2026-08-29 23:16:21,475][fairseq.trainer][INFO] - begin training epoch 74
[2026-08-29 23:16:21,476][fairseq_cli.train][INFO] - Start iterating over samples
[2026-08-29 23:16:32,815][fairseq_cli.train][INFO] - begin validation on "valid" subset
[2026-08-29 23:16:33,401][fairseq.logging.progress_bar][WARNING] - tensorboard not found, please install with: pip install tensorboard
[2026-08-29 23:16:35,298][valid][INFO] - {"epoch": 74, "valid_loss": "104.76", "valid_nll_loss": "6.015", "valid_total": "291.154", "valid_n_correct": "72.3077", "valid_ppl": "64.69", "valid_accuracy": "24.835", "valid_wps": "4404.5", "valid_wpb": "291.2", "valid_bsz": "18.1", "valid_num_updates": "1776", "valid_best_accuracy": "25.258"}
[2026-08-29 23:16:35,315][fairseq.checkpoint_utils][INFO] - Preparing to save checkpoint for epoch 74 @ 1776 updates
[2026-08-29 23:16:35,316][fairseq.trainer][INFO] - Saving checkpoint to checkpoints/checkpoint_last.pt
[2026-08-29 23:16:37,942][fairseq.trainer][INFO] - Finished saving checkpoint to checkpoints/checkpoint_last.pt
[2026-08-29 23:16:37,951][fairseq.checkpoint_utils][INFO] - Saved checkpoint checkpoints/checkpoint_last.pt (epoch 74 @ 1776 updates, score 24.835) (writing took 2.6363799395039678 seconds)
[2026-08-29 23:16:37,953][fairseq_cli.train][INFO] - end of epoch 74 (average epoch stats below)
[2026-08-29 23:16:37,954][train][INFO] - {"epoch": 74, "train_loss": "90.26", "train_nll_loss": "5.038", "train_total": "1209.17", "train_n_correct": "364.958", "train_ppl": "32.86", "train_accuracy": "30.183", "train_wps": "1698.2", "train_ups": "1.4", "train_wpb": "1209.2", "train_bsz": "75", "train_num_updates": "1776", "train_lr": "0.00107045", "train_gnorm": "2.765", "train_loss_scale": "128", "train_train_wall": "10", "train_gb_free": "43", "train_wall": "1500"}
[2026-08-29 23:16:38,556][fairseq.logging.progress_bar][WARNING] - tensorboard not found, please install with: pip install tensorboard
[2026-08-29 23:16:38,559][fairseq.trainer][INFO] - begin training epoch 75
[2026-08-29 23:16:38,560][fairseq_cli.train][INFO] - Start iterating over samples
[2026-08-29 23:16:49,612][train_inner][INFO] - {"epoch": 75, "update": 75.0, "loss": "90.666", "nll_loss": "5.066", "total": "1206.93", "n_correct": "360.36", "ppl": "33.51", "accuracy": "29.858", "wps": "1710.8", "ups": "1.42", "wpb": "1206.9", "bsz": "74.8", "num_updates": "1800", "lr": "0.00105138", "gnorm": "2.784", "loss_scale": "128", "train_wall": "41", "gb_free": "42.7", "wall": "1511"}
[2026-08-29 23:16:49,616][fairseq_cli.train][INFO] - begin validation on "valid" subset
[2026-08-29 23:16:50,209][fairseq.logging.progress_bar][WARNING] - tensorboard not found, please install with: pip install tensorboard
[2026-08-29 23:16:52,383][valid][INFO] - {"epoch": 75, "valid_loss": "104.519", "valid_nll_loss": "6.001", "valid_total": "291.154", "valid_n_correct": "72.6154", "valid_ppl": "64.05", "valid_accuracy": "24.941", "valid_wps": "3942", "valid_wpb": "291.2", "valid_bsz": "18.1", "valid_num_updates": "1800", "valid_best_accuracy": "25.258"}
[2026-08-29 23:16:52,386][fairseq.checkpoint_utils][INFO] - Preparing to save checkpoint for epoch 75 @ 1800 updates
[2026-08-29 23:16:52,388][fairseq.trainer][INFO] - Saving checkpoint to checkpoints/checkpoint_last.pt
[2026-08-29 23:16:54,961][fairseq.trainer][INFO] - Finished saving checkpoint to checkpoints/checkpoint_last.pt
[2026-08-29 23:16:54,969][fairseq.checkpoint_utils][INFO] - Saved checkpoint checkpoints/checkpoint_last.pt (epoch 75 @ 1800 updates, score 24.941) (writing took 2.583194361999631 seconds)
[2026-08-29 23:16:54,972][fairseq_cli.train][INFO] - end of epoch 75 (average epoch stats below)
[2026-08-29 23:16:54,973][train][INFO] - {"epoch": 75, "train_loss": "90.574", "train_nll_loss": "5.061", "train_total": "1209.17", "train_n_correct": "361", "train_ppl": "33.39", "train_accuracy": "29.855", "train_wps": "1705.3", "train_ups": "1.41", "train_wpb": "1209.2", "train_bsz": "75", "train_num_updates": "1800", "train_lr": "0.00105138", "train_gnorm": "2.879", "train_loss_scale": "128", "train_train_wall": "10", "train_gb_free": "42.7", "train_wall": "1517"}
[2026-08-29 23:16:55,521][fairseq.logging.progress_bar][WARNING] - tensorboard not found, please install with: pip install tensorboard
[2026-08-29 23:16:55,526][fairseq.trainer][INFO] - begin training epoch 76
[2026-08-29 23:16:55,527][fairseq_cli.train][INFO] - Start iterating over samples
[2026-08-29 23:17:06,944][fairseq_cli.train][INFO] - begin validation on "valid" subset
[2026-08-29 23:17:07,543][fairseq.logging.progress_bar][WARNING] - tensorboard not found, please install with: pip install tensorboard
[2026-08-29 23:17:09,812][valid][INFO] - {"epoch": 76, "valid_loss": "104.198", "valid_nll_loss": "5.981", "valid_total": "291.154", "valid_n_correct": "71.9231", "valid_ppl": "63.17", "valid_accuracy": "24.703", "valid_wps": "3819.2", "valid_wpb": "291.2", "valid_bsz": "18.1", "valid_num_updates": "1824", "valid_best_accuracy": "25.258"}
[2026-08-29 23:17:09,816][fairseq.checkpoint_utils][INFO] - Preparing to save checkpoint for epoch 76 @ 1824 updates
[2026-08-29 23:17:09,819][fairseq.trainer][INFO] - Saving checkpoint to checkpoints/checkpoint_last.pt
[2026-08-29 23:17:12,492][fairseq.trainer][INFO] - Finished saving checkpoint to checkpoints/checkpoint_last.pt
[2026-08-29 23:17:12,495][fairseq.checkpoint_utils][INFO] - Saved checkpoint checkpoints/checkpoint_last.pt (epoch 76 @ 1824 updates, score 24.703) (writing took 2.6781341545283794 seconds)
[2026-08-29 23:17:12,496][fairseq_cli.train][INFO] - end of epoch 76 (average epoch stats below)
[2026-08-29 23:17:12,498][train][INFO] - {"epoch": 76, "train_loss": "90.439", "train_nll_loss": "5.051", "train_total": "1209.17", "train_n_correct": "366.042", "train_ppl": "33.14", "train_accuracy": "30.272", "train_wps": "1656", "train_ups": "1.37", "train_wpb": "1209.2", "train_bsz": "75", "train_num_updates": "1824", "train_lr": "0.00103265", "train_gnorm": "2.804", "train_loss_scale": "128", "train_train_wall": "10", "train_gb_free": "42.7", "train_wall": "1534"}
[2026-08-29 23:17:13,111][fairseq.logging.progress_bar][WARNING] - tensorboard not found, please install with: pip install tensorboard
[2026-08-29 23:17:13,116][fairseq.trainer][INFO] - begin training epoch 77
[2026-08-29 23:17:13,118][fairseq_cli.train][INFO] - Start iterating over samples
[2026-08-29 23:17:24,425][fairseq_cli.train][INFO] - begin validation on "valid" subset
[2026-08-29 23:17:25,029][fairseq.logging.progress_bar][WARNING] - tensorboard not found, please install with: pip install tensorboard
[2026-08-29 23:17:27,098][valid][INFO] - {"epoch": 77, "valid_loss": "104.378", "valid_nll_loss": "5.994", "valid_total": "291.154", "valid_n_correct": "71.3077", "valid_ppl": "63.73", "valid_accuracy": "24.491", "valid_wps": "4279.2", "valid_wpb": "291.2", "valid_bsz": "18.1", "valid_num_updates": "1848", "valid_best_accuracy": "25.258"}
[2026-08-29 23:17:27,110][fairseq.checkpoint_utils][INFO] - Preparing to save checkpoint for epoch 77 @ 1848 updates
[2026-08-29 23:17:27,112][fairseq.trainer][INFO] - Saving checkpoint to checkpoints/checkpoint_last.pt
[2026-08-29 23:17:29,986][fairseq.trainer][INFO] - Finished saving checkpoint to checkpoints/checkpoint_last.pt
[2026-08-29 23:17:29,988][fairseq.checkpoint_utils][INFO] - Saved checkpoint checkpoints/checkpoint_last.pt (epoch 77 @ 1848 updates, score 24.491) (writing took 2.877313546836376 seconds)
[2026-08-29 23:17:29,989][fairseq_cli.train][INFO] - end of epoch 77 (average epoch stats below)
[2026-08-29 23:17:29,991][train][INFO] - {"epoch": 77, "train_loss": "90.228", "train_nll_loss": "5.037", "train_total": "1209.17", "train_n_correct": "362.25", "train_ppl": "32.83", "train_accuracy": "29.959", "train_wps": "1659.1", "train_ups": "1.37", "train_wpb": "1209.2", "train_bsz": "75", "train_num_updates": "1848", "train_lr": "0.00101426", "train_gnorm": "2.981", "train_loss_scale": "128", "train_train_wall": "10", "train_gb_free": "42.8", "train_wall": "1552"}
[2026-08-29 23:17:30,588][fairseq.logging.progress_bar][WARNING] - tensorboard not found, please install with: pip install tensorboard
[2026-08-29 23:17:30,621][fairseq.trainer][INFO] - begin training epoch 78
[2026-08-29 23:17:30,623][fairseq_cli.train][INFO] - Start iterating over samples
[2026-08-29 23:17:42,330][fairseq_cli.train][INFO] - begin validation on "valid" subset
[2026-08-29 23:17:42,977][fairseq.logging.progress_bar][WARNING] - tensorboard not found, please install with: pip install tensorboard
[2026-08-29 23:17:45,106][valid][INFO] - {"epoch": 78, "valid_loss": "104.651", "valid_nll_loss": "6.008", "valid_total": "291.154", "valid_n_correct": "72.7692", "valid_ppl": "64.34", "valid_accuracy": "24.993", "valid_wps": "3560.2", "valid_wpb": "291.2", "valid_bsz": "18.1", "valid_num_updates": "1872", "valid_best_accuracy": "25.258"}
[2026-08-29 23:17:45,112][fairseq_cli.train][INFO] - early stop since valid performance hasn't improved for last 8 runs
[2026-08-29 23:17:45,115][fairseq.checkpoint_utils][INFO] - Preparing to save checkpoint for epoch 78 @ 1872 updates
[2026-08-29 23:17:45,117][fairseq.trainer][INFO] - Saving checkpoint to checkpoints/checkpoint_last.pt
[2026-08-29 23:17:47,633][fairseq.trainer][INFO] - Finished saving checkpoint to checkpoints/checkpoint_last.pt
[2026-08-29 23:17:47,638][fairseq.checkpoint_utils][INFO] - Saved checkpoint checkpoints/checkpoint_last.pt (epoch 78 @ 1872 updates, score 24.993) (writing took 2.5227075330913067 seconds)
[2026-08-29 23:17:47,641][fairseq_cli.train][INFO] - end of epoch 78 (average epoch stats below)
[2026-08-29 23:17:47,643][train][INFO] - {"epoch": 78, "train_loss": "90.134", "train_nll_loss": "5.029", "train_total": "1209.17", "train_n_correct": "366.625", "train_ppl": "32.65", "train_accuracy": "30.32", "train_wps": "1644.2", "train_ups": "1.36", "train_wpb": "1209.2", "train_bsz": "75", "train_num_updates": "1872", "train_lr": "0.00099619", "train_gnorm": "2.809", "train_loss_scale": "128", "train_train_wall": "10", "train_gb_free": "42.7", "train_wall": "1569"}
[2026-08-29 23:17:47,645][fairseq_cli.train][INFO] - done training in 1569.0 seconds

training finished. checkpoints + logs in: /workspace/av-hubert-ai-speak/workspace/experiments/sweep_r32
tensorboard --logdir /workspace/av-hubert-ai-speak/workspace/experiments/sweep_r32/tblog
