config: aispeak_lora_decoder   data: /workspace/av-hubert-ai-speak/data/aispeak_ser_data
[2026-08-29 22:23:50,611][fairseq_cli.train][INFO] - {'_name': None, 'common': {'_name': None, 'no_progress_bar': False, 'log_interval': 100, 'log_format': 'json', 'log_file': None, 'tensorboard_logdir': 'tblog', 'wandb_project': None, 'azureml_logging': False, 'seed': 1337, 'cpu': False, 'tpu': False, 'bf16': False, 'memory_efficient_bf16': False, 'fp16': True, 'memory_efficient_fp16': False, 'fp16_no_flatten_grads': False, 'fp16_init_scale': 128, 'fp16_scale_window': None, 'fp16_scale_tolerance': 0.0, 'on_cpu_convert_precision': False, 'min_loss_scale': 0.0001, 'threshold_loss_scale': None, 'amp': False, 'amp_batch_retries': 2, 'amp_init_scale': 128, 'amp_scale_window': None, 'user_dir': '/workspace/av-hubert-ai-speak/av_hubert/avhubert', 'empty_cache_freq': 0, 'all_gather_list_size': 16384, 'model_parallel_size': 1, 'quantization_config_path': None, 'profile': False, 'reset_logging': False, 'suppress_crashes': False, 'use_plasma_view': False, 'plasma_path': '/tmp/plasma'}, 'common_eval': {'_name': None, 'path': None, 'post_process': None, 'quiet': False, 'model_overrides': '{}', 'results_path': None}, 'distributed_training': {'_name': None, 'distributed_world_size': 1, 'distributed_num_procs': 1, 'distributed_rank': 0, 'distributed_backend': 'nccl', 'distributed_init_method': None, 'distributed_port': -1, 'device_id': 0, 'distributed_no_spawn': False, 'ddp_backend': 'c10d', 'ddp_comm_hook': 'none', 'bucket_cap_mb': 25, 'fix_batches_to_gpus': False, 'find_unused_parameters': True, 'fast_stat_sync': False, 'heartbeat_timeout': -1, 'broadcast_buffers': False, 'slowmo_momentum': None, 'slowmo_algorithm': 'LocalSGD', 'localsgd_frequency': 3, 'nprocs_per_node': 1, 'pipeline_model_parallel': False, 'pipeline_balance': None, 'pipeline_devices': None, 'pipeline_chunks': 0, 'pipeline_encoder_balance': None, 'pipeline_encoder_devices': None, 'pipeline_decoder_balance': None, 'pipeline_decoder_devices': None, 'pipeline_checkpoint': 'never', 'zero_sharding': 'none', 'fp16': True, 'memory_efficient_fp16': False, 'tpu': False, 'no_reshard_after_forward': False, 'fp32_reduce_scatter': False, 'cpu_offload': False, 'use_sharded_state': False}, 'dataset': {'_name': None, 'num_workers': 8, 'skip_invalid_size_inputs_valid_test': False, 'max_tokens': 2000, 'batch_size': None, 'required_batch_size_multiple': 8, 'required_seq_len_multiple': 1, 'dataset_impl': None, 'data_buffer_size': 10, 'train_subset': 'train', 'valid_subset': 'valid', 'combine_valid_subsets': None, 'ignore_unused_valid_subsets': False, 'validate_interval': 1, 'validate_interval_updates': 0, 'validate_after_updates': 0, 'fixed_validation_seed': None, 'disable_validation': False, 'max_tokens_valid': 2000, 'batch_size_valid': None, 'max_valid_steps': None, 'curriculum': 0, 'gen_subset': 'test', 'num_shards': 1, 'shard_id': 0}, 'optimization': {'_name': None, 'max_epoch': 0, 'max_update': 3000, 'stop_time_hours': 0.0, 'clip_norm': 0.0, 'sentence_avg': True, 'update_freq': [4], 'lr': [0.003], 'stop_min_lr': -1.0, 'use_bmuf': False}, 'checkpoint': {'_name': None, 'save_dir': 'checkpoints', 'restore_file': 'checkpoint_last.pt', 'finetune_from_model': None, 'reset_dataloader': False, 'reset_lr_scheduler': False, 'reset_meters': False, 'reset_optimizer': False, 'optimizer_overrides': '{}', 'save_interval': 1, 'save_interval_updates': 0, 'keep_interval_updates': 1, 'keep_interval_updates_pattern': -1, 'keep_last_epochs': -1, 'keep_best_checkpoints': -1, 'no_save': False, 'no_epoch_checkpoints': True, 'no_last_checkpoints': False, 'no_save_optimizer_state': False, 'best_checkpoint_metric': 'accuracy', 'maximize_best_checkpoint_metric': True, 'patience': 8, 'checkpoint_suffix': '', 'checkpoint_shard_count': 1, 'load_checkpoint_on_all_dp_ranks': False, 'write_checkpoints_asynchronously': False, 'model_parallel_size': 1}, 'bmuf': {'_name': None, 'block_lr': 1.0, 'block_momentum': 0.875, 'global_sync_iter': 50, 'warmup_iterations': 500, 'use_nbm': False, 'average_sync': False, 'distributed_world_size': 1}, 'generation': {'_name': None, 'beam': 5, 'nbest': 1, 'max_len_a': 0.0, 'max_len_b': 200, 'min_len': 1, 'match_source_len': False, 'unnormalized': False, 'no_early_stop': False, 'no_beamable_mm': False, 'lenpen': 1.0, 'unkpen': 0.0, 'replace_unk': None, 'sacrebleu': False, 'score_reference': False, 'prefix_size': 0, 'no_repeat_ngram_size': 0, 'sampling': False, 'sampling_topk': -1, 'sampling_topp': -1.0, 'constraints': None, 'temperature': 1.0, 'diverse_beam_groups': -1, 'diverse_beam_strength': 0.5, 'diversity_rate': -1.0, 'print_alignment': None, 'print_step': False, 'lm_path': None, 'lm_weight': 0.0, 'iter_decode_eos_penalty': 0.0, 'iter_decode_max_iter': 10, 'iter_decode_force_max_iter': False, 'iter_decode_with_beam': 1, 'iter_decode_with_external_reranker': False, 'retain_iter_history': False, 'retain_dropout': False, 'retain_dropout_modules': None, 'decoding_format': None, 'no_seed_provided': False}, 'eval_lm': {'_name': None, 'output_word_probs': False, 'output_word_stats': False, 'context_window': 0, 'softmax_batch': 9223372036854775807}, 'interactive': {'_name': None, 'buffer_size': 0, 'input': '-'}, 'model': {'_name': 'av_hubert_seq2seq', 'w2v_path': '/workspace/av-hubert-ai-speak/workspace/checkpoints/base_vox_433h_encoder.pt', 'lora_enable': True, 'lora_r': 16, 'lora_alpha': 16, 'lora_dropout': 0.05, 'lora_targets': 'q_proj,v_proj', 'lora_scope': 'decoder', 'freeze_finetune_updates': 0, 'apply_mask': False, 'mask_selection': 'static', 'mask_length': 10, 'mask_other': 0, 'mask_prob': 0.75, 'mask_channel_selection': 'static', 'mask_channel_length': 64, 'mask_channel_other': 0, 'mask_channel_prob': 0.5, 'layerdrop': 0.1, 'dropout': 0.0, 'activation_dropout': 0.1, 'attention_dropout': 0.0, 'feature_grad_mult': 1.0, 'decoder_layers': 6, 'decoder_dropout': 0.1, 'decoder_attention_dropout': 0.0, 'decoder_activation_dropout': 0.1, 'share_decoder_input_output_embed': True, 'decoder_normalize_before': True}, 'task': {'_name': 'av_hubert_pretraining', 'is_s2s': True, 'data': '/workspace/av-hubert-ai-speak/data/aispeak_ser_data', 'label_dir': '/workspace/av-hubert-ai-speak/data/aispeak_ser_data', 'tokenizer_bpe_model': '/workspace/av-hubert-ai-speak/data/aispeak_ser_data/spm_unigram500.model', 'normalize': True, 'labels': ['wrd'], 'single_target': True, 'fine_tuning': True, 'stack_order_audio': 4, 'tokenizer_bpe_name': 'sentencepiece', 'max_sample_size': 500, 'modalities': ['video'], 'image_aug': True, 'pad_audio': True, 'random_crop': False}, 'criterion': {'_name': 'label_smoothed_cross_entropy', 'label_smoothing': 0.1, 'report_accuracy': True, 'ignore_prefix_size': 0, 'sentence_avg': True}, 'optimizer': {'_name': 'adam', 'adam_betas': '(0.9,0.98)', 'adam_eps': 1e-08, 'weight_decay': 0.0, 'use_old_adam': False, 'tpu': False, 'lr': [0.003]}, 'lr_scheduler': {'_name': 'tri_stage', 'warmup_steps': 400, 'hold_steps': 0, 'decay_steps': 4000, 'phase_ratio': None, 'init_lr_scale': 0.01, 'final_lr_scale': 0.05, 'max_update': 3000, 'lr': [0.003]}, 'scoring': None, 'bpe': None, 'tokenizer': None, 'job_logging_cfg': {'version': 1, 'formatters': {'simple': {'format': '[%(asctime)s][%(name)s][%(levelname)s] - %(message)s'}}, 'handlers': {'console': {'class': 'logging.StreamHandler', 'formatter': 'simple', 'stream': 'ext://sys.stdout'}, 'file': {'class': 'logging.FileHandler', 'formatter': 'simple', 'filename': 'hydra_train.log'}}, 'root': {'level': 'INFO', 'handlers': ['console', 'file']}, 'disable_existing_loggers': False}}
[2026-08-29 22:23:50,617][avhubert.hubert_pretraining][INFO] - current directory is /workspace/av-hubert-ai-speak/workspace/experiments/sweep_r16
[2026-08-29 22:23:50,618][avhubert.hubert_pretraining][INFO] - AVHubertPretrainingTask Config {'_name': 'av_hubert_pretraining', 'data': '/workspace/av-hubert-ai-speak/data/aispeak_ser_data', 'labels': ['wrd'], 'label_dir': '/workspace/av-hubert-ai-speak/data/aispeak_ser_data', 'label_rate': -1, 'sample_rate': 16000, 'normalize': True, 'enable_padding': False, 'max_sample_size': 500, 'min_sample_size': None, 'max_trim_sample_size': '${task.max_sample_size}', 'single_target': True, 'random_crop': False, 'pad_audio': True, 'pdb': False, 'stack_order_audio': 4, 'skip_verify': False, 'image_aug': True, 'image_crop_size': 88, 'image_mean': 0.421, 'image_std': 0.165, 'modalities': ['video'], 'is_s2s': True, 'tokenizer_bpe_name': 'sentencepiece', 'tokenizer_bpe_model': '/workspace/av-hubert-ai-speak/data/aispeak_ser_data/spm_unigram500.model', 'noise_wav': None, 'noise_prob': 0.0, 'noise_snr': '0', 'noise_num': 1, 'fine_tuning': True}
[2026-08-29 22:23:51,387][avhubert.hubert_pretraining][INFO] - current directory is /workspace/av-hubert-ai-speak/workspace/experiments/sweep_r16
[2026-08-29 22:23:51,389][avhubert.hubert_pretraining][INFO] - AVHubertPretrainingTask Config {'_name': 'av_hubert_pretraining', 'data': '/workspace/av-hubert-ai-speak/data/aispeak_ser_data', 'labels': ['km'], 'label_dir': '/checkpoint/bshi/data/lrs3//video/hubert/stitch-iters/envox-iter4-l12c2000/', 'label_rate': 25, 'sample_rate': 25, 'normalize': True, 'enable_padding': False, 'max_sample_size': 2000, 'min_sample_size': 5, 'max_trim_sample_size': 400, 'single_target': False, 'random_crop': True, 'pad_audio': False, 'pdb': False, 'stack_order_audio': 4, 'skip_verify': False, 'image_aug': True, 'image_crop_size': 88, 'image_mean': 0.421, 'image_std': 0.165, 'modalities': ['audio', 'video'], 'is_s2s': False, 'tokenizer_bpe_name': None, 'tokenizer_bpe_model': None, 'noise_wav': None, 'noise_prob': 0.0, 'noise_snr': '0', 'noise_num': 1, 'fine_tuning': False}
[2026-08-29 22:23:51,397][avhubert.hubert][INFO] - HubertModel Config: {'_name': 'av_hubert', 'label_rate': 25, 'input_modality': '${task.input_modality}', 'extractor_mode': default, 'encoder_layers': 12, 'encoder_embed_dim': 768, 'encoder_ffn_embed_dim': 3072, 'encoder_attention_heads': 12, 'activation_fn': gelu, 'dropout': 0.0, 'attention_dropout': 0.0, 'activation_dropout': 0.1, 'encoder_layerdrop': 0.1, 'dropout_input': 0.0, 'dropout_features': 0.1, 'final_dim': 256, 'untie_final_proj': True, 'layer_norm_first': True, 'conv_feature_layers': '[(512,10,5)] + [(512,3,2)] * 4 + [(512,2,2)] * 2', 'conv_bias': False, 'logit_temp': 0.1, 'target_glu': False, 'feature_grad_mult': 1.0, 'mask_length_audio': 10, 'mask_prob_audio': 0.8, 'mask_length_image': 5, 'mask_prob_image': 0.3, 'mask_selection': static, 'mask_other': 0.0, 'no_mask_overlap': False, 'mask_min_space': 1, 'mask_channel_length': 10, 'mask_channel_prob': 0.0, 'mask_channel_selection': static, 'mask_channel_other': 0.0, 'no_mask_channel_overlap': False, 'mask_channel_min_space': 1, 'conv_pos': 128, 'conv_pos_groups': 16, 'latent_temp': [2.0, 0.5, 0.999995], 'skip_masked': False, 'skip_nomask': False, 'resnet_relu_type': 'prelu', 'resnet_weights': None, 'sim_type': 'cosine', 'sub_encoder_layers': 0, 'audio_feat_dim': 104, 'modality_dropout': 0.5, 'audio_dropout': 0.5, 'modality_fuse': 'concat', 'selection_type': 'same_seq', 'masking_type': 'input', 'decoder_embed_dim': 768, 'decoder_ffn_embed_dim': 3072, 'decoder_layers': 6, 'decoder_layerdrop': 0.0, 'decoder_attention_heads': 4, 'decoder_learned_pos': False, 'decoder_normalize_before': False, 'no_token_positional_embeddings': False, 'decoder_dropout': 0.1, 'decoder_attention_dropout': 0.1, 'decoder_activation_dropout': 0.0, 'max_target_positions': 2048, 'share_decoder_input_output_embed': False, 'no_scale_embedding': True}
[2026-08-29 22:23:53,818][avhubert.hubert_asr][INFO] - [LoRA] scope=decoder targets=('q_proj', 'v_proj') r=16 alpha=16: adapted 24 layers, trainable 589,824/160,819,432 (0.37%)
[2026-08-29 22:23:53,821][fairseq_cli.train][INFO] - AVHubertSeq2Seq(
  (encoder): HubertEncoderWrapper(
    (w2v_model): AVHubertModel(
      (feature_extractor_audio): SubModel(
        (proj): Linear(in_features=104, out_features=768, bias=True)
      )
      (feature_extractor_video): SubModel(
        (resnet): ResEncoder(
          (frontend3D): Sequential(
            (0): Conv3d(1, 64, kernel_size=(5, 7, 7), stride=(1, 2, 2), padding=(2, 3, 3), bias=False)
            (1): BatchNorm3d(64, eps=1e-05, momentum=0.1, affine=True, track_running_stats=True)
            (2): PReLU(num_parameters=64)
            (3): MaxPool3d(kernel_size=(1, 3, 3), stride=(1, 2, 2), padding=(0, 1, 1), dilation=1, ceil_mode=False)
          )
          (trunk): ResNet(
            (layer1): Sequential(
              (0): BasicBlock(
                (conv1): Conv2d(64, 64, kernel_size=(3, 3), stride=(1, 1), padding=(1, 1), bias=False)
                (bn1): BatchNorm2d(64, eps=1e-05, momentum=0.1, affine=True, track_running_stats=True)
                (relu1): PReLU(num_parameters=64)
                (relu2): PReLU(num_parameters=64)
                (conv2): Conv2d(64, 64, kernel_size=(3, 3), stride=(1, 1), padding=(1, 1), bias=False)
                (bn2): BatchNorm2d(64, eps=1e-05, momentum=0.1, affine=True, track_running_stats=True)
              )
              (1): BasicBlock(
                (conv1): Conv2d(64, 64, kernel_size=(3, 3), stride=(1, 1), padding=(1, 1), bias=False)
                (bn1): BatchNorm2d(64, eps=1e-05, momentum=0.1, affine=True, track_running_stats=True)
                (relu1): PReLU(num_parameters=64)
                (relu2): PReLU(num_parameters=64)
                (conv2): Conv2d(64, 64, kernel_size=(3, 3), stride=(1, 1), padding=(1, 1), bias=False)
                (bn2): BatchNorm2d(64, eps=1e-05, momentum=0.1, affine=True, track_running_stats=True)
              )
            )
            (layer2): Sequential(
              (0): BasicBlock(
                (conv1): Conv2d(64, 128, kernel_size=(3, 3), stride=(2, 2), padding=(1, 1), bias=False)
                (bn1): BatchNorm2d(128, eps=1e-05, momentum=0.1, affine=True, track_running_stats=True)
                (relu1): PReLU(num_parameters=128)
                (relu2): PReLU(num_parameters=128)
                (conv2): Conv2d(128, 128, kernel_size=(3, 3), stride=(1, 1), padding=(1, 1), bias=False)
                (bn2): BatchNorm2d(128, eps=1e-05, momentum=0.1, affine=True, track_running_stats=True)
                (downsample): Sequential(
                  (0): Conv2d(64, 128, kernel_size=(1, 1), stride=(2, 2), bias=False)
                  (1): BatchNorm2d(128, eps=1e-05, momentum=0.1, affine=True, track_running_stats=True)
                )
              )
              (1): BasicBlock(
                (conv1): Conv2d(128, 128, kernel_size=(3, 3), stride=(1, 1), padding=(1, 1), bias=False)
                (bn1): BatchNorm2d(128, eps=1e-05, momentum=0.1, affine=True, track_running_stats=True)
                (relu1): PReLU(num_parameters=128)
                (relu2): PReLU(num_parameters=128)
                (conv2): Conv2d(128, 128, kernel_size=(3, 3), stride=(1, 1), padding=(1, 1), bias=False)
                (bn2): BatchNorm2d(128, eps=1e-05, momentum=0.1, affine=True, track_running_stats=True)
              )
            )
            (layer3): Sequential(
              (0): BasicBlock(
                (conv1): Conv2d(128, 256, kernel_size=(3, 3), stride=(2, 2), padding=(1, 1), bias=False)
                (bn1): BatchNorm2d(256, eps=1e-05, momentum=0.1, affine=True, track_running_stats=True)
                (relu1): PReLU(num_parameters=256)
                (relu2): PReLU(num_parameters=256)
                (conv2): Conv2d(256, 256, kernel_size=(3, 3), stride=(1, 1), padding=(1, 1), bias=False)
                (bn2): BatchNorm2d(256, eps=1e-05, momentum=0.1, affine=True, track_running_stats=True)
                (downsample): Sequential(
                  (0): Conv2d(128, 256, kernel_size=(1, 1), stride=(2, 2), bias=False)
                  (1): BatchNorm2d(256, eps=1e-05, momentum=0.1, affine=True, track_running_stats=True)
                )
              )
              (1): BasicBlock(
                (conv1): Conv2d(256, 256, kernel_size=(3, 3), stride=(1, 1), padding=(1, 1), bias=False)
                (bn1): BatchNorm2d(256, eps=1e-05, momentum=0.1, affine=True, track_running_stats=True)
                (relu1): PReLU(num_parameters=256)
                (relu2): PReLU(num_parameters=256)
                (conv2): Conv2d(256, 256, kernel_size=(3, 3), stride=(1, 1), padding=(1, 1), bias=False)
                (bn2): BatchNorm2d(256, eps=1e-05, momentum=0.1, affine=True, track_running_stats=True)
              )
            )
            (layer4): Sequential(
              (0): BasicBlock(
                (conv1): Conv2d(256, 512, kernel_size=(3, 3), stride=(2, 2), padding=(1, 1), bias=False)
                (bn1): BatchNorm2d(512, eps=1e-05, momentum=0.1, affine=True, track_running_stats=True)
                (relu1): PReLU(num_parameters=512)
                (relu2): PReLU(num_parameters=512)
                (conv2): Conv2d(512, 512, kernel_size=(3, 3), stride=(1, 1), padding=(1, 1), bias=False)
                (bn2): BatchNorm2d(512, eps=1e-05, momentum=0.1, affine=True, track_running_stats=True)
                (downsample): Sequential(
                  (0): Conv2d(256, 512, kernel_size=(1, 1), stride=(2, 2), bias=False)
                  (1): BatchNorm2d(512, eps=1e-05, momentum=0.1, affine=True, track_running_stats=True)
                )
              )
              (1): BasicBlock(
                (conv1): Conv2d(512, 512, kernel_size=(3, 3), stride=(1, 1), padding=(1, 1), bias=False)
                (bn1): BatchNorm2d(512, eps=1e-05, momentum=0.1, affine=True, track_running_stats=True)
                (relu1): PReLU(num_parameters=512)
                (relu2): PReLU(num_parameters=512)
                (conv2): Conv2d(512, 512, kernel_size=(3, 3), stride=(1, 1), padding=(1, 1), bias=False)
                (bn2): BatchNorm2d(512, eps=1e-05, momentum=0.1, affine=True, track_running_stats=True)
              )
            )
            (avgpool): AdaptiveAvgPool2d(output_size=1)
          )
        )
        (proj): Linear(in_features=512, out_features=768, bias=True)
      )
      (post_extract_proj): Linear(in_features=1536, out_features=768, bias=True)
      (dropout_input): Dropout(p=0.0, inplace=False)
      (dropout_features): Dropout(p=0.1, inplace=False)
      (encoder): TransformerEncoder(
        (pos_conv): Sequential(
          (0): Conv1d(768, 768, kernel_size=(128,), stride=(1,), padding=(64,), groups=16)
          (1): SamePad()
          (2): GELU(approximate='none')
        )
        (layers): ModuleList(
          (0): TransformerSentenceEncoderLayer(
            (self_attn): MultiheadAttention(
              (dropout_module): FairseqDropout()
              (k_proj): Linear(in_features=768, out_features=768, bias=True)
              (v_proj): Linear(in_features=768, out_features=768, bias=True)
              (q_proj): Linear(in_features=768, out_features=768, bias=True)
              (out_proj): Linear(in_features=768, out_features=768, bias=True)
            )
            (dropout1): Dropout(p=0.0, inplace=False)
            (dropout2): Dropout(p=0.1, inplace=False)
            (dropout3): Dropout(p=0.0, inplace=False)
            (self_attn_layer_norm): LayerNorm((768,), eps=1e-05, elementwise_affine=True)
            (fc1): Linear(in_features=768, out_features=3072, bias=True)
            (fc2): Linear(in_features=3072, out_features=768, bias=True)
            (final_layer_norm): LayerNorm((768,), eps=1e-05, elementwise_affine=True)
          )
          (1): TransformerSentenceEncoderLayer(
            (self_attn): MultiheadAttention(
              (dropout_module): FairseqDropout()
              (k_proj): Linear(in_features=768, out_features=768, bias=True)
              (v_proj): Linear(in_features=768, out_features=768, bias=True)
              (q_proj): Linear(in_features=768, out_features=768, bias=True)
              (out_proj): Linear(in_features=768, out_features=768, bias=True)
            )
            (dropout1): Dropout(p=0.0, inplace=False)
            (dropout2): Dropout(p=0.1, inplace=False)
            (dropout3): Dropout(p=0.0, inplace=False)
            (self_attn_layer_norm): LayerNorm((768,), eps=1e-05, elementwise_affine=True)
            (fc1): Linear(in_features=768, out_features=3072, bias=True)
            (fc2): Linear(in_features=3072, out_features=768, bias=True)
            (final_layer_norm): LayerNorm((768,), eps=1e-05, elementwise_affine=True)
          )
          (2): TransformerSentenceEncoderLayer(
            (self_attn): MultiheadAttention(
              (dropout_module): FairseqDropout()
              (k_proj): Linear(in_features=768, out_features=768, bias=True)
              (v_proj): Linear(in_features=768, out_features=768, bias=True)
              (q_proj): Linear(in_features=768, out_features=768, bias=True)
              (out_proj): Linear(in_features=768, out_features=768, bias=True)
            )
            (dropout1): Dropout(p=0.0, inplace=False)
            (dropout2): Dropout(p=0.1, inplace=False)
            (dropout3): Dropout(p=0.0, inplace=False)
            (self_attn_layer_norm): LayerNorm((768,), eps=1e-05, elementwise_affine=True)
            (fc1): Linear(in_features=768, out_features=3072, bias=True)
            (fc2): Linear(in_features=3072, out_features=768, bias=True)
            (final_layer_norm): LayerNorm((768,), eps=1e-05, elementwise_affine=True)
          )
          (3): TransformerSentenceEncoderLayer(
            (self_attn): MultiheadAttention(
              (dropout_module): FairseqDropout()
              (k_proj): Linear(in_features=768, out_features=768, bias=True)
              (v_proj): Linear(in_features=768, out_features=768, bias=True)
              (q_proj): Linear(in_features=768, out_features=768, bias=True)
              (out_proj): Linear(in_features=768, out_features=768, bias=True)
            )
            (dropout1): Dropout(p=0.0, inplace=False)
            (dropout2): Dropout(p=0.1, inplace=False)
            (dropout3): Dropout(p=0.0, inplace=False)
            (self_attn_layer_norm): LayerNorm((768,), eps=1e-05, elementwise_affine=True)
            (fc1): Linear(in_features=768, out_features=3072, bias=True)
            (fc2): Linear(in_features=3072, out_features=768, bias=True)
            (final_layer_norm): LayerNorm((768,), eps=1e-05, elementwise_affine=True)
          )
          (4): TransformerSentenceEncoderLayer(
            (self_attn): MultiheadAttention(
              (dropout_module): FairseqDropout()
              (k_proj): Linear(in_features=768, out_features=768, bias=True)
              (v_proj): Linear(in_features=768, out_features=768, bias=True)
              (q_proj): Linear(in_features=768, out_features=768, bias=True)
              (out_proj): Linear(in_features=768, out_features=768, bias=True)
            )
            (dropout1): Dropout(p=0.0, inplace=False)
            (dropout2): Dropout(p=0.1, inplace=False)
            (dropout3): Dropout(p=0.0, inplace=False)
            (self_attn_layer_norm): LayerNorm((768,), eps=1e-05, elementwise_affine=True)
            (fc1): Linear(in_features=768, out_features=3072, bias=True)
            (fc2): Linear(in_features=3072, out_features=768, bias=True)
            (final_layer_norm): LayerNorm((768,), eps=1e-05, elementwise_affine=True)
          )
          (5): TransformerSentenceEncoderLayer(
            (self_attn): MultiheadAttention(
              (dropout_module): FairseqDropout()
              (k_proj): Linear(in_features=768, out_features=768, bias=True)
              (v_proj): Linear(in_features=768, out_features=768, bias=True)
              (q_proj): Linear(in_features=768, out_features=768, bias=True)
              (out_proj): Linear(in_features=768, out_features=768, bias=True)
            )
            (dropout1): Dropout(p=0.0, inplace=False)
            (dropout2): Dropout(p=0.1, inplace=False)
            (dropout3): Dropout(p=0.0, inplace=False)
            (self_attn_layer_norm): LayerNorm((768,), eps=1e-05, elementwise_affine=True)
            (fc1): Linear(in_features=768, out_features=3072, bias=True)
            (fc2): Linear(in_features=3072, out_features=768, bias=True)
            (final_layer_norm): LayerNorm((768,), eps=1e-05, elementwise_affine=True)
          )
          (6): TransformerSentenceEncoderLayer(
            (self_attn): MultiheadAttention(
              (dropout_module): FairseqDropout()
              (k_proj): Linear(in_features=768, out_features=768, bias=True)
              (v_proj): Linear(in_features=768, out_features=768, bias=True)
              (q_proj): Linear(in_features=768, out_features=768, bias=True)
              (out_proj): Linear(in_features=768, out_features=768, bias=True)
            )
            (dropout1): Dropout(p=0.0, inplace=False)
            (dropout2): Dropout(p=0.1, inplace=False)
            (dropout3): Dropout(p=0.0, inplace=False)
            (self_attn_layer_norm): LayerNorm((768,), eps=1e-05, elementwise_affine=True)
            (fc1): Linear(in_features=768, out_features=3072, bias=True)
            (fc2): Linear(in_features=3072, out_features=768, bias=True)
            (final_layer_norm): LayerNorm((768,), eps=1e-05, elementwise_affine=True)
          )
          (7): TransformerSentenceEncoderLayer(
            (self_attn): MultiheadAttention(
              (dropout_module): FairseqDropout()
              (k_proj): Linear(in_features=768, out_features=768, bias=True)
              (v_proj): Linear(in_features=768, out_features=768, bias=True)
              (q_proj): Linear(in_features=768, out_features=768, bias=True)
              (out_proj): Linear(in_features=768, out_features=768, bias=True)
            )
            (dropout1): Dropout(p=0.0, inplace=False)
            (dropout2): Dropout(p=0.1, inplace=False)
            (dropout3): Dropout(p=0.0, inplace=False)
            (self_attn_layer_norm): LayerNorm((768,), eps=1e-05, elementwise_affine=True)
            (fc1): Linear(in_features=768, out_features=3072, bias=True)
            (fc2): Linear(in_features=3072, out_features=768, bias=True)
            (final_layer_norm): LayerNorm((768,), eps=1e-05, elementwise_affine=True)
          )
          (8): TransformerSentenceEncoderLayer(
            (self_attn): MultiheadAttention(
              (dropout_module): FairseqDropout()
              (k_proj): Linear(in_features=768, out_features=768, bias=True)
              (v_proj): Linear(in_features=768, out_features=768, bias=True)
              (q_proj): Linear(in_features=768, out_features=768, bias=True)
              (out_proj): Linear(in_features=768, out_features=768, bias=True)
            )
            (dropout1): Dropout(p=0.0, inplace=False)
            (dropout2): Dropout(p=0.1, inplace=False)
            (dropout3): Dropout(p=0.0, inplace=False)
            (self_attn_layer_norm): LayerNorm((768,), eps=1e-05, elementwise_affine=True)
            (fc1): Linear(in_features=768, out_features=3072, bias=True)
            (fc2): Linear(in_features=3072, out_features=768, bias=True)
            (final_layer_norm): LayerNorm((768,), eps=1e-05, elementwise_affine=True)
          )
          (9): TransformerSentenceEncoderLayer(
            (self_attn): MultiheadAttention(
              (dropout_module): FairseqDropout()
              (k_proj): Linear(in_features=768, out_features=768, bias=True)
              (v_proj): Linear(in_features=768, out_features=768, bias=True)
              (q_proj): Linear(in_features=768, out_features=768, bias=True)
              (out_proj): Linear(in_features=768, out_features=768, bias=True)
            )
            (dropout1): Dropout(p=0.0, inplace=False)
            (dropout2): Dropout(p=0.1, inplace=False)
            (dropout3): Dropout(p=0.0, inplace=False)
            (self_attn_layer_norm): LayerNorm((768,), eps=1e-05, elementwise_affine=True)
            (fc1): Linear(in_features=768, out_features=3072, bias=True)
            (fc2): Linear(in_features=3072, out_features=768, bias=True)
            (final_layer_norm): LayerNorm((768,), eps=1e-05, elementwise_affine=True)
          )
          (10): TransformerSentenceEncoderLayer(
            (self_attn): MultiheadAttention(
              (dropout_module): FairseqDropout()
              (k_proj): Linear(in_features=768, out_features=768, bias=True)
              (v_proj): Linear(in_features=768, out_features=768, bias=True)
              (q_proj): Linear(in_features=768, out_features=768, bias=True)
              (out_proj): Linear(in_features=768, out_features=768, bias=True)
            )
            (dropout1): Dropout(p=0.0, inplace=False)
            (dropout2): Dropout(p=0.1, inplace=False)
            (dropout3): Dropout(p=0.0, inplace=False)
            (self_attn_layer_norm): LayerNorm((768,), eps=1e-05, elementwise_affine=True)
            (fc1): Linear(in_features=768, out_features=3072, bias=True)
            (fc2): Linear(in_features=3072, out_features=768, bias=True)
            (final_layer_norm): LayerNorm((768,), eps=1e-05, elementwise_affine=True)
          )
          (11): TransformerSentenceEncoderLayer(
            (self_attn): MultiheadAttention(
              (dropout_module): FairseqDropout()
              (k_proj): Linear(in_features=768, out_features=768, bias=True)
              (v_proj): Linear(in_features=768, out_features=768, bias=True)
              (q_proj): Linear(in_features=768, out_features=768, bias=True)
              (out_proj): Linear(in_features=768, out_features=768, bias=True)
            )
            (dropout1): Dropout(p=0.0, inplace=False)
            (dropout2): Dropout(p=0.1, inplace=False)
            (dropout3): Dropout(p=0.0, inplace=False)
            (self_attn_layer_norm): LayerNorm((768,), eps=1e-05, elementwise_affine=True)
            (fc1): Linear(in_features=768, out_features=3072, bias=True)
            (fc2): Linear(in_features=3072, out_features=768, bias=True)
            (final_layer_norm): LayerNorm((768,), eps=1e-05, elementwise_affine=True)
          )
        )
        (layer_norm): LayerNorm((768,), eps=1e-05, elementwise_affine=True)
      )
      (layer_norm): LayerNorm((1536,), eps=1e-05, elementwise_affine=True)
      (final_proj): None
    )
  )
  (decoder): TransformerDecoder(
    (embed_tokens): Embedding(500, 768, padding_idx=1)
    (embed_positions): SinusoidalPositionalEmbedding()
    (layers): ModuleList(
      (0): TransformerDecoderLayer(
        (dropout_module): FairseqDropout()
        (self_attn): MultiheadAttention(
          (dropout_module): FairseqDropout()
          (k_proj): Linear(in_features=768, out_features=768, bias=True)
          (v_proj): LoRALinear(
            (base): Linear(in_features=768, out_features=768, bias=True)
            (lora_dropout): Dropout(p=0.05, inplace=False)
          )
          (q_proj): LoRALinear(
            (base): Linear(in_features=768, out_features=768, bias=True)
            (lora_dropout): Dropout(p=0.05, inplace=False)
          )
          (out_proj): Linear(in_features=768, out_features=768, bias=True)
        )
        (activation_dropout_module): FairseqDropout()
        (self_attn_layer_norm): LayerNorm((768,), eps=1e-05, elementwise_affine=True)
        (encoder_attn): MultiheadAttention(
          (dropout_module): FairseqDropout()
          (k_proj): Linear(in_features=768, out_features=768, bias=True)
          (v_proj): LoRALinear(
            (base): Linear(in_features=768, out_features=768, bias=True)
            (lora_dropout): Dropout(p=0.05, inplace=False)
          )
          (q_proj): LoRALinear(
            (base): Linear(in_features=768, out_features=768, bias=True)
            (lora_dropout): Dropout(p=0.05, inplace=False)
          )
          (out_proj): Linear(in_features=768, out_features=768, bias=True)
        )
        (encoder_attn_layer_norm): LayerNorm((768,), eps=1e-05, elementwise_affine=True)
        (fc1): Linear(in_features=768, out_features=3072, bias=True)
        (fc2): Linear(in_features=3072, out_features=768, bias=True)
        (final_layer_norm): LayerNorm((768,), eps=1e-05, elementwise_affine=True)
      )
      (1): TransformerDecoderLayer(
        (dropout_module): FairseqDropout()
        (self_attn): MultiheadAttention(
          (dropout_module): FairseqDropout()
          (k_proj): Linear(in_features=768, out_features=768, bias=True)
          (v_proj): LoRALinear(
            (base): Linear(in_features=768, out_features=768, bias=True)
            (lora_dropout): Dropout(p=0.05, inplace=False)
          )
          (q_proj): LoRALinear(
            (base): Linear(in_features=768, out_features=768, bias=True)
            (lora_dropout): Dropout(p=0.05, inplace=False)
          )
          (out_proj): Linear(in_features=768, out_features=768, bias=True)
        )
        (activation_dropout_module): FairseqDropout()
        (self_attn_layer_norm): LayerNorm((768,), eps=1e-05, elementwise_affine=True)
        (encoder_attn): MultiheadAttention(
          (dropout_module): FairseqDropout()
          (k_proj): Linear(in_features=768, out_features=768, bias=True)
          (v_proj): LoRALinear(
            (base): Linear(in_features=768, out_features=768, bias=True)
            (lora_dropout): Dropout(p=0.05, inplace=False)
          )
          (q_proj): LoRALinear(
            (base): Linear(in_features=768, out_features=768, bias=True)
            (lora_dropout): Dropout(p=0.05, inplace=False)
          )
          (out_proj): Linear(in_features=768, out_features=768, bias=True)
        )
        (encoder_attn_layer_norm): LayerNorm((768,), eps=1e-05, elementwise_affine=True)
        (fc1): Linear(in_features=768, out_features=3072, bias=True)
        (fc2): Linear(in_features=3072, out_features=768, bias=True)
        (final_layer_norm): LayerNorm((768,), eps=1e-05, elementwise_affine=True)
      )
      (2): TransformerDecoderLayer(
        (dropout_module): FairseqDropout()
        (self_attn): MultiheadAttention(
          (dropout_module): FairseqDropout()
          (k_proj): Linear(in_features=768, out_features=768, bias=True)
          (v_proj): LoRALinear(
            (base): Linear(in_features=768, out_features=768, bias=True)
            (lora_dropout): Dropout(p=0.05, inplace=False)
          )
          (q_proj): LoRALinear(
            (base): Linear(in_features=768, out_features=768, bias=True)
            (lora_dropout): Dropout(p=0.05, inplace=False)
          )
          (out_proj): Linear(in_features=768, out_features=768, bias=True)
        )
        (activation_dropout_module): FairseqDropout()
        (self_attn_layer_norm): LayerNorm((768,), eps=1e-05, elementwise_affine=True)
        (encoder_attn): MultiheadAttention(
          (dropout_module): FairseqDropout()
          (k_proj): Linear(in_features=768, out_features=768, bias=True)
          (v_proj): LoRALinear(
            (base): Linear(in_features=768, out_features=768, bias=True)
            (lora_dropout): Dropout(p=0.05, inplace=False)
          )
          (q_proj): LoRALinear(
            (base): Linear(in_features=768, out_features=768, bias=True)
            (lora_dropout): Dropout(p=0.05, inplace=False)
          )
          (out_proj): Linear(in_features=768, out_features=768, bias=True)
        )
        (encoder_attn_layer_norm): LayerNorm((768,), eps=1e-05, elementwise_affine=True)
        (fc1): Linear(in_features=768, out_features=3072, bias=True)
        (fc2): Linear(in_features=3072, out_features=768, bias=True)
        (final_layer_norm): LayerNorm((768,), eps=1e-05, elementwise_affine=True)
      )
      (3): TransformerDecoderLayer(
        (dropout_module): FairseqDropout()
        (self_attn): MultiheadAttention(
          (dropout_module): FairseqDropout()
          (k_proj): Linear(in_features=768, out_features=768, bias=True)
          (v_proj): LoRALinear(
            (base): Linear(in_features=768, out_features=768, bias=True)
            (lora_dropout): Dropout(p=0.05, inplace=False)
          )
          (q_proj): LoRALinear(
            (base): Linear(in_features=768, out_features=768, bias=True)
            (lora_dropout): Dropout(p=0.05, inplace=False)
          )
          (out_proj): Linear(in_features=768, out_features=768, bias=True)
        )
        (activation_dropout_module): FairseqDropout()
        (self_attn_layer_norm): LayerNorm((768,), eps=1e-05, elementwise_affine=True)
        (encoder_attn): MultiheadAttention(
          (dropout_module): FairseqDropout()
          (k_proj): Linear(in_features=768, out_features=768, bias=True)
          (v_proj): LoRALinear(
            (base): Linear(in_features=768, out_features=768, bias=True)
            (lora_dropout): Dropout(p=0.05, inplace=False)
          )
          (q_proj): LoRALinear(
            (base): Linear(in_features=768, out_features=768, bias=True)
            (lora_dropout): Dropout(p=0.05, inplace=False)
          )
          (out_proj): Linear(in_features=768, out_features=768, bias=True)
        )
        (encoder_attn_layer_norm): LayerNorm((768,), eps=1e-05, elementwise_affine=True)
        (fc1): Linear(in_features=768, out_features=3072, bias=True)
        (fc2): Linear(in_features=3072, out_features=768, bias=True)
        (final_layer_norm): LayerNorm((768,), eps=1e-05, elementwise_affine=True)
      )
      (4): TransformerDecoderLayer(
        (dropout_module): FairseqDropout()
        (self_attn): MultiheadAttention(
          (dropout_module): FairseqDropout()
          (k_proj): Linear(in_features=768, out_features=768, bias=True)
          (v_proj): LoRALinear(
            (base): Linear(in_features=768, out_features=768, bias=True)
            (lora_dropout): Dropout(p=0.05, inplace=False)
          )
          (q_proj): LoRALinear(
            (base): Linear(in_features=768, out_features=768, bias=True)
            (lora_dropout): Dropout(p=0.05, inplace=False)
          )
          (out_proj): Linear(in_features=768, out_features=768, bias=True)
        )
        (activation_dropout_module): FairseqDropout()
        (self_attn_layer_norm): LayerNorm((768,), eps=1e-05, elementwise_affine=True)
        (encoder_attn): MultiheadAttention(
          (dropout_module): FairseqDropout()
          (k_proj): Linear(in_features=768, out_features=768, bias=True)
          (v_proj): LoRALinear(
            (base): Linear(in_features=768, out_features=768, bias=True)
            (lora_dropout): Dropout(p=0.05, inplace=False)
          )
          (q_proj): LoRALinear(
            (base): Linear(in_features=768, out_features=768, bias=True)
            (lora_dropout): Dropout(p=0.05, inplace=False)
          )
          (out_proj): Linear(in_features=768, out_features=768, bias=True)
        )
        (encoder_attn_layer_norm): LayerNorm((768,), eps=1e-05, elementwise_affine=True)
        (fc1): Linear(in_features=768, out_features=3072, bias=True)
        (fc2): Linear(in_features=3072, out_features=768, bias=True)
        (final_layer_norm): LayerNorm((768,), eps=1e-05, elementwise_affine=True)
      )
      (5): TransformerDecoderLayer(
        (dropout_module): FairseqDropout()
        (self_attn): MultiheadAttention(
          (dropout_module): FairseqDropout()
          (k_proj): Linear(in_features=768, out_features=768, bias=True)
          (v_proj): LoRALinear(
            (base): Linear(in_features=768, out_features=768, bias=True)
            (lora_dropout): Dropout(p=0.05, inplace=False)
          )
          (q_proj): LoRALinear(
            (base): Linear(in_features=768, out_features=768, bias=True)
            (lora_dropout): Dropout(p=0.05, inplace=False)
          )
          (out_proj): Linear(in_features=768, out_features=768, bias=True)
        )
        (activation_dropout_module): FairseqDropout()
        (self_attn_layer_norm): LayerNorm((768,), eps=1e-05, elementwise_affine=True)
        (encoder_attn): MultiheadAttention(
          (dropout_module): FairseqDropout()
          (k_proj): Linear(in_features=768, out_features=768, bias=True)
          (v_proj): LoRALinear(
            (base): Linear(in_features=768, out_features=768, bias=True)
            (lora_dropout): Dropout(p=0.05, inplace=False)
          )
          (q_proj): LoRALinear(
            (base): Linear(in_features=768, out_features=768, bias=True)
            (lora_dropout): Dropout(p=0.05, inplace=False)
          )
          (out_proj): Linear(in_features=768, out_features=768, bias=True)
        )
        (encoder_attn_layer_norm): LayerNorm((768,), eps=1e-05, elementwise_affine=True)
        (fc1): Linear(in_features=768, out_features=3072, bias=True)
        (fc2): Linear(in_features=3072, out_features=768, bias=True)
        (final_layer_norm): LayerNorm((768,), eps=1e-05, elementwise_affine=True)
      )
    )
    (layer_norm): LayerNorm((768,), eps=1e-05, elementwise_affine=True)
  )
)
[2026-08-29 22:23:53,826][fairseq_cli.train][INFO] - task: AVHubertPretrainingTask
[2026-08-29 22:23:53,826][fairseq_cli.train][INFO] - model: AVHubertSeq2Seq
[2026-08-29 22:23:53,827][fairseq_cli.train][INFO] - criterion: LabelSmoothedCrossEntropyCriterion
[2026-08-29 22:23:53,829][fairseq_cli.train][INFO] - num. shared model params: 160,819,432 (num. trained: 589,824)
[2026-08-29 22:23:53,836][fairseq_cli.train][INFO] - num. expert model params: 0 (num. trained: 0)
[2026-08-29 22:23:53,838][avhubert.hubert_pretraining][INFO] - Using tokenizer
[2026-08-29 22:23:53,852][avhubert.hubert_dataset][INFO] - max_keep=500, min_keep=None, loaded 235, skipped 0 short and 3 long and 0 unaligned, longest-loaded=369, shortest-loaded=32
[2026-08-29 22:23:53,854][avhubert.hubert_dataset][INFO] - /workspace/av-hubert-ai-speak/data/aispeak_ser_data/valid.wrd is sequence label. skipped
[2026-08-29 22:23:53,855][avhubert.hubert_dataset][INFO] - image transform: Compose(
    Normalize(mean=0.0, std=255.0)
    <avhubert.utils.CenterCrop object at 0x7bc97085d850>
    Normalize(mean=0.421, std=0.165)
)
[2026-08-29 22:23:53,855][avhubert.hubert_dataset][INFO] - pad_audio=True, random_crop=False, normalize=True, max_sample_size=500, seqs2seq data=True,
[2026-08-29 22:23:53,856][avhubert.hubert_dataset][INFO] - Noise wav: None->0 wav, Prob: 0.0, SNR: 0, Number of mixture: 1
[2026-08-29 22:23:55,507][fairseq.trainer][INFO] - detected shared parameter: encoder.w2v_model.feature_extractor_video.resnet.frontend3D.0.bias <- encoder.w2v_model.feature_extractor_video.resnet.trunk.layer1.0.conv1.bias
[2026-08-29 22:23:55,512][fairseq.trainer][INFO] - detected shared parameter: encoder.w2v_model.feature_extractor_video.resnet.frontend3D.0.bias <- encoder.w2v_model.feature_extractor_video.resnet.trunk.layer1.0.conv2.bias
[2026-08-29 22:23:55,513][fairseq.trainer][INFO] - detected shared parameter: encoder.w2v_model.feature_extractor_video.resnet.frontend3D.0.bias <- encoder.w2v_model.feature_extractor_video.resnet.trunk.layer1.1.conv1.bias
[2026-08-29 22:23:55,514][fairseq.trainer][INFO] - detected shared parameter: encoder.w2v_model.feature_extractor_video.resnet.frontend3D.0.bias <- encoder.w2v_model.feature_extractor_video.resnet.trunk.layer1.1.conv2.bias
[2026-08-29 22:23:55,516][fairseq.trainer][INFO] - detected shared parameter: encoder.w2v_model.feature_extractor_video.resnet.frontend3D.0.bias <- encoder.w2v_model.feature_extractor_video.resnet.trunk.layer2.0.conv1.bias
[2026-08-29 22:23:55,516][fairseq.trainer][INFO] - detected shared parameter: encoder.w2v_model.feature_extractor_video.resnet.frontend3D.0.bias <- encoder.w2v_model.feature_extractor_video.resnet.trunk.layer2.0.conv2.bias
[2026-08-29 22:23:55,517][fairseq.trainer][INFO] - detected shared parameter: encoder.w2v_model.feature_extractor_video.resnet.frontend3D.0.bias <- encoder.w2v_model.feature_extractor_video.resnet.trunk.layer2.0.downsample.0.bias
[2026-08-29 22:23:55,517][fairseq.trainer][INFO] - detected shared parameter: encoder.w2v_model.feature_extractor_video.resnet.frontend3D.0.bias <- encoder.w2v_model.feature_extractor_video.resnet.trunk.layer2.1.conv1.bias
[2026-08-29 22:23:55,518][fairseq.trainer][INFO] - detected shared parameter: encoder.w2v_model.feature_extractor_video.resnet.frontend3D.0.bias <- encoder.w2v_model.feature_extractor_video.resnet.trunk.layer2.1.conv2.bias
[2026-08-29 22:23:55,518][fairseq.trainer][INFO] - detected shared parameter: encoder.w2v_model.feature_extractor_video.resnet.frontend3D.0.bias <- encoder.w2v_model.feature_extractor_video.resnet.trunk.layer3.0.conv1.bias
[2026-08-29 22:23:55,519][fairseq.trainer][INFO] - detected shared parameter: encoder.w2v_model.feature_extractor_video.resnet.frontend3D.0.bias <- encoder.w2v_model.feature_extractor_video.resnet.trunk.layer3.0.conv2.bias
[2026-08-29 22:23:55,520][fairseq.trainer][INFO] - detected shared parameter: encoder.w2v_model.feature_extractor_video.resnet.frontend3D.0.bias <- encoder.w2v_model.feature_extractor_video.resnet.trunk.layer3.0.downsample.0.bias
[2026-08-29 22:23:55,520][fairseq.trainer][INFO] - detected shared parameter: encoder.w2v_model.feature_extractor_video.resnet.frontend3D.0.bias <- encoder.w2v_model.feature_extractor_video.resnet.trunk.layer3.1.conv1.bias
[2026-08-29 22:23:55,540][fairseq.trainer][INFO] - detected shared parameter: encoder.w2v_model.feature_extractor_video.resnet.frontend3D.0.bias <- encoder.w2v_model.feature_extractor_video.resnet.trunk.layer3.1.conv2.bias
[2026-08-29 22:23:55,543][fairseq.trainer][INFO] - detected shared parameter: encoder.w2v_model.feature_extractor_video.resnet.frontend3D.0.bias <- encoder.w2v_model.feature_extractor_video.resnet.trunk.layer4.0.conv1.bias
[2026-08-29 22:23:55,543][fairseq.trainer][INFO] - detected shared parameter: encoder.w2v_model.feature_extractor_video.resnet.frontend3D.0.bias <- encoder.w2v_model.feature_extractor_video.resnet.trunk.layer4.0.conv2.bias
[2026-08-29 22:23:55,546][fairseq.trainer][INFO] - detected shared parameter: encoder.w2v_model.feature_extractor_video.resnet.frontend3D.0.bias <- encoder.w2v_model.feature_extractor_video.resnet.trunk.layer4.0.downsample.0.bias
[2026-08-29 22:23:55,547][fairseq.trainer][INFO] - detected shared parameter: encoder.w2v_model.feature_extractor_video.resnet.frontend3D.0.bias <- encoder.w2v_model.feature_extractor_video.resnet.trunk.layer4.1.conv1.bias
[2026-08-29 22:23:55,547][fairseq.trainer][INFO] - detected shared parameter: encoder.w2v_model.feature_extractor_video.resnet.frontend3D.0.bias <- encoder.w2v_model.feature_extractor_video.resnet.trunk.layer4.1.conv2.bias
[2026-08-29 22:23:55,549][fairseq.utils][INFO] - ***********************CUDA enviroments for all 1 workers***********************
[2026-08-29 22:23:55,549][fairseq.utils][INFO] - rank   0: capabilities =  8.6  ; total memory = 44.422 GB ; name = NVIDIA A40                              
[2026-08-29 22:23:55,550][fairseq.utils][INFO] - ***********************CUDA enviroments for all 1 workers***********************
[2026-08-29 22:23:55,551][fairseq_cli.train][INFO] - training on 1 devices (GPUs/TPUs)
[2026-08-29 22:23:55,554][fairseq_cli.train][INFO] - max tokens per device = 2000 and max sentences per device = None
[2026-08-29 22:23:55,557][fairseq.trainer][INFO] - Preparing to load checkpoint checkpoints/checkpoint_last.pt
[2026-08-29 22:23:55,558][fairseq.trainer][INFO] - No existing checkpoint found checkpoints/checkpoint_last.pt
[2026-08-29 22:23:55,558][fairseq.trainer][INFO] - loading train data for epoch 1
[2026-08-29 22:23:55,559][avhubert.hubert_pretraining][INFO] - Using tokenizer
[2026-08-29 22:23:55,574][avhubert.hubert_dataset][INFO] - max_keep=500, min_keep=None, loaded 1800, skipped 0 short and 22 long and 0 unaligned, longest-loaded=421, shortest-loaded=29
[2026-08-29 22:23:55,578][avhubert.hubert_dataset][INFO] - /workspace/av-hubert-ai-speak/data/aispeak_ser_data/train.wrd is sequence label. skipped
[2026-08-29 22:23:55,579][avhubert.hubert_dataset][INFO] - image transform: Compose(
    Normalize(mean=0.0, std=255.0)
    RandomCrop(size=(88, 88))
    <avhubert.utils.HorizontalFlip object at 0x7bc9a71bbc70>
    Normalize(mean=0.421, std=0.165)
)
[2026-08-29 22:23:55,579][avhubert.hubert_dataset][INFO] - pad_audio=True, random_crop=False, normalize=True, max_sample_size=500, seqs2seq data=True,
[2026-08-29 22:23:55,580][avhubert.hubert_dataset][INFO] - Noise wav: None->0 wav, Prob: 0.0, SNR: 0, Number of mixture: 1
[2026-08-29 22:23:55,834][fairseq.logging.progress_bar][WARNING] - tensorboard not found, please install with: pip install tensorboard
[2026-08-29 22:23:55,836][fairseq.trainer][INFO] - begin training epoch 1
[2026-08-29 22:23:55,837][fairseq_cli.train][INFO] - Start iterating over samples
[2026-08-29 22:24:09,928][fairseq_cli.train][INFO] - begin validation on "valid" subset
[2026-08-29 22:24:10,126][fairseq.logging.progress_bar][WARNING] - tensorboard not found, please install with: pip install tensorboard
[2026-08-29 22:24:12,019][valid][INFO] - {"epoch": 1, "valid_loss": "153.271", "valid_nll_loss": "9.507", "valid_total": "291.154", "valid_n_correct": "0.384615", "valid_ppl": "727.56", "valid_accuracy": "0.132", "valid_wps": "3771.5", "valid_wpb": "291.2", "valid_bsz": "18.1", "valid_num_updates": "24"}
[2026-08-29 22:24:12,022][fairseq.checkpoint_utils][INFO] - Preparing to save checkpoint for epoch 1 @ 24 updates
[2026-08-29 22:24:12,023][fairseq.trainer][INFO] - Saving checkpoint to checkpoints/checkpoint_best.pt
[2026-08-29 22:24:14,156][fairseq.trainer][INFO] - Finished saving checkpoint to checkpoints/checkpoint_best.pt
[2026-08-29 22:24:16,711][fairseq.checkpoint_utils][INFO] - Saved checkpoint checkpoints/checkpoint_best.pt (epoch 1 @ 24 updates, score 0.132) (writing took 4.688561722636223 seconds)
[2026-08-29 22:24:16,713][fairseq_cli.train][INFO] - end of epoch 1 (average epoch stats below)
[2026-08-29 22:24:16,718][train][INFO] - {"epoch": 1, "train_loss": "154.413", "train_nll_loss": "9.572", "train_total": "1209.17", "train_n_correct": "1.5", "train_ppl": "761.27", "train_accuracy": "0.124", "train_wps": "1745.7", "train_ups": "1.46", "train_wpb": "1209.2", "train_bsz": "75", "train_num_updates": "24", "train_lr": "0.0002082", "train_gnorm": "0.576", "train_loss_scale": "128", "train_train_wall": "13", "train_gb_free": "42.7", "train_wall": "21"}
[2026-08-29 22:24:17,027][fairseq.logging.progress_bar][WARNING] - tensorboard not found, please install with: pip install tensorboard
[2026-08-29 22:24:17,030][fairseq.trainer][INFO] - begin training epoch 2
[2026-08-29 22:24:17,030][fairseq_cli.train][INFO] - Start iterating over samples
[2026-08-29 22:24:28,234][fairseq_cli.train][INFO] - begin validation on "valid" subset
[2026-08-29 22:24:28,490][fairseq.logging.progress_bar][WARNING] - tensorboard not found, please install with: pip install tensorboard
[2026-08-29 22:24:30,508][valid][INFO] - {"epoch": 2, "valid_loss": "144.953", "valid_nll_loss": "8.939", "valid_total": "291.154", "valid_n_correct": "11.2308", "valid_ppl": "490.91", "valid_accuracy": "3.857", "valid_wps": "3541.4", "valid_wpb": "291.2", "valid_bsz": "18.1", "valid_num_updates": "48", "valid_best_accuracy": "3.857"}
[2026-08-29 22:24:30,521][fairseq.checkpoint_utils][INFO] - Preparing to save checkpoint for epoch 2 @ 48 updates
[2026-08-29 22:24:30,528][fairseq.trainer][INFO] - Saving checkpoint to checkpoints/checkpoint_best.pt
[2026-08-29 22:24:33,147][fairseq.trainer][INFO] - Finished saving checkpoint to checkpoints/checkpoint_best.pt
[2026-08-29 22:24:35,834][fairseq.checkpoint_utils][INFO] - Saved checkpoint checkpoints/checkpoint_best.pt (epoch 2 @ 48 updates, score 3.857) (writing took 5.312480133026838 seconds)
[2026-08-29 22:24:35,836][fairseq_cli.train][INFO] - end of epoch 2 (average epoch stats below)
[2026-08-29 22:24:35,838][train][INFO] - {"epoch": 2, "train_loss": "151.549", "train_nll_loss": "9.378", "train_total": "1209.17", "train_n_correct": "7.08333", "train_ppl": "665.55", "train_accuracy": "0.586", "train_wps": "1517.9", "train_ups": "1.26", "train_wpb": "1209.2", "train_bsz": "75", "train_num_updates": "48", "train_lr": "0.0003864", "train_gnorm": "2.194", "train_loss_scale": "128", "train_train_wall": "10", "train_gb_free": "42.9", "train_wall": "40"}
[2026-08-29 22:24:36,212][fairseq.logging.progress_bar][WARNING] - tensorboard not found, please install with: pip install tensorboard
[2026-08-29 22:24:36,221][fairseq.trainer][INFO] - begin training epoch 3
[2026-08-29 22:24:36,222][fairseq_cli.train][INFO] - Start iterating over samples
[2026-08-29 22:24:47,348][fairseq_cli.train][INFO] - begin validation on "valid" subset
[2026-08-29 22:24:47,612][fairseq.logging.progress_bar][WARNING] - tensorboard not found, please install with: pip install tensorboard
[2026-08-29 22:24:49,521][valid][INFO] - {"epoch": 3, "valid_loss": "134.268", "valid_nll_loss": "8.181", "valid_total": "291.154", "valid_n_correct": "11.7692", "valid_ppl": "290.26", "valid_accuracy": "4.042", "valid_wps": "4111.1", "valid_wpb": "291.2", "valid_bsz": "18.1", "valid_num_updates": "72", "valid_best_accuracy": "4.042"}
[2026-08-29 22:24:49,525][fairseq.checkpoint_utils][INFO] - Preparing to save checkpoint for epoch 3 @ 72 updates
[2026-08-29 22:24:49,545][fairseq.trainer][INFO] - Saving checkpoint to checkpoints/checkpoint_best.pt
[2026-08-29 22:24:52,123][fairseq.trainer][INFO] - Finished saving checkpoint to checkpoints/checkpoint_best.pt
[2026-08-29 22:24:54,810][fairseq.checkpoint_utils][INFO] - Saved checkpoint checkpoints/checkpoint_best.pt (epoch 3 @ 72 updates, score 4.042) (writing took 5.2845467906445265 seconds)
[2026-08-29 22:24:54,813][fairseq_cli.train][INFO] - end of epoch 3 (average epoch stats below)
[2026-08-29 22:24:54,816][train][INFO] - {"epoch": 3, "train_loss": "140.99", "train_nll_loss": "8.645", "train_total": "1209.17", "train_n_correct": "61.0417", "train_ppl": "400.24", "train_accuracy": "5.048", "train_wps": "1529.3", "train_ups": "1.26", "train_wpb": "1209.2", "train_bsz": "75", "train_num_updates": "72", "train_lr": "0.0005646", "train_gnorm": "2.764", "train_loss_scale": "128", "train_train_wall": "10", "train_gb_free": "42.8", "train_wall": "59"}
[2026-08-29 22:24:55,431][fairseq.logging.progress_bar][WARNING] - tensorboard not found, please install with: pip install tensorboard
[2026-08-29 22:24:55,435][fairseq.trainer][INFO] - begin training epoch 4
[2026-08-29 22:24:55,436][fairseq_cli.train][INFO] - Start iterating over samples
[2026-08-29 22:25:06,818][fairseq_cli.train][INFO] - begin validation on "valid" subset
[2026-08-29 22:25:07,210][fairseq.logging.progress_bar][WARNING] - tensorboard not found, please install with: pip install tensorboard
[2026-08-29 22:25:09,262][valid][INFO] - {"epoch": 4, "valid_loss": "130.299", "valid_nll_loss": "7.9", "valid_total": "291.154", "valid_n_correct": "18.1538", "valid_ppl": "238.91", "valid_accuracy": "6.235", "valid_wps": "4438.2", "valid_wpb": "291.2", "valid_bsz": "18.1", "valid_num_updates": "96", "valid_best_accuracy": "6.235"}
[2026-08-29 22:25:09,264][fairseq.checkpoint_utils][INFO] - Preparing to save checkpoint for epoch 4 @ 96 updates
[2026-08-29 22:25:09,265][fairseq.trainer][INFO] - Saving checkpoint to checkpoints/checkpoint_best.pt
[2026-08-29 22:25:11,670][fairseq.trainer][INFO] - Finished saving checkpoint to checkpoints/checkpoint_best.pt
[2026-08-29 22:25:14,528][fairseq.checkpoint_utils][INFO] - Saved checkpoint checkpoints/checkpoint_best.pt (epoch 4 @ 96 updates, score 6.235) (writing took 5.263777666725218 seconds)
[2026-08-29 22:25:14,530][fairseq_cli.train][INFO] - end of epoch 4 (average epoch stats below)
[2026-08-29 22:25:14,532][train][INFO] - {"epoch": 4, "train_loss": "133.857", "train_nll_loss": "8.139", "train_total": "1209.17", "train_n_correct": "61.9167", "train_ppl": "281.97", "train_accuracy": "5.121", "train_wps": "1472", "train_ups": "1.22", "train_wpb": "1209.2", "train_bsz": "75", "train_num_updates": "96", "train_lr": "0.0007428", "train_gnorm": "2.225", "train_loss_scale": "128", "train_train_wall": "10", "train_gb_free": "42.8", "train_wall": "79"}
[2026-08-29 22:25:14,836][fairseq.logging.progress_bar][WARNING] - tensorboard not found, please install with: pip install tensorboard
[2026-08-29 22:25:14,839][fairseq.trainer][INFO] - begin training epoch 5
[2026-08-29 22:25:14,840][fairseq_cli.train][INFO] - Start iterating over samples
[2026-08-29 22:25:17,953][train_inner][INFO] - {"epoch": 5, "update": 4.167, "loss": "144.652", "nll_loss": "8.897", "total": "1208.34", "n_correct": "34.21", "ppl": "476.61", "accuracy": "2.831", "wps": "1549.9", "ups": "1.29", "wpb": "1208.3", "bsz": "75", "num_updates": "100", "lr": "0.0007725", "gnorm": "1.939", "loss_scale": "128", "train_wall": "44", "gb_free": "42.7", "wall": "82"}
[2026-08-29 22:25:26,472][fairseq_cli.train][INFO] - begin validation on "valid" subset
[2026-08-29 22:25:26,823][fairseq.logging.progress_bar][WARNING] - tensorboard not found, please install with: pip install tensorboard
[2026-08-29 22:25:28,682][valid][INFO] - {"epoch": 5, "valid_loss": "128.928", "valid_nll_loss": "7.809", "valid_total": "291.154", "valid_n_correct": "18.0769", "valid_ppl": "224.27", "valid_accuracy": "6.209", "valid_wps": "4405.6", "valid_wpb": "291.2", "valid_bsz": "18.1", "valid_num_updates": "120", "valid_best_accuracy": "6.235"}
[2026-08-29 22:25:28,684][fairseq.checkpoint_utils][INFO] - Preparing to save checkpoint for epoch 5 @ 120 updates
[2026-08-29 22:25:28,688][fairseq.trainer][INFO] - Saving checkpoint to checkpoints/checkpoint_last.pt
[2026-08-29 22:25:30,953][fairseq.trainer][INFO] - Finished saving checkpoint to checkpoints/checkpoint_last.pt
[2026-08-29 22:25:30,954][fairseq.checkpoint_utils][INFO] - Saved checkpoint checkpoints/checkpoint_last.pt (epoch 5 @ 120 updates, score 6.209) (writing took 2.270051068626344 seconds)
[2026-08-29 22:25:30,957][fairseq_cli.train][INFO] - end of epoch 5 (average epoch stats below)
[2026-08-29 22:25:30,958][train][INFO] - {"epoch": 5, "train_loss": "131.179", "train_nll_loss": "7.953", "train_total": "1209.17", "train_n_correct": "70.5417", "train_ppl": "247.77", "train_accuracy": "5.834", "train_wps": "1766.9", "train_ups": "1.46", "train_wpb": "1209.2", "train_bsz": "75", "train_num_updates": "120", "train_lr": "0.000921", "train_gnorm": "1.872", "train_loss_scale": "128", "train_train_wall": "10", "train_gb_free": "42.8", "train_wall": "95"}
[2026-08-29 22:25:31,224][fairseq.logging.progress_bar][WARNING] - tensorboard not found, please install with: pip install tensorboard
[2026-08-29 22:25:31,227][fairseq.trainer][INFO] - begin training epoch 6
[2026-08-29 22:25:31,228][fairseq_cli.train][INFO] - Start iterating over samples
[2026-08-29 22:25:42,967][fairseq_cli.train][INFO] - begin validation on "valid" subset
[2026-08-29 22:25:43,349][fairseq.logging.progress_bar][WARNING] - tensorboard not found, please install with: pip install tensorboard
[2026-08-29 22:25:45,235][valid][INFO] - {"epoch": 6, "valid_loss": "128.241", "valid_nll_loss": "7.766", "valid_total": "291.154", "valid_n_correct": "18.0769", "valid_ppl": "217.63", "valid_accuracy": "6.209", "valid_wps": "4129.2", "valid_wpb": "291.2", "valid_bsz": "18.1", "valid_num_updates": "144", "valid_best_accuracy": "6.235"}
[2026-08-29 22:25:45,237][fairseq.checkpoint_utils][INFO] - Preparing to save checkpoint for epoch 6 @ 144 updates
[2026-08-29 22:25:45,239][fairseq.trainer][INFO] - Saving checkpoint to checkpoints/checkpoint_last.pt
[2026-08-29 22:25:47,657][fairseq.trainer][INFO] - Finished saving checkpoint to checkpoints/checkpoint_last.pt
[2026-08-29 22:25:47,659][fairseq.checkpoint_utils][INFO] - Saved checkpoint checkpoints/checkpoint_last.pt (epoch 6 @ 144 updates, score 6.209) (writing took 2.4216117803007364 seconds)
[2026-08-29 22:25:47,660][fairseq_cli.train][INFO] - end of epoch 6 (average epoch stats below)
[2026-08-29 22:25:47,662][train][INFO] - {"epoch": 6, "train_loss": "129.987", "train_nll_loss": "7.874", "train_total": "1209.17", "train_n_correct": "73.5", "train_ppl": "234.54", "train_accuracy": "6.079", "train_wps": "1739.3", "train_ups": "1.44", "train_wpb": "1209.2", "train_bsz": "75", "train_num_updates": "144", "train_lr": "0.0010992", "train_gnorm": "1.887", "train_loss_scale": "128", "train_train_wall": "10", "train_gb_free": "42.8", "train_wall": "112"}
[2026-08-29 22:25:47,863][fairseq.logging.progress_bar][WARNING] - tensorboard not found, please install with: pip install tensorboard
[2026-08-29 22:25:47,865][fairseq.trainer][INFO] - begin training epoch 7
[2026-08-29 22:25:47,867][fairseq_cli.train][INFO] - Start iterating over samples
[2026-08-29 22:25:59,289][fairseq_cli.train][INFO] - begin validation on "valid" subset
[2026-08-29 22:25:59,537][fairseq.logging.progress_bar][WARNING] - tensorboard not found, please install with: pip install tensorboard
[2026-08-29 22:26:01,476][valid][INFO] - {"epoch": 7, "valid_loss": "127.707", "valid_nll_loss": "7.73", "valid_total": "291.154", "valid_n_correct": "18.0769", "valid_ppl": "212.35", "valid_accuracy": "6.209", "valid_wps": "3681.3", "valid_wpb": "291.2", "valid_bsz": "18.1", "valid_num_updates": "168", "valid_best_accuracy": "6.235"}
[2026-08-29 22:26:01,545][fairseq.checkpoint_utils][INFO] - Preparing to save checkpoint for epoch 7 @ 168 updates
[2026-08-29 22:26:01,548][fairseq.trainer][INFO] - Saving checkpoint to checkpoints/checkpoint_last.pt
[2026-08-29 22:26:04,187][fairseq.trainer][INFO] - Finished saving checkpoint to checkpoints/checkpoint_last.pt
[2026-08-29 22:26:04,189][fairseq.checkpoint_utils][INFO] - Saved checkpoint checkpoints/checkpoint_last.pt (epoch 7 @ 168 updates, score 6.209) (writing took 2.643599409610033 seconds)
[2026-08-29 22:26:04,190][fairseq_cli.train][INFO] - end of epoch 7 (average epoch stats below)
[2026-08-29 22:26:04,192][train][INFO] - {"epoch": 7, "train_loss": "129.399", "train_nll_loss": "7.837", "train_total": "1209.17", "train_n_correct": "72.9583", "train_ppl": "228.59", "train_accuracy": "6.034", "train_wps": "1755.7", "train_ups": "1.45", "train_wpb": "1209.2", "train_bsz": "75", "train_num_updates": "168", "train_lr": "0.0012774", "train_gnorm": "1.946", "train_loss_scale": "128", "train_train_wall": "10", "train_gb_free": "42.8", "train_wall": "129"}
[2026-08-29 22:26:04,470][fairseq.logging.progress_bar][WARNING] - tensorboard not found, please install with: pip install tensorboard
[2026-08-29 22:26:04,473][fairseq.trainer][INFO] - begin training epoch 8
[2026-08-29 22:26:04,474][fairseq_cli.train][INFO] - Start iterating over samples
[2026-08-29 22:26:15,765][fairseq_cli.train][INFO] - begin validation on "valid" subset
[2026-08-29 22:26:16,030][fairseq.logging.progress_bar][WARNING] - tensorboard not found, please install with: pip install tensorboard
[2026-08-29 22:26:17,825][valid][INFO] - {"epoch": 8, "valid_loss": "126.787", "valid_nll_loss": "7.663", "valid_total": "291.154", "valid_n_correct": "18.0769", "valid_ppl": "202.64", "valid_accuracy": "6.209", "valid_wps": "4250.3", "valid_wpb": "291.2", "valid_bsz": "18.1", "valid_num_updates": "192", "valid_best_accuracy": "6.235"}
[2026-08-29 22:26:17,827][fairseq.checkpoint_utils][INFO] - Preparing to save checkpoint for epoch 8 @ 192 updates
[2026-08-29 22:26:17,828][fairseq.trainer][INFO] - Saving checkpoint to checkpoints/checkpoint_last.pt
[2026-08-29 22:26:19,915][fairseq.trainer][INFO] - Finished saving checkpoint to checkpoints/checkpoint_last.pt
[2026-08-29 22:26:19,916][fairseq.checkpoint_utils][INFO] - Saved checkpoint checkpoints/checkpoint_last.pt (epoch 8 @ 192 updates, score 6.209) (writing took 2.0888550523668528 seconds)
[2026-08-29 22:26:19,917][fairseq_cli.train][INFO] - end of epoch 8 (average epoch stats below)
[2026-08-29 22:26:19,918][train][INFO] - {"epoch": 8, "train_loss": "128.737", "train_nll_loss": "7.791", "train_total": "1209.17", "train_n_correct": "73.5", "train_ppl": "221.55", "train_accuracy": "6.079", "train_wps": "1845.3", "train_ups": "1.53", "train_wpb": "1209.2", "train_bsz": "75", "train_num_updates": "192", "train_lr": "0.0014556", "train_gnorm": "1.962", "train_loss_scale": "128", "train_train_wall": "10", "train_gb_free": "42.9", "train_wall": "144"}
[2026-08-29 22:26:20,141][fairseq.logging.progress_bar][WARNING] - tensorboard not found, please install with: pip install tensorboard
[2026-08-29 22:26:20,143][fairseq.trainer][INFO] - begin training epoch 9
[2026-08-29 22:26:20,143][fairseq_cli.train][INFO] - Start iterating over samples
[2026-08-29 22:26:24,669][train_inner][INFO] - {"epoch": 9, "update": 8.333, "loss": "130.366", "nll_loss": "7.848", "total": "1215", "n_correct": "72.82", "ppl": "230.47", "accuracy": "5.993", "wps": "1821.2", "ups": "1.5", "wpb": "1215", "bsz": "74.9", "num_updates": "200", "lr": "0.001515", "gnorm": "1.925", "loss_scale": "128", "train_wall": "42", "gb_free": "42.7", "wall": "149"}
[2026-08-29 22:26:31,123][fairseq_cli.train][INFO] - begin validation on "valid" subset
[2026-08-29 22:26:31,342][fairseq.logging.progress_bar][WARNING] - tensorboard not found, please install with: pip install tensorboard
[2026-08-29 22:26:33,333][valid][INFO] - {"epoch": 9, "valid_loss": "125.941", "valid_nll_loss": "7.605", "valid_total": "291.154", "valid_n_correct": "19.0769", "valid_ppl": "194.68", "valid_accuracy": "6.552", "valid_wps": "3772.7", "valid_wpb": "291.2", "valid_bsz": "18.1", "valid_num_updates": "216", "valid_best_accuracy": "6.552"}
[2026-08-29 22:26:33,336][fairseq.checkpoint_utils][INFO] - Preparing to save checkpoint for epoch 9 @ 216 updates
[2026-08-29 22:26:33,339][fairseq.trainer][INFO] - Saving checkpoint to checkpoints/checkpoint_best.pt
[2026-08-29 22:26:35,719][fairseq.trainer][INFO] - Finished saving checkpoint to checkpoints/checkpoint_best.pt
[2026-08-29 22:26:38,366][fairseq.checkpoint_utils][INFO] - Saved checkpoint checkpoints/checkpoint_best.pt (epoch 9 @ 216 updates, score 6.552) (writing took 5.028928973712027 seconds)
[2026-08-29 22:26:38,367][fairseq_cli.train][INFO] - end of epoch 9 (average epoch stats below)
[2026-08-29 22:26:38,369][train][INFO] - {"epoch": 9, "train_loss": "127.961", "train_nll_loss": "7.735", "train_total": "1209.17", "train_n_correct": "74.2917", "train_ppl": "213.11", "train_accuracy": "6.144", "train_wps": "1572.9", "train_ups": "1.3", "train_wpb": "1209.2", "train_bsz": "75", "train_num_updates": "216", "train_lr": "0.0016338", "train_gnorm": "2.016", "train_loss_scale": "128", "train_train_wall": "10", "train_gb_free": "42.9", "train_wall": "163"}
[2026-08-29 22:26:38,677][fairseq.logging.progress_bar][WARNING] - tensorboard not found, please install with: pip install tensorboard
[2026-08-29 22:26:38,680][fairseq.trainer][INFO] - begin training epoch 10
[2026-08-29 22:26:38,683][fairseq_cli.train][INFO] - Start iterating over samples
[2026-08-29 22:26:50,033][fairseq_cli.train][INFO] - begin validation on "valid" subset
[2026-08-29 22:26:50,291][fairseq.logging.progress_bar][WARNING] - tensorboard not found, please install with: pip install tensorboard
[2026-08-29 22:26:52,129][valid][INFO] - {"epoch": 10, "valid_loss": "124.772", "valid_nll_loss": "7.52", "valid_total": "291.154", "valid_n_correct": "23.8462", "valid_ppl": "183.54", "valid_accuracy": "8.19", "valid_wps": "3822.5", "valid_wpb": "291.2", "valid_bsz": "18.1", "valid_num_updates": "240", "valid_best_accuracy": "8.19"}
[2026-08-29 22:26:52,132][fairseq.checkpoint_utils][INFO] - Preparing to save checkpoint for epoch 10 @ 240 updates
[2026-08-29 22:26:52,133][fairseq.trainer][INFO] - Saving checkpoint to checkpoints/checkpoint_best.pt
[2026-08-29 22:26:54,471][fairseq.trainer][INFO] - Finished saving checkpoint to checkpoints/checkpoint_best.pt
[2026-08-29 22:26:56,954][fairseq.checkpoint_utils][INFO] - Saved checkpoint checkpoints/checkpoint_best.pt (epoch 10 @ 240 updates, score 8.19) (writing took 4.822624180465937 seconds)
[2026-08-29 22:26:56,956][fairseq_cli.train][INFO] - end of epoch 10 (average epoch stats below)
[2026-08-29 22:26:56,959][train][INFO] - {"epoch": 10, "train_loss": "126.868", "train_nll_loss": "7.658", "train_total": "1209.17", "train_n_correct": "88.5417", "train_ppl": "201.98", "train_accuracy": "7.323", "train_wps": "1561.2", "train_ups": "1.29", "train_wpb": "1209.2", "train_bsz": "75", "train_num_updates": "240", "train_lr": "0.001812", "train_gnorm": "2.112", "train_loss_scale": "128", "train_train_wall": "10", "train_gb_free": "42.9", "train_wall": "181"}
[2026-08-29 22:26:57,283][fairseq.logging.progress_bar][WARNING] - tensorboard not found, please install with: pip install tensorboard
[2026-08-29 22:26:57,321][fairseq.trainer][INFO] - begin training epoch 11
[2026-08-29 22:26:57,333][fairseq_cli.train][INFO] - Start iterating over samples
[2026-08-29 22:27:08,399][fairseq_cli.train][INFO] - begin validation on "valid" subset
[2026-08-29 22:27:08,667][fairseq.logging.progress_bar][WARNING] - tensorboard not found, please install with: pip install tensorboard
[2026-08-29 22:27:10,585][valid][INFO] - {"epoch": 11, "valid_loss": "123.7", "valid_nll_loss": "7.441", "valid_total": "291.154", "valid_n_correct": "24.6923", "valid_ppl": "173.74", "valid_accuracy": "8.481", "valid_wps": "4407", "valid_wpb": "291.2", "valid_bsz": "18.1", "valid_num_updates": "264", "valid_best_accuracy": "8.481"}
[2026-08-29 22:27:10,587][fairseq.checkpoint_utils][INFO] - Preparing to save checkpoint for epoch 11 @ 264 updates
[2026-08-29 22:27:10,588][fairseq.trainer][INFO] - Saving checkpoint to checkpoints/checkpoint_best.pt
[2026-08-29 22:27:13,011][fairseq.trainer][INFO] - Finished saving checkpoint to checkpoints/checkpoint_best.pt
[2026-08-29 22:27:15,882][fairseq.checkpoint_utils][INFO] - Saved checkpoint checkpoints/checkpoint_best.pt (epoch 11 @ 264 updates, score 8.481) (writing took 5.294222863391042 seconds)
[2026-08-29 22:27:15,885][fairseq_cli.train][INFO] - end of epoch 11 (average epoch stats below)
[2026-08-29 22:27:15,891][train][INFO] - {"epoch": 11, "train_loss": "125.778", "train_nll_loss": "7.58", "train_total": "1209.17", "train_n_correct": "96.7917", "train_ppl": "191.37", "train_accuracy": "8.005", "train_wps": "1533", "train_ups": "1.27", "train_wpb": "1209.2", "train_bsz": "75", "train_num_updates": "264", "train_lr": "0.0019902", "train_gnorm": "2.132", "train_loss_scale": "128", "train_train_wall": "10", "train_gb_free": "42.8", "train_wall": "200"}
[2026-08-29 22:27:16,210][fairseq.logging.progress_bar][WARNING] - tensorboard not found, please install with: pip install tensorboard
[2026-08-29 22:27:16,213][fairseq.trainer][INFO] - begin training epoch 12
[2026-08-29 22:27:16,214][fairseq_cli.train][INFO] - Start iterating over samples
[2026-08-29 22:27:27,647][fairseq_cli.train][INFO] - begin validation on "valid" subset
[2026-08-29 22:27:27,872][fairseq.logging.progress_bar][WARNING] - tensorboard not found, please install with: pip install tensorboard
[2026-08-29 22:27:29,771][valid][INFO] - {"epoch": 12, "valid_loss": "122.854", "valid_nll_loss": "7.375", "valid_total": "291.154", "valid_n_correct": "26.3846", "valid_ppl": "165.97", "valid_accuracy": "9.062", "valid_wps": "4453.3", "valid_wpb": "291.2", "valid_bsz": "18.1", "valid_num_updates": "288", "valid_best_accuracy": "9.062"}
[2026-08-29 22:27:29,774][fairseq.checkpoint_utils][INFO] - Preparing to save checkpoint for epoch 12 @ 288 updates
[2026-08-29 22:27:29,775][fairseq.trainer][INFO] - Saving checkpoint to checkpoints/checkpoint_best.pt
[2026-08-29 22:27:32,019][fairseq.trainer][INFO] - Finished saving checkpoint to checkpoints/checkpoint_best.pt
[2026-08-29 22:27:34,675][fairseq.checkpoint_utils][INFO] - Saved checkpoint checkpoints/checkpoint_best.pt (epoch 12 @ 288 updates, score 9.062) (writing took 4.901617617346346 seconds)
[2026-08-29 22:27:34,677][fairseq_cli.train][INFO] - end of epoch 12 (average epoch stats below)
[2026-08-29 22:27:34,679][train][INFO] - {"epoch": 12, "train_loss": "124.635", "train_nll_loss": "7.497", "train_total": "1209.17", "train_n_correct": "98.875", "train_ppl": "180.64", "train_accuracy": "8.177", "train_wps": "1544.9", "train_ups": "1.28", "train_wpb": "1209.2", "train_bsz": "75", "train_num_updates": "288", "train_lr": "0.0021684", "train_gnorm": "2.348", "train_loss_scale": "128", "train_train_wall": "10", "train_gb_free": "43", "train_wall": "219"}
[2026-08-29 22:27:34,952][fairseq.logging.progress_bar][WARNING] - tensorboard not found, please install with: pip install tensorboard
[2026-08-29 22:27:34,954][fairseq.trainer][INFO] - begin training epoch 13
[2026-08-29 22:27:34,955][fairseq_cli.train][INFO] - Start iterating over samples
[2026-08-29 22:27:41,464][train_inner][INFO] - {"epoch": 13, "update": 12.5, "loss": "124.697", "nll_loss": "7.578", "total": "1195.61", "n_correct": "92.17", "ppl": "191.09", "accuracy": "7.709", "wps": "1556.9", "ups": "1.3", "wpb": "1195.6", "bsz": "74.8", "num_updates": "300", "lr": "0.0022575", "gnorm": "2.24", "loss_scale": "128", "train_wall": "42", "gb_free": "42.7", "wall": "226"}
[2026-08-29 22:27:46,296][fairseq_cli.train][INFO] - begin validation on "valid" subset
[2026-08-29 22:27:46,611][fairseq.logging.progress_bar][WARNING] - tensorboard not found, please install with: pip install tensorboard
[2026-08-29 22:27:48,412][valid][INFO] - {"epoch": 13, "valid_loss": "121.535", "valid_nll_loss": "7.283", "valid_total": "291.154", "valid_n_correct": "27", "valid_ppl": "155.78", "valid_accuracy": "9.273", "valid_wps": "3921.6", "valid_wpb": "291.2", "valid_bsz": "18.1", "valid_num_updates": "312", "valid_best_accuracy": "9.273"}
[2026-08-29 22:27:48,416][fairseq.checkpoint_utils][INFO] - Preparing to save checkpoint for epoch 13 @ 312 updates
[2026-08-29 22:27:48,417][fairseq.trainer][INFO] - Saving checkpoint to checkpoints/checkpoint_best.pt
[2026-08-29 22:27:50,821][fairseq.trainer][INFO] - Finished saving checkpoint to checkpoints/checkpoint_best.pt
[2026-08-29 22:27:53,445][fairseq.checkpoint_utils][INFO] - Saved checkpoint checkpoints/checkpoint_best.pt (epoch 13 @ 312 updates, score 9.273) (writing took 5.028508381918073 seconds)
[2026-08-29 22:27:53,447][fairseq_cli.train][INFO] - end of epoch 13 (average epoch stats below)
[2026-08-29 22:27:53,448][train][INFO] - {"epoch": 13, "train_loss": "123.53", "train_nll_loss": "7.416", "train_total": "1209.17", "train_n_correct": "101.125", "train_ppl": "170.78", "train_accuracy": "8.363", "train_wps": "1546.2", "train_ups": "1.28", "train_wpb": "1209.2", "train_bsz": "75", "train_num_updates": "312", "train_lr": "0.0023466", "train_gnorm": "2.705", "train_loss_scale": "128", "train_train_wall": "10", "train_gb_free": "43", "train_wall": "238"}
[2026-08-29 22:27:53,732][fairseq.logging.progress_bar][WARNING] - tensorboard not found, please install with: pip install tensorboard
[2026-08-29 22:27:53,735][fairseq.trainer][INFO] - begin training epoch 14
[2026-08-29 22:27:53,737][fairseq_cli.train][INFO] - Start iterating over samples
[2026-08-29 22:28:05,404][fairseq_cli.train][INFO] - begin validation on "valid" subset
[2026-08-29 22:28:05,746][fairseq.logging.progress_bar][WARNING] - tensorboard not found, please install with: pip install tensorboard
[2026-08-29 22:28:07,463][valid][INFO] - {"epoch": 14, "valid_loss": "120.407", "valid_nll_loss": "7.197", "valid_total": "291.154", "valid_n_correct": "27.8462", "valid_ppl": "146.77", "valid_accuracy": "9.564", "valid_wps": "4141.6", "valid_wpb": "291.2", "valid_bsz": "18.1", "valid_num_updates": "336", "valid_best_accuracy": "9.564"}
[2026-08-29 22:28:07,466][fairseq.checkpoint_utils][INFO] - Preparing to save checkpoint for epoch 14 @ 336 updates
[2026-08-29 22:28:07,467][fairseq.trainer][INFO] - Saving checkpoint to checkpoints/checkpoint_best.pt
[2026-08-29 22:28:09,897][fairseq.trainer][INFO] - Finished saving checkpoint to checkpoints/checkpoint_best.pt
[2026-08-29 22:28:12,554][fairseq.checkpoint_utils][INFO] - Saved checkpoint checkpoints/checkpoint_best.pt (epoch 14 @ 336 updates, score 9.564) (writing took 5.088438301347196 seconds)
[2026-08-29 22:28:12,556][fairseq_cli.train][INFO] - end of epoch 14 (average epoch stats below)
[2026-08-29 22:28:12,559][train][INFO] - {"epoch": 14, "train_loss": "122.051", "train_nll_loss": "7.31", "train_total": "1209.17", "train_n_correct": "105.667", "train_ppl": "158.74", "train_accuracy": "8.739", "train_wps": "1518.6", "train_ups": "1.26", "train_wpb": "1209.2", "train_bsz": "75", "train_num_updates": "336", "train_lr": "0.0025248", "train_gnorm": "2.649", "train_loss_scale": "128", "train_train_wall": "10", "train_gb_free": "42.7", "train_wall": "257"}
[2026-08-29 22:28:12,875][fairseq.logging.progress_bar][WARNING] - tensorboard not found, please install with: pip install tensorboard
[2026-08-29 22:28:12,879][fairseq.trainer][INFO] - begin training epoch 15
[2026-08-29 22:28:12,880][fairseq_cli.train][INFO] - Start iterating over samples
[2026-08-29 22:28:24,248][fairseq_cli.train][INFO] - begin validation on "valid" subset
[2026-08-29 22:28:24,497][fairseq.logging.progress_bar][WARNING] - tensorboard not found, please install with: pip install tensorboard
[2026-08-29 22:28:26,332][valid][INFO] - {"epoch": 15, "valid_loss": "118.725", "valid_nll_loss": "7.074", "valid_total": "291.154", "valid_n_correct": "28.1538", "valid_ppl": "134.73", "valid_accuracy": "9.67", "valid_wps": "4215.3", "valid_wpb": "291.2", "valid_bsz": "18.1", "valid_num_updates": "360", "valid_best_accuracy": "9.67"}
[2026-08-29 22:28:26,335][fairseq.checkpoint_utils][INFO] - Preparing to save checkpoint for epoch 15 @ 360 updates
[2026-08-29 22:28:26,336][fairseq.trainer][INFO] - Saving checkpoint to checkpoints/checkpoint_best.pt
[2026-08-29 22:28:28,506][fairseq.trainer][INFO] - Finished saving checkpoint to checkpoints/checkpoint_best.pt
[2026-08-29 22:28:31,511][fairseq.checkpoint_utils][INFO] - Saved checkpoint checkpoints/checkpoint_best.pt (epoch 15 @ 360 updates, score 9.67) (writing took 5.175451037473977 seconds)
[2026-08-29 22:28:31,515][fairseq_cli.train][INFO] - end of epoch 15 (average epoch stats below)
[2026-08-29 22:28:31,518][train][INFO] - {"epoch": 15, "train_loss": "120.769", "train_nll_loss": "7.218", "train_total": "1209.17", "train_n_correct": "108.583", "train_ppl": "148.83", "train_accuracy": "8.98", "train_wps": "1530.8", "train_ups": "1.27", "train_wpb": "1209.2", "train_bsz": "75", "train_num_updates": "360", "train_lr": "0.002703", "train_gnorm": "3.115", "train_loss_scale": "128", "train_train_wall": "10", "train_gb_free": "43", "train_wall": "276"}
[2026-08-29 22:28:31,910][fairseq.logging.progress_bar][WARNING] - tensorboard not found, please install with: pip install tensorboard
[2026-08-29 22:28:31,912][fairseq.trainer][INFO] - begin training epoch 16
[2026-08-29 22:28:31,913][fairseq_cli.train][INFO] - Start iterating over samples
[2026-08-29 22:28:43,213][fairseq_cli.train][INFO] - begin validation on "valid" subset
[2026-08-29 22:28:43,566][fairseq.logging.progress_bar][WARNING] - tensorboard not found, please install with: pip install tensorboard
[2026-08-29 22:28:45,443][valid][INFO] - {"epoch": 16, "valid_loss": "117.53", "valid_nll_loss": "6.989", "valid_total": "291.154", "valid_n_correct": "28.3077", "valid_ppl": "127.05", "valid_accuracy": "9.723", "valid_wps": "4304.7", "valid_wpb": "291.2", "valid_bsz": "18.1", "valid_num_updates": "384", "valid_best_accuracy": "9.723"}
[2026-08-29 22:28:45,446][fairseq.checkpoint_utils][INFO] - Preparing to save checkpoint for epoch 16 @ 384 updates
[2026-08-29 22:28:45,447][fairseq.trainer][INFO] - Saving checkpoint to checkpoints/checkpoint_best.pt
[2026-08-29 22:28:47,911][fairseq.trainer][INFO] - Finished saving checkpoint to checkpoints/checkpoint_best.pt
[2026-08-29 22:28:50,572][fairseq.checkpoint_utils][INFO] - Saved checkpoint checkpoints/checkpoint_best.pt (epoch 16 @ 384 updates, score 9.723) (writing took 5.125306054018438 seconds)
[2026-08-29 22:28:50,573][fairseq_cli.train][INFO] - end of epoch 16 (average epoch stats below)
[2026-08-29 22:28:50,576][train][INFO] - {"epoch": 16, "train_loss": "119.073", "train_nll_loss": "7.097", "train_total": "1209.17", "train_n_correct": "113.667", "train_ppl": "136.9", "train_accuracy": "9.4", "train_wps": "1522.8", "train_ups": "1.26", "train_wpb": "1209.2", "train_bsz": "75", "train_num_updates": "384", "train_lr": "0.0028812", "train_gnorm": "2.886", "train_loss_scale": "128", "train_train_wall": "10", "train_gb_free": "42.7", "train_wall": "295"}
[2026-08-29 22:28:50,878][fairseq.logging.progress_bar][WARNING] - tensorboard not found, please install with: pip install tensorboard
[2026-08-29 22:28:50,881][fairseq.trainer][INFO] - begin training epoch 17
[2026-08-29 22:28:50,881][fairseq_cli.train][INFO] - Start iterating over samples
[2026-08-29 22:28:59,076][train_inner][INFO] - {"epoch": 17, "update": 16.667, "loss": "120.883", "nll_loss": "7.204", "total": "1212.32", "n_correct": "109.64", "ppl": "147.42", "accuracy": "9.044", "wps": "1562.1", "ups": "1.29", "wpb": "1212.3", "bsz": "75", "num_updates": "400", "lr": "0.003", "gnorm": "2.862", "loss_scale": "128", "train_wall": "41", "gb_free": "42.7", "wall": "304"}
[2026-08-29 22:29:02,426][fairseq_cli.train][INFO] - begin validation on "valid" subset
[2026-08-29 22:29:02,728][fairseq.logging.progress_bar][WARNING] - tensorboard not found, please install with: pip install tensorboard
[2026-08-29 22:29:04,518][valid][INFO] - {"epoch": 17, "valid_loss": "116.4", "valid_nll_loss": "6.906", "valid_total": "291.154", "valid_n_correct": "29.3846", "valid_ppl": "119.91", "valid_accuracy": "10.092", "valid_wps": "3892.5", "valid_wpb": "291.2", "valid_bsz": "18.1", "valid_num_updates": "408", "valid_best_accuracy": "10.092"}
[2026-08-29 22:29:04,522][fairseq.checkpoint_utils][INFO] - Preparing to save checkpoint for epoch 17 @ 408 updates
[2026-08-29 22:29:04,523][fairseq.trainer][INFO] - Saving checkpoint to checkpoints/checkpoint_best.pt
[2026-08-29 22:29:07,357][fairseq.trainer][INFO] - Finished saving checkpoint to checkpoints/checkpoint_best.pt
[2026-08-29 22:29:10,110][fairseq.checkpoint_utils][INFO] - Saved checkpoint checkpoints/checkpoint_best.pt (epoch 17 @ 408 updates, score 10.092) (writing took 5.587807937525213 seconds)
[2026-08-29 22:29:10,112][fairseq_cli.train][INFO] - end of epoch 17 (average epoch stats below)
[2026-08-29 22:29:10,114][train][INFO] - {"epoch": 17, "train_loss": "117.697", "train_nll_loss": "6.998", "train_total": "1209.17", "train_n_correct": "118.917", "train_ppl": "127.79", "train_accuracy": "9.835", "train_wps": "1485.8", "train_ups": "1.23", "train_wpb": "1209.2", "train_bsz": "75", "train_num_updates": "408", "train_lr": "0.00298208", "train_gnorm": "2.931", "train_loss_scale": "128", "train_train_wall": "10", "train_gb_free": "42.7", "train_wall": "315"}
[2026-08-29 22:29:10,408][fairseq.logging.progress_bar][WARNING] - tensorboard not found, please install with: pip install tensorboard
[2026-08-29 22:29:10,421][fairseq.trainer][INFO] - begin training epoch 18
[2026-08-29 22:29:10,422][fairseq_cli.train][INFO] - Start iterating over samples
[2026-08-29 22:29:21,713][fairseq_cli.train][INFO] - begin validation on "valid" subset
[2026-08-29 22:29:22,027][fairseq.logging.progress_bar][WARNING] - tensorboard not found, please install with: pip install tensorboard
[2026-08-29 22:29:23,800][valid][INFO] - {"epoch": 18, "valid_loss": "115.042", "valid_nll_loss": "6.806", "valid_total": "291.154", "valid_n_correct": "31.6923", "valid_ppl": "111.89", "valid_accuracy": "10.885", "valid_wps": "4451.5", "valid_wpb": "291.2", "valid_bsz": "18.1", "valid_num_updates": "432", "valid_best_accuracy": "10.885"}
[2026-08-29 22:29:23,811][fairseq.checkpoint_utils][INFO] - Preparing to save checkpoint for epoch 18 @ 432 updates
[2026-08-29 22:29:23,812][fairseq.trainer][INFO] - Saving checkpoint to checkpoints/checkpoint_best.pt
[2026-08-29 22:29:26,253][fairseq.trainer][INFO] - Finished saving checkpoint to checkpoints/checkpoint_best.pt
[2026-08-29 22:29:28,997][fairseq.checkpoint_utils][INFO] - Saved checkpoint checkpoints/checkpoint_best.pt (epoch 18 @ 432 updates, score 10.885) (writing took 5.185539404861629 seconds)
[2026-08-29 22:29:28,998][fairseq_cli.train][INFO] - end of epoch 18 (average epoch stats below)
[2026-08-29 22:29:29,000][train][INFO] - {"epoch": 18, "train_loss": "116.128", "train_nll_loss": "6.886", "train_total": "1209.17", "train_n_correct": "120.958", "train_ppl": "118.26", "train_accuracy": "10.003", "train_wps": "1536.7", "train_ups": "1.27", "train_wpb": "1209.2", "train_bsz": "75", "train_num_updates": "432", "train_lr": "0.00292896", "train_gnorm": "2.956", "train_loss_scale": "128", "train_train_wall": "10", "train_gb_free": "42.7", "train_wall": "333"}
[2026-08-29 22:29:29,355][fairseq.logging.progress_bar][WARNING] - tensorboard not found, please install with: pip install tensorboard
[2026-08-29 22:29:29,421][fairseq.trainer][INFO] - begin training epoch 19
[2026-08-29 22:29:29,422][fairseq_cli.train][INFO] - Start iterating over samples
[2026-08-29 22:29:40,625][fairseq_cli.train][INFO] - begin validation on "valid" subset
[2026-08-29 22:29:40,923][fairseq.logging.progress_bar][WARNING] - tensorboard not found, please install with: pip install tensorboard
[2026-08-29 22:29:43,055][valid][INFO] - {"epoch": 19, "valid_loss": "114.117", "valid_nll_loss": "6.741", "valid_total": "291.154", "valid_n_correct": "33.5385", "valid_ppl": "106.98", "valid_accuracy": "11.519", "valid_wps": "3400.2", "valid_wpb": "291.2", "valid_bsz": "18.1", "valid_num_updates": "456", "valid_best_accuracy": "11.519"}
[2026-08-29 22:29:43,058][fairseq.checkpoint_utils][INFO] - Preparing to save checkpoint for epoch 19 @ 456 updates
[2026-08-29 22:29:43,059][fairseq.trainer][INFO] - Saving checkpoint to checkpoints/checkpoint_best.pt
[2026-08-29 22:29:45,463][fairseq.trainer][INFO] - Finished saving checkpoint to checkpoints/checkpoint_best.pt
[2026-08-29 22:29:48,157][fairseq.checkpoint_utils][INFO] - Saved checkpoint checkpoints/checkpoint_best.pt (epoch 19 @ 456 updates, score 11.519) (writing took 5.099175212904811 seconds)
[2026-08-29 22:29:48,159][fairseq_cli.train][INFO] - end of epoch 19 (average epoch stats below)
[2026-08-29 22:29:48,162][train][INFO] - {"epoch": 19, "train_loss": "114.817", "train_nll_loss": "6.793", "train_total": "1209.17", "train_n_correct": "128.625", "train_ppl": "110.88", "train_accuracy": "10.637", "train_wps": "1515.3", "train_ups": "1.25", "train_wpb": "1209.2", "train_bsz": "75", "train_num_updates": "456", "train_lr": "0.00287678", "train_gnorm": "2.973", "train_loss_scale": "128", "train_train_wall": "10", "train_gb_free": "42.8", "train_wall": "353"}
[2026-08-29 22:29:48,551][fairseq.logging.progress_bar][WARNING] - tensorboard not found, please install with: pip install tensorboard
[2026-08-29 22:29:48,554][fairseq.trainer][INFO] - begin training epoch 20
[2026-08-29 22:29:48,554][fairseq_cli.train][INFO] - Start iterating over samples
[2026-08-29 22:29:59,735][fairseq_cli.train][INFO] - begin validation on "valid" subset
[2026-08-29 22:30:00,066][fairseq.logging.progress_bar][WARNING] - tensorboard not found, please install with: pip install tensorboard
[2026-08-29 22:30:01,963][valid][INFO] - {"epoch": 20, "valid_loss": "112.947", "valid_nll_loss": "6.657", "valid_total": "291.154", "valid_n_correct": "33", "valid_ppl": "100.94", "valid_accuracy": "11.334", "valid_wps": "4114.9", "valid_wpb": "291.2", "valid_bsz": "18.1", "valid_num_updates": "480", "valid_best_accuracy": "11.519"}
[2026-08-29 22:30:01,965][fairseq.checkpoint_utils][INFO] - Preparing to save checkpoint for epoch 20 @ 480 updates
[2026-08-29 22:30:01,966][fairseq.trainer][INFO] - Saving checkpoint to checkpoints/checkpoint_last.pt
[2026-08-29 22:30:04,199][fairseq.trainer][INFO] - Finished saving checkpoint to checkpoints/checkpoint_last.pt
[2026-08-29 22:30:04,210][fairseq.checkpoint_utils][INFO] - Saved checkpoint checkpoints/checkpoint_last.pt (epoch 20 @ 480 updates, score 11.334) (writing took 2.2449862333014607 seconds)
[2026-08-29 22:30:04,212][fairseq_cli.train][INFO] - end of epoch 20 (average epoch stats below)
[2026-08-29 22:30:04,213][train][INFO] - {"epoch": 20, "train_loss": "113.683", "train_nll_loss": "6.712", "train_total": "1209.17", "train_n_correct": "131.833", "train_ppl": "104.83", "train_accuracy": "10.903", "train_wps": "1808.1", "train_ups": "1.5", "train_wpb": "1209.2", "train_bsz": "75", "train_num_updates": "480", "train_lr": "0.00282553", "train_gnorm": "3.113", "train_loss_scale": "128", "train_train_wall": "10", "train_gb_free": "42.7", "train_wall": "369"}
[2026-08-29 22:30:04,444][fairseq.logging.progress_bar][WARNING] - tensorboard not found, please install with: pip install tensorboard
[2026-08-29 22:30:04,447][fairseq.trainer][INFO] - begin training epoch 21
[2026-08-29 22:30:04,448][fairseq_cli.train][INFO] - Start iterating over samples
[2026-08-29 22:30:14,520][train_inner][INFO] - {"epoch": 21, "update": 20.833, "loss": "114.974", "nll_loss": "6.785", "total": "1217.55", "n_correct": "129.53", "ppl": "110.29", "accuracy": "10.639", "wps": "1613.9", "ups": "1.33", "wpb": "1217.5", "bsz": "75.3", "num_updates": "500", "lr": "0.00278353", "gnorm": "3.045", "loss_scale": "128", "train_wall": "42", "gb_free": "43", "wall": "379"}
[2026-08-29 22:30:16,137][fairseq_cli.train][INFO] - begin validation on "valid" subset
[2026-08-29 22:30:16,446][fairseq.logging.progress_bar][WARNING] - tensorboard not found, please install with: pip install tensorboard
[2026-08-29 22:30:18,190][valid][INFO] - {"epoch": 21, "valid_loss": "112.169", "valid_nll_loss": "6.599", "valid_total": "291.154", "valid_n_correct": "35.3846", "valid_ppl": "96.93", "valid_accuracy": "12.153", "valid_wps": "4366.4", "valid_wpb": "291.2", "valid_bsz": "18.1", "valid_num_updates": "504", "valid_best_accuracy": "12.153"}
[2026-08-29 22:30:18,193][fairseq.checkpoint_utils][INFO] - Preparing to save checkpoint for epoch 21 @ 504 updates
[2026-08-29 22:30:18,195][fairseq.trainer][INFO] - Saving checkpoint to checkpoints/checkpoint_best.pt
[2026-08-29 22:30:20,734][fairseq.trainer][INFO] - Finished saving checkpoint to checkpoints/checkpoint_best.pt
[2026-08-29 22:30:23,268][fairseq.checkpoint_utils][INFO] - Saved checkpoint checkpoints/checkpoint_best.pt (epoch 21 @ 504 updates, score 12.153) (writing took 5.075587791390717 seconds)
[2026-08-29 22:30:23,270][fairseq_cli.train][INFO] - end of epoch 21 (average epoch stats below)
[2026-08-29 22:30:23,272][train][INFO] - {"epoch": 21, "train_loss": "112.721", "train_nll_loss": "6.642", "train_total": "1209.17", "train_n_correct": "139.042", "train_ppl": "99.88", "train_accuracy": "11.499", "train_wps": "1522.7", "train_ups": "1.26", "train_wpb": "1209.2", "train_bsz": "75", "train_num_updates": "504", "train_lr": "0.0027752", "train_gnorm": "3.231", "train_loss_scale": "128", "train_train_wall": "10", "train_gb_free": "42.7", "train_wall": "388"}
[2026-08-29 22:30:23,566][fairseq.logging.progress_bar][WARNING] - tensorboard not found, please install with: pip install tensorboard
[2026-08-29 22:30:23,571][fairseq.trainer][INFO] - begin training epoch 22
[2026-08-29 22:30:23,572][fairseq_cli.train][INFO] - Start iterating over samples
[2026-08-29 22:30:34,775][fairseq_cli.train][INFO] - begin validation on "valid" subset
[2026-08-29 22:30:35,048][fairseq.logging.progress_bar][WARNING] - tensorboard not found, please install with: pip install tensorboard
[2026-08-29 22:30:37,055][valid][INFO] - {"epoch": 22, "valid_loss": "111.396", "valid_nll_loss": "6.54", "valid_total": "291.154", "valid_n_correct": "36", "valid_ppl": "93.06", "valid_accuracy": "12.365", "valid_wps": "3996.5", "valid_wpb": "291.2", "valid_bsz": "18.1", "valid_num_updates": "528", "valid_best_accuracy": "12.365"}
[2026-08-29 22:30:37,058][fairseq.checkpoint_utils][INFO] - Preparing to save checkpoint for epoch 22 @ 528 updates
[2026-08-29 22:30:37,059][fairseq.trainer][INFO] - Saving checkpoint to checkpoints/checkpoint_best.pt
[2026-08-29 22:30:39,464][fairseq.trainer][INFO] - Finished saving checkpoint to checkpoints/checkpoint_best.pt
[2026-08-29 22:30:42,141][fairseq.checkpoint_utils][INFO] - Saved checkpoint checkpoints/checkpoint_best.pt (epoch 22 @ 528 updates, score 12.365) (writing took 5.083120751194656 seconds)
[2026-08-29 22:30:42,144][fairseq_cli.train][INFO] - end of epoch 22 (average epoch stats below)
[2026-08-29 22:30:42,147][train][INFO] - {"epoch": 22, "train_loss": "111.446", "train_nll_loss": "6.553", "train_total": "1209.17", "train_n_correct": "146.833", "train_ppl": "93.88", "train_accuracy": "12.143", "train_wps": "1537.7", "train_ups": "1.27", "train_wpb": "1209.2", "train_bsz": "75", "train_num_updates": "528", "train_lr": "0.00272576", "train_gnorm": "3.196", "train_loss_scale": "128", "train_train_wall": "10", "train_gb_free": "42.9", "train_wall": "407"}
[2026-08-29 22:30:42,483][fairseq.logging.progress_bar][WARNING] - tensorboard not found, please install with: pip install tensorboard
[2026-08-29 22:30:42,486][fairseq.trainer][INFO] - begin training epoch 23
[2026-08-29 22:30:42,487][fairseq_cli.train][INFO] - Start iterating over samples
[2026-08-29 22:30:54,108][fairseq_cli.train][INFO] - begin validation on "valid" subset
[2026-08-29 22:30:54,326][fairseq.logging.progress_bar][WARNING] - tensorboard not found, please install with: pip install tensorboard
[2026-08-29 22:30:56,092][valid][INFO] - {"epoch": 23, "valid_loss": "110.867", "valid_nll_loss": "6.504", "valid_total": "291.154", "valid_n_correct": "36.9231", "valid_ppl": "90.74", "valid_accuracy": "12.682", "valid_wps": "4301.3", "valid_wpb": "291.2", "valid_bsz": "18.1", "valid_num_updates": "552", "valid_best_accuracy": "12.682"}
[2026-08-29 22:30:56,094][fairseq.checkpoint_utils][INFO] - Preparing to save checkpoint for epoch 23 @ 552 updates
[2026-08-29 22:30:56,095][fairseq.trainer][INFO] - Saving checkpoint to checkpoints/checkpoint_best.pt
[2026-08-29 22:30:58,555][fairseq.trainer][INFO] - Finished saving checkpoint to checkpoints/checkpoint_best.pt
[2026-08-29 22:31:01,126][fairseq.checkpoint_utils][INFO] - Saved checkpoint checkpoints/checkpoint_best.pt (epoch 23 @ 552 updates, score 12.682) (writing took 5.031118324957788 seconds)
[2026-08-29 22:31:01,127][fairseq_cli.train][INFO] - end of epoch 23 (average epoch stats below)
[2026-08-29 22:31:01,129][train][INFO] - {"epoch": 23, "train_loss": "110.7", "train_nll_loss": "6.497", "train_total": "1209.17", "train_n_correct": "149", "train_ppl": "90.3", "train_accuracy": "12.323", "train_wps": "1528.9", "train_ups": "1.26", "train_wpb": "1209.2", "train_bsz": "75", "train_num_updates": "552", "train_lr": "0.00267721", "train_gnorm": "3.121", "train_loss_scale": "128", "train_train_wall": "10", "train_gb_free": "42.8", "train_wall": "426"}
[2026-08-29 22:31:01,480][fairseq.logging.progress_bar][WARNING] - tensorboard not found, please install with: pip install tensorboard
[2026-08-29 22:31:01,484][fairseq.trainer][INFO] - begin training epoch 24
[2026-08-29 22:31:01,485][fairseq_cli.train][INFO] - Start iterating over samples
[2026-08-29 22:31:12,818][fairseq_cli.train][INFO] - begin validation on "valid" subset
[2026-08-29 22:31:13,055][fairseq.logging.progress_bar][WARNING] - tensorboard not found, please install with: pip install tensorboard
[2026-08-29 22:31:15,031][valid][INFO] - {"epoch": 24, "valid_loss": "110.474", "valid_nll_loss": "6.468", "valid_total": "291.154", "valid_n_correct": "39.3846", "valid_ppl": "88.54", "valid_accuracy": "13.527", "valid_wps": "4397", "valid_wpb": "291.2", "valid_bsz": "18.1", "valid_num_updates": "576", "valid_best_accuracy": "13.527"}
[2026-08-29 22:31:15,034][fairseq.checkpoint_utils][INFO] - Preparing to save checkpoint for epoch 24 @ 576 updates
[2026-08-29 22:31:15,035][fairseq.trainer][INFO] - Saving checkpoint to checkpoints/checkpoint_best.pt
[2026-08-29 22:31:17,350][fairseq.trainer][INFO] - Finished saving checkpoint to checkpoints/checkpoint_best.pt
[2026-08-29 22:31:19,859][fairseq.checkpoint_utils][INFO] - Saved checkpoint checkpoints/checkpoint_best.pt (epoch 24 @ 576 updates, score 13.527) (writing took 4.824625617824495 seconds)
[2026-08-29 22:31:19,861][fairseq_cli.train][INFO] - end of epoch 24 (average epoch stats below)
[2026-08-29 22:31:19,863][train][INFO] - {"epoch": 24, "train_loss": "109.813", "train_nll_loss": "6.436", "train_total": "1209.17", "train_n_correct": "158.958", "train_ppl": "86.55", "train_accuracy": "13.146", "train_wps": "1549.2", "train_ups": "1.28", "train_wpb": "1209.2", "train_bsz": "75", "train_num_updates": "576", "train_lr": "0.00262952", "train_gnorm": "3.225", "train_loss_scale": "128", "train_train_wall": "10", "train_gb_free": "42.7", "train_wall": "444"}
[2026-08-29 22:31:20,224][fairseq.logging.progress_bar][WARNING] - tensorboard not found, please install with: pip install tensorboard
[2026-08-29 22:31:20,226][fairseq.trainer][INFO] - begin training epoch 25
[2026-08-29 22:31:20,227][fairseq_cli.train][INFO] - Start iterating over samples
[2026-08-29 22:31:32,126][train_inner][INFO] - {"epoch": 25, "update": 25.0, "loss": "110.135", "nll_loss": "6.475", "total": "1206.18", "n_correct": "154.23", "ppl": "88.94", "accuracy": "12.787", "wps": "1554.3", "ups": "1.29", "wpb": "1206.2", "bsz": "75", "num_updates": "600", "lr": "0.00258267", "gnorm": "3.148", "loss_scale": "128", "train_wall": "42", "gb_free": "42.8", "wall": "457"}
[2026-08-29 22:31:32,129][fairseq_cli.train][INFO] - begin validation on "valid" subset
[2026-08-29 22:31:32,363][fairseq.logging.progress_bar][WARNING] - tensorboard not found, please install with: pip install tensorboard
[2026-08-29 22:31:34,316][valid][INFO] - {"epoch": 25, "valid_loss": "109.545", "valid_nll_loss": "6.407", "valid_total": "291.154", "valid_n_correct": "41.1538", "valid_ppl": "84.87", "valid_accuracy": "14.135", "valid_wps": "4357.3", "valid_wpb": "291.2", "valid_bsz": "18.1", "valid_num_updates": "600", "valid_best_accuracy": "14.135"}
[2026-08-29 22:31:34,318][fairseq.checkpoint_utils][INFO] - Preparing to save checkpoint for epoch 25 @ 600 updates
[2026-08-29 22:31:34,319][fairseq.trainer][INFO] - Saving checkpoint to checkpoints/checkpoint_best.pt
[2026-08-29 22:31:36,763][fairseq.trainer][INFO] - Finished saving checkpoint to checkpoints/checkpoint_best.pt
[2026-08-29 22:31:39,347][fairseq.checkpoint_utils][INFO] - Saved checkpoint checkpoints/checkpoint_best.pt (epoch 25 @ 600 updates, score 14.135) (writing took 5.028170737437904 seconds)
[2026-08-29 22:31:39,348][fairseq_cli.train][INFO] - end of epoch 25 (average epoch stats below)
[2026-08-29 22:31:39,350][train][INFO] - {"epoch": 25, "train_loss": "109.084", "train_nll_loss": "6.382", "train_total": "1209.17", "train_n_correct": "165.417", "train_ppl": "83.4", "train_accuracy": "13.68", "train_wps": "1489.3", "train_ups": "1.23", "train_wpb": "1209.2", "train_bsz": "75", "train_num_updates": "600", "train_lr": "0.00258267", "train_gnorm": "3.03", "train_loss_scale": "128", "train_train_wall": "10", "train_gb_free": "42.8", "train_wall": "464"}
[2026-08-29 22:31:39,691][fairseq.logging.progress_bar][WARNING] - tensorboard not found, please install with: pip install tensorboard
[2026-08-29 22:31:39,723][fairseq.trainer][INFO] - begin training epoch 26
[2026-08-29 22:31:39,724][fairseq_cli.train][INFO] - Start iterating over samples
[2026-08-29 22:31:50,908][fairseq_cli.train][INFO] - begin validation on "valid" subset
[2026-08-29 22:31:51,146][fairseq.logging.progress_bar][WARNING] - tensorboard not found, please install with: pip install tensorboard
[2026-08-29 22:31:53,012][valid][INFO] - {"epoch": 26, "valid_loss": "109.565", "valid_nll_loss": "6.398", "valid_total": "291.154", "valid_n_correct": "44.3077", "valid_ppl": "84.35", "valid_accuracy": "15.218", "valid_wps": "4304.8", "valid_wpb": "291.2", "valid_bsz": "18.1", "valid_num_updates": "624", "valid_best_accuracy": "15.218"}
[2026-08-29 22:31:53,015][fairseq.checkpoint_utils][INFO] - Preparing to save checkpoint for epoch 26 @ 624 updates
[2026-08-29 22:31:53,016][fairseq.trainer][INFO] - Saving checkpoint to checkpoints/checkpoint_best.pt
[2026-08-29 22:31:55,174][fairseq.trainer][INFO] - Finished saving checkpoint to checkpoints/checkpoint_best.pt
[2026-08-29 22:31:58,219][fairseq.checkpoint_utils][INFO] - Saved checkpoint checkpoints/checkpoint_best.pt (epoch 26 @ 624 updates, score 15.218) (writing took 5.203566731885076 seconds)
[2026-08-29 22:31:58,236][fairseq_cli.train][INFO] - end of epoch 26 (average epoch stats below)
[2026-08-29 22:31:58,240][train][INFO] - {"epoch": 26, "train_loss": "108.358", "train_nll_loss": "6.33", "train_total": "1209.17", "train_n_correct": "176.167", "train_ppl": "80.47", "train_accuracy": "14.569", "train_wps": "1536.6", "train_ups": "1.27", "train_wpb": "1209.2", "train_bsz": "75", "train_num_updates": "624", "train_lr": "0.00253667", "train_gnorm": "3.267", "train_loss_scale": "128", "train_train_wall": "10", "train_gb_free": "43", "train_wall": "483"}
[2026-08-29 22:31:58,550][fairseq.logging.progress_bar][WARNING] - tensorboard not found, please install with: pip install tensorboard
[2026-08-29 22:31:58,553][fairseq.trainer][INFO] - begin training epoch 27
[2026-08-29 22:31:58,554][fairseq_cli.train][INFO] - Start iterating over samples
[2026-08-29 22:32:09,918][fairseq_cli.train][INFO] - begin validation on "valid" subset
[2026-08-29 22:32:10,144][fairseq.logging.progress_bar][WARNING] - tensorboard not found, please install with: pip install tensorboard
[2026-08-29 22:32:12,091][valid][INFO] - {"epoch": 27, "valid_loss": "108.498", "valid_nll_loss": "6.326", "valid_total": "291.154", "valid_n_correct": "44.5385", "valid_ppl": "80.21", "valid_accuracy": "15.297", "valid_wps": "3849.5", "valid_wpb": "291.2", "valid_bsz": "18.1", "valid_num_updates": "648", "valid_best_accuracy": "15.297"}
[2026-08-29 22:32:12,093][fairseq.checkpoint_utils][INFO] - Preparing to save checkpoint for epoch 27 @ 648 updates
[2026-08-29 22:32:12,094][fairseq.trainer][INFO] - Saving checkpoint to checkpoints/checkpoint_best.pt
[2026-08-29 22:32:14,557][fairseq.trainer][INFO] - Finished saving checkpoint to checkpoints/checkpoint_best.pt
[2026-08-29 22:32:17,124][fairseq.checkpoint_utils][INFO] - Saved checkpoint checkpoints/checkpoint_best.pt (epoch 27 @ 648 updates, score 15.297) (writing took 5.030572891235352 seconds)
[2026-08-29 22:32:17,126][fairseq_cli.train][INFO] - end of epoch 27 (average epoch stats below)
[2026-08-29 22:32:17,129][train][INFO] - {"epoch": 27, "train_loss": "107.967", "train_nll_loss": "6.302", "train_total": "1209.17", "train_n_correct": "180.75", "train_ppl": "78.91", "train_accuracy": "14.948", "train_wps": "1536.5", "train_ups": "1.27", "train_wpb": "1209.2", "train_bsz": "75", "train_num_updates": "648", "train_lr": "0.00249148", "train_gnorm": "3.066", "train_loss_scale": "128", "train_train_wall": "10", "train_gb_free": "43", "train_wall": "502"}
[2026-08-29 22:32:17,490][fairseq.logging.progress_bar][WARNING] - tensorboard not found, please install with: pip install tensorboard
[2026-08-29 22:32:17,522][fairseq.trainer][INFO] - begin training epoch 28
[2026-08-29 22:32:17,526][fairseq_cli.train][INFO] - Start iterating over samples
[2026-08-29 22:32:28,723][fairseq_cli.train][INFO] - begin validation on "valid" subset
[2026-08-29 22:32:29,021][fairseq.logging.progress_bar][WARNING] - tensorboard not found, please install with: pip install tensorboard
[2026-08-29 22:32:30,879][valid][INFO] - {"epoch": 28, "valid_loss": "108.674", "valid_nll_loss": "6.333", "valid_total": "291.154", "valid_n_correct": "48.1538", "valid_ppl": "80.61", "valid_accuracy": "16.539", "valid_wps": "4321.5", "valid_wpb": "291.2", "valid_bsz": "18.1", "valid_num_updates": "672", "valid_best_accuracy": "16.539"}
[2026-08-29 22:32:30,886][fairseq.checkpoint_utils][INFO] - Preparing to save checkpoint for epoch 28 @ 672 updates
[2026-08-29 22:32:30,887][fairseq.trainer][INFO] - Saving checkpoint to checkpoints/checkpoint_best.pt
[2026-08-29 22:32:33,361][fairseq.trainer][INFO] - Finished saving checkpoint to checkpoints/checkpoint_best.pt
[2026-08-29 22:32:35,942][fairseq.checkpoint_utils][INFO] - Saved checkpoint checkpoints/checkpoint_best.pt (epoch 28 @ 672 updates, score 16.539) (writing took 5.055893388576806 seconds)
[2026-08-29 22:32:35,944][fairseq_cli.train][INFO] - end of epoch 28 (average epoch stats below)
[2026-08-29 22:32:35,947][train][INFO] - {"epoch": 28, "train_loss": "106.951", "train_nll_loss": "6.229", "train_total": "1209.17", "train_n_correct": "194.125", "train_ppl": "75", "train_accuracy": "16.054", "train_wps": "1542.5", "train_ups": "1.28", "train_wpb": "1209.2", "train_bsz": "75", "train_num_updates": "672", "train_lr": "0.0024471", "train_gnorm": "3.276", "train_loss_scale": "128", "train_train_wall": "10", "train_gb_free": "42.7", "train_wall": "520"}
[2026-08-29 22:32:36,283][fairseq.logging.progress_bar][WARNING] - tensorboard not found, please install with: pip install tensorboard
[2026-08-29 22:32:36,321][fairseq.trainer][INFO] - begin training epoch 29
[2026-08-29 22:32:36,322][fairseq_cli.train][INFO] - Start iterating over samples
[2026-08-29 22:32:47,776][fairseq_cli.train][INFO] - begin validation on "valid" subset
[2026-08-29 22:32:48,071][fairseq.logging.progress_bar][WARNING] - tensorboard not found, please install with: pip install tensorboard
[2026-08-29 22:32:50,150][valid][INFO] - {"epoch": 29, "valid_loss": "107.721", "valid_nll_loss": "6.27", "valid_total": "291.154", "valid_n_correct": "48.5385", "valid_ppl": "77.15", "valid_accuracy": "16.671", "valid_wps": "4410.8", "valid_wpb": "291.2", "valid_bsz": "18.1", "valid_num_updates": "696", "valid_best_accuracy": "16.671"}
[2026-08-29 22:32:50,153][fairseq.checkpoint_utils][INFO] - Preparing to save checkpoint for epoch 29 @ 696 updates
[2026-08-29 22:32:50,154][fairseq.trainer][INFO] - Saving checkpoint to checkpoints/checkpoint_best.pt
[2026-08-29 22:32:52,517][fairseq.trainer][INFO] - Finished saving checkpoint to checkpoints/checkpoint_best.pt
[2026-08-29 22:32:55,073][fairseq.checkpoint_utils][INFO] - Saved checkpoint checkpoints/checkpoint_best.pt (epoch 29 @ 696 updates, score 16.671) (writing took 4.9197354931384325 seconds)
[2026-08-29 22:32:55,074][fairseq_cli.train][INFO] - end of epoch 29 (average epoch stats below)
[2026-08-29 22:32:55,077][train][INFO] - {"epoch": 29, "train_loss": "106.483", "train_nll_loss": "6.196", "train_total": "1209.17", "train_n_correct": "198.083", "train_ppl": "73.31", "train_accuracy": "16.382", "train_wps": "1517.1", "train_ups": "1.25", "train_wpb": "1209.2", "train_bsz": "75", "train_num_updates": "696", "train_lr": "0.00240351", "train_gnorm": "3.269", "train_loss_scale": "128", "train_train_wall": "10", "train_gb_free": "42.7", "train_wall": "540"}
[2026-08-29 22:32:55,410][fairseq.logging.progress_bar][WARNING] - tensorboard not found, please install with: pip install tensorboard
[2026-08-29 22:32:55,422][fairseq.trainer][INFO] - begin training epoch 30
[2026-08-29 22:32:55,423][fairseq_cli.train][INFO] - Start iterating over samples
[2026-08-29 22:32:58,557][train_inner][INFO] - {"epoch": 30, "update": 29.167, "loss": "107.024", "nll_loss": "6.261", "total": "1211.13", "n_correct": "188.02", "ppl": "76.69", "accuracy": "15.524", "wps": "1401.3", "ups": "1.16", "wpb": "1211.1", "bsz": "75.4", "num_updates": "700", "lr": "0.00239632", "gnorm": "3.201", "loss_scale": "128", "train_wall": "42", "gb_free": "42.8", "wall": "543"}
[2026-08-29 22:33:06,729][fairseq_cli.train][INFO] - begin validation on "valid" subset
[2026-08-29 22:33:06,942][fairseq.logging.progress_bar][WARNING] - tensorboard not found, please install with: pip install tensorboard
[2026-08-29 22:33:08,875][valid][INFO] - {"epoch": 30, "valid_loss": "107.505", "valid_nll_loss": "6.256", "valid_total": "291.154", "valid_n_correct": "50.6154", "valid_ppl": "76.42", "valid_accuracy": "17.384", "valid_wps": "4163.6", "valid_wpb": "291.2", "valid_bsz": "18.1", "valid_num_updates": "720", "valid_best_accuracy": "17.384"}
[2026-08-29 22:33:08,878][fairseq.checkpoint_utils][INFO] - Preparing to save checkpoint for epoch 30 @ 720 updates
[2026-08-29 22:33:08,879][fairseq.trainer][INFO] - Saving checkpoint to checkpoints/checkpoint_best.pt
[2026-08-29 22:33:11,292][fairseq.trainer][INFO] - Finished saving checkpoint to checkpoints/checkpoint_best.pt
[2026-08-29 22:33:14,108][fairseq.checkpoint_utils][INFO] - Saved checkpoint checkpoints/checkpoint_best.pt (epoch 30 @ 720 updates, score 17.384) (writing took 5.230466338805854 seconds)
[2026-08-29 22:33:14,110][fairseq_cli.train][INFO] - end of epoch 30 (average epoch stats below)
[2026-08-29 22:33:14,113][train][INFO] - {"epoch": 30, "train_loss": "105.953", "train_nll_loss": "6.158", "train_total": "1209.17", "train_n_correct": "204.208", "train_ppl": "71.4", "train_accuracy": "16.888", "train_wps": "1524.6", "train_ups": "1.26", "train_wpb": "1209.2", "train_bsz": "75", "train_num_updates": "720", "train_lr": "0.00236069", "train_gnorm": "3.207", "train_loss_scale": "128", "train_train_wall": "10", "train_gb_free": "42.7", "train_wall": "559"}
[2026-08-29 22:33:14,461][fairseq.logging.progress_bar][WARNING] - tensorboard not found, please install with: pip install tensorboard
[2026-08-29 22:33:14,520][fairseq.trainer][INFO] - begin training epoch 31
[2026-08-29 22:33:14,522][fairseq_cli.train][INFO] - Start iterating over samples
[2026-08-29 22:33:25,933][fairseq_cli.train][INFO] - begin validation on "valid" subset
[2026-08-29 22:33:26,145][fairseq.logging.progress_bar][WARNING] - tensorboard not found, please install with: pip install tensorboard
[2026-08-29 22:33:28,027][valid][INFO] - {"epoch": 31, "valid_loss": "107.213", "valid_nll_loss": "6.229", "valid_total": "291.154", "valid_n_correct": "50.9231", "valid_ppl": "74.99", "valid_accuracy": "17.49", "valid_wps": "3950.4", "valid_wpb": "291.2", "valid_bsz": "18.1", "valid_num_updates": "744", "valid_best_accuracy": "17.49"}
[2026-08-29 22:33:28,029][fairseq.checkpoint_utils][INFO] - Preparing to save checkpoint for epoch 31 @ 744 updates
[2026-08-29 22:33:28,031][fairseq.trainer][INFO] - Saving checkpoint to checkpoints/checkpoint_best.pt
[2026-08-29 22:33:30,359][fairseq.trainer][INFO] - Finished saving checkpoint to checkpoints/checkpoint_best.pt
[2026-08-29 22:33:33,134][fairseq.checkpoint_utils][INFO] - Saved checkpoint checkpoints/checkpoint_best.pt (epoch 31 @ 744 updates, score 17.49) (writing took 5.104729048907757 seconds)
[2026-08-29 22:33:33,136][fairseq_cli.train][INFO] - end of epoch 31 (average epoch stats below)
[2026-08-29 22:33:33,140][train][INFO] - {"epoch": 31, "train_loss": "105.18", "train_nll_loss": "6.104", "train_total": "1209.17", "train_n_correct": "213.5", "train_ppl": "68.77", "train_accuracy": "17.657", "train_wps": "1525.3", "train_ups": "1.26", "train_wpb": "1209.2", "train_bsz": "75", "train_num_updates": "744", "train_lr": "0.00231864", "train_gnorm": "3.105", "train_loss_scale": "128", "train_train_wall": "10", "train_gb_free": "42.8", "train_wall": "578"}
[2026-08-29 22:33:33,467][fairseq.logging.progress_bar][WARNING] - tensorboard not found, please install with: pip install tensorboard
[2026-08-29 22:33:33,522][fairseq.trainer][INFO] - begin training epoch 32
[2026-08-29 22:33:33,523][fairseq_cli.train][INFO] - Start iterating over samples
[2026-08-29 22:33:44,962][fairseq_cli.train][INFO] - begin validation on "valid" subset
[2026-08-29 22:33:45,210][fairseq.logging.progress_bar][WARNING] - tensorboard not found, please install with: pip install tensorboard
[2026-08-29 22:33:47,046][valid][INFO] - {"epoch": 32, "valid_loss": "107.075", "valid_nll_loss": "6.22", "valid_total": "291.154", "valid_n_correct": "52.8462", "valid_ppl": "74.52", "valid_accuracy": "18.151", "valid_wps": "4038.1", "valid_wpb": "291.2", "valid_bsz": "18.1", "valid_num_updates": "768", "valid_best_accuracy": "18.151"}
[2026-08-29 22:33:47,049][fairseq.checkpoint_utils][INFO] - Preparing to save checkpoint for epoch 32 @ 768 updates
[2026-08-29 22:33:47,050][fairseq.trainer][INFO] - Saving checkpoint to checkpoints/checkpoint_best.pt
[2026-08-29 22:33:49,452][fairseq.trainer][INFO] - Finished saving checkpoint to checkpoints/checkpoint_best.pt
[2026-08-29 22:33:52,109][fairseq.checkpoint_utils][INFO] - Saved checkpoint checkpoints/checkpoint_best.pt (epoch 32 @ 768 updates, score 18.151) (writing took 5.059406138025224 seconds)
[2026-08-29 22:33:52,110][fairseq_cli.train][INFO] - end of epoch 32 (average epoch stats below)
[2026-08-29 22:33:52,112][train][INFO] - {"epoch": 32, "train_loss": "104.731", "train_nll_loss": "6.07", "train_total": "1209.17", "train_n_correct": "221.333", "train_ppl": "67.17", "train_accuracy": "18.305", "train_wps": "1529.7", "train_ups": "1.27", "train_wpb": "1209.2", "train_bsz": "75", "train_num_updates": "768", "train_lr": "0.00227733", "train_gnorm": "3.227", "train_loss_scale": "128", "train_train_wall": "10", "train_gb_free": "42.9", "train_wall": "597"}
[2026-08-29 22:33:52,378][fairseq.logging.progress_bar][WARNING] - tensorboard not found, please install with: pip install tensorboard
[2026-08-29 22:33:52,381][fairseq.trainer][INFO] - begin training epoch 33
[2026-08-29 22:33:52,382][fairseq_cli.train][INFO] - Start iterating over samples
[2026-08-29 22:34:03,595][fairseq_cli.train][INFO] - begin validation on "valid" subset
[2026-08-29 22:34:03,955][fairseq.logging.progress_bar][WARNING] - tensorboard not found, please install with: pip install tensorboard
[2026-08-29 22:34:05,795][valid][INFO] - {"epoch": 33, "valid_loss": "106.675", "valid_nll_loss": "6.189", "valid_total": "291.154", "valid_n_correct": "54", "valid_ppl": "72.98", "valid_accuracy": "18.547", "valid_wps": "4438.2", "valid_wpb": "291.2", "valid_bsz": "18.1", "valid_num_updates": "792", "valid_best_accuracy": "18.547"}
[2026-08-29 22:34:05,798][fairseq.checkpoint_utils][INFO] - Preparing to save checkpoint for epoch 33 @ 792 updates
[2026-08-29 22:34:05,799][fairseq.trainer][INFO] - Saving checkpoint to checkpoints/checkpoint_best.pt
[2026-08-29 22:34:08,207][fairseq.trainer][INFO] - Finished saving checkpoint to checkpoints/checkpoint_best.pt
[2026-08-29 22:34:10,899][fairseq.checkpoint_utils][INFO] - Saved checkpoint checkpoints/checkpoint_best.pt (epoch 33 @ 792 updates, score 18.547) (writing took 5.101548911072314 seconds)
[2026-08-29 22:34:10,910][fairseq_cli.train][INFO] - end of epoch 33 (average epoch stats below)
[2026-08-29 22:34:10,914][train][INFO] - {"epoch": 33, "train_loss": "104.075", "train_nll_loss": "6.024", "train_total": "1209.17", "train_n_correct": "223.167", "train_ppl": "65.07", "train_accuracy": "18.456", "train_wps": "1543.6", "train_ups": "1.28", "train_wpb": "1209.2", "train_bsz": "75", "train_num_updates": "792", "train_lr": "0.00223676", "train_gnorm": "3.123", "train_loss_scale": "128", "train_train_wall": "10", "train_gb_free": "42.7", "train_wall": "615"}
[2026-08-29 22:34:11,228][fairseq.logging.progress_bar][WARNING] - tensorboard not found, please install with: pip install tensorboard
[2026-08-29 22:34:11,230][fairseq.trainer][INFO] - begin training epoch 34
[2026-08-29 22:34:11,231][fairseq_cli.train][INFO] - Start iterating over samples
[2026-08-29 22:34:15,669][train_inner][INFO] - {"epoch": 34, "update": 33.333, "loss": "105.346", "nll_loss": "6.076", "total": "1202.5", "n_correct": "216.38", "ppl": "67.45", "accuracy": "17.994", "wps": "1559.4", "ups": "1.3", "wpb": "1202.5", "bsz": "74.2", "num_updates": "800", "lr": "0.0022234", "gnorm": "3.192", "loss_scale": "128", "train_wall": "42", "gb_free": "42.7", "wall": "620"}
[2026-08-29 22:34:22,359][fairseq_cli.train][INFO] - begin validation on "valid" subset
[2026-08-29 22:34:22,597][fairseq.logging.progress_bar][WARNING] - tensorboard not found, please install with: pip install tensorboard
[2026-08-29 22:34:24,330][valid][INFO] - {"epoch": 34, "valid_loss": "106.101", "valid_nll_loss": "6.151", "valid_total": "291.154", "valid_n_correct": "55.5385", "valid_ppl": "71.04", "valid_accuracy": "19.075", "valid_wps": "4246.5", "valid_wpb": "291.2", "valid_bsz": "18.1", "valid_num_updates": "816", "valid_best_accuracy": "19.075"}
[2026-08-29 22:34:24,332][fairseq.checkpoint_utils][INFO] - Preparing to save checkpoint for epoch 34 @ 816 updates
[2026-08-29 22:34:24,333][fairseq.trainer][INFO] - Saving checkpoint to checkpoints/checkpoint_best.pt
[2026-08-29 22:34:26,689][fairseq.trainer][INFO] - Finished saving checkpoint to checkpoints/checkpoint_best.pt
[2026-08-29 22:34:29,261][fairseq.checkpoint_utils][INFO] - Saved checkpoint checkpoints/checkpoint_best.pt (epoch 34 @ 816 updates, score 19.075) (writing took 4.928300434723496 seconds)
[2026-08-29 22:34:29,262][fairseq_cli.train][INFO] - end of epoch 34 (average epoch stats below)
[2026-08-29 22:34:29,264][train][INFO] - {"epoch": 34, "train_loss": "103.655", "train_nll_loss": "5.994", "train_total": "1209.17", "train_n_correct": "234.5", "train_ppl": "63.72", "train_accuracy": "19.394", "train_wps": "1581.6", "train_ups": "1.31", "train_wpb": "1209.2", "train_bsz": "75", "train_num_updates": "816", "train_lr": "0.00219692", "train_gnorm": "3.085", "train_loss_scale": "128", "train_train_wall": "10", "train_gb_free": "42.7", "train_wall": "634"}
[2026-08-29 22:34:29,599][fairseq.logging.progress_bar][WARNING] - tensorboard not found, please install with: pip install tensorboard
[2026-08-29 22:34:29,611][fairseq.trainer][INFO] - begin training epoch 35
[2026-08-29 22:34:29,612][fairseq_cli.train][INFO] - Start iterating over samples
[2026-08-29 22:34:40,856][fairseq_cli.train][INFO] - begin validation on "valid" subset
[2026-08-29 22:34:41,068][fairseq.logging.progress_bar][WARNING] - tensorboard not found, please install with: pip install tensorboard
[2026-08-29 22:34:42,980][valid][INFO] - {"epoch": 35, "valid_loss": "106.162", "valid_nll_loss": "6.155", "valid_total": "291.154", "valid_n_correct": "56.3846", "valid_ppl": "71.24", "valid_accuracy": "19.366", "valid_wps": "4422.2", "valid_wpb": "291.2", "valid_bsz": "18.1", "valid_num_updates": "840", "valid_best_accuracy": "19.366"}
[2026-08-29 22:34:42,983][fairseq.checkpoint_utils][INFO] - Preparing to save checkpoint for epoch 35 @ 840 updates
[2026-08-29 22:34:42,984][fairseq.trainer][INFO] - Saving checkpoint to checkpoints/checkpoint_best.pt
[2026-08-29 22:34:45,526][fairseq.trainer][INFO] - Finished saving checkpoint to checkpoints/checkpoint_best.pt
[2026-08-29 22:34:48,336][fairseq.checkpoint_utils][INFO] - Saved checkpoint checkpoints/checkpoint_best.pt (epoch 35 @ 840 updates, score 19.366) (writing took 5.3532414780929685 seconds)
[2026-08-29 22:34:48,339][fairseq_cli.train][INFO] - end of epoch 35 (average epoch stats below)
[2026-08-29 22:34:48,341][train][INFO] - {"epoch": 35, "train_loss": "103.243", "train_nll_loss": "5.965", "train_total": "1209.17", "train_n_correct": "235.625", "train_ppl": "62.45", "train_accuracy": "19.487", "train_wps": "1521.4", "train_ups": "1.26", "train_wpb": "1209.2", "train_bsz": "75", "train_num_updates": "840", "train_lr": "0.00215778", "train_gnorm": "3.384", "train_loss_scale": "128", "train_train_wall": "10", "train_gb_free": "42.7", "train_wall": "653"}
[2026-08-29 22:34:48,646][fairseq.logging.progress_bar][WARNING] - tensorboard not found, please install with: pip install tensorboard
[2026-08-29 22:34:48,650][fairseq.trainer][INFO] - begin training epoch 36
[2026-08-29 22:34:48,651][fairseq_cli.train][INFO] - Start iterating over samples
[2026-08-29 22:35:00,275][fairseq_cli.train][INFO] - begin validation on "valid" subset
[2026-08-29 22:35:00,519][fairseq.logging.progress_bar][WARNING] - tensorboard not found, please install with: pip install tensorboard
[2026-08-29 22:35:02,393][valid][INFO] - {"epoch": 36, "valid_loss": "106.087", "valid_nll_loss": "6.142", "valid_total": "291.154", "valid_n_correct": "57.3077", "valid_ppl": "70.62", "valid_accuracy": "19.683", "valid_wps": "4444.2", "valid_wpb": "291.2", "valid_bsz": "18.1", "valid_num_updates": "864", "valid_best_accuracy": "19.683"}
[2026-08-29 22:35:02,396][fairseq.checkpoint_utils][INFO] - Preparing to save checkpoint for epoch 36 @ 864 updates
[2026-08-29 22:35:02,397][fairseq.trainer][INFO] - Saving checkpoint to checkpoints/checkpoint_best.pt
[2026-08-29 22:35:04,433][fairseq.trainer][INFO] - Finished saving checkpoint to checkpoints/checkpoint_best.pt
[2026-08-29 22:35:07,800][fairseq.checkpoint_utils][INFO] - Saved checkpoint checkpoints/checkpoint_best.pt (epoch 36 @ 864 updates, score 19.683) (writing took 5.403698816895485 seconds)
[2026-08-29 22:35:07,810][fairseq_cli.train][INFO] - end of epoch 36 (average epoch stats below)
[2026-08-29 22:35:07,813][train][INFO] - {"epoch": 36, "train_loss": "102.873", "train_nll_loss": "5.937", "train_total": "1209.17", "train_n_correct": "240.375", "train_ppl": "61.28", "train_accuracy": "19.879", "train_wps": "1490.4", "train_ups": "1.23", "train_wpb": "1209.2", "train_bsz": "75", "train_num_updates": "864", "train_lr": "0.00211935", "train_gnorm": "3.517", "train_loss_scale": "128", "train_train_wall": "10", "train_gb_free": "42.7", "train_wall": "672"}
[2026-08-29 22:35:08,310][fairseq.logging.progress_bar][WARNING] - tensorboard not found, please install with: pip install tensorboard
[2026-08-29 22:35:08,313][fairseq.trainer][INFO] - begin training epoch 37
[2026-08-29 22:35:08,315][fairseq_cli.train][INFO] - Start iterating over samples
[2026-08-29 22:35:19,960][fairseq_cli.train][INFO] - begin validation on "valid" subset
[2026-08-29 22:35:20,327][fairseq.logging.progress_bar][WARNING] - tensorboard not found, please install with: pip install tensorboard
[2026-08-29 22:35:22,213][valid][INFO] - {"epoch": 37, "valid_loss": "105.554", "valid_nll_loss": "6.112", "valid_total": "291.154", "valid_n_correct": "57.2308", "valid_ppl": "69.18", "valid_accuracy": "19.657", "valid_wps": "4452.4", "valid_wpb": "291.2", "valid_bsz": "18.1", "valid_num_updates": "888", "valid_best_accuracy": "19.683"}
[2026-08-29 22:35:22,216][fairseq.checkpoint_utils][INFO] - Preparing to save checkpoint for epoch 37 @ 888 updates
[2026-08-29 22:35:22,220][fairseq.trainer][INFO] - Saving checkpoint to checkpoints/checkpoint_last.pt
[2026-08-29 22:35:24,435][fairseq.trainer][INFO] - Finished saving checkpoint to checkpoints/checkpoint_last.pt
[2026-08-29 22:35:24,442][fairseq.checkpoint_utils][INFO] - Saved checkpoint checkpoints/checkpoint_last.pt (epoch 37 @ 888 updates, score 19.657) (writing took 2.225993919186294 seconds)
[2026-08-29 22:35:24,443][fairseq_cli.train][INFO] - end of epoch 37 (average epoch stats below)
[2026-08-29 22:35:24,444][train][INFO] - {"epoch": 37, "train_loss": "102.222", "train_nll_loss": "5.892", "train_total": "1209.17", "train_n_correct": "246.75", "train_ppl": "59.37", "train_accuracy": "20.407", "train_wps": "1745.1", "train_ups": "1.44", "train_wpb": "1209.2", "train_bsz": "75", "train_num_updates": "888", "train_lr": "0.00208159", "train_gnorm": "3.348", "train_loss_scale": "128", "train_train_wall": "10", "train_gb_free": "43", "train_wall": "689"}
[2026-08-29 22:35:24,659][fairseq.logging.progress_bar][WARNING] - tensorboard not found, please install with: pip install tensorboard
[2026-08-29 22:35:24,662][fairseq.trainer][INFO] - begin training epoch 38
[2026-08-29 22:35:24,663][fairseq_cli.train][INFO] - Start iterating over samples
[2026-08-29 22:35:31,466][train_inner][INFO] - {"epoch": 38, "update": 37.5, "loss": "102.7", "nll_loss": "5.945", "total": "1226.95", "n_correct": "244.18", "ppl": "61.59", "accuracy": "19.901", "wps": "1618.8", "ups": "1.32", "wpb": "1227", "bsz": "76.3", "num_updates": "900", "lr": "0.00206297", "gnorm": "3.305", "loss_scale": "128", "train_wall": "43", "gb_free": "43", "wall": "696"}
[2026-08-29 22:35:36,387][fairseq_cli.train][INFO] - begin validation on "valid" subset
[2026-08-29 22:35:36,622][fairseq.logging.progress_bar][WARNING] - tensorboard not found, please install with: pip install tensorboard
[2026-08-29 22:35:38,746][valid][INFO] - {"epoch": 38, "valid_loss": "105.449", "valid_nll_loss": "6.098", "valid_total": "291.154", "valid_n_correct": "58.7692", "valid_ppl": "68.5", "valid_accuracy": "20.185", "valid_wps": "4037.2", "valid_wpb": "291.2", "valid_bsz": "18.1", "valid_num_updates": "912", "valid_best_accuracy": "20.185"}
[2026-08-29 22:35:38,749][fairseq.checkpoint_utils][INFO] - Preparing to save checkpoint for epoch 38 @ 912 updates
[2026-08-29 22:35:38,750][fairseq.trainer][INFO] - Saving checkpoint to checkpoints/checkpoint_best.pt
[2026-08-29 22:35:41,066][fairseq.trainer][INFO] - Finished saving checkpoint to checkpoints/checkpoint_best.pt
[2026-08-29 22:35:43,669][fairseq.checkpoint_utils][INFO] - Saved checkpoint checkpoints/checkpoint_best.pt (epoch 38 @ 912 updates, score 20.185) (writing took 4.920367141254246 seconds)
[2026-08-29 22:35:43,671][fairseq_cli.train][INFO] - end of epoch 38 (average epoch stats below)
[2026-08-29 22:35:43,673][train][INFO] - {"epoch": 38, "train_loss": "101.769", "train_nll_loss": "5.859", "train_total": "1209.17", "train_n_correct": "252.75", "train_ppl": "58.04", "train_accuracy": "20.903", "train_wps": "1509.3", "train_ups": "1.25", "train_wpb": "1209.2", "train_bsz": "75", "train_num_updates": "912", "train_lr": "0.00204451", "train_gnorm": "3.221", "train_loss_scale": "128", "train_train_wall": "10", "train_gb_free": "42.7", "train_wall": "708"}
[2026-08-29 22:35:44,019][fairseq.logging.progress_bar][WARNING] - tensorboard not found, please install with: pip install tensorboard
[2026-08-29 22:35:44,022][fairseq.trainer][INFO] - begin training epoch 39
[2026-08-29 22:35:44,025][fairseq_cli.train][INFO] - Start iterating over samples
[2026-08-29 22:35:55,847][fairseq_cli.train][INFO] - begin validation on "valid" subset
[2026-08-29 22:35:56,073][fairseq.logging.progress_bar][WARNING] - tensorboard not found, please install with: pip install tensorboard
[2026-08-29 22:35:57,912][valid][INFO] - {"epoch": 39, "valid_loss": "105.386", "valid_nll_loss": "6.093", "valid_total": "291.154", "valid_n_correct": "59.7692", "valid_ppl": "68.28", "valid_accuracy": "20.528", "valid_wps": "4415", "valid_wpb": "291.2", "valid_bsz": "18.1", "valid_num_updates": "936", "valid_best_accuracy": "20.528"}
[2026-08-29 22:35:57,915][fairseq.checkpoint_utils][INFO] - Preparing to save checkpoint for epoch 39 @ 936 updates
[2026-08-29 22:35:57,916][fairseq.trainer][INFO] - Saving checkpoint to checkpoints/checkpoint_best.pt
[2026-08-29 22:36:00,229][fairseq.trainer][INFO] - Finished saving checkpoint to checkpoints/checkpoint_best.pt
[2026-08-29 22:36:02,910][fairseq.checkpoint_utils][INFO] - Saved checkpoint checkpoints/checkpoint_best.pt (epoch 39 @ 936 updates, score 20.528) (writing took 4.995005483739078 seconds)
[2026-08-29 22:36:02,912][fairseq_cli.train][INFO] - end of epoch 39 (average epoch stats below)
[2026-08-29 22:36:02,916][train][INFO] - {"epoch": 39, "train_loss": "101.685", "train_nll_loss": "5.853", "train_total": "1209.17", "train_n_correct": "253.708", "train_ppl": "57.79", "train_accuracy": "20.982", "train_wps": "1508.2", "train_ups": "1.25", "train_wpb": "1209.2", "train_bsz": "75", "train_num_updates": "936", "train_lr": "0.00200809", "train_gnorm": "3.488", "train_loss_scale": "128", "train_train_wall": "10", "train_gb_free": "42.9", "train_wall": "727"}
[2026-08-29 22:36:03,236][fairseq.logging.progress_bar][WARNING] - tensorboard not found, please install with: pip install tensorboard
[2026-08-29 22:36:03,239][fairseq.trainer][INFO] - begin training epoch 40
[2026-08-29 22:36:03,240][fairseq_cli.train][INFO] - Start iterating over samples
[2026-08-29 22:36:14,839][fairseq_cli.train][INFO] - begin validation on "valid" subset
[2026-08-29 22:36:15,127][fairseq.logging.progress_bar][WARNING] - tensorboard not found, please install with: pip install tensorboard
[2026-08-29 22:36:17,144][valid][INFO] - {"epoch": 40, "valid_loss": "105.083", "valid_nll_loss": "6.075", "valid_total": "291.154", "valid_n_correct": "60.6154", "valid_ppl": "67.4", "valid_accuracy": "20.819", "valid_wps": "4204", "valid_wpb": "291.2", "valid_bsz": "18.1", "valid_num_updates": "960", "valid_best_accuracy": "20.819"}
[2026-08-29 22:36:17,147][fairseq.checkpoint_utils][INFO] - Preparing to save checkpoint for epoch 40 @ 960 updates
[2026-08-29 22:36:17,148][fairseq.trainer][INFO] - Saving checkpoint to checkpoints/checkpoint_best.pt
[2026-08-29 22:36:19,510][fairseq.trainer][INFO] - Finished saving checkpoint to checkpoints/checkpoint_best.pt
[2026-08-29 22:36:22,054][fairseq.checkpoint_utils][INFO] - Saved checkpoint checkpoints/checkpoint_best.pt (epoch 40 @ 960 updates, score 20.819) (writing took 4.907160925678909 seconds)
[2026-08-29 22:36:22,056][fairseq_cli.train][INFO] - end of epoch 40 (average epoch stats below)
[2026-08-29 22:36:22,058][train][INFO] - {"epoch": 40, "train_loss": "101.127", "train_nll_loss": "5.812", "train_total": "1209.17", "train_n_correct": "261.5", "train_ppl": "56.19", "train_accuracy": "21.626", "train_wps": "1516.1", "train_ups": "1.25", "train_wpb": "1209.2", "train_bsz": "75", "train_num_updates": "960", "train_lr": "0.00197232", "train_gnorm": "3.478", "train_loss_scale": "128", "train_train_wall": "10", "train_gb_free": "42.7", "train_wall": "747"}
[2026-08-29 22:36:22,347][fairseq.logging.progress_bar][WARNING] - tensorboard not found, please install with: pip install tensorboard
[2026-08-29 22:36:22,350][fairseq.trainer][INFO] - begin training epoch 41
[2026-08-29 22:36:22,352][fairseq_cli.train][INFO] - Start iterating over samples
[2026-08-29 22:36:34,117][fairseq_cli.train][INFO] - begin validation on "valid" subset
[2026-08-29 22:36:34,325][fairseq.logging.progress_bar][WARNING] - tensorboard not found, please install with: pip install tensorboard
[2026-08-29 22:36:36,480][valid][INFO] - {"epoch": 41, "valid_loss": "105.312", "valid_nll_loss": "6.086", "valid_total": "291.154", "valid_n_correct": "61.7692", "valid_ppl": "67.91", "valid_accuracy": "21.215", "valid_wps": "3578.5", "valid_wpb": "291.2", "valid_bsz": "18.1", "valid_num_updates": "984", "valid_best_accuracy": "21.215"}
[2026-08-29 22:36:36,484][fairseq.checkpoint_utils][INFO] - Preparing to save checkpoint for epoch 41 @ 984 updates
[2026-08-29 22:36:36,487][fairseq.trainer][INFO] - Saving checkpoint to checkpoints/checkpoint_best.pt
[2026-08-29 22:36:38,950][fairseq.trainer][INFO] - Finished saving checkpoint to checkpoints/checkpoint_best.pt
[2026-08-29 22:36:41,691][fairseq.checkpoint_utils][INFO] - Saved checkpoint checkpoints/checkpoint_best.pt (epoch 41 @ 984 updates, score 21.215) (writing took 5.206889207474887 seconds)
[2026-08-29 22:36:41,693][fairseq_cli.train][INFO] - end of epoch 41 (average epoch stats below)
[2026-08-29 22:36:41,695][train][INFO] - {"epoch": 41, "train_loss": "100.714", "train_nll_loss": "5.784", "train_total": "1209.17", "train_n_correct": "266.875", "train_ppl": "55.1", "train_accuracy": "22.071", "train_wps": "1477.9", "train_ups": "1.22", "train_wpb": "1209.2", "train_bsz": "75", "train_num_updates": "984", "train_lr": "0.00193718", "train_gnorm": "3.222", "train_loss_scale": "128", "train_train_wall": "11", "train_gb_free": "42.7", "train_wall": "766"}
[2026-08-29 22:36:41,971][fairseq.logging.progress_bar][WARNING] - tensorboard not found, please install with: pip install tensorboard
[2026-08-29 22:36:41,975][fairseq.trainer][INFO] - begin training epoch 42
[2026-08-29 22:36:41,976][fairseq_cli.train][INFO] - Start iterating over samples
[2026-08-29 22:36:50,274][train_inner][INFO] - {"epoch": 42, "update": 41.667, "loss": "100.897", "nll_loss": "5.797", "total": "1201.76", "n_correct": "260.57", "ppl": "55.62", "accuracy": "21.682", "wps": "1524.9", "ups": "1.27", "wpb": "1201.8", "bsz": "74.5", "num_updates": "1000", "lr": "0.00191411", "gnorm": "3.36", "loss_scale": "128", "train_wall": "43", "gb_free": "42.7", "wall": "775"}
[2026-08-29 22:36:53,610][fairseq_cli.train][INFO] - begin validation on "valid" subset
[2026-08-29 22:36:53,851][fairseq.logging.progress_bar][WARNING] - tensorboard not found, please install with: pip install tensorboard
[2026-08-29 22:36:55,734][valid][INFO] - {"epoch": 42, "valid_loss": "104.946", "valid_nll_loss": "6.059", "valid_total": "291.154", "valid_n_correct": "62.8462", "valid_ppl": "66.66", "valid_accuracy": "21.585", "valid_wps": "4399.1", "valid_wpb": "291.2", "valid_bsz": "18.1", "valid_num_updates": "1008", "valid_best_accuracy": "21.585"}
[2026-08-29 22:36:55,743][fairseq.checkpoint_utils][INFO] - Preparing to save checkpoint for epoch 42 @ 1008 updates
[2026-08-29 22:36:55,744][fairseq.trainer][INFO] - Saving checkpoint to checkpoints/checkpoint_best.pt
[2026-08-29 22:36:58,109][fairseq.trainer][INFO] - Finished saving checkpoint to checkpoints/checkpoint_best.pt
[2026-08-29 22:37:00,853][fairseq.checkpoint_utils][INFO] - Saved checkpoint checkpoints/checkpoint_best.pt (epoch 42 @ 1008 updates, score 21.585) (writing took 5.110632050782442 seconds)
[2026-08-29 22:37:00,856][fairseq_cli.train][INFO] - end of epoch 42 (average epoch stats below)
[2026-08-29 22:37:00,863][train][INFO] - {"epoch": 42, "train_loss": "100.487", "train_nll_loss": "5.767", "train_total": "1209.17", "train_n_correct": "268.458", "train_ppl": "54.46", "train_accuracy": "22.202", "train_wps": "1514.1", "train_ups": "1.25", "train_wpb": "1209.2", "train_bsz": "75", "train_num_updates": "1008", "train_lr": "0.00190268", "train_gnorm": "3.298", "train_loss_scale": "128", "train_train_wall": "10", "train_gb_free": "43", "train_wall": "785"}
[2026-08-29 22:37:01,265][fairseq.logging.progress_bar][WARNING] - tensorboard not found, please install with: pip install tensorboard
[2026-08-29 22:37:01,268][fairseq.trainer][INFO] - begin training epoch 43
[2026-08-29 22:37:01,269][fairseq_cli.train][INFO] - Start iterating over samples
[2026-08-29 22:37:13,768][fairseq_cli.train][INFO] - begin validation on "valid" subset
[2026-08-29 22:37:14,011][fairseq.logging.progress_bar][WARNING] - tensorboard not found, please install with: pip install tensorboard
[2026-08-29 22:37:15,984][valid][INFO] - {"epoch": 43, "valid_loss": "105.001", "valid_nll_loss": "6.061", "valid_total": "291.154", "valid_n_correct": "63.6154", "valid_ppl": "66.76", "valid_accuracy": "21.849", "valid_wps": "4228.4", "valid_wpb": "291.2", "valid_bsz": "18.1", "valid_num_updates": "1032", "valid_best_accuracy": "21.849"}
[2026-08-29 22:37:15,987][fairseq.checkpoint_utils][INFO] - Preparing to save checkpoint for epoch 43 @ 1032 updates
[2026-08-29 22:37:15,988][fairseq.trainer][INFO] - Saving checkpoint to checkpoints/checkpoint_best.pt
[2026-08-29 22:37:18,326][fairseq.trainer][INFO] - Finished saving checkpoint to checkpoints/checkpoint_best.pt
[2026-08-29 22:37:21,057][fairseq.checkpoint_utils][INFO] - Saved checkpoint checkpoints/checkpoint_best.pt (epoch 43 @ 1032 updates, score 21.849) (writing took 5.0691971043124795 seconds)
[2026-08-29 22:37:21,059][fairseq_cli.train][INFO] - end of epoch 43 (average epoch stats below)
[2026-08-29 22:37:21,061][train][INFO] - {"epoch": 43, "train_loss": "99.856", "train_nll_loss": "5.723", "train_total": "1209.17", "train_n_correct": "277.333", "train_ppl": "52.82", "train_accuracy": "22.936", "train_wps": "1436.9", "train_ups": "1.19", "train_wpb": "1209.2", "train_bsz": "75", "train_num_updates": "1032", "train_lr": "0.00186878", "train_gnorm": "3.329", "train_loss_scale": "128", "train_train_wall": "10", "train_gb_free": "42.9", "train_wall": "806"}
[2026-08-29 22:37:21,326][fairseq.logging.progress_bar][WARNING] - tensorboard not found, please install with: pip install tensorboard
[2026-08-29 22:37:21,329][fairseq.trainer][INFO] - begin training epoch 44
[2026-08-29 22:37:21,331][fairseq_cli.train][INFO] - Start iterating over samples
[2026-08-29 22:37:32,622][fairseq_cli.train][INFO] - begin validation on "valid" subset
[2026-08-29 22:37:32,910][fairseq.logging.progress_bar][WARNING] - tensorboard not found, please install with: pip install tensorboard
[2026-08-29 22:37:34,857][valid][INFO] - {"epoch": 44, "valid_loss": "104.864", "valid_nll_loss": "6.052", "valid_total": "291.154", "valid_n_correct": "64.3077", "valid_ppl": "66.33", "valid_accuracy": "22.087", "valid_wps": "4214.5", "valid_wpb": "291.2", "valid_bsz": "18.1", "valid_num_updates": "1056", "valid_best_accuracy": "22.087"}
[2026-08-29 22:37:34,862][fairseq.checkpoint_utils][INFO] - Preparing to save checkpoint for epoch 44 @ 1056 updates
[2026-08-29 22:37:34,863][fairseq.trainer][INFO] - Saving checkpoint to checkpoints/checkpoint_best.pt
[2026-08-29 22:37:37,545][fairseq.trainer][INFO] - Finished saving checkpoint to checkpoints/checkpoint_best.pt
[2026-08-29 22:37:40,062][fairseq.checkpoint_utils][INFO] - Saved checkpoint checkpoints/checkpoint_best.pt (epoch 44 @ 1056 updates, score 22.087) (writing took 5.200442150235176 seconds)
[2026-08-29 22:37:40,063][fairseq_cli.train][INFO] - end of epoch 44 (average epoch stats below)
[2026-08-29 22:37:40,065][train][INFO] - {"epoch": 44, "train_loss": "99.616", "train_nll_loss": "5.704", "train_total": "1209.17", "train_n_correct": "279.708", "train_ppl": "52.14", "train_accuracy": "23.132", "train_wps": "1527.2", "train_ups": "1.26", "train_wpb": "1209.2", "train_bsz": "75", "train_num_updates": "1056", "train_lr": "0.00183549", "train_gnorm": "3.343", "train_loss_scale": "128", "train_train_wall": "10", "train_gb_free": "42.8", "train_wall": "825"}
[2026-08-29 22:37:40,346][fairseq.logging.progress_bar][WARNING] - tensorboard not found, please install with: pip install tensorboard
[2026-08-29 22:37:40,348][fairseq.trainer][INFO] - begin training epoch 45
[2026-08-29 22:37:40,349][fairseq_cli.train][INFO] - Start iterating over samples
[2026-08-29 22:37:51,662][fairseq_cli.train][INFO] - begin validation on "valid" subset
[2026-08-29 22:37:51,872][fairseq.logging.progress_bar][WARNING] - tensorboard not found, please install with: pip install tensorboard
[2026-08-29 22:37:53,751][valid][INFO] - {"epoch": 45, "valid_loss": "104.883", "valid_nll_loss": "6.047", "valid_total": "291.154", "valid_n_correct": "64.5385", "valid_ppl": "66.11", "valid_accuracy": "22.166", "valid_wps": "4412.9", "valid_wpb": "291.2", "valid_bsz": "18.1", "valid_num_updates": "1080", "valid_best_accuracy": "22.166"}
[2026-08-29 22:37:53,753][fairseq.checkpoint_utils][INFO] - Preparing to save checkpoint for epoch 45 @ 1080 updates
[2026-08-29 22:37:53,754][fairseq.trainer][INFO] - Saving checkpoint to checkpoints/checkpoint_best.pt
[2026-08-29 22:37:55,827][fairseq.trainer][INFO] - Finished saving checkpoint to checkpoints/checkpoint_best.pt
[2026-08-29 22:37:58,378][fairseq.checkpoint_utils][INFO] - Saved checkpoint checkpoints/checkpoint_best.pt (epoch 45 @ 1080 updates, score 22.166) (writing took 4.624089179560542 seconds)
[2026-08-29 22:37:58,382][fairseq_cli.train][INFO] - end of epoch 45 (average epoch stats below)
[2026-08-29 22:37:58,390][train][INFO] - {"epoch": 45, "train_loss": "99.272", "train_nll_loss": "5.68", "train_total": "1209.17", "train_n_correct": "283.208", "train_ppl": "51.27", "train_accuracy": "23.422", "train_wps": "1584.2", "train_ups": "1.31", "train_wpb": "1209.2", "train_bsz": "75", "train_num_updates": "1080", "train_lr": "0.00180279", "train_gnorm": "3.706", "train_loss_scale": "128", "train_train_wall": "10", "train_gb_free": "42.8", "train_wall": "843"}
[2026-08-29 22:37:58,718][fairseq.logging.progress_bar][WARNING] - tensorboard not found, please install with: pip install tensorboard
[2026-08-29 22:37:58,721][fairseq.trainer][INFO] - begin training epoch 46
[2026-08-29 22:37:58,722][fairseq_cli.train][INFO] - Start iterating over samples
[2026-08-29 22:38:08,831][train_inner][INFO] - {"epoch": 46, "update": 45.833, "loss": "99.383", "nll_loss": "5.689", "total": "1198.87", "n_correct": "280.23", "ppl": "51.59", "accuracy": "23.375", "wps": "1526.1", "ups": "1.27", "wpb": "1198.9", "bsz": "74.4", "num_updates": "1100", "lr": "0.00177599", "gnorm": "3.439", "loss_scale": "128", "train_wall": "42", "gb_free": "43", "wall": "853"}
[2026-08-29 22:38:10,616][fairseq_cli.train][INFO] - begin validation on "valid" subset
[2026-08-29 22:38:10,990][fairseq.logging.progress_bar][WARNING] - tensorboard not found, please install with: pip install tensorboard
[2026-08-29 22:38:13,062][valid][INFO] - {"epoch": 46, "valid_loss": "104.509", "valid_nll_loss": "6.025", "valid_total": "291.154", "valid_n_correct": "65.2308", "valid_ppl": "65.14", "valid_accuracy": "22.404", "valid_wps": "4460.5", "valid_wpb": "291.2", "valid_bsz": "18.1", "valid_num_updates": "1104", "valid_best_accuracy": "22.404"}
[2026-08-29 22:38:13,065][fairseq.checkpoint_utils][INFO] - Preparing to save checkpoint for epoch 46 @ 1104 updates
[2026-08-29 22:38:13,066][fairseq.trainer][INFO] - Saving checkpoint to checkpoints/checkpoint_best.pt
[2026-08-29 22:38:15,347][fairseq.trainer][INFO] - Finished saving checkpoint to checkpoints/checkpoint_best.pt
[2026-08-29 22:38:17,942][fairseq.checkpoint_utils][INFO] - Saved checkpoint checkpoints/checkpoint_best.pt (epoch 46 @ 1104 updates, score 22.404) (writing took 4.877221112139523 seconds)
[2026-08-29 22:38:17,944][fairseq_cli.train][INFO] - end of epoch 46 (average epoch stats below)
[2026-08-29 22:38:17,947][train][INFO] - {"epoch": 46, "train_loss": "98.977", "train_nll_loss": "5.659", "train_total": "1209.17", "train_n_correct": "288.958", "train_ppl": "50.54", "train_accuracy": "23.897", "train_wps": "1484.1", "train_ups": "1.23", "train_wpb": "1209.2", "train_bsz": "75", "train_num_updates": "1104", "train_lr": "0.00177068", "train_gnorm": "3.365", "train_loss_scale": "128", "train_train_wall": "11", "train_gb_free": "42.9", "train_wall": "862"}
[2026-08-29 22:38:18,310][fairseq.logging.progress_bar][WARNING] - tensorboard not found, please install with: pip install tensorboard
[2026-08-29 22:38:18,327][fairseq.trainer][INFO] - begin training epoch 47
[2026-08-29 22:38:18,328][fairseq_cli.train][INFO] - Start iterating over samples
[2026-08-29 22:38:29,943][fairseq_cli.train][INFO] - begin validation on "valid" subset
[2026-08-29 22:38:30,226][fairseq.logging.progress_bar][WARNING] - tensorboard not found, please install with: pip install tensorboard
[2026-08-29 22:38:32,102][valid][INFO] - {"epoch": 47, "valid_loss": "104.713", "valid_nll_loss": "6.037", "valid_total": "291.154", "valid_n_correct": "65.6154", "valid_ppl": "65.68", "valid_accuracy": "22.536", "valid_wps": "4335", "valid_wpb": "291.2", "valid_bsz": "18.1", "valid_num_updates": "1128", "valid_best_accuracy": "22.536"}
[2026-08-29 22:38:32,111][fairseq.checkpoint_utils][INFO] - Preparing to save checkpoint for epoch 47 @ 1128 updates
[2026-08-29 22:38:32,112][fairseq.trainer][INFO] - Saving checkpoint to checkpoints/checkpoint_best.pt
[2026-08-29 22:38:34,541][fairseq.trainer][INFO] - Finished saving checkpoint to checkpoints/checkpoint_best.pt
[2026-08-29 22:38:37,211][fairseq.checkpoint_utils][INFO] - Saved checkpoint checkpoints/checkpoint_best.pt (epoch 47 @ 1128 updates, score 22.536) (writing took 5.099609748460352 seconds)
[2026-08-29 22:38:37,213][fairseq_cli.train][INFO] - end of epoch 47 (average epoch stats below)
[2026-08-29 22:38:37,215][train][INFO] - {"epoch": 47, "train_loss": "98.716", "train_nll_loss": "5.64", "train_total": "1209.17", "train_n_correct": "290.042", "train_ppl": "49.87", "train_accuracy": "23.987", "train_wps": "1506.2", "train_ups": "1.25", "train_wpb": "1209.2", "train_bsz": "75", "train_num_updates": "1128", "train_lr": "0.00173914", "train_gnorm": "3.385", "train_loss_scale": "128", "train_train_wall": "10", "train_gb_free": "42.9", "train_wall": "882"}
[2026-08-29 22:38:37,521][fairseq.logging.progress_bar][WARNING] - tensorboard not found, please install with: pip install tensorboard
[2026-08-29 22:38:37,524][fairseq.trainer][INFO] - begin training epoch 48
[2026-08-29 22:38:37,525][fairseq_cli.train][INFO] - Start iterating over samples
[2026-08-29 22:38:49,452][fairseq_cli.train][INFO] - begin validation on "valid" subset
[2026-08-29 22:38:49,734][fairseq.logging.progress_bar][WARNING] - tensorboard not found, please install with: pip install tensorboard
[2026-08-29 22:38:51,806][valid][INFO] - {"epoch": 48, "valid_loss": "104.947", "valid_nll_loss": "6.051", "valid_total": "291.154", "valid_n_correct": "65.2308", "valid_ppl": "66.29", "valid_accuracy": "22.404", "valid_wps": "4444.7", "valid_wpb": "291.2", "valid_bsz": "18.1", "valid_num_updates": "1152", "valid_best_accuracy": "22.536"}
[2026-08-29 22:38:51,811][fairseq.checkpoint_utils][INFO] - Preparing to save checkpoint for epoch 48 @ 1152 updates
[2026-08-29 22:38:51,812][fairseq.trainer][INFO] - Saving checkpoint to checkpoints/checkpoint_last.pt
[2026-08-29 22:38:54,071][fairseq.trainer][INFO] - Finished saving checkpoint to checkpoints/checkpoint_last.pt
[2026-08-29 22:38:54,072][fairseq.checkpoint_utils][INFO] - Saved checkpoint checkpoints/checkpoint_last.pt (epoch 48 @ 1152 updates, score 22.404) (writing took 2.2611682675778866 seconds)
[2026-08-29 22:38:54,073][fairseq_cli.train][INFO] - end of epoch 48 (average epoch stats below)
[2026-08-29 22:38:54,074][train][INFO] - {"epoch": 48, "train_loss": "98.581", "train_nll_loss": "5.631", "train_total": "1209.17", "train_n_correct": "290.708", "train_ppl": "49.56", "train_accuracy": "24.042", "train_wps": "1721.5", "train_ups": "1.42", "train_wpb": "1209.2", "train_bsz": "75", "train_num_updates": "1152", "train_lr": "0.00170816", "train_gnorm": "3.703", "train_loss_scale": "128", "train_train_wall": "11", "train_gb_free": "43", "train_wall": "899"}
[2026-08-29 22:38:54,286][fairseq.logging.progress_bar][WARNING] - tensorboard not found, please install with: pip install tensorboard
[2026-08-29 22:38:54,287][fairseq.trainer][INFO] - begin training epoch 49
[2026-08-29 22:38:54,288][fairseq_cli.train][INFO] - Start iterating over samples
[2026-08-29 22:39:05,982][fairseq_cli.train][INFO] - begin validation on "valid" subset
[2026-08-29 22:39:06,210][fairseq.logging.progress_bar][WARNING] - tensorboard not found, please install with: pip install tensorboard
[2026-08-29 22:39:08,307][valid][INFO] - {"epoch": 49, "valid_loss": "104.456", "valid_nll_loss": "6.016", "valid_total": "291.154", "valid_n_correct": "66.4615", "valid_ppl": "64.73", "valid_accuracy": "22.827", "valid_wps": "3592.6", "valid_wpb": "291.2", "valid_bsz": "18.1", "valid_num_updates": "1176", "valid_best_accuracy": "22.827"}
[2026-08-29 22:39:08,334][fairseq.checkpoint_utils][INFO] - Preparing to save checkpoint for epoch 49 @ 1176 updates
[2026-08-29 22:39:08,342][fairseq.trainer][INFO] - Saving checkpoint to checkpoints/checkpoint_best.pt
[2026-08-29 22:39:10,708][fairseq.trainer][INFO] - Finished saving checkpoint to checkpoints/checkpoint_best.pt
[2026-08-29 22:39:13,610][fairseq.checkpoint_utils][INFO] - Saved checkpoint checkpoints/checkpoint_best.pt (epoch 49 @ 1176 updates, score 22.827) (writing took 5.276243362575769 seconds)
[2026-08-29 22:39:13,612][fairseq_cli.train][INFO] - end of epoch 49 (average epoch stats below)
[2026-08-29 22:39:13,615][train][INFO] - {"epoch": 49, "train_loss": "98.076", "train_nll_loss": "5.594", "train_total": "1209.17", "train_n_correct": "297.583", "train_ppl": "48.3", "train_accuracy": "24.611", "train_wps": "1485.2", "train_ups": "1.23", "train_wpb": "1209.2", "train_bsz": "75", "train_num_updates": "1176", "train_lr": "0.00167773", "train_gnorm": "3.517", "train_loss_scale": "128", "train_train_wall": "10", "train_gb_free": "43", "train_wall": "918"}
[2026-08-29 22:39:13,949][fairseq.logging.progress_bar][WARNING] - tensorboard not found, please install with: pip install tensorboard
[2026-08-29 22:39:13,953][fairseq.trainer][INFO] - begin training epoch 50
[2026-08-29 22:39:13,954][fairseq_cli.train][INFO] - Start iterating over samples
[2026-08-29 22:39:26,228][train_inner][INFO] - {"epoch": 50, "update": 50.0, "loss": "98.575", "nll_loss": "5.622", "total": "1213.79", "n_correct": "294.12", "ppl": "49.26", "accuracy": "24.232", "wps": "1568.3", "ups": "1.29", "wpb": "1213.8", "bsz": "75.2", "num_updates": "1200", "lr": "0.00164784", "gnorm": "3.512", "loss_scale": "128", "train_wall": "44", "gb_free": "42.7", "wall": "931"}
[2026-08-29 22:39:26,230][fairseq_cli.train][INFO] - begin validation on "valid" subset
[2026-08-29 22:39:26,463][fairseq.logging.progress_bar][WARNING] - tensorboard not found, please install with: pip install tensorboard
[2026-08-29 22:39:28,383][valid][INFO] - {"epoch": 50, "valid_loss": "104.674", "valid_nll_loss": "6.03", "valid_total": "291.154", "valid_n_correct": "66.2308", "valid_ppl": "65.36", "valid_accuracy": "22.748", "valid_wps": "4332.1", "valid_wpb": "291.2", "valid_bsz": "18.1", "valid_num_updates": "1200", "valid_best_accuracy": "22.827"}
[2026-08-29 22:39:28,386][fairseq.checkpoint_utils][INFO] - Preparing to save checkpoint for epoch 50 @ 1200 updates
[2026-08-29 22:39:28,388][fairseq.trainer][INFO] - Saving checkpoint to checkpoints/checkpoint_last.pt
[2026-08-29 22:39:30,815][fairseq.trainer][INFO] - Finished saving checkpoint to checkpoints/checkpoint_last.pt
[2026-08-29 22:39:30,816][fairseq.checkpoint_utils][INFO] - Saved checkpoint checkpoints/checkpoint_last.pt (epoch 50 @ 1200 updates, score 22.748) (writing took 2.4302054522559047 seconds)
[2026-08-29 22:39:30,817][fairseq_cli.train][INFO] - end of epoch 50 (average epoch stats below)
[2026-08-29 22:39:30,818][train][INFO] - {"epoch": 50, "train_loss": "97.542", "train_nll_loss": "5.558", "train_total": "1209.17", "train_n_correct": "301.833", "train_ppl": "47.1", "train_accuracy": "24.962", "train_wps": "1687", "train_ups": "1.4", "train_wpb": "1209.2", "train_bsz": "75", "train_num_updates": "1200", "train_lr": "0.00164784", "train_gnorm": "3.439", "train_loss_scale": "128", "train_train_wall": "11", "train_gb_free": "42.7", "train_wall": "935"}
[2026-08-29 22:39:31,049][fairseq.logging.progress_bar][WARNING] - tensorboard not found, please install with: pip install tensorboard
[2026-08-29 22:39:31,121][fairseq.trainer][INFO] - begin training epoch 51
[2026-08-29 22:39:31,122][fairseq_cli.train][INFO] - Start iterating over samples
[2026-08-29 22:39:42,560][fairseq_cli.train][INFO] - begin validation on "valid" subset
[2026-08-29 22:39:42,767][fairseq.logging.progress_bar][WARNING] - tensorboard not found, please install with: pip install tensorboard
[2026-08-29 22:39:44,751][valid][INFO] - {"epoch": 51, "valid_loss": "104.401", "valid_nll_loss": "6.013", "valid_total": "291.154", "valid_n_correct": "66.4615", "valid_ppl": "64.59", "valid_accuracy": "22.827", "valid_wps": "4413.8", "valid_wpb": "291.2", "valid_bsz": "18.1", "valid_num_updates": "1224", "valid_best_accuracy": "22.827"}
[2026-08-29 22:39:44,754][fairseq.checkpoint_utils][INFO] - Preparing to save checkpoint for epoch 51 @ 1224 updates
[2026-08-29 22:39:44,755][fairseq.trainer][INFO] - Saving checkpoint to checkpoints/checkpoint_best.pt
[2026-08-29 22:39:47,079][fairseq.trainer][INFO] - Finished saving checkpoint to checkpoints/checkpoint_best.pt
[2026-08-29 22:39:49,921][fairseq.checkpoint_utils][INFO] - Saved checkpoint checkpoints/checkpoint_best.pt (epoch 51 @ 1224 updates, score 22.827) (writing took 5.166806353256106 seconds)
[2026-08-29 22:39:49,923][fairseq_cli.train][INFO] - end of epoch 51 (average epoch stats below)
[2026-08-29 22:39:49,925][train][INFO] - {"epoch": 51, "train_loss": "97.519", "train_nll_loss": "5.555", "train_total": "1209.17", "train_n_correct": "303.708", "train_ppl": "47.02", "train_accuracy": "25.117", "train_wps": "1518.9", "train_ups": "1.26", "train_wpb": "1209.2", "train_bsz": "75", "train_num_updates": "1224", "train_lr": "0.00161849", "train_gnorm": "3.326", "train_loss_scale": "128", "train_train_wall": "10", "train_gb_free": "42.7", "train_wall": "954"}
[2026-08-29 22:39:50,237][fairseq.logging.progress_bar][WARNING] - tensorboard not found, please install with: pip install tensorboard
[2026-08-29 22:39:50,240][fairseq.trainer][INFO] - begin training epoch 52
[2026-08-29 22:39:50,241][fairseq_cli.train][INFO] - Start iterating over samples
[2026-08-29 22:40:01,856][fairseq_cli.train][INFO] - begin validation on "valid" subset
[2026-08-29 22:40:02,058][fairseq.logging.progress_bar][WARNING] - tensorboard not found, please install with: pip install tensorboard
[2026-08-29 22:40:04,025][valid][INFO] - {"epoch": 52, "valid_loss": "105.233", "valid_nll_loss": "6.063", "valid_total": "291.154", "valid_n_correct": "67.6154", "valid_ppl": "66.84", "valid_accuracy": "23.223", "valid_wps": "4448.6", "valid_wpb": "291.2", "valid_bsz": "18.1", "valid_num_updates": "1248", "valid_best_accuracy": "23.223"}
[2026-08-29 22:40:04,027][fairseq.checkpoint_utils][INFO] - Preparing to save checkpoint for epoch 52 @ 1248 updates
[2026-08-29 22:40:04,028][fairseq.trainer][INFO] - Saving checkpoint to checkpoints/checkpoint_best.pt
[2026-08-29 22:40:06,282][fairseq.trainer][INFO] - Finished saving checkpoint to checkpoints/checkpoint_best.pt
[2026-08-29 22:40:08,988][fairseq.checkpoint_utils][INFO] - Saved checkpoint checkpoints/checkpoint_best.pt (epoch 52 @ 1248 updates, score 23.223) (writing took 4.960826692171395 seconds)
[2026-08-29 22:40:08,991][fairseq_cli.train][INFO] - end of epoch 52 (average epoch stats below)
[2026-08-29 22:40:08,994][train][INFO] - {"epoch": 52, "train_loss": "97.108", "train_nll_loss": "5.526", "train_total": "1209.17", "train_n_correct": "307.75", "train_ppl": "46.08", "train_accuracy": "25.451", "train_wps": "1522", "train_ups": "1.26", "train_wpb": "1209.2", "train_bsz": "75", "train_num_updates": "1248", "train_lr": "0.00158966", "train_gnorm": "3.375", "train_loss_scale": "128", "train_train_wall": "10", "train_gb_free": "42.8", "train_wall": "973"}
[2026-08-29 22:40:09,349][fairseq.logging.progress_bar][WARNING] - tensorboard not found, please install with: pip install tensorboard
[2026-08-29 22:40:09,353][fairseq.trainer][INFO] - begin training epoch 53
[2026-08-29 22:40:09,354][fairseq_cli.train][INFO] - Start iterating over samples
[2026-08-29 22:40:20,990][fairseq_cli.train][INFO] - begin validation on "valid" subset
[2026-08-29 22:40:21,219][fairseq.logging.progress_bar][WARNING] - tensorboard not found, please install with: pip install tensorboard
[2026-08-29 22:40:23,114][valid][INFO] - {"epoch": 53, "valid_loss": "104.312", "valid_nll_loss": "6.006", "valid_total": "291.154", "valid_n_correct": "67.5385", "valid_ppl": "64.28", "valid_accuracy": "23.197", "valid_wps": "4274", "valid_wpb": "291.2", "valid_bsz": "18.1", "valid_num_updates": "1272", "valid_best_accuracy": "23.223"}
[2026-08-29 22:40:23,117][fairseq.checkpoint_utils][INFO] - Preparing to save checkpoint for epoch 53 @ 1272 updates
[2026-08-29 22:40:23,118][fairseq.trainer][INFO] - Saving checkpoint to checkpoints/checkpoint_last.pt
[2026-08-29 22:40:25,350][fairseq.trainer][INFO] - Finished saving checkpoint to checkpoints/checkpoint_last.pt
[2026-08-29 22:40:25,353][fairseq.checkpoint_utils][INFO] - Saved checkpoint checkpoints/checkpoint_last.pt (epoch 53 @ 1272 updates, score 23.197) (writing took 2.235350008122623 seconds)
[2026-08-29 22:40:25,353][fairseq_cli.train][INFO] - end of epoch 53 (average epoch stats below)
[2026-08-29 22:40:25,354][train][INFO] - {"epoch": 53, "train_loss": "97.044", "train_nll_loss": "5.522", "train_total": "1209.17", "train_n_correct": "310.167", "train_ppl": "45.94", "train_accuracy": "25.651", "train_wps": "1773.9", "train_ups": "1.47", "train_wpb": "1209.2", "train_bsz": "75", "train_num_updates": "1272", "train_lr": "0.00156134", "train_gnorm": "3.535", "train_loss_scale": "128", "train_train_wall": "10", "train_gb_free": "42.9", "train_wall": "990"}
[2026-08-29 22:40:25,563][fairseq.logging.progress_bar][WARNING] - tensorboard not found, please install with: pip install tensorboard
[2026-08-29 22:40:25,566][fairseq.trainer][INFO] - begin training epoch 54
[2026-08-29 22:40:25,566][fairseq_cli.train][INFO] - Start iterating over samples
[2026-08-29 22:40:37,591][fairseq_cli.train][INFO] - begin validation on "valid" subset
[2026-08-29 22:40:37,810][fairseq.logging.progress_bar][WARNING] - tensorboard not found, please install with: pip install tensorboard
[2026-08-29 22:40:39,739][valid][INFO] - {"epoch": 54, "valid_loss": "105.003", "valid_nll_loss": "6.048", "valid_total": "291.154", "valid_n_correct": "68.0769", "valid_ppl": "66.17", "valid_accuracy": "23.382", "valid_wps": "3819", "valid_wpb": "291.2", "valid_bsz": "18.1", "valid_num_updates": "1296", "valid_best_accuracy": "23.382"}
[2026-08-29 22:40:39,742][fairseq.checkpoint_utils][INFO] - Preparing to save checkpoint for epoch 54 @ 1296 updates
[2026-08-29 22:40:39,743][fairseq.trainer][INFO] - Saving checkpoint to checkpoints/checkpoint_best.pt
[2026-08-29 22:40:42,040][fairseq.trainer][INFO] - Finished saving checkpoint to checkpoints/checkpoint_best.pt
[2026-08-29 22:40:44,747][fairseq.checkpoint_utils][INFO] - Saved checkpoint checkpoints/checkpoint_best.pt (epoch 54 @ 1296 updates, score 23.382) (writing took 5.0051428861916065 seconds)
[2026-08-29 22:40:44,748][fairseq_cli.train][INFO] - end of epoch 54 (average epoch stats below)
[2026-08-29 22:40:44,752][train][INFO] - {"epoch": 54, "train_loss": "96.632", "train_nll_loss": "5.492", "train_total": "1209.17", "train_n_correct": "315.708", "train_ppl": "45.01", "train_accuracy": "26.11", "train_wps": "1496.2", "train_ups": "1.24", "train_wpb": "1209.2", "train_bsz": "75", "train_num_updates": "1296", "train_lr": "0.00153352", "train_gnorm": "3.328", "train_loss_scale": "128", "train_train_wall": "11", "train_gb_free": "42.7", "train_wall": "1009"}
[2026-08-29 22:40:45,079][fairseq.logging.progress_bar][WARNING] - tensorboard not found, please install with: pip install tensorboard
[2026-08-29 22:40:45,082][fairseq.trainer][INFO] - begin training epoch 55
[2026-08-29 22:40:45,083][fairseq_cli.train][INFO] - Start iterating over samples
[2026-08-29 22:40:48,192][train_inner][INFO] - {"epoch": 55, "update": 54.167, "loss": "97.079", "nll_loss": "5.522", "total": "1206.04", "n_correct": "308.89", "ppl": "45.97", "accuracy": "25.612", "wps": "1471.5", "ups": "1.22", "wpb": "1206", "bsz": "74.8", "num_updates": "1300", "lr": "0.00152894", "gnorm": "3.391", "loss_scale": "128", "train_wall": "43", "gb_free": "42.7", "wall": "1013"}
[2026-08-29 22:40:56,645][fairseq_cli.train][INFO] - begin validation on "valid" subset
[2026-08-29 22:40:56,898][fairseq.logging.progress_bar][WARNING] - tensorboard not found, please install with: pip install tensorboard
[2026-08-29 22:40:58,920][valid][INFO] - {"epoch": 55, "valid_loss": "105.1", "valid_nll_loss": "6.053", "valid_total": "291.154", "valid_n_correct": "68.0769", "valid_ppl": "66.42", "valid_accuracy": "23.382", "valid_wps": "3951.2", "valid_wpb": "291.2", "valid_bsz": "18.1", "valid_num_updates": "1320", "valid_best_accuracy": "23.382"}
[2026-08-29 22:40:58,922][fairseq.checkpoint_utils][INFO] - Preparing to save checkpoint for epoch 55 @ 1320 updates
[2026-08-29 22:40:58,923][fairseq.trainer][INFO] - Saving checkpoint to checkpoints/checkpoint_best.pt
[2026-08-29 22:41:01,215][fairseq.trainer][INFO] - Finished saving checkpoint to checkpoints/checkpoint_best.pt
[2026-08-29 22:41:03,773][fairseq.checkpoint_utils][INFO] - Saved checkpoint checkpoints/checkpoint_best.pt (epoch 55 @ 1320 updates, score 23.382) (writing took 4.850285247899592 seconds)
[2026-08-29 22:41:03,774][fairseq_cli.train][INFO] - end of epoch 55 (average epoch stats below)
[2026-08-29 22:41:03,776][train][INFO] - {"epoch": 55, "train_loss": "96.491", "train_nll_loss": "5.482", "train_total": "1209.17", "train_n_correct": "315.25", "train_ppl": "44.7", "train_accuracy": "26.072", "train_wps": "1525.6", "train_ups": "1.26", "train_wpb": "1209.2", "train_bsz": "75", "train_num_updates": "1320", "train_lr": "0.00150621", "train_gnorm": "3.502", "train_loss_scale": "128", "train_train_wall": "10", "train_gb_free": "42.7", "train_wall": "1028"}
[2026-08-29 22:41:03,991][fairseq.logging.progress_bar][WARNING] - tensorboard not found, please install with: pip install tensorboard
[2026-08-29 22:41:03,993][fairseq.trainer][INFO] - begin training epoch 56
[2026-08-29 22:41:03,994][fairseq_cli.train][INFO] - Start iterating over samples
[2026-08-29 22:41:15,741][fairseq_cli.train][INFO] - begin validation on "valid" subset
[2026-08-29 22:41:15,974][fairseq.logging.progress_bar][WARNING] - tensorboard not found, please install with: pip install tensorboard
[2026-08-29 22:41:17,905][valid][INFO] - {"epoch": 56, "valid_loss": "104.845", "valid_nll_loss": "6.034", "valid_total": "291.154", "valid_n_correct": "69.6923", "valid_ppl": "65.52", "valid_accuracy": "23.937", "valid_wps": "3976.6", "valid_wpb": "291.2", "valid_bsz": "18.1", "valid_num_updates": "1344", "valid_best_accuracy": "23.937"}
[2026-08-29 22:41:17,912][fairseq.checkpoint_utils][INFO] - Preparing to save checkpoint for epoch 56 @ 1344 updates
[2026-08-29 22:41:17,913][fairseq.trainer][INFO] - Saving checkpoint to checkpoints/checkpoint_best.pt
[2026-08-29 22:41:20,246][fairseq.trainer][INFO] - Finished saving checkpoint to checkpoints/checkpoint_best.pt
[2026-08-29 22:41:23,084][fairseq.checkpoint_utils][INFO] - Saved checkpoint checkpoints/checkpoint_best.pt (epoch 56 @ 1344 updates, score 23.937) (writing took 5.1715228678658605 seconds)
[2026-08-29 22:41:23,096][fairseq_cli.train][INFO] - end of epoch 56 (average epoch stats below)
[2026-08-29 22:41:23,098][train][INFO] - {"epoch": 56, "train_loss": "96.17", "train_nll_loss": "5.459", "train_total": "1209.17", "train_n_correct": "319.5", "train_ppl": "44", "train_accuracy": "26.423", "train_wps": "1502", "train_ups": "1.24", "train_wpb": "1209.2", "train_bsz": "75", "train_num_updates": "1344", "train_lr": "0.00147937", "train_gnorm": "3.576", "train_loss_scale": "128", "train_train_wall": "10", "train_gb_free": "42.9", "train_wall": "1048"}
[2026-08-29 22:41:23,444][fairseq.logging.progress_bar][WARNING] - tensorboard not found, please install with: pip install tensorboard
[2026-08-29 22:41:23,521][fairseq.trainer][INFO] - begin training epoch 57
[2026-08-29 22:41:23,523][fairseq_cli.train][INFO] - Start iterating over samples
[2026-08-29 22:41:35,032][fairseq_cli.train][INFO] - begin validation on "valid" subset
[2026-08-29 22:41:35,310][fairseq.logging.progress_bar][WARNING] - tensorboard not found, please install with: pip install tensorboard
[2026-08-29 22:41:37,261][valid][INFO] - {"epoch": 57, "valid_loss": "104.721", "valid_nll_loss": "6.027", "valid_total": "291.154", "valid_n_correct": "68.8462", "valid_ppl": "65.22", "valid_accuracy": "23.646", "valid_wps": "4006.1", "valid_wpb": "291.2", "valid_bsz": "18.1", "valid_num_updates": "1368", "valid_best_accuracy": "23.937"}
[2026-08-29 22:41:37,264][fairseq.checkpoint_utils][INFO] - Preparing to save checkpoint for epoch 57 @ 1368 updates
[2026-08-29 22:41:37,264][fairseq.trainer][INFO] - Saving checkpoint to checkpoints/checkpoint_last.pt
[2026-08-29 22:41:39,581][fairseq.trainer][INFO] - Finished saving checkpoint to checkpoints/checkpoint_last.pt
[2026-08-29 22:41:39,593][fairseq.checkpoint_utils][INFO] - Saved checkpoint checkpoints/checkpoint_last.pt (epoch 57 @ 1368 updates, score 23.646) (writing took 2.329027259722352 seconds)
[2026-08-29 22:41:39,594][fairseq_cli.train][INFO] - end of epoch 57 (average epoch stats below)
[2026-08-29 22:41:39,595][train][INFO] - {"epoch": 57, "train_loss": "95.88", "train_nll_loss": "5.438", "train_total": "1209.17", "train_n_correct": "322.25", "train_ppl": "43.36", "train_accuracy": "26.651", "train_wps": "1759.2", "train_ups": "1.45", "train_wpb": "1209.2", "train_bsz": "75", "train_num_updates": "1368", "train_lr": "0.00145302", "train_gnorm": "3.498", "train_loss_scale": "128", "train_train_wall": "10", "train_gb_free": "42.7", "train_wall": "1064"}
[2026-08-29 22:41:39,821][fairseq.logging.progress_bar][WARNING] - tensorboard not found, please install with: pip install tensorboard
[2026-08-29 22:41:39,824][fairseq.trainer][INFO] - begin training epoch 58
[2026-08-29 22:41:39,825][fairseq_cli.train][INFO] - Start iterating over samples
[2026-08-29 22:41:51,385][fairseq_cli.train][INFO] - begin validation on "valid" subset
[2026-08-29 22:41:51,626][fairseq.logging.progress_bar][WARNING] - tensorboard not found, please install with: pip install tensorboard
[2026-08-29 22:41:53,681][valid][INFO] - {"epoch": 58, "valid_loss": "104.494", "valid_nll_loss": "6.011", "valid_total": "291.154", "valid_n_correct": "70.1538", "valid_ppl": "64.48", "valid_accuracy": "24.095", "valid_wps": "3591", "valid_wpb": "291.2", "valid_bsz": "18.1", "valid_num_updates": "1392", "valid_best_accuracy": "24.095"}
[2026-08-29 22:41:53,684][fairseq.checkpoint_utils][INFO] - Preparing to save checkpoint for epoch 58 @ 1392 updates
[2026-08-29 22:41:53,686][fairseq.trainer][INFO] - Saving checkpoint to checkpoints/checkpoint_best.pt
[2026-08-29 22:41:55,974][fairseq.trainer][INFO] - Finished saving checkpoint to checkpoints/checkpoint_best.pt
[2026-08-29 22:41:58,736][fairseq.checkpoint_utils][INFO] - Saved checkpoint checkpoints/checkpoint_best.pt (epoch 58 @ 1392 updates, score 24.095) (writing took 5.051673975773156 seconds)
[2026-08-29 22:41:58,737][fairseq_cli.train][INFO] - end of epoch 58 (average epoch stats below)
[2026-08-29 22:41:58,739][train][INFO] - {"epoch": 58, "train_loss": "95.804", "train_nll_loss": "5.434", "train_total": "1209.17", "train_n_correct": "321.958", "train_ppl": "43.22", "train_accuracy": "26.626", "train_wps": "1515.9", "train_ups": "1.25", "train_wpb": "1209.2", "train_bsz": "75", "train_num_updates": "1392", "train_lr": "0.00142714", "train_gnorm": "3.662", "train_loss_scale": "128", "train_train_wall": "10", "train_gb_free": "42.7", "train_wall": "1083"}
[2026-08-29 22:41:59,062][fairseq.logging.progress_bar][WARNING] - tensorboard not found, please install with: pip install tensorboard
[2026-08-29 22:41:59,065][fairseq.trainer][INFO] - begin training epoch 59
[2026-08-29 22:41:59,066][fairseq_cli.train][INFO] - Start iterating over samples
[2026-08-29 22:42:03,961][train_inner][INFO] - {"epoch": 59, "update": 58.333, "loss": "96.033", "nll_loss": "5.447", "total": "1213.05", "n_correct": "321.11", "ppl": "43.62", "accuracy": "26.471", "wps": "1601", "ups": "1.32", "wpb": "1213", "bsz": "75.2", "num_updates": "1400", "lr": "0.00141861", "gnorm": "3.572", "loss_scale": "128", "train_wall": "43", "gb_free": "43", "wall": "1088"}
[2026-08-29 22:42:10,810][fairseq_cli.train][INFO] - begin validation on "valid" subset
[2026-08-29 22:42:11,039][fairseq.logging.progress_bar][WARNING] - tensorboard not found, please install with: pip install tensorboard
[2026-08-29 22:42:13,195][valid][INFO] - {"epoch": 59, "valid_loss": "104.135", "valid_nll_loss": "5.985", "valid_total": "291.154", "valid_n_correct": "70.5385", "valid_ppl": "63.34", "valid_accuracy": "24.227", "valid_wps": "4235.6", "valid_wpb": "291.2", "valid_bsz": "18.1", "valid_num_updates": "1416", "valid_best_accuracy": "24.227"}
[2026-08-29 22:42:13,198][fairseq.checkpoint_utils][INFO] - Preparing to save checkpoint for epoch 59 @ 1416 updates
[2026-08-29 22:42:13,199][fairseq.trainer][INFO] - Saving checkpoint to checkpoints/checkpoint_best.pt
[2026-08-29 22:42:15,519][fairseq.trainer][INFO] - Finished saving checkpoint to checkpoints/checkpoint_best.pt
[2026-08-29 22:42:18,309][fairseq.checkpoint_utils][INFO] - Saved checkpoint checkpoints/checkpoint_best.pt (epoch 59 @ 1416 updates, score 24.227) (writing took 5.111272468231618 seconds)
[2026-08-29 22:42:18,311][fairseq_cli.train][INFO] - end of epoch 59 (average epoch stats below)
[2026-08-29 22:42:18,313][train][INFO] - {"epoch": 59, "train_loss": "95.562", "train_nll_loss": "5.416", "train_total": "1209.17", "train_n_correct": "323.083", "train_ppl": "42.7", "train_accuracy": "26.72", "train_wps": "1482.7", "train_ups": "1.23", "train_wpb": "1209.2", "train_bsz": "75", "train_num_updates": "1416", "train_lr": "0.00140171", "train_gnorm": "3.639", "train_loss_scale": "128", "train_train_wall": "10", "train_gb_free": "42.9", "train_wall": "1103"}
[2026-08-29 22:42:18,723][fairseq.logging.progress_bar][WARNING] - tensorboard not found, please install with: pip install tensorboard
[2026-08-29 22:42:18,726][fairseq.trainer][INFO] - begin training epoch 60
[2026-08-29 22:42:18,727][fairseq_cli.train][INFO] - Start iterating over samples
[2026-08-29 22:42:30,332][fairseq_cli.train][INFO] - begin validation on "valid" subset
[2026-08-29 22:42:30,621][fairseq.logging.progress_bar][WARNING] - tensorboard not found, please install with: pip install tensorboard
[2026-08-29 22:42:32,849][valid][INFO] - {"epoch": 60, "valid_loss": "104.393", "valid_nll_loss": "6.006", "valid_total": "291.154", "valid_n_correct": "68.8462", "valid_ppl": "64.28", "valid_accuracy": "23.646", "valid_wps": "2863.2", "valid_wpb": "291.2", "valid_bsz": "18.1", "valid_num_updates": "1440", "valid_best_accuracy": "24.227"}
[2026-08-29 22:42:32,851][fairseq.checkpoint_utils][INFO] - Preparing to save checkpoint for epoch 60 @ 1440 updates
[2026-08-29 22:42:32,852][fairseq.trainer][INFO] - Saving checkpoint to checkpoints/checkpoint_last.pt
[2026-08-29 22:42:35,169][fairseq.trainer][INFO] - Finished saving checkpoint to checkpoints/checkpoint_last.pt
[2026-08-29 22:42:35,171][fairseq.checkpoint_utils][INFO] - Saved checkpoint checkpoints/checkpoint_last.pt (epoch 60 @ 1440 updates, score 23.646) (writing took 2.3198571782559156 seconds)
[2026-08-29 22:42:35,175][fairseq_cli.train][INFO] - end of epoch 60 (average epoch stats below)
[2026-08-29 22:42:35,177][train][INFO] - {"epoch": 60, "train_loss": "95.441", "train_nll_loss": "5.407", "train_total": "1209.17", "train_n_correct": "330", "train_ppl": "42.43", "train_accuracy": "27.292", "train_wps": "1721", "train_ups": "1.42", "train_wpb": "1209.2", "train_bsz": "75", "train_num_updates": "1440", "train_lr": "0.00137674", "train_gnorm": "3.602", "train_loss_scale": "128", "train_train_wall": "10", "train_gb_free": "42.7", "train_wall": "1120"}
[2026-08-29 22:42:35,428][fairseq.logging.progress_bar][WARNING] - tensorboard not found, please install with: pip install tensorboard
[2026-08-29 22:42:35,431][fairseq.trainer][INFO] - begin training epoch 61
[2026-08-29 22:42:35,432][fairseq_cli.train][INFO] - Start iterating over samples
[2026-08-29 22:42:47,079][fairseq_cli.train][INFO] - begin validation on "valid" subset
[2026-08-29 22:42:47,310][fairseq.logging.progress_bar][WARNING] - tensorboard not found, please install with: pip install tensorboard
[2026-08-29 22:42:49,205][valid][INFO] - {"epoch": 61, "valid_loss": "104.264", "valid_nll_loss": "5.995", "valid_total": "291.154", "valid_n_correct": "71.0769", "valid_ppl": "63.78", "valid_accuracy": "24.412", "valid_wps": "4226.6", "valid_wpb": "291.2", "valid_bsz": "18.1", "valid_num_updates": "1464", "valid_best_accuracy": "24.412"}
[2026-08-29 22:42:49,212][fairseq.checkpoint_utils][INFO] - Preparing to save checkpoint for epoch 61 @ 1464 updates
[2026-08-29 22:42:49,213][fairseq.trainer][INFO] - Saving checkpoint to checkpoints/checkpoint_best.pt
[2026-08-29 22:42:51,545][fairseq.trainer][INFO] - Finished saving checkpoint to checkpoints/checkpoint_best.pt
[2026-08-29 22:42:54,183][fairseq.checkpoint_utils][INFO] - Saved checkpoint checkpoints/checkpoint_best.pt (epoch 61 @ 1464 updates, score 24.412) (writing took 4.97141504380852 seconds)
[2026-08-29 22:42:54,185][fairseq_cli.train][INFO] - end of epoch 61 (average epoch stats below)
[2026-08-29 22:42:54,187][train][INFO] - {"epoch": 61, "train_loss": "95.132", "train_nll_loss": "5.386", "train_total": "1209.17", "train_n_correct": "328.75", "train_ppl": "41.81", "train_accuracy": "27.188", "train_wps": "1526.6", "train_ups": "1.26", "train_wpb": "1209.2", "train_bsz": "75", "train_num_updates": "1464", "train_lr": "0.00135222", "train_gnorm": "3.429", "train_loss_scale": "128", "train_train_wall": "10", "train_gb_free": "42.9", "train_wall": "1139"}
[2026-08-29 22:42:54,496][fairseq.logging.progress_bar][WARNING] - tensorboard not found, please install with: pip install tensorboard
[2026-08-29 22:42:54,501][fairseq.trainer][INFO] - begin training epoch 62
[2026-08-29 22:42:54,509][fairseq_cli.train][INFO] - Start iterating over samples
[2026-08-29 22:43:06,084][fairseq_cli.train][INFO] - begin validation on "valid" subset
[2026-08-29 22:43:06,283][fairseq.logging.progress_bar][WARNING] - tensorboard not found, please install with: pip install tensorboard
[2026-08-29 22:43:08,242][valid][INFO] - {"epoch": 62, "valid_loss": "104.732", "valid_nll_loss": "6.024", "valid_total": "291.154", "valid_n_correct": "70.6923", "valid_ppl": "65.07", "valid_accuracy": "24.28", "valid_wps": "4449.7", "valid_wpb": "291.2", "valid_bsz": "18.1", "valid_num_updates": "1488", "valid_best_accuracy": "24.412"}
[2026-08-29 22:43:08,245][fairseq.checkpoint_utils][INFO] - Preparing to save checkpoint for epoch 62 @ 1488 updates
[2026-08-29 22:43:08,245][fairseq.trainer][INFO] - Saving checkpoint to checkpoints/checkpoint_last.pt
[2026-08-29 22:43:10,613][fairseq.trainer][INFO] - Finished saving checkpoint to checkpoints/checkpoint_last.pt
[2026-08-29 22:43:10,615][fairseq.checkpoint_utils][INFO] - Saved checkpoint checkpoints/checkpoint_last.pt (epoch 62 @ 1488 updates, score 24.28) (writing took 2.3701013838872313 seconds)
[2026-08-29 22:43:10,615][fairseq_cli.train][INFO] - end of epoch 62 (average epoch stats below)
[2026-08-29 22:43:10,617][train][INFO] - {"epoch": 62, "train_loss": "94.782", "train_nll_loss": "5.36", "train_total": "1209.17", "train_n_correct": "332.917", "train_ppl": "41.07", "train_accuracy": "27.533", "train_wps": "1766.5", "train_ups": "1.46", "train_wpb": "1209.2", "train_bsz": "75", "train_num_updates": "1488", "train_lr": "0.00132813", "train_gnorm": "3.488", "train_loss_scale": "128", "train_train_wall": "10", "train_gb_free": "42.9", "train_wall": "1155"}
[2026-08-29 22:43:10,818][fairseq.logging.progress_bar][WARNING] - tensorboard not found, please install with: pip install tensorboard
[2026-08-29 22:43:10,821][fairseq.trainer][INFO] - begin training epoch 63
[2026-08-29 22:43:10,821][fairseq_cli.train][INFO] - Start iterating over samples
[2026-08-29 22:43:17,097][train_inner][INFO] - {"epoch": 63, "update": 62.5, "loss": "95.155", "nll_loss": "5.377", "total": "1204.27", "n_correct": "330", "ppl": "41.56", "accuracy": "27.402", "wps": "1646.6", "ups": "1.37", "wpb": "1204.3", "bsz": "74.6", "num_updates": "1500", "lr": "0.00131625", "gnorm": "3.547", "loss_scale": "128", "train_wall": "43", "gb_free": "42.8", "wall": "1162"}
[2026-08-29 22:43:22,351][fairseq_cli.train][INFO] - begin validation on "valid" subset
[2026-08-29 22:43:22,569][fairseq.logging.progress_bar][WARNING] - tensorboard not found, please install with: pip install tensorboard
[2026-08-29 22:43:24,663][valid][INFO] - {"epoch": 63, "valid_loss": "104.608", "valid_nll_loss": "6.021", "valid_total": "291.154", "valid_n_correct": "70.1538", "valid_ppl": "64.92", "valid_accuracy": "24.095", "valid_wps": "4433.7", "valid_wpb": "291.2", "valid_bsz": "18.1", "valid_num_updates": "1512", "valid_best_accuracy": "24.412"}
[2026-08-29 22:43:24,666][fairseq.checkpoint_utils][INFO] - Preparing to save checkpoint for epoch 63 @ 1512 updates
[2026-08-29 22:43:24,667][fairseq.trainer][INFO] - Saving checkpoint to checkpoints/checkpoint_last.pt
[2026-08-29 22:43:26,937][fairseq.trainer][INFO] - Finished saving checkpoint to checkpoints/checkpoint_last.pt
[2026-08-29 22:43:26,938][fairseq.checkpoint_utils][INFO] - Saved checkpoint checkpoints/checkpoint_last.pt (epoch 63 @ 1512 updates, score 24.095) (writing took 2.272318243049085 seconds)
[2026-08-29 22:43:26,939][fairseq_cli.train][INFO] - end of epoch 63 (average epoch stats below)
[2026-08-29 22:43:26,941][train][INFO] - {"epoch": 63, "train_loss": "94.514", "train_nll_loss": "5.341", "train_total": "1209.17", "train_n_correct": "336.542", "train_ppl": "40.52", "train_accuracy": "27.833", "train_wps": "1777.8", "train_ups": "1.47", "train_wpb": "1209.2", "train_bsz": "75", "train_num_updates": "1512", "train_lr": "0.00130447", "train_gnorm": "3.646", "train_loss_scale": "128", "train_train_wall": "10", "train_gb_free": "42.8", "train_wall": "1171"}
[2026-08-29 22:43:27,123][fairseq.logging.progress_bar][WARNING] - tensorboard not found, please install with: pip install tensorboard
[2026-08-29 22:43:27,126][fairseq.trainer][INFO] - begin training epoch 64
[2026-08-29 22:43:27,126][fairseq_cli.train][INFO] - Start iterating over samples
[2026-08-29 22:43:38,580][fairseq_cli.train][INFO] - begin validation on "valid" subset
[2026-08-29 22:43:38,789][fairseq.logging.progress_bar][WARNING] - tensorboard not found, please install with: pip install tensorboard
[2026-08-29 22:43:40,721][valid][INFO] - {"epoch": 64, "valid_loss": "104.382", "valid_nll_loss": "6.001", "valid_total": "291.154", "valid_n_correct": "70.3077", "valid_ppl": "64.05", "valid_accuracy": "24.148", "valid_wps": "4079.5", "valid_wpb": "291.2", "valid_bsz": "18.1", "valid_num_updates": "1536", "valid_best_accuracy": "24.412"}
[2026-08-29 22:43:40,724][fairseq.checkpoint_utils][INFO] - Preparing to save checkpoint for epoch 64 @ 1536 updates
[2026-08-29 22:43:40,724][fairseq.trainer][INFO] - Saving checkpoint to checkpoints/checkpoint_last.pt
[2026-08-29 22:43:43,003][fairseq.trainer][INFO] - Finished saving checkpoint to checkpoints/checkpoint_last.pt
[2026-08-29 22:43:43,010][fairseq.checkpoint_utils][INFO] - Saved checkpoint checkpoints/checkpoint_last.pt (epoch 64 @ 1536 updates, score 24.148) (writing took 2.2865693364292383 seconds)
[2026-08-29 22:43:43,011][fairseq_cli.train][INFO] - end of epoch 64 (average epoch stats below)
[2026-08-29 22:43:43,013][train][INFO] - {"epoch": 64, "train_loss": "94.511", "train_nll_loss": "5.341", "train_total": "1209.17", "train_n_correct": "339.5", "train_ppl": "40.54", "train_accuracy": "28.077", "train_wps": "1805.7", "train_ups": "1.49", "train_wpb": "1209.2", "train_bsz": "75", "train_num_updates": "1536", "train_lr": "0.00128123", "train_gnorm": "3.75", "train_loss_scale": "128", "train_train_wall": "10", "train_gb_free": "42.8", "train_wall": "1187"}
[2026-08-29 22:43:43,320][fairseq.logging.progress_bar][WARNING] - tensorboard not found, please install with: pip install tensorboard
[2026-08-29 22:43:43,323][fairseq.trainer][INFO] - begin training epoch 65
[2026-08-29 22:43:43,324][fairseq_cli.train][INFO] - Start iterating over samples
[2026-08-29 22:43:55,090][fairseq_cli.train][INFO] - begin validation on "valid" subset
[2026-08-29 22:43:55,352][fairseq.logging.progress_bar][WARNING] - tensorboard not found, please install with: pip install tensorboard
[2026-08-29 22:43:57,472][valid][INFO] - {"epoch": 65, "valid_loss": "105.553", "valid_nll_loss": "6.075", "valid_total": "291.154", "valid_n_correct": "70.1538", "valid_ppl": "67.43", "valid_accuracy": "24.095", "valid_wps": "3916", "valid_wpb": "291.2", "valid_bsz": "18.1", "valid_num_updates": "1560", "valid_best_accuracy": "24.412"}
[2026-08-29 22:43:57,476][fairseq.checkpoint_utils][INFO] - Preparing to save checkpoint for epoch 65 @ 1560 updates
[2026-08-29 22:43:57,477][fairseq.trainer][INFO] - Saving checkpoint to checkpoints/checkpoint_last.pt
[2026-08-29 22:44:00,084][fairseq.trainer][INFO] - Finished saving checkpoint to checkpoints/checkpoint_last.pt
[2026-08-29 22:44:00,086][fairseq.checkpoint_utils][INFO] - Saved checkpoint checkpoints/checkpoint_last.pt (epoch 65 @ 1560 updates, score 24.095) (writing took 2.609832651913166 seconds)
[2026-08-29 22:44:00,087][fairseq_cli.train][INFO] - end of epoch 65 (average epoch stats below)
[2026-08-29 22:44:00,088][train][INFO] - {"epoch": 65, "train_loss": "94.605", "train_nll_loss": "5.348", "train_total": "1209.17", "train_n_correct": "336.375", "train_ppl": "40.74", "train_accuracy": "27.819", "train_wps": "1699.5", "train_ups": "1.41", "train_wpb": "1209.2", "train_bsz": "75", "train_num_updates": "1560", "train_lr": "0.00125841", "train_gnorm": "3.622", "train_loss_scale": "128", "train_train_wall": "11", "train_gb_free": "42.7", "train_wall": "1205"}
[2026-08-29 22:44:00,710][fairseq.logging.progress_bar][WARNING] - tensorboard not found, please install with: pip install tensorboard
[2026-08-29 22:44:00,727][fairseq.trainer][INFO] - begin training epoch 66
[2026-08-29 22:44:00,728][fairseq_cli.train][INFO] - Start iterating over samples
[2026-08-29 22:44:12,848][fairseq_cli.train][INFO] - begin validation on "valid" subset
[2026-08-29 22:44:13,530][fairseq.logging.progress_bar][WARNING] - tensorboard not found, please install with: pip install tensorboard
[2026-08-29 22:44:15,817][valid][INFO] - {"epoch": 66, "valid_loss": "104.414", "valid_nll_loss": "6.004", "valid_total": "291.154", "valid_n_correct": "71.5385", "valid_ppl": "64.18", "valid_accuracy": "24.571", "valid_wps": "3437.9", "valid_wpb": "291.2", "valid_bsz": "18.1", "valid_num_updates": "1584", "valid_best_accuracy": "24.571"}
[2026-08-29 22:44:15,820][fairseq.checkpoint_utils][INFO] - Preparing to save checkpoint for epoch 66 @ 1584 updates
[2026-08-29 22:44:15,822][fairseq.trainer][INFO] - Saving checkpoint to checkpoints/checkpoint_best.pt
[2026-08-29 22:44:18,261][fairseq.trainer][INFO] - Finished saving checkpoint to checkpoints/checkpoint_best.pt
[2026-08-29 22:44:21,072][fairseq.checkpoint_utils][INFO] - Saved checkpoint checkpoints/checkpoint_best.pt (epoch 66 @ 1584 updates, score 24.571) (writing took 5.2519037341699 seconds)
[2026-08-29 22:44:21,097][fairseq_cli.train][INFO] - end of epoch 66 (average epoch stats below)
[2026-08-29 22:44:21,101][train][INFO] - {"epoch": 66, "train_loss": "94.068", "train_nll_loss": "5.309", "train_total": "1209.17", "train_n_correct": "340.625", "train_ppl": "39.65", "train_accuracy": "28.17", "train_wps": "1381.2", "train_ups": "1.14", "train_wpb": "1209.2", "train_bsz": "75", "train_num_updates": "1584", "train_lr": "0.00123599", "train_gnorm": "3.642", "train_loss_scale": "128", "train_train_wall": "10", "train_gb_free": "42.8", "train_wall": "1226"}
[2026-08-29 22:44:21,630][fairseq.logging.progress_bar][WARNING] - tensorboard not found, please install with: pip install tensorboard
[2026-08-29 22:44:21,633][fairseq.trainer][INFO] - begin training epoch 67
[2026-08-29 22:44:21,634][fairseq_cli.train][INFO] - Start iterating over samples
[2026-08-29 22:44:29,990][train_inner][INFO] - {"epoch": 67, "update": 66.667, "loss": "94.236", "nll_loss": "5.344", "total": "1222.98", "n_correct": "340.74", "ppl": "40.62", "accuracy": "27.861", "wps": "1677.8", "ups": "1.37", "wpb": "1223", "bsz": "76.1", "num_updates": "1600", "lr": "0.00122127", "gnorm": "3.66", "loss_scale": "128", "train_wall": "43", "gb_free": "42.8", "wall": "1234"}
[2026-08-29 22:44:33,239][fairseq_cli.train][INFO] - begin validation on "valid" subset
[2026-08-29 22:44:33,520][fairseq.logging.progress_bar][WARNING] - tensorboard not found, please install with: pip install tensorboard
[2026-08-29 22:44:35,377][valid][INFO] - {"epoch": 67, "valid_loss": "104.246", "valid_nll_loss": "5.994", "valid_total": "291.154", "valid_n_correct": "70.3077", "valid_ppl": "63.72", "valid_accuracy": "24.148", "valid_wps": "4412.4", "valid_wpb": "291.2", "valid_bsz": "18.1", "valid_num_updates": "1608", "valid_best_accuracy": "24.571"}
[2026-08-29 22:44:35,381][fairseq.checkpoint_utils][INFO] - Preparing to save checkpoint for epoch 67 @ 1608 updates
[2026-08-29 22:44:35,382][fairseq.trainer][INFO] - Saving checkpoint to checkpoints/checkpoint_last.pt
[2026-08-29 22:44:37,655][fairseq.trainer][INFO] - Finished saving checkpoint to checkpoints/checkpoint_last.pt
[2026-08-29 22:44:37,657][fairseq.checkpoint_utils][INFO] - Saved checkpoint checkpoints/checkpoint_last.pt (epoch 67 @ 1608 updates, score 24.148) (writing took 2.276292560622096 seconds)
[2026-08-29 22:44:37,658][fairseq_cli.train][INFO] - end of epoch 67 (average epoch stats below)
[2026-08-29 22:44:37,659][train][INFO] - {"epoch": 67, "train_loss": "94.028", "train_nll_loss": "5.307", "train_total": "1209.17", "train_n_correct": "344.708", "train_ppl": "39.58", "train_accuracy": "28.508", "train_wps": "1753.5", "train_ups": "1.45", "train_wpb": "1209.2", "train_bsz": "75", "train_num_updates": "1608", "train_lr": "0.00121398", "train_gnorm": "3.673", "train_loss_scale": "128", "train_train_wall": "10", "train_gb_free": "42.8", "train_wall": "1242"}
[2026-08-29 22:44:37,894][fairseq.logging.progress_bar][WARNING] - tensorboard not found, please install with: pip install tensorboard
[2026-08-29 22:44:37,921][fairseq.trainer][INFO] - begin training epoch 68
[2026-08-29 22:44:37,922][fairseq_cli.train][INFO] - Start iterating over samples
[2026-08-29 22:44:49,523][fairseq_cli.train][INFO] - begin validation on "valid" subset
[2026-08-29 22:44:49,825][fairseq.logging.progress_bar][WARNING] - tensorboard not found, please install with: pip install tensorboard
[2026-08-29 22:44:51,841][valid][INFO] - {"epoch": 68, "valid_loss": "104.665", "valid_nll_loss": "6.017", "valid_total": "291.154", "valid_n_correct": "70.3846", "valid_ppl": "64.78", "valid_accuracy": "24.174", "valid_wps": "4456.2", "valid_wpb": "291.2", "valid_bsz": "18.1", "valid_num_updates": "1632", "valid_best_accuracy": "24.571"}
[2026-08-29 22:44:51,844][fairseq.checkpoint_utils][INFO] - Preparing to save checkpoint for epoch 68 @ 1632 updates
[2026-08-29 22:44:51,845][fairseq.trainer][INFO] - Saving checkpoint to checkpoints/checkpoint_last.pt
[2026-08-29 22:44:54,009][fairseq.trainer][INFO] - Finished saving checkpoint to checkpoints/checkpoint_last.pt
[2026-08-29 22:44:54,010][fairseq.checkpoint_utils][INFO] - Saved checkpoint checkpoints/checkpoint_last.pt (epoch 68 @ 1632 updates, score 24.174) (writing took 2.1661243392154574 seconds)
[2026-08-29 22:44:54,011][fairseq_cli.train][INFO] - end of epoch 68 (average epoch stats below)
[2026-08-29 22:44:54,012][train][INFO] - {"epoch": 68, "train_loss": "93.943", "train_nll_loss": "5.3", "train_total": "1209.17", "train_n_correct": "342.958", "train_ppl": "39.41", "train_accuracy": "28.363", "train_wps": "1774.7", "train_ups": "1.47", "train_wpb": "1209.2", "train_bsz": "75", "train_num_updates": "1632", "train_lr": "0.00119235", "train_gnorm": "3.562", "train_loss_scale": "128", "train_train_wall": "10", "train_gb_free": "42.7", "train_wall": "1258"}
[2026-08-29 22:44:54,209][fairseq.logging.progress_bar][WARNING] - tensorboard not found, please install with: pip install tensorboard
[2026-08-29 22:44:54,220][fairseq.trainer][INFO] - begin training epoch 69
[2026-08-29 22:44:54,221][fairseq_cli.train][INFO] - Start iterating over samples
[2026-08-29 22:45:06,063][fairseq_cli.train][INFO] - begin validation on "valid" subset
[2026-08-29 22:45:06,276][fairseq.logging.progress_bar][WARNING] - tensorboard not found, please install with: pip install tensorboard
[2026-08-29 22:45:08,240][valid][INFO] - {"epoch": 69, "valid_loss": "105.531", "valid_nll_loss": "6.074", "valid_total": "291.154", "valid_n_correct": "71.6154", "valid_ppl": "67.38", "valid_accuracy": "24.597", "valid_wps": "4436.9", "valid_wpb": "291.2", "valid_bsz": "18.1", "valid_num_updates": "1656", "valid_best_accuracy": "24.597"}
[2026-08-29 22:45:08,243][fairseq.checkpoint_utils][INFO] - Preparing to save checkpoint for epoch 69 @ 1656 updates
[2026-08-29 22:45:08,244][fairseq.trainer][INFO] - Saving checkpoint to checkpoints/checkpoint_best.pt
[2026-08-29 22:45:10,504][fairseq.trainer][INFO] - Finished saving checkpoint to checkpoints/checkpoint_best.pt
[2026-08-29 22:45:12,923][fairseq.checkpoint_utils][INFO] - Saved checkpoint checkpoints/checkpoint_best.pt (epoch 69 @ 1656 updates, score 24.597) (writing took 4.680352819152176 seconds)
[2026-08-29 22:45:12,925][fairseq_cli.train][INFO] - end of epoch 69 (average epoch stats below)
[2026-08-29 22:45:12,928][train][INFO] - {"epoch": 69, "train_loss": "93.603", "train_nll_loss": "5.276", "train_total": "1209.17", "train_n_correct": "347.167", "train_ppl": "38.74", "train_accuracy": "28.711", "train_wps": "1534.3", "train_ups": "1.27", "train_wpb": "1209.2", "train_bsz": "75", "train_num_updates": "1656", "train_lr": "0.00117111", "train_gnorm": "3.635", "train_loss_scale": "128", "train_train_wall": "10", "train_gb_free": "42.9", "train_wall": "1277"}
[2026-08-29 22:45:13,235][fairseq.logging.progress_bar][WARNING] - tensorboard not found, please install with: pip install tensorboard
[2026-08-29 22:45:13,237][fairseq.trainer][INFO] - begin training epoch 70
[2026-08-29 22:45:13,238][fairseq_cli.train][INFO] - Start iterating over samples
[2026-08-29 22:45:25,167][fairseq_cli.train][INFO] - begin validation on "valid" subset
[2026-08-29 22:45:25,386][fairseq.logging.progress_bar][WARNING] - tensorboard not found, please install with: pip install tensorboard
[2026-08-29 22:45:27,316][valid][INFO] - {"epoch": 70, "valid_loss": "104.631", "valid_nll_loss": "6.014", "valid_total": "291.154", "valid_n_correct": "71.5385", "valid_ppl": "64.62", "valid_accuracy": "24.571", "valid_wps": "4172.8", "valid_wpb": "291.2", "valid_bsz": "18.1", "valid_num_updates": "1680", "valid_best_accuracy": "24.597"}
[2026-08-29 22:45:27,331][fairseq.checkpoint_utils][INFO] - Preparing to save checkpoint for epoch 70 @ 1680 updates
[2026-08-29 22:45:27,332][fairseq.trainer][INFO] - Saving checkpoint to checkpoints/checkpoint_last.pt
[2026-08-29 22:45:29,558][fairseq.trainer][INFO] - Finished saving checkpoint to checkpoints/checkpoint_last.pt
[2026-08-29 22:45:29,559][fairseq.checkpoint_utils][INFO] - Saved checkpoint checkpoints/checkpoint_last.pt (epoch 70 @ 1680 updates, score 24.571) (writing took 2.228456072509289 seconds)
[2026-08-29 22:45:29,560][fairseq_cli.train][INFO] - end of epoch 70 (average epoch stats below)
[2026-08-29 22:45:29,561][train][INFO] - {"epoch": 70, "train_loss": "93.45", "train_nll_loss": "5.265", "train_total": "1209.17", "train_n_correct": "346.875", "train_ppl": "38.46", "train_accuracy": "28.687", "train_wps": "1744.8", "train_ups": "1.44", "train_wpb": "1209.2", "train_bsz": "75", "train_num_updates": "1680", "train_lr": "0.00115025", "train_gnorm": "3.628", "train_loss_scale": "128", "train_train_wall": "10", "train_gb_free": "42.9", "train_wall": "1294"}
[2026-08-29 22:45:29,758][fairseq.logging.progress_bar][WARNING] - tensorboard not found, please install with: pip install tensorboard
[2026-08-29 22:45:29,760][fairseq.trainer][INFO] - begin training epoch 71
[2026-08-29 22:45:29,761][fairseq_cli.train][INFO] - Start iterating over samples
[2026-08-29 22:45:39,902][train_inner][INFO] - {"epoch": 71, "update": 70.833, "loss": "93.622", "nll_loss": "5.269", "total": "1201.73", "n_correct": "345.89", "ppl": "38.57", "accuracy": "28.783", "wps": "1719", "ups": "1.43", "wpb": "1201.7", "bsz": "74.5", "num_updates": "1700", "lr": "0.00113315", "gnorm": "3.632", "loss_scale": "128", "train_wall": "43", "gb_free": "42.7", "wall": "1304"}
[2026-08-29 22:45:41,462][fairseq_cli.train][INFO] - begin validation on "valid" subset
[2026-08-29 22:45:41,678][fairseq.logging.progress_bar][WARNING] - tensorboard not found, please install with: pip install tensorboard
[2026-08-29 22:45:43,607][valid][INFO] - {"epoch": 71, "valid_loss": "103.75", "valid_nll_loss": "5.958", "valid_total": "291.154", "valid_n_correct": "72.0769", "valid_ppl": "62.18", "valid_accuracy": "24.756", "valid_wps": "4340.1", "valid_wpb": "291.2", "valid_bsz": "18.1", "valid_num_updates": "1704", "valid_best_accuracy": "24.756"}
[2026-08-29 22:45:43,611][fairseq.checkpoint_utils][INFO] - Preparing to save checkpoint for epoch 71 @ 1704 updates
[2026-08-29 22:45:43,612][fairseq.trainer][INFO] - Saving checkpoint to checkpoints/checkpoint_best.pt
[2026-08-29 22:45:45,813][fairseq.trainer][INFO] - Finished saving checkpoint to checkpoints/checkpoint_best.pt
[2026-08-29 22:45:48,700][fairseq.checkpoint_utils][INFO] - Saved checkpoint checkpoints/checkpoint_best.pt (epoch 71 @ 1704 updates, score 24.756) (writing took 5.088810994289815 seconds)
[2026-08-29 22:45:48,711][fairseq_cli.train][INFO] - end of epoch 71 (average epoch stats below)
[2026-08-29 22:45:48,713][train][INFO] - {"epoch": 71, "train_loss": "93.326", "train_nll_loss": "5.257", "train_total": "1209.17", "train_n_correct": "349.958", "train_ppl": "38.23", "train_accuracy": "28.942", "train_wps": "1515.4", "train_ups": "1.25", "train_wpb": "1209.2", "train_bsz": "75", "train_num_updates": "1704", "train_lr": "0.00112976", "train_gnorm": "3.679", "train_loss_scale": "128", "train_train_wall": "11", "train_gb_free": "42.8", "train_wall": "1313"}
[2026-08-29 22:45:49,023][fairseq.logging.progress_bar][WARNING] - tensorboard not found, please install with: pip install tensorboard
[2026-08-29 22:45:49,027][fairseq.trainer][INFO] - begin training epoch 72
[2026-08-29 22:45:49,027][fairseq_cli.train][INFO] - Start iterating over samples
[2026-08-29 22:46:00,470][fairseq_cli.train][INFO] - begin validation on "valid" subset
[2026-08-29 22:46:00,730][fairseq.logging.progress_bar][WARNING] - tensorboard not found, please install with: pip install tensorboard
[2026-08-29 22:46:02,978][valid][INFO] - {"epoch": 72, "valid_loss": "104.351", "valid_nll_loss": "6", "valid_total": "291.154", "valid_n_correct": "70.7692", "valid_ppl": "64.02", "valid_accuracy": "24.306", "valid_wps": "3529.8", "valid_wpb": "291.2", "valid_bsz": "18.1", "valid_num_updates": "1728", "valid_best_accuracy": "24.756"}
[2026-08-29 22:46:02,981][fairseq.checkpoint_utils][INFO] - Preparing to save checkpoint for epoch 72 @ 1728 updates
[2026-08-29 22:46:02,984][fairseq.trainer][INFO] - Saving checkpoint to checkpoints/checkpoint_last.pt
[2026-08-29 22:46:05,318][fairseq.trainer][INFO] - Finished saving checkpoint to checkpoints/checkpoint_last.pt
[2026-08-29 22:46:05,320][fairseq.checkpoint_utils][INFO] - Saved checkpoint checkpoints/checkpoint_last.pt (epoch 72 @ 1728 updates, score 24.306) (writing took 2.3389668008312583 seconds)
[2026-08-29 22:46:05,321][fairseq_cli.train][INFO] - end of epoch 72 (average epoch stats below)
[2026-08-29 22:46:05,323][train][INFO] - {"epoch": 72, "train_loss": "93.268", "train_nll_loss": "5.252", "train_total": "1209.17", "train_n_correct": "347.583", "train_ppl": "38.12", "train_accuracy": "28.746", "train_wps": "1747.3", "train_ups": "1.45", "train_wpb": "1209.2", "train_bsz": "75", "train_num_updates": "1728", "train_lr": "0.00110963", "train_gnorm": "3.576", "train_loss_scale": "128", "train_train_wall": "10", "train_gb_free": "42.9", "train_wall": "1330"}
[2026-08-29 22:46:05,599][fairseq.logging.progress_bar][WARNING] - tensorboard not found, please install with: pip install tensorboard
[2026-08-29 22:46:05,622][fairseq.trainer][INFO] - begin training epoch 73
[2026-08-29 22:46:05,623][fairseq_cli.train][INFO] - Start iterating over samples
[2026-08-29 22:46:17,199][fairseq_cli.train][INFO] - begin validation on "valid" subset
[2026-08-29 22:46:17,426][fairseq.logging.progress_bar][WARNING] - tensorboard not found, please install with: pip install tensorboard
[2026-08-29 22:46:19,361][valid][INFO] - {"epoch": 73, "valid_loss": "104.352", "valid_nll_loss": "5.994", "valid_total": "291.154", "valid_n_correct": "71.7692", "valid_ppl": "63.75", "valid_accuracy": "24.65", "valid_wps": "4418.1", "valid_wpb": "291.2", "valid_bsz": "18.1", "valid_num_updates": "1752", "valid_best_accuracy": "24.756"}
[2026-08-29 22:46:19,364][fairseq.checkpoint_utils][INFO] - Preparing to save checkpoint for epoch 73 @ 1752 updates
[2026-08-29 22:46:19,364][fairseq.trainer][INFO] - Saving checkpoint to checkpoints/checkpoint_last.pt
[2026-08-29 22:46:21,608][fairseq.trainer][INFO] - Finished saving checkpoint to checkpoints/checkpoint_last.pt
[2026-08-29 22:46:21,609][fairseq.checkpoint_utils][INFO] - Saved checkpoint checkpoints/checkpoint_last.pt (epoch 73 @ 1752 updates, score 24.65) (writing took 2.2456549936905503 seconds)
[2026-08-29 22:46:21,610][fairseq_cli.train][INFO] - end of epoch 73 (average epoch stats below)
[2026-08-29 22:46:21,612][train][INFO] - {"epoch": 73, "train_loss": "92.861", "train_nll_loss": "5.225", "train_total": "1209.17", "train_n_correct": "353.083", "train_ppl": "37.39", "train_accuracy": "29.201", "train_wps": "1781.7", "train_ups": "1.47", "train_wpb": "1209.2", "train_bsz": "75", "train_num_updates": "1752", "train_lr": "0.00108987", "train_gnorm": "3.776", "train_loss_scale": "128", "train_train_wall": "10", "train_gb_free": "43.1", "train_wall": "1346"}
[2026-08-29 22:46:21,800][fairseq.logging.progress_bar][WARNING] - tensorboard not found, please install with: pip install tensorboard
[2026-08-29 22:46:21,821][fairseq.trainer][INFO] - begin training epoch 74
[2026-08-29 22:46:21,822][fairseq_cli.train][INFO] - Start iterating over samples
[2026-08-29 22:46:33,291][fairseq_cli.train][INFO] - begin validation on "valid" subset
[2026-08-29 22:46:33,499][fairseq.logging.progress_bar][WARNING] - tensorboard not found, please install with: pip install tensorboard
[2026-08-29 22:46:35,311][valid][INFO] - {"epoch": 74, "valid_loss": "104.592", "valid_nll_loss": "6.013", "valid_total": "291.154", "valid_n_correct": "71.6923", "valid_ppl": "64.6", "valid_accuracy": "24.624", "valid_wps": "4414.5", "valid_wpb": "291.2", "valid_bsz": "18.1", "valid_num_updates": "1776", "valid_best_accuracy": "24.756"}
[2026-08-29 22:46:35,313][fairseq.checkpoint_utils][INFO] - Preparing to save checkpoint for epoch 74 @ 1776 updates
[2026-08-29 22:46:35,314][fairseq.trainer][INFO] - Saving checkpoint to checkpoints/checkpoint_last.pt
[2026-08-29 22:46:37,600][fairseq.trainer][INFO] - Finished saving checkpoint to checkpoints/checkpoint_last.pt
[2026-08-29 22:46:37,612][fairseq.checkpoint_utils][INFO] - Saved checkpoint checkpoints/checkpoint_last.pt (epoch 74 @ 1776 updates, score 24.624) (writing took 2.299265737645328 seconds)
[2026-08-29 22:46:37,613][fairseq_cli.train][INFO] - end of epoch 74 (average epoch stats below)
[2026-08-29 22:46:37,614][train][INFO] - {"epoch": 74, "train_loss": "92.631", "train_nll_loss": "5.207", "train_total": "1209.17", "train_n_correct": "358.917", "train_ppl": "36.94", "train_accuracy": "29.683", "train_wps": "1813.6", "train_ups": "1.5", "train_wpb": "1209.2", "train_bsz": "75", "train_num_updates": "1776", "train_lr": "0.00107045", "train_gnorm": "3.813", "train_loss_scale": "128", "train_train_wall": "10", "train_gb_free": "43", "train_wall": "1362"}
[2026-08-29 22:46:37,820][fairseq.logging.progress_bar][WARNING] - tensorboard not found, please install with: pip install tensorboard
[2026-08-29 22:46:37,823][fairseq.trainer][INFO] - begin training epoch 75
[2026-08-29 22:46:37,824][fairseq_cli.train][INFO] - Start iterating over samples
[2026-08-29 22:46:49,532][train_inner][INFO] - {"epoch": 75, "update": 75.0, "loss": "92.991", "nll_loss": "5.232", "total": "1206.93", "n_correct": "352.47", "ppl": "37.59", "accuracy": "29.204", "wps": "1733.6", "ups": "1.44", "wpb": "1206.9", "bsz": "74.8", "num_updates": "1800", "lr": "0.00105138", "gnorm": "3.777", "loss_scale": "128", "train_wall": "43", "gb_free": "42.7", "wall": "1374"}
[2026-08-29 22:46:49,535][fairseq_cli.train][INFO] - begin validation on "valid" subset
[2026-08-29 22:46:49,750][fairseq.logging.progress_bar][WARNING] - tensorboard not found, please install with: pip install tensorboard
[2026-08-29 22:46:51,670][valid][INFO] - {"epoch": 75, "valid_loss": "104.444", "valid_nll_loss": "6.003", "valid_total": "291.154", "valid_n_correct": "72.2308", "valid_ppl": "64.14", "valid_accuracy": "24.808", "valid_wps": "4430", "valid_wpb": "291.2", "valid_bsz": "18.1", "valid_num_updates": "1800", "valid_best_accuracy": "24.808"}
[2026-08-29 22:46:51,673][fairseq.checkpoint_utils][INFO] - Preparing to save checkpoint for epoch 75 @ 1800 updates
[2026-08-29 22:46:51,674][fairseq.trainer][INFO] - Saving checkpoint to checkpoints/checkpoint_best.pt
[2026-08-29 22:46:54,219][fairseq.trainer][INFO] - Finished saving checkpoint to checkpoints/checkpoint_best.pt
[2026-08-29 22:46:57,626][fairseq.checkpoint_utils][INFO] - Saved checkpoint checkpoints/checkpoint_best.pt (epoch 75 @ 1800 updates, score 24.808) (writing took 5.953043058514595 seconds)
[2026-08-29 22:46:57,628][fairseq_cli.train][INFO] - end of epoch 75 (average epoch stats below)
[2026-08-29 22:46:57,630][train][INFO] - {"epoch": 75, "train_loss": "92.942", "train_nll_loss": "5.23", "train_total": "1209.17", "train_n_correct": "354.25", "train_ppl": "37.52", "train_accuracy": "29.297", "train_wps": "1450", "train_ups": "1.2", "train_wpb": "1209.2", "train_bsz": "75", "train_num_updates": "1800", "train_lr": "0.00105138", "train_gnorm": "3.95", "train_loss_scale": "128", "train_train_wall": "11", "train_gb_free": "42.7", "train_wall": "1382"}
[2026-08-29 22:46:57,924][fairseq.logging.progress_bar][WARNING] - tensorboard not found, please install with: pip install tensorboard
[2026-08-29 22:46:57,927][fairseq.trainer][INFO] - begin training epoch 76
[2026-08-29 22:46:57,928][fairseq_cli.train][INFO] - Start iterating over samples
[2026-08-29 22:47:09,773][fairseq_cli.train][INFO] - begin validation on "valid" subset
[2026-08-29 22:47:09,983][fairseq.logging.progress_bar][WARNING] - tensorboard not found, please install with: pip install tensorboard
[2026-08-29 22:47:11,893][valid][INFO] - {"epoch": 76, "valid_loss": "104.658", "valid_nll_loss": "6.017", "valid_total": "291.154", "valid_n_correct": "71.4615", "valid_ppl": "64.77", "valid_accuracy": "24.544", "valid_wps": "4449.9", "valid_wpb": "291.2", "valid_bsz": "18.1", "valid_num_updates": "1824", "valid_best_accuracy": "24.808"}
[2026-08-29 22:47:11,897][fairseq.checkpoint_utils][INFO] - Preparing to save checkpoint for epoch 76 @ 1824 updates
[2026-08-29 22:47:11,897][fairseq.trainer][INFO] - Saving checkpoint to checkpoints/checkpoint_last.pt
[2026-08-29 22:47:14,315][fairseq.trainer][INFO] - Finished saving checkpoint to checkpoints/checkpoint_last.pt
[2026-08-29 22:47:14,321][fairseq.checkpoint_utils][INFO] - Saved checkpoint checkpoints/checkpoint_last.pt (epoch 76 @ 1824 updates, score 24.544) (writing took 2.4241658486425877 seconds)
[2026-08-29 22:47:14,322][fairseq_cli.train][INFO] - end of epoch 76 (average epoch stats below)
[2026-08-29 22:47:14,323][train][INFO] - {"epoch": 76, "train_loss": "92.835", "train_nll_loss": "5.221", "train_total": "1209.17", "train_n_correct": "355.792", "train_ppl": "37.31", "train_accuracy": "29.425", "train_wps": "1738.6", "train_ups": "1.44", "train_wpb": "1209.2", "train_bsz": "75", "train_num_updates": "1824", "train_lr": "0.00103265", "train_gnorm": "3.788", "train_loss_scale": "128", "train_train_wall": "10", "train_gb_free": "42.7", "train_wall": "1399"}
[2026-08-29 22:47:14,543][fairseq.logging.progress_bar][WARNING] - tensorboard not found, please install with: pip install tensorboard
[2026-08-29 22:47:14,545][fairseq.trainer][INFO] - begin training epoch 77
[2026-08-29 22:47:14,546][fairseq_cli.train][INFO] - Start iterating over samples
[2026-08-29 22:47:26,512][fairseq_cli.train][INFO] - begin validation on "valid" subset
[2026-08-29 22:47:26,758][fairseq.logging.progress_bar][WARNING] - tensorboard not found, please install with: pip install tensorboard
[2026-08-29 22:47:28,731][valid][INFO] - {"epoch": 77, "valid_loss": "104.353", "valid_nll_loss": "5.997", "valid_total": "291.154", "valid_n_correct": "72.3077", "valid_ppl": "63.86", "valid_accuracy": "24.835", "valid_wps": "4401.5", "valid_wpb": "291.2", "valid_bsz": "18.1", "valid_num_updates": "1848", "valid_best_accuracy": "24.835"}
[2026-08-29 22:47:28,740][fairseq.checkpoint_utils][INFO] - Preparing to save checkpoint for epoch 77 @ 1848 updates
[2026-08-29 22:47:28,741][fairseq.trainer][INFO] - Saving checkpoint to checkpoints/checkpoint_best.pt
[2026-08-29 22:47:30,873][fairseq.trainer][INFO] - Finished saving checkpoint to checkpoints/checkpoint_best.pt
[2026-08-29 22:47:33,488][fairseq.checkpoint_utils][INFO] - Saved checkpoint checkpoints/checkpoint_best.pt (epoch 77 @ 1848 updates, score 24.835) (writing took 4.747508362866938 seconds)
[2026-08-29 22:47:33,490][fairseq_cli.train][INFO] - end of epoch 77 (average epoch stats below)
[2026-08-29 22:47:33,493][train][INFO] - {"epoch": 77, "train_loss": "92.727", "train_nll_loss": "5.215", "train_total": "1209.17", "train_n_correct": "355.625", "train_ppl": "37.14", "train_accuracy": "29.411", "train_wps": "1513.9", "train_ups": "1.25", "train_wpb": "1209.2", "train_bsz": "75", "train_num_updates": "1848", "train_lr": "0.00101426", "train_gnorm": "3.855", "train_loss_scale": "128", "train_train_wall": "11", "train_gb_free": "42.8", "train_wall": "1418"}
[2026-08-29 22:47:33,810][fairseq.logging.progress_bar][WARNING] - tensorboard not found, please install with: pip install tensorboard
[2026-08-29 22:47:33,822][fairseq.trainer][INFO] - begin training epoch 78
[2026-08-29 22:47:33,823][fairseq_cli.train][INFO] - Start iterating over samples
[2026-08-29 22:47:45,271][fairseq_cli.train][INFO] - begin validation on "valid" subset
[2026-08-29 22:47:45,466][fairseq.logging.progress_bar][WARNING] - tensorboard not found, please install with: pip install tensorboard
[2026-08-29 22:47:47,476][valid][INFO] - {"epoch": 78, "valid_loss": "104.786", "valid_nll_loss": "6.025", "valid_total": "291.154", "valid_n_correct": "71.6923", "valid_ppl": "65.12", "valid_accuracy": "24.624", "valid_wps": "4003.1", "valid_wpb": "291.2", "valid_bsz": "18.1", "valid_num_updates": "1872", "valid_best_accuracy": "24.835"}
[2026-08-29 22:47:47,479][fairseq.checkpoint_utils][INFO] - Preparing to save checkpoint for epoch 78 @ 1872 updates
[2026-08-29 22:47:47,481][fairseq.trainer][INFO] - Saving checkpoint to checkpoints/checkpoint_last.pt
[2026-08-29 22:47:49,635][fairseq.trainer][INFO] - Finished saving checkpoint to checkpoints/checkpoint_last.pt
[2026-08-29 22:47:49,643][fairseq.checkpoint_utils][INFO] - Saved checkpoint checkpoints/checkpoint_last.pt (epoch 78 @ 1872 updates, score 24.624) (writing took 2.164449159987271 seconds)
[2026-08-29 22:47:49,644][fairseq_cli.train][INFO] - end of epoch 78 (average epoch stats below)
[2026-08-29 22:47:49,646][train][INFO] - {"epoch": 78, "train_loss": "92.566", "train_nll_loss": "5.203", "train_total": "1209.17", "train_n_correct": "358.333", "train_ppl": "36.83", "train_accuracy": "29.635", "train_wps": "1796.7", "train_ups": "1.49", "train_wpb": "1209.2", "train_bsz": "75", "train_num_updates": "1872", "train_lr": "0.00099619", "train_gnorm": "3.741", "train_loss_scale": "128", "train_train_wall": "10", "train_gb_free": "42.7", "train_wall": "1434"}
[2026-08-29 22:47:49,839][fairseq.logging.progress_bar][WARNING] - tensorboard not found, please install with: pip install tensorboard
[2026-08-29 22:47:49,841][fairseq.trainer][INFO] - begin training epoch 79
[2026-08-29 22:47:49,842][fairseq_cli.train][INFO] - Start iterating over samples
[2026-08-29 22:48:01,495][fairseq_cli.train][INFO] - begin validation on "valid" subset
[2026-08-29 22:48:01,723][fairseq.logging.progress_bar][WARNING] - tensorboard not found, please install with: pip install tensorboard
[2026-08-29 22:48:03,691][valid][INFO] - {"epoch": 79, "valid_loss": "104.441", "valid_nll_loss": "5.999", "valid_total": "291.154", "valid_n_correct": "72.8462", "valid_ppl": "63.97", "valid_accuracy": "25.02", "valid_wps": "4291.1", "valid_wpb": "291.2", "valid_bsz": "18.1", "valid_num_updates": "1896", "valid_best_accuracy": "25.02"}
[2026-08-29 22:48:03,693][fairseq.checkpoint_utils][INFO] - Preparing to save checkpoint for epoch 79 @ 1896 updates
[2026-08-29 22:48:03,694][fairseq.trainer][INFO] - Saving checkpoint to checkpoints/checkpoint_best.pt
[2026-08-29 22:48:05,828][fairseq.trainer][INFO] - Finished saving checkpoint to checkpoints/checkpoint_best.pt
[2026-08-29 22:48:08,607][fairseq.checkpoint_utils][INFO] - Saved checkpoint checkpoints/checkpoint_best.pt (epoch 79 @ 1896 updates, score 25.02) (writing took 4.914082592353225 seconds)
[2026-08-29 22:48:08,609][fairseq_cli.train][INFO] - end of epoch 79 (average epoch stats below)
[2026-08-29 22:48:08,611][train][INFO] - {"epoch": 79, "train_loss": "92.099", "train_nll_loss": "5.17", "train_total": "1209.17", "train_n_correct": "362.25", "train_ppl": "36", "train_accuracy": "29.959", "train_wps": "1530.2", "train_ups": "1.27", "train_wpb": "1209.2", "train_bsz": "75", "train_num_updates": "1896", "train_lr": "0.000978444", "train_gnorm": "3.626", "train_loss_scale": "128", "train_train_wall": "10", "train_gb_free": "42.8", "train_wall": "1453"}
[2026-08-29 22:48:08,926][fairseq.logging.progress_bar][WARNING] - tensorboard not found, please install with: pip install tensorboard
[2026-08-29 22:48:08,929][fairseq.trainer][INFO] - begin training epoch 80
[2026-08-29 22:48:08,930][fairseq_cli.train][INFO] - Start iterating over samples
[2026-08-29 22:48:12,070][train_inner][INFO] - {"epoch": 80, "update": 79.167, "loss": "92.518", "nll_loss": "5.205", "total": "1216.6", "n_correct": "359.55", "ppl": "36.88", "accuracy": "29.554", "wps": "1474", "ups": "1.21", "wpb": "1216.6", "bsz": "75.5", "num_updates": "1900", "lr": "0.000975517", "gnorm": "3.738", "loss_scale": "128", "train_wall": "43", "gb_free": "42.8", "wall": "1457"}
[2026-08-29 22:48:20,385][fairseq_cli.train][INFO] - begin validation on "valid" subset
[2026-08-29 22:48:20,588][fairseq.logging.progress_bar][WARNING] - tensorboard not found, please install with: pip install tensorboard
[2026-08-29 22:48:22,453][valid][INFO] - {"epoch": 80, "valid_loss": "104.905", "valid_nll_loss": "6.03", "valid_total": "291.154", "valid_n_correct": "72.2308", "valid_ppl": "65.33", "valid_accuracy": "24.808", "valid_wps": "4383.3", "valid_wpb": "291.2", "valid_bsz": "18.1", "valid_num_updates": "1920", "valid_best_accuracy": "25.02"}
[2026-08-29 22:48:22,457][fairseq.checkpoint_utils][INFO] - Preparing to save checkpoint for epoch 80 @ 1920 updates
[2026-08-29 22:48:22,458][fairseq.trainer][INFO] - Saving checkpoint to checkpoints/checkpoint_last.pt
[2026-08-29 22:48:24,881][fairseq.trainer][INFO] - Finished saving checkpoint to checkpoints/checkpoint_last.pt
[2026-08-29 22:48:24,883][fairseq.checkpoint_utils][INFO] - Saved checkpoint checkpoints/checkpoint_last.pt (epoch 80 @ 1920 updates, score 24.808) (writing took 2.4261336801573634 seconds)
[2026-08-29 22:48:24,884][fairseq_cli.train][INFO] - end of epoch 80 (average epoch stats below)
[2026-08-29 22:48:24,886][train][INFO] - {"epoch": 80, "train_loss": "92.232", "train_nll_loss": "5.179", "train_total": "1209.17", "train_n_correct": "357.042", "train_ppl": "36.23", "train_accuracy": "29.528", "train_wps": "1783.3", "train_ups": "1.47", "train_wpb": "1209.2", "train_bsz": "75", "train_num_updates": "1920", "train_lr": "0.000961014", "train_gnorm": "3.67", "train_loss_scale": "128", "train_train_wall": "10", "train_gb_free": "42.8", "train_wall": "1469"}
[2026-08-29 22:48:25,130][fairseq.logging.progress_bar][WARNING] - tensorboard not found, please install with: pip install tensorboard
[2026-08-29 22:48:25,133][fairseq.trainer][INFO] - begin training epoch 81
[2026-08-29 22:48:25,133][fairseq_cli.train][INFO] - Start iterating over samples
[2026-08-29 22:48:36,960][fairseq_cli.train][INFO] - begin validation on "valid" subset
[2026-08-29 22:48:37,191][fairseq.logging.progress_bar][WARNING] - tensorboard not found, please install with: pip install tensorboard
[2026-08-29 22:48:39,119][valid][INFO] - {"epoch": 81, "valid_loss": "104.343", "valid_nll_loss": "5.992", "valid_total": "291.154", "valid_n_correct": "73.9231", "valid_ppl": "63.66", "valid_accuracy": "25.39", "valid_wps": "4239", "valid_wpb": "291.2", "valid_bsz": "18.1", "valid_num_updates": "1944", "valid_best_accuracy": "25.39"}
[2026-08-29 22:48:39,122][fairseq.checkpoint_utils][INFO] - Preparing to save checkpoint for epoch 81 @ 1944 updates
[2026-08-29 22:48:39,122][fairseq.trainer][INFO] - Saving checkpoint to checkpoints/checkpoint_best.pt
[2026-08-29 22:48:41,414][fairseq.trainer][INFO] - Finished saving checkpoint to checkpoints/checkpoint_best.pt
[2026-08-29 22:48:44,094][fairseq.checkpoint_utils][INFO] - Saved checkpoint checkpoints/checkpoint_best.pt (epoch 81 @ 1944 updates, score 25.39) (writing took 4.971943755634129 seconds)
[2026-08-29 22:48:44,095][fairseq_cli.train][INFO] - end of epoch 81 (average epoch stats below)
[2026-08-29 22:48:44,097][train][INFO] - {"epoch": 81, "train_loss": "91.665", "train_nll_loss": "5.139", "train_total": "1209.17", "train_n_correct": "362.083", "train_ppl": "35.24", "train_accuracy": "29.945", "train_wps": "1510.7", "train_ups": "1.25", "train_wpb": "1209.2", "train_bsz": "75", "train_num_updates": "1944", "train_lr": "0.000943895", "train_gnorm": "3.687", "train_loss_scale": "128", "train_train_wall": "10", "train_gb_free": "42.9", "train_wall": "1489"}
[2026-08-29 22:48:44,418][fairseq.logging.progress_bar][WARNING] - tensorboard not found, please install with: pip install tensorboard
[2026-08-29 22:48:44,421][fairseq.trainer][INFO] - begin training epoch 82
[2026-08-29 22:48:44,422][fairseq_cli.train][INFO] - Start iterating over samples
[2026-08-29 22:48:55,986][fairseq_cli.train][INFO] - begin validation on "valid" subset
[2026-08-29 22:48:56,187][fairseq.logging.progress_bar][WARNING] - tensorboard not found, please install with: pip install tensorboard
[2026-08-29 22:48:58,211][valid][INFO] - {"epoch": 82, "valid_loss": "104.861", "valid_nll_loss": "6.026", "valid_total": "291.154", "valid_n_correct": "72.1538", "valid_ppl": "65.15", "valid_accuracy": "24.782", "valid_wps": "3894.1", "valid_wpb": "291.2", "valid_bsz": "18.1", "valid_num_updates": "1968", "valid_best_accuracy": "25.39"}
[2026-08-29 22:48:58,213][fairseq.checkpoint_utils][INFO] - Preparing to save checkpoint for epoch 82 @ 1968 updates
[2026-08-29 22:48:58,214][fairseq.trainer][INFO] - Saving checkpoint to checkpoints/checkpoint_last.pt
[2026-08-29 22:49:00,442][fairseq.trainer][INFO] - Finished saving checkpoint to checkpoints/checkpoint_last.pt
[2026-08-29 22:49:00,444][fairseq.checkpoint_utils][INFO] - Saved checkpoint checkpoints/checkpoint_last.pt (epoch 82 @ 1968 updates, score 24.782) (writing took 2.2302168319001794 seconds)
[2026-08-29 22:49:00,445][fairseq_cli.train][INFO] - end of epoch 82 (average epoch stats below)
[2026-08-29 22:49:00,446][train][INFO] - {"epoch": 82, "train_loss": "91.668", "train_nll_loss": "5.14", "train_total": "1209.17", "train_n_correct": "361.708", "train_ppl": "35.25", "train_accuracy": "29.914", "train_wps": "1775.1", "train_ups": "1.47", "train_wpb": "1209.2", "train_bsz": "75", "train_num_updates": "1968", "train_lr": "0.000927081", "train_gnorm": "3.802", "train_loss_scale": "128", "train_train_wall": "10", "train_gb_free": "42.8", "train_wall": "1505"}
[2026-08-29 22:49:00,659][fairseq.logging.progress_bar][WARNING] - tensorboard not found, please install with: pip install tensorboard
[2026-08-29 22:49:00,662][fairseq.trainer][INFO] - begin training epoch 83
[2026-08-29 22:49:00,662][fairseq_cli.train][INFO] - Start iterating over samples
[2026-08-29 22:49:12,529][fairseq_cli.train][INFO] - begin validation on "valid" subset
[2026-08-29 22:49:12,736][fairseq.logging.progress_bar][WARNING] - tensorboard not found, please install with: pip install tensorboard
[2026-08-29 22:49:14,624][valid][INFO] - {"epoch": 83, "valid_loss": "104.615", "valid_nll_loss": "6.008", "valid_total": "291.154", "valid_n_correct": "72.4615", "valid_ppl": "64.37", "valid_accuracy": "24.888", "valid_wps": "4420.9", "valid_wpb": "291.2", "valid_bsz": "18.1", "valid_num_updates": "1992", "valid_best_accuracy": "25.39"}
[2026-08-29 22:49:14,627][fairseq.checkpoint_utils][INFO] - Preparing to save checkpoint for epoch 83 @ 1992 updates
[2026-08-29 22:49:14,628][fairseq.trainer][INFO] - Saving checkpoint to checkpoints/checkpoint_last.pt
[2026-08-29 22:49:17,051][fairseq.trainer][INFO] - Finished saving checkpoint to checkpoints/checkpoint_last.pt
[2026-08-29 22:49:17,054][fairseq.checkpoint_utils][INFO] - Saved checkpoint checkpoints/checkpoint_last.pt (epoch 83 @ 1992 updates, score 24.888) (writing took 2.426998089067638 seconds)
[2026-08-29 22:49:17,054][fairseq_cli.train][INFO] - end of epoch 83 (average epoch stats below)
[2026-08-29 22:49:17,056][train][INFO] - {"epoch": 83, "train_loss": "91.881", "train_nll_loss": "5.154", "train_total": "1209.17", "train_n_correct": "362.375", "train_ppl": "35.61", "train_accuracy": "29.969", "train_wps": "1747.2", "train_ups": "1.44", "train_wpb": "1209.2", "train_bsz": "75", "train_num_updates": "1992", "train_lr": "0.000910566", "train_gnorm": "3.716", "train_loss_scale": "128", "train_train_wall": "10", "train_gb_free": "42.7", "train_wall": "1522"}
[2026-08-29 22:49:17,275][fairseq.logging.progress_bar][WARNING] - tensorboard not found, please install with: pip install tensorboard
[2026-08-29 22:49:17,277][fairseq.trainer][INFO] - begin training epoch 84
[2026-08-29 22:49:17,277][fairseq_cli.train][INFO] - Start iterating over samples
[2026-08-29 22:49:22,040][train_inner][INFO] - {"epoch": 84, "update": 83.333, "loss": "91.815", "nll_loss": "5.158", "total": "1212.59", "n_correct": "361.05", "ppl": "35.71", "accuracy": "29.775", "wps": "1733", "ups": "1.43", "wpb": "1212.6", "bsz": "75.3", "num_updates": "2000", "lr": "0.000905126", "gnorm": "3.711", "loss_scale": "128", "train_wall": "42", "gb_free": "42.8", "wall": "1526"}
[2026-08-29 22:49:28,786][fairseq_cli.train][INFO] - begin validation on "valid" subset
[2026-08-29 22:49:28,987][fairseq.logging.progress_bar][WARNING] - tensorboard not found, please install with: pip install tensorboard
[2026-08-29 22:49:30,944][valid][INFO] - {"epoch": 84, "valid_loss": "104.79", "valid_nll_loss": "6.019", "valid_total": "291.154", "valid_n_correct": "73.0769", "valid_ppl": "64.84", "valid_accuracy": "25.099", "valid_wps": "4172.6", "valid_wpb": "291.2", "valid_bsz": "18.1", "valid_num_updates": "2016", "valid_best_accuracy": "25.39"}
[2026-08-29 22:49:30,947][fairseq.checkpoint_utils][INFO] - Preparing to save checkpoint for epoch 84 @ 2016 updates
[2026-08-29 22:49:30,948][fairseq.trainer][INFO] - Saving checkpoint to checkpoints/checkpoint_last.pt
[2026-08-29 22:49:33,463][fairseq.trainer][INFO] - Finished saving checkpoint to checkpoints/checkpoint_last.pt
[2026-08-29 22:49:33,466][fairseq.checkpoint_utils][INFO] - Saved checkpoint checkpoints/checkpoint_last.pt (epoch 84 @ 2016 updates, score 25.099) (writing took 2.51840924564749 seconds)
[2026-08-29 22:49:33,467][fairseq_cli.train][INFO] - end of epoch 84 (average epoch stats below)
[2026-08-29 22:49:33,469][train][INFO] - {"epoch": 84, "train_loss": "91.978", "train_nll_loss": "5.161", "train_total": "1209.17", "train_n_correct": "361.167", "train_ppl": "35.78", "train_accuracy": "29.869", "train_wps": "1768.3", "train_ups": "1.46", "train_wpb": "1209.2", "train_bsz": "75", "train_num_updates": "2016", "train_lr": "0.000894345", "train_gnorm": "3.744", "train_loss_scale": "128", "train_train_wall": "10", "train_gb_free": "42.8", "train_wall": "1538"}
[2026-08-29 22:49:33,662][fairseq.logging.progress_bar][WARNING] - tensorboard not found, please install with: pip install tensorboard
[2026-08-29 22:49:33,665][fairseq.trainer][INFO] - begin training epoch 85
[2026-08-29 22:49:33,666][fairseq_cli.train][INFO] - Start iterating over samples
[2026-08-29 22:49:45,255][fairseq_cli.train][INFO] - begin validation on "valid" subset
[2026-08-29 22:49:45,622][fairseq.logging.progress_bar][WARNING] - tensorboard not found, please install with: pip install tensorboard
[2026-08-29 22:49:47,395][valid][INFO] - {"epoch": 85, "valid_loss": "104.497", "valid_nll_loss": "6.003", "valid_total": "291.154", "valid_n_correct": "72.6154", "valid_ppl": "64.12", "valid_accuracy": "24.941", "valid_wps": "4414.3", "valid_wpb": "291.2", "valid_bsz": "18.1", "valid_num_updates": "2040", "valid_best_accuracy": "25.39"}
[2026-08-29 22:49:47,422][fairseq.checkpoint_utils][INFO] - Preparing to save checkpoint for epoch 85 @ 2040 updates
[2026-08-29 22:49:47,424][fairseq.trainer][INFO] - Saving checkpoint to checkpoints/checkpoint_last.pt
[2026-08-29 22:49:49,588][fairseq.trainer][INFO] - Finished saving checkpoint to checkpoints/checkpoint_last.pt
[2026-08-29 22:49:49,598][fairseq.checkpoint_utils][INFO] - Saved checkpoint checkpoints/checkpoint_last.pt (epoch 85 @ 2040 updates, score 24.941) (writing took 2.175951083190739 seconds)
[2026-08-29 22:49:49,599][fairseq_cli.train][INFO] - end of epoch 85 (average epoch stats below)
[2026-08-29 22:49:49,610][train][INFO] - {"epoch": 85, "train_loss": "91.49", "train_nll_loss": "5.126", "train_total": "1209.17", "train_n_correct": "365.333", "train_ppl": "34.93", "train_accuracy": "30.214", "train_wps": "1798", "train_ups": "1.49", "train_wpb": "1209.2", "train_bsz": "75", "train_num_updates": "2040", "train_lr": "0.000878413", "train_gnorm": "3.746", "train_loss_scale": "128", "train_train_wall": "10", "train_gb_free": "42.7", "train_wall": "1554"}
[2026-08-29 22:49:49,866][fairseq.logging.progress_bar][WARNING] - tensorboard not found, please install with: pip install tensorboard
[2026-08-29 22:49:49,868][fairseq.trainer][INFO] - begin training epoch 86
[2026-08-29 22:49:49,869][fairseq_cli.train][INFO] - Start iterating over samples
[2026-08-29 22:50:01,507][fairseq_cli.train][INFO] - begin validation on "valid" subset
[2026-08-29 22:50:01,730][fairseq.logging.progress_bar][WARNING] - tensorboard not found, please install with: pip install tensorboard
[2026-08-29 22:50:03,737][valid][INFO] - {"epoch": 86, "valid_loss": "104.131", "valid_nll_loss": "5.98", "valid_total": "291.154", "valid_n_correct": "72.4615", "valid_ppl": "63.12", "valid_accuracy": "24.888", "valid_wps": "4459.2", "valid_wpb": "291.2", "valid_bsz": "18.1", "valid_num_updates": "2064", "valid_best_accuracy": "25.39"}
[2026-08-29 22:50:03,740][fairseq.checkpoint_utils][INFO] - Preparing to save checkpoint for epoch 86 @ 2064 updates
[2026-08-29 22:50:03,741][fairseq.trainer][INFO] - Saving checkpoint to checkpoints/checkpoint_last.pt
[2026-08-29 22:50:06,136][fairseq.trainer][INFO] - Finished saving checkpoint to checkpoints/checkpoint_last.pt
[2026-08-29 22:50:06,137][fairseq.checkpoint_utils][INFO] - Saved checkpoint checkpoints/checkpoint_last.pt (epoch 86 @ 2064 updates, score 24.888) (writing took 2.397407641634345 seconds)
[2026-08-29 22:50:06,138][fairseq_cli.train][INFO] - end of epoch 86 (average epoch stats below)
[2026-08-29 22:50:06,139][train][INFO] - {"epoch": 86, "train_loss": "91.705", "train_nll_loss": "5.142", "train_total": "1209.17", "train_n_correct": "362.417", "train_ppl": "35.3", "train_accuracy": "29.972", "train_wps": "1755.8", "train_ups": "1.45", "train_wpb": "1209.2", "train_bsz": "75", "train_num_updates": "2064", "train_lr": "0.000862766", "train_gnorm": "4.001", "train_loss_scale": "128", "train_train_wall": "10", "train_gb_free": "42.8", "train_wall": "1571"}
[2026-08-29 22:50:06,422][fairseq.logging.progress_bar][WARNING] - tensorboard not found, please install with: pip install tensorboard
[2026-08-29 22:50:06,425][fairseq.trainer][INFO] - begin training epoch 87
[2026-08-29 22:50:06,426][fairseq_cli.train][INFO] - Start iterating over samples
[2026-08-29 22:50:18,029][fairseq_cli.train][INFO] - begin validation on "valid" subset
[2026-08-29 22:50:18,237][fairseq.logging.progress_bar][WARNING] - tensorboard not found, please install with: pip install tensorboard
[2026-08-29 22:50:20,107][valid][INFO] - {"epoch": 87, "valid_loss": "104.597", "valid_nll_loss": "6.01", "valid_total": "291.154", "valid_n_correct": "73.8462", "valid_ppl": "64.43", "valid_accuracy": "25.363", "valid_wps": "4430.1", "valid_wpb": "291.2", "valid_bsz": "18.1", "valid_num_updates": "2088", "valid_best_accuracy": "25.39"}
[2026-08-29 22:50:20,112][fairseq.checkpoint_utils][INFO] - Preparing to save checkpoint for epoch 87 @ 2088 updates
[2026-08-29 22:50:20,113][fairseq.trainer][INFO] - Saving checkpoint to checkpoints/checkpoint_last.pt
[2026-08-29 22:50:22,519][fairseq.trainer][INFO] - Finished saving checkpoint to checkpoints/checkpoint_last.pt
[2026-08-29 22:50:22,527][fairseq.checkpoint_utils][INFO] - Saved checkpoint checkpoints/checkpoint_last.pt (epoch 87 @ 2088 updates, score 25.363) (writing took 2.4149742294102907 seconds)
[2026-08-29 22:50:22,528][fairseq_cli.train][INFO] - end of epoch 87 (average epoch stats below)
[2026-08-29 22:50:22,529][train][INFO] - {"epoch": 87, "train_loss": "91.334", "train_nll_loss": "5.116", "train_total": "1209.17", "train_n_correct": "368.625", "train_ppl": "34.68", "train_accuracy": "30.486", "train_wps": "1770.7", "train_ups": "1.46", "train_wpb": "1209.2", "train_bsz": "75", "train_num_updates": "2088", "train_lr": "0.000847396", "train_gnorm": "3.9", "train_loss_scale": "128", "train_train_wall": "10", "train_gb_free": "42.8", "train_wall": "1587"}
[2026-08-29 22:50:22,758][fairseq.logging.progress_bar][WARNING] - tensorboard not found, please install with: pip install tensorboard
[2026-08-29 22:50:22,761][fairseq.trainer][INFO] - begin training epoch 88
[2026-08-29 22:50:22,762][fairseq_cli.train][INFO] - Start iterating over samples
[2026-08-29 22:50:29,310][train_inner][INFO] - {"epoch": 88, "update": 87.5, "loss": "91.397", "nll_loss": "5.124", "total": "1196.64", "n_correct": "362.29", "ppl": "34.87", "accuracy": "30.276", "wps": "1778.9", "ups": "1.49", "wpb": "1196.6", "bsz": "74.3", "num_updates": "2100", "lr": "0.000839815", "gnorm": "3.864", "loss_scale": "128", "train_wall": "43", "gb_free": "42.7", "wall": "1594"}
[2026-08-29 22:50:34,262][fairseq_cli.train][INFO] - begin validation on "valid" subset
[2026-08-29 22:50:34,487][fairseq.logging.progress_bar][WARNING] - tensorboard not found, please install with: pip install tensorboard
[2026-08-29 22:50:36,454][valid][INFO] - {"epoch": 88, "valid_loss": "104.65", "valid_nll_loss": "6.01", "valid_total": "291.154", "valid_n_correct": "72.8462", "valid_ppl": "64.42", "valid_accuracy": "25.02", "valid_wps": "4141.8", "valid_wpb": "291.2", "valid_bsz": "18.1", "valid_num_updates": "2112", "valid_best_accuracy": "25.39"}
[2026-08-29 22:50:36,457][fairseq.checkpoint_utils][INFO] - Preparing to save checkpoint for epoch 88 @ 2112 updates
[2026-08-29 22:50:36,458][fairseq.trainer][INFO] - Saving checkpoint to checkpoints/checkpoint_last.pt
[2026-08-29 22:50:38,957][fairseq.trainer][INFO] - Finished saving checkpoint to checkpoints/checkpoint_last.pt
[2026-08-29 22:50:38,958][fairseq.checkpoint_utils][INFO] - Saved checkpoint checkpoints/checkpoint_last.pt (epoch 88 @ 2112 updates, score 25.02) (writing took 2.5013756323605776 seconds)
[2026-08-29 22:50:38,959][fairseq_cli.train][INFO] - end of epoch 88 (average epoch stats below)
[2026-08-29 22:50:38,961][train][INFO] - {"epoch": 88, "train_loss": "90.97", "train_nll_loss": "5.09", "train_total": "1209.17", "train_n_correct": "369.583", "train_ppl": "34.06", "train_accuracy": "30.565", "train_wps": "1766.3", "train_ups": "1.46", "train_wpb": "1209.2", "train_bsz": "75", "train_num_updates": "2112", "train_lr": "0.000832301", "train_gnorm": "3.749", "train_loss_scale": "128", "train_train_wall": "10", "train_gb_free": "42.7", "train_wall": "1603"}
[2026-08-29 22:50:39,210][fairseq.logging.progress_bar][WARNING] - tensorboard not found, please install with: pip install tensorboard
[2026-08-29 22:50:39,221][fairseq.trainer][INFO] - begin training epoch 89
[2026-08-29 22:50:39,221][fairseq_cli.train][INFO] - Start iterating over samples
[2026-08-29 22:50:51,264][fairseq_cli.train][INFO] - begin validation on "valid" subset
[2026-08-29 22:50:51,492][fairseq.logging.progress_bar][WARNING] - tensorboard not found, please install with: pip install tensorboard
[2026-08-29 22:50:53,366][valid][INFO] - {"epoch": 89, "valid_loss": "104.755", "valid_nll_loss": "6.016", "valid_total": "291.154", "valid_n_correct": "72.7692", "valid_ppl": "64.71", "valid_accuracy": "24.993", "valid_wps": "4437", "valid_wpb": "291.2", "valid_bsz": "18.1", "valid_num_updates": "2136", "valid_best_accuracy": "25.39"}
[2026-08-29 22:50:53,367][fairseq_cli.train][INFO] - early stop since valid performance hasn't improved for last 8 runs
[2026-08-29 22:50:53,369][fairseq.checkpoint_utils][INFO] - Preparing to save checkpoint for epoch 89 @ 2136 updates
[2026-08-29 22:50:53,370][fairseq.trainer][INFO] - Saving checkpoint to checkpoints/checkpoint_last.pt
[2026-08-29 22:50:55,778][fairseq.trainer][INFO] - Finished saving checkpoint to checkpoints/checkpoint_last.pt
[2026-08-29 22:50:55,788][fairseq.checkpoint_utils][INFO] - Saved checkpoint checkpoints/checkpoint_last.pt (epoch 89 @ 2136 updates, score 24.993) (writing took 2.4186553796753287 seconds)
[2026-08-29 22:50:55,789][fairseq_cli.train][INFO] - end of epoch 89 (average epoch stats below)
[2026-08-29 22:50:55,791][train][INFO] - {"epoch": 89, "train_loss": "91.19", "train_nll_loss": "5.105", "train_total": "1209.17", "train_n_correct": "365.542", "train_ppl": "34.42", "train_accuracy": "30.231", "train_wps": "1724.3", "train_ups": "1.43", "train_wpb": "1209.2", "train_bsz": "75", "train_num_updates": "2136", "train_lr": "0.000817475", "train_gnorm": "3.782", "train_loss_scale": "128", "train_train_wall": "10", "train_gb_free": "42.7", "train_wall": "1620"}
[2026-08-29 22:50:55,792][fairseq_cli.train][INFO] - done training in 1620.0 seconds

training finished. checkpoints + logs in: /workspace/av-hubert-ai-speak/workspace/experiments/sweep_r16
tensorboard --logdir /workspace/av-hubert-ai-speak/workspace/experiments/sweep_r16/tblog
