config: aispeak_lora_decoder   data: /workspace/av-hubert-ai-speak/data/aispeak_ser_data
[2026-08-29 21:59:40,413][fairseq_cli.train][INFO] - {'_name': None, 'common': {'_name': None, 'no_progress_bar': False, 'log_interval': 100, 'log_format': 'json', 'log_file': None, 'tensorboard_logdir': 'tblog', 'wandb_project': None, 'azureml_logging': False, 'seed': 1337, 'cpu': False, 'tpu': False, 'bf16': False, 'memory_efficient_bf16': False, 'fp16': True, 'memory_efficient_fp16': False, 'fp16_no_flatten_grads': False, 'fp16_init_scale': 128, 'fp16_scale_window': None, 'fp16_scale_tolerance': 0.0, 'on_cpu_convert_precision': False, 'min_loss_scale': 0.0001, 'threshold_loss_scale': None, 'amp': False, 'amp_batch_retries': 2, 'amp_init_scale': 128, 'amp_scale_window': None, 'user_dir': '/workspace/av-hubert-ai-speak/av_hubert/avhubert', 'empty_cache_freq': 0, 'all_gather_list_size': 16384, 'model_parallel_size': 1, 'quantization_config_path': None, 'profile': False, 'reset_logging': False, 'suppress_crashes': False, 'use_plasma_view': False, 'plasma_path': '/tmp/plasma'}, 'common_eval': {'_name': None, 'path': None, 'post_process': None, 'quiet': False, 'model_overrides': '{}', 'results_path': None}, 'distributed_training': {'_name': None, 'distributed_world_size': 1, 'distributed_num_procs': 1, 'distributed_rank': 0, 'distributed_backend': 'nccl', 'distributed_init_method': None, 'distributed_port': -1, 'device_id': 0, 'distributed_no_spawn': False, 'ddp_backend': 'c10d', 'ddp_comm_hook': 'none', 'bucket_cap_mb': 25, 'fix_batches_to_gpus': False, 'find_unused_parameters': True, 'fast_stat_sync': False, 'heartbeat_timeout': -1, 'broadcast_buffers': False, 'slowmo_momentum': None, 'slowmo_algorithm': 'LocalSGD', 'localsgd_frequency': 3, 'nprocs_per_node': 1, 'pipeline_model_parallel': False, 'pipeline_balance': None, 'pipeline_devices': None, 'pipeline_chunks': 0, 'pipeline_encoder_balance': None, 'pipeline_encoder_devices': None, 'pipeline_decoder_balance': None, 'pipeline_decoder_devices': None, 'pipeline_checkpoint': 'never', 'zero_sharding': 'none', 'fp16': True, 'memory_efficient_fp16': False, 'tpu': False, 'no_reshard_after_forward': False, 'fp32_reduce_scatter': False, 'cpu_offload': False, 'use_sharded_state': False}, 'dataset': {'_name': None, 'num_workers': 8, 'skip_invalid_size_inputs_valid_test': False, 'max_tokens': 2000, 'batch_size': None, 'required_batch_size_multiple': 8, 'required_seq_len_multiple': 1, 'dataset_impl': None, 'data_buffer_size': 10, 'train_subset': 'train', 'valid_subset': 'valid', 'combine_valid_subsets': None, 'ignore_unused_valid_subsets': False, 'validate_interval': 1, 'validate_interval_updates': 0, 'validate_after_updates': 0, 'fixed_validation_seed': None, 'disable_validation': False, 'max_tokens_valid': 2000, 'batch_size_valid': None, 'max_valid_steps': None, 'curriculum': 0, 'gen_subset': 'test', 'num_shards': 1, 'shard_id': 0}, 'optimization': {'_name': None, 'max_epoch': 0, 'max_update': 3000, 'stop_time_hours': 0.0, 'clip_norm': 0.0, 'sentence_avg': True, 'update_freq': [4], 'lr': [0.003], 'stop_min_lr': -1.0, 'use_bmuf': False}, 'checkpoint': {'_name': None, 'save_dir': 'checkpoints', 'restore_file': 'checkpoint_last.pt', 'finetune_from_model': None, 'reset_dataloader': False, 'reset_lr_scheduler': False, 'reset_meters': False, 'reset_optimizer': False, 'optimizer_overrides': '{}', 'save_interval': 1, 'save_interval_updates': 0, 'keep_interval_updates': 1, 'keep_interval_updates_pattern': -1, 'keep_last_epochs': -1, 'keep_best_checkpoints': -1, 'no_save': False, 'no_epoch_checkpoints': True, 'no_last_checkpoints': False, 'no_save_optimizer_state': False, 'best_checkpoint_metric': 'accuracy', 'maximize_best_checkpoint_metric': True, 'patience': 8, 'checkpoint_suffix': '', 'checkpoint_shard_count': 1, 'load_checkpoint_on_all_dp_ranks': False, 'write_checkpoints_asynchronously': False, 'model_parallel_size': 1}, 'bmuf': {'_name': None, 'block_lr': 1.0, 'block_momentum': 0.875, 'global_sync_iter': 50, 'warmup_iterations': 500, 'use_nbm': False, 'average_sync': False, 'distributed_world_size': 1}, 'generation': {'_name': None, 'beam': 5, 'nbest': 1, 'max_len_a': 0.0, 'max_len_b': 200, 'min_len': 1, 'match_source_len': False, 'unnormalized': False, 'no_early_stop': False, 'no_beamable_mm': False, 'lenpen': 1.0, 'unkpen': 0.0, 'replace_unk': None, 'sacrebleu': False, 'score_reference': False, 'prefix_size': 0, 'no_repeat_ngram_size': 0, 'sampling': False, 'sampling_topk': -1, 'sampling_topp': -1.0, 'constraints': None, 'temperature': 1.0, 'diverse_beam_groups': -1, 'diverse_beam_strength': 0.5, 'diversity_rate': -1.0, 'print_alignment': None, 'print_step': False, 'lm_path': None, 'lm_weight': 0.0, 'iter_decode_eos_penalty': 0.0, 'iter_decode_max_iter': 10, 'iter_decode_force_max_iter': False, 'iter_decode_with_beam': 1, 'iter_decode_with_external_reranker': False, 'retain_iter_history': False, 'retain_dropout': False, 'retain_dropout_modules': None, 'decoding_format': None, 'no_seed_provided': False}, 'eval_lm': {'_name': None, 'output_word_probs': False, 'output_word_stats': False, 'context_window': 0, 'softmax_batch': 9223372036854775807}, 'interactive': {'_name': None, 'buffer_size': 0, 'input': '-'}, 'model': {'_name': 'av_hubert_seq2seq', 'w2v_path': '/workspace/av-hubert-ai-speak/workspace/checkpoints/base_vox_433h_encoder.pt', 'lora_enable': True, 'lora_r': 8, 'lora_alpha': 16, 'lora_dropout': 0.05, 'lora_targets': 'q_proj,v_proj', 'lora_scope': 'decoder', 'freeze_finetune_updates': 0, 'apply_mask': False, 'mask_selection': 'static', 'mask_length': 10, 'mask_other': 0, 'mask_prob': 0.75, 'mask_channel_selection': 'static', 'mask_channel_length': 64, 'mask_channel_other': 0, 'mask_channel_prob': 0.5, 'layerdrop': 0.1, 'dropout': 0.0, 'activation_dropout': 0.1, 'attention_dropout': 0.0, 'feature_grad_mult': 1.0, 'decoder_layers': 6, 'decoder_dropout': 0.1, 'decoder_attention_dropout': 0.0, 'decoder_activation_dropout': 0.1, 'share_decoder_input_output_embed': True, 'decoder_normalize_before': True}, 'task': {'_name': 'av_hubert_pretraining', 'is_s2s': True, 'data': '/workspace/av-hubert-ai-speak/data/aispeak_ser_data', 'label_dir': '/workspace/av-hubert-ai-speak/data/aispeak_ser_data', 'tokenizer_bpe_model': '/workspace/av-hubert-ai-speak/data/aispeak_ser_data/spm_unigram500.model', 'normalize': True, 'labels': ['wrd'], 'single_target': True, 'fine_tuning': True, 'stack_order_audio': 4, 'tokenizer_bpe_name': 'sentencepiece', 'max_sample_size': 500, 'modalities': ['video'], 'image_aug': True, 'pad_audio': True, 'random_crop': False}, 'criterion': {'_name': 'label_smoothed_cross_entropy', 'label_smoothing': 0.1, 'report_accuracy': True, 'ignore_prefix_size': 0, 'sentence_avg': True}, 'optimizer': {'_name': 'adam', 'adam_betas': '(0.9,0.98)', 'adam_eps': 1e-08, 'weight_decay': 0.0, 'use_old_adam': False, 'tpu': False, 'lr': [0.003]}, 'lr_scheduler': {'_name': 'tri_stage', 'warmup_steps': 400, 'hold_steps': 0, 'decay_steps': 4000, 'phase_ratio': None, 'init_lr_scale': 0.01, 'final_lr_scale': 0.05, 'max_update': 3000, 'lr': [0.003]}, 'scoring': None, 'bpe': None, 'tokenizer': None, 'job_logging_cfg': {'version': 1, 'formatters': {'simple': {'format': '[%(asctime)s][%(name)s][%(levelname)s] - %(message)s'}}, 'handlers': {'console': {'class': 'logging.StreamHandler', 'formatter': 'simple', 'stream': 'ext://sys.stdout'}, 'file': {'class': 'logging.FileHandler', 'formatter': 'simple', 'filename': 'hydra_train.log'}}, 'root': {'level': 'INFO', 'handlers': ['console', 'file']}, 'disable_existing_loggers': False}}
[2026-08-29 21:59:40,421][avhubert.hubert_pretraining][INFO] - current directory is /workspace/av-hubert-ai-speak/workspace/experiments/sweep_r8
[2026-08-29 21:59:40,421][avhubert.hubert_pretraining][INFO] - AVHubertPretrainingTask Config {'_name': 'av_hubert_pretraining', 'data': '/workspace/av-hubert-ai-speak/data/aispeak_ser_data', 'labels': ['wrd'], 'label_dir': '/workspace/av-hubert-ai-speak/data/aispeak_ser_data', 'label_rate': -1, 'sample_rate': 16000, 'normalize': True, 'enable_padding': False, 'max_sample_size': 500, 'min_sample_size': None, 'max_trim_sample_size': '${task.max_sample_size}', 'single_target': True, 'random_crop': False, 'pad_audio': True, 'pdb': False, 'stack_order_audio': 4, 'skip_verify': False, 'image_aug': True, 'image_crop_size': 88, 'image_mean': 0.421, 'image_std': 0.165, 'modalities': ['video'], 'is_s2s': True, 'tokenizer_bpe_name': 'sentencepiece', 'tokenizer_bpe_model': '/workspace/av-hubert-ai-speak/data/aispeak_ser_data/spm_unigram500.model', 'noise_wav': None, 'noise_prob': 0.0, 'noise_snr': '0', 'noise_num': 1, 'fine_tuning': True}
[2026-08-29 21:59:41,261][avhubert.hubert_pretraining][INFO] - current directory is /workspace/av-hubert-ai-speak/workspace/experiments/sweep_r8
[2026-08-29 21:59:41,262][avhubert.hubert_pretraining][INFO] - AVHubertPretrainingTask Config {'_name': 'av_hubert_pretraining', 'data': '/workspace/av-hubert-ai-speak/data/aispeak_ser_data', 'labels': ['km'], 'label_dir': '/checkpoint/bshi/data/lrs3//video/hubert/stitch-iters/envox-iter4-l12c2000/', 'label_rate': 25, 'sample_rate': 25, 'normalize': True, 'enable_padding': False, 'max_sample_size': 2000, 'min_sample_size': 5, 'max_trim_sample_size': 400, 'single_target': False, 'random_crop': True, 'pad_audio': False, 'pdb': False, 'stack_order_audio': 4, 'skip_verify': False, 'image_aug': True, 'image_crop_size': 88, 'image_mean': 0.421, 'image_std': 0.165, 'modalities': ['audio', 'video'], 'is_s2s': False, 'tokenizer_bpe_name': None, 'tokenizer_bpe_model': None, 'noise_wav': None, 'noise_prob': 0.0, 'noise_snr': '0', 'noise_num': 1, 'fine_tuning': False}
[2026-08-29 21:59:41,270][avhubert.hubert][INFO] - HubertModel Config: {'_name': 'av_hubert', 'label_rate': 25, 'input_modality': '${task.input_modality}', 'extractor_mode': default, 'encoder_layers': 12, 'encoder_embed_dim': 768, 'encoder_ffn_embed_dim': 3072, 'encoder_attention_heads': 12, 'activation_fn': gelu, 'dropout': 0.0, 'attention_dropout': 0.0, 'activation_dropout': 0.1, 'encoder_layerdrop': 0.1, 'dropout_input': 0.0, 'dropout_features': 0.1, 'final_dim': 256, 'untie_final_proj': True, 'layer_norm_first': True, 'conv_feature_layers': '[(512,10,5)] + [(512,3,2)] * 4 + [(512,2,2)] * 2', 'conv_bias': False, 'logit_temp': 0.1, 'target_glu': False, 'feature_grad_mult': 1.0, 'mask_length_audio': 10, 'mask_prob_audio': 0.8, 'mask_length_image': 5, 'mask_prob_image': 0.3, 'mask_selection': static, 'mask_other': 0.0, 'no_mask_overlap': False, 'mask_min_space': 1, 'mask_channel_length': 10, 'mask_channel_prob': 0.0, 'mask_channel_selection': static, 'mask_channel_other': 0.0, 'no_mask_channel_overlap': False, 'mask_channel_min_space': 1, 'conv_pos': 128, 'conv_pos_groups': 16, 'latent_temp': [2.0, 0.5, 0.999995], 'skip_masked': False, 'skip_nomask': False, 'resnet_relu_type': 'prelu', 'resnet_weights': None, 'sim_type': 'cosine', 'sub_encoder_layers': 0, 'audio_feat_dim': 104, 'modality_dropout': 0.5, 'audio_dropout': 0.5, 'modality_fuse': 'concat', 'selection_type': 'same_seq', 'masking_type': 'input', 'decoder_embed_dim': 768, 'decoder_ffn_embed_dim': 3072, 'decoder_layers': 6, 'decoder_layerdrop': 0.0, 'decoder_attention_heads': 4, 'decoder_learned_pos': False, 'decoder_normalize_before': False, 'no_token_positional_embeddings': False, 'decoder_dropout': 0.1, 'decoder_attention_dropout': 0.1, 'decoder_activation_dropout': 0.0, 'max_target_positions': 2048, 'share_decoder_input_output_embed': False, 'no_scale_embedding': True}
[2026-08-29 21:59:44,218][avhubert.hubert_asr][INFO] - [LoRA] scope=decoder targets=('q_proj', 'v_proj') r=8 alpha=16: adapted 24 layers, trainable 294,912/160,524,520 (0.18%)
[2026-08-29 21:59:44,222][fairseq_cli.train][INFO] - AVHubertSeq2Seq(
  (encoder): HubertEncoderWrapper(
    (w2v_model): AVHubertModel(
      (feature_extractor_audio): SubModel(
        (proj): Linear(in_features=104, out_features=768, bias=True)
      )
      (feature_extractor_video): SubModel(
        (resnet): ResEncoder(
          (frontend3D): Sequential(
            (0): Conv3d(1, 64, kernel_size=(5, 7, 7), stride=(1, 2, 2), padding=(2, 3, 3), bias=False)
            (1): BatchNorm3d(64, eps=1e-05, momentum=0.1, affine=True, track_running_stats=True)
            (2): PReLU(num_parameters=64)
            (3): MaxPool3d(kernel_size=(1, 3, 3), stride=(1, 2, 2), padding=(0, 1, 1), dilation=1, ceil_mode=False)
          )
          (trunk): ResNet(
            (layer1): Sequential(
              (0): BasicBlock(
                (conv1): Conv2d(64, 64, kernel_size=(3, 3), stride=(1, 1), padding=(1, 1), bias=False)
                (bn1): BatchNorm2d(64, eps=1e-05, momentum=0.1, affine=True, track_running_stats=True)
                (relu1): PReLU(num_parameters=64)
                (relu2): PReLU(num_parameters=64)
                (conv2): Conv2d(64, 64, kernel_size=(3, 3), stride=(1, 1), padding=(1, 1), bias=False)
                (bn2): BatchNorm2d(64, eps=1e-05, momentum=0.1, affine=True, track_running_stats=True)
              )
              (1): BasicBlock(
                (conv1): Conv2d(64, 64, kernel_size=(3, 3), stride=(1, 1), padding=(1, 1), bias=False)
                (bn1): BatchNorm2d(64, eps=1e-05, momentum=0.1, affine=True, track_running_stats=True)
                (relu1): PReLU(num_parameters=64)
                (relu2): PReLU(num_parameters=64)
                (conv2): Conv2d(64, 64, kernel_size=(3, 3), stride=(1, 1), padding=(1, 1), bias=False)
                (bn2): BatchNorm2d(64, eps=1e-05, momentum=0.1, affine=True, track_running_stats=True)
              )
            )
            (layer2): Sequential(
              (0): BasicBlock(
                (conv1): Conv2d(64, 128, kernel_size=(3, 3), stride=(2, 2), padding=(1, 1), bias=False)
                (bn1): BatchNorm2d(128, eps=1e-05, momentum=0.1, affine=True, track_running_stats=True)
                (relu1): PReLU(num_parameters=128)
                (relu2): PReLU(num_parameters=128)
                (conv2): Conv2d(128, 128, kernel_size=(3, 3), stride=(1, 1), padding=(1, 1), bias=False)
                (bn2): BatchNorm2d(128, eps=1e-05, momentum=0.1, affine=True, track_running_stats=True)
                (downsample): Sequential(
                  (0): Conv2d(64, 128, kernel_size=(1, 1), stride=(2, 2), bias=False)
                  (1): BatchNorm2d(128, eps=1e-05, momentum=0.1, affine=True, track_running_stats=True)
                )
              )
              (1): BasicBlock(
                (conv1): Conv2d(128, 128, kernel_size=(3, 3), stride=(1, 1), padding=(1, 1), bias=False)
                (bn1): BatchNorm2d(128, eps=1e-05, momentum=0.1, affine=True, track_running_stats=True)
                (relu1): PReLU(num_parameters=128)
                (relu2): PReLU(num_parameters=128)
                (conv2): Conv2d(128, 128, kernel_size=(3, 3), stride=(1, 1), padding=(1, 1), bias=False)
                (bn2): BatchNorm2d(128, eps=1e-05, momentum=0.1, affine=True, track_running_stats=True)
              )
            )
            (layer3): Sequential(
              (0): BasicBlock(
                (conv1): Conv2d(128, 256, kernel_size=(3, 3), stride=(2, 2), padding=(1, 1), bias=False)
                (bn1): BatchNorm2d(256, eps=1e-05, momentum=0.1, affine=True, track_running_stats=True)
                (relu1): PReLU(num_parameters=256)
                (relu2): PReLU(num_parameters=256)
                (conv2): Conv2d(256, 256, kernel_size=(3, 3), stride=(1, 1), padding=(1, 1), bias=False)
                (bn2): BatchNorm2d(256, eps=1e-05, momentum=0.1, affine=True, track_running_stats=True)
                (downsample): Sequential(
                  (0): Conv2d(128, 256, kernel_size=(1, 1), stride=(2, 2), bias=False)
                  (1): BatchNorm2d(256, eps=1e-05, momentum=0.1, affine=True, track_running_stats=True)
                )
              )
              (1): BasicBlock(
                (conv1): Conv2d(256, 256, kernel_size=(3, 3), stride=(1, 1), padding=(1, 1), bias=False)
                (bn1): BatchNorm2d(256, eps=1e-05, momentum=0.1, affine=True, track_running_stats=True)
                (relu1): PReLU(num_parameters=256)
                (relu2): PReLU(num_parameters=256)
                (conv2): Conv2d(256, 256, kernel_size=(3, 3), stride=(1, 1), padding=(1, 1), bias=False)
                (bn2): BatchNorm2d(256, eps=1e-05, momentum=0.1, affine=True, track_running_stats=True)
              )
            )
            (layer4): Sequential(
              (0): BasicBlock(
                (conv1): Conv2d(256, 512, kernel_size=(3, 3), stride=(2, 2), padding=(1, 1), bias=False)
                (bn1): BatchNorm2d(512, eps=1e-05, momentum=0.1, affine=True, track_running_stats=True)
                (relu1): PReLU(num_parameters=512)
                (relu2): PReLU(num_parameters=512)
                (conv2): Conv2d(512, 512, kernel_size=(3, 3), stride=(1, 1), padding=(1, 1), bias=False)
                (bn2): BatchNorm2d(512, eps=1e-05, momentum=0.1, affine=True, track_running_stats=True)
                (downsample): Sequential(
                  (0): Conv2d(256, 512, kernel_size=(1, 1), stride=(2, 2), bias=False)
                  (1): BatchNorm2d(512, eps=1e-05, momentum=0.1, affine=True, track_running_stats=True)
                )
              )
              (1): BasicBlock(
                (conv1): Conv2d(512, 512, kernel_size=(3, 3), stride=(1, 1), padding=(1, 1), bias=False)
                (bn1): BatchNorm2d(512, eps=1e-05, momentum=0.1, affine=True, track_running_stats=True)
                (relu1): PReLU(num_parameters=512)
                (relu2): PReLU(num_parameters=512)
                (conv2): Conv2d(512, 512, kernel_size=(3, 3), stride=(1, 1), padding=(1, 1), bias=False)
                (bn2): BatchNorm2d(512, eps=1e-05, momentum=0.1, affine=True, track_running_stats=True)
              )
            )
            (avgpool): AdaptiveAvgPool2d(output_size=1)
          )
        )
        (proj): Linear(in_features=512, out_features=768, bias=True)
      )
      (post_extract_proj): Linear(in_features=1536, out_features=768, bias=True)
      (dropout_input): Dropout(p=0.0, inplace=False)
      (dropout_features): Dropout(p=0.1, inplace=False)
      (encoder): TransformerEncoder(
        (pos_conv): Sequential(
          (0): Conv1d(768, 768, kernel_size=(128,), stride=(1,), padding=(64,), groups=16)
          (1): SamePad()
          (2): GELU(approximate='none')
        )
        (layers): ModuleList(
          (0): TransformerSentenceEncoderLayer(
            (self_attn): MultiheadAttention(
              (dropout_module): FairseqDropout()
              (k_proj): Linear(in_features=768, out_features=768, bias=True)
              (v_proj): Linear(in_features=768, out_features=768, bias=True)
              (q_proj): Linear(in_features=768, out_features=768, bias=True)
              (out_proj): Linear(in_features=768, out_features=768, bias=True)
            )
            (dropout1): Dropout(p=0.0, inplace=False)
            (dropout2): Dropout(p=0.1, inplace=False)
            (dropout3): Dropout(p=0.0, inplace=False)
            (self_attn_layer_norm): LayerNorm((768,), eps=1e-05, elementwise_affine=True)
            (fc1): Linear(in_features=768, out_features=3072, bias=True)
            (fc2): Linear(in_features=3072, out_features=768, bias=True)
            (final_layer_norm): LayerNorm((768,), eps=1e-05, elementwise_affine=True)
          )
          (1): TransformerSentenceEncoderLayer(
            (self_attn): MultiheadAttention(
              (dropout_module): FairseqDropout()
              (k_proj): Linear(in_features=768, out_features=768, bias=True)
              (v_proj): Linear(in_features=768, out_features=768, bias=True)
              (q_proj): Linear(in_features=768, out_features=768, bias=True)
              (out_proj): Linear(in_features=768, out_features=768, bias=True)
            )
            (dropout1): Dropout(p=0.0, inplace=False)
            (dropout2): Dropout(p=0.1, inplace=False)
            (dropout3): Dropout(p=0.0, inplace=False)
            (self_attn_layer_norm): LayerNorm((768,), eps=1e-05, elementwise_affine=True)
            (fc1): Linear(in_features=768, out_features=3072, bias=True)
            (fc2): Linear(in_features=3072, out_features=768, bias=True)
            (final_layer_norm): LayerNorm((768,), eps=1e-05, elementwise_affine=True)
          )
          (2): TransformerSentenceEncoderLayer(
            (self_attn): MultiheadAttention(
              (dropout_module): FairseqDropout()
              (k_proj): Linear(in_features=768, out_features=768, bias=True)
              (v_proj): Linear(in_features=768, out_features=768, bias=True)
              (q_proj): Linear(in_features=768, out_features=768, bias=True)
              (out_proj): Linear(in_features=768, out_features=768, bias=True)
            )
            (dropout1): Dropout(p=0.0, inplace=False)
            (dropout2): Dropout(p=0.1, inplace=False)
            (dropout3): Dropout(p=0.0, inplace=False)
            (self_attn_layer_norm): LayerNorm((768,), eps=1e-05, elementwise_affine=True)
            (fc1): Linear(in_features=768, out_features=3072, bias=True)
            (fc2): Linear(in_features=3072, out_features=768, bias=True)
            (final_layer_norm): LayerNorm((768,), eps=1e-05, elementwise_affine=True)
          )
          (3): TransformerSentenceEncoderLayer(
            (self_attn): MultiheadAttention(
              (dropout_module): FairseqDropout()
              (k_proj): Linear(in_features=768, out_features=768, bias=True)
              (v_proj): Linear(in_features=768, out_features=768, bias=True)
              (q_proj): Linear(in_features=768, out_features=768, bias=True)
              (out_proj): Linear(in_features=768, out_features=768, bias=True)
            )
            (dropout1): Dropout(p=0.0, inplace=False)
            (dropout2): Dropout(p=0.1, inplace=False)
            (dropout3): Dropout(p=0.0, inplace=False)
            (self_attn_layer_norm): LayerNorm((768,), eps=1e-05, elementwise_affine=True)
            (fc1): Linear(in_features=768, out_features=3072, bias=True)
            (fc2): Linear(in_features=3072, out_features=768, bias=True)
            (final_layer_norm): LayerNorm((768,), eps=1e-05, elementwise_affine=True)
          )
          (4): TransformerSentenceEncoderLayer(
            (self_attn): MultiheadAttention(
              (dropout_module): FairseqDropout()
              (k_proj): Linear(in_features=768, out_features=768, bias=True)
              (v_proj): Linear(in_features=768, out_features=768, bias=True)
              (q_proj): Linear(in_features=768, out_features=768, bias=True)
              (out_proj): Linear(in_features=768, out_features=768, bias=True)
            )
            (dropout1): Dropout(p=0.0, inplace=False)
            (dropout2): Dropout(p=0.1, inplace=False)
            (dropout3): Dropout(p=0.0, inplace=False)
            (self_attn_layer_norm): LayerNorm((768,), eps=1e-05, elementwise_affine=True)
            (fc1): Linear(in_features=768, out_features=3072, bias=True)
            (fc2): Linear(in_features=3072, out_features=768, bias=True)
            (final_layer_norm): LayerNorm((768,), eps=1e-05, elementwise_affine=True)
          )
          (5): TransformerSentenceEncoderLayer(
            (self_attn): MultiheadAttention(
              (dropout_module): FairseqDropout()
              (k_proj): Linear(in_features=768, out_features=768, bias=True)
              (v_proj): Linear(in_features=768, out_features=768, bias=True)
              (q_proj): Linear(in_features=768, out_features=768, bias=True)
              (out_proj): Linear(in_features=768, out_features=768, bias=True)
            )
            (dropout1): Dropout(p=0.0, inplace=False)
            (dropout2): Dropout(p=0.1, inplace=False)
            (dropout3): Dropout(p=0.0, inplace=False)
            (self_attn_layer_norm): LayerNorm((768,), eps=1e-05, elementwise_affine=True)
            (fc1): Linear(in_features=768, out_features=3072, bias=True)
            (fc2): Linear(in_features=3072, out_features=768, bias=True)
            (final_layer_norm): LayerNorm((768,), eps=1e-05, elementwise_affine=True)
          )
          (6): TransformerSentenceEncoderLayer(
            (self_attn): MultiheadAttention(
              (dropout_module): FairseqDropout()
              (k_proj): Linear(in_features=768, out_features=768, bias=True)
              (v_proj): Linear(in_features=768, out_features=768, bias=True)
              (q_proj): Linear(in_features=768, out_features=768, bias=True)
              (out_proj): Linear(in_features=768, out_features=768, bias=True)
            )
            (dropout1): Dropout(p=0.0, inplace=False)
            (dropout2): Dropout(p=0.1, inplace=False)
            (dropout3): Dropout(p=0.0, inplace=False)
            (self_attn_layer_norm): LayerNorm((768,), eps=1e-05, elementwise_affine=True)
            (fc1): Linear(in_features=768, out_features=3072, bias=True)
            (fc2): Linear(in_features=3072, out_features=768, bias=True)
            (final_layer_norm): LayerNorm((768,), eps=1e-05, elementwise_affine=True)
          )
          (7): TransformerSentenceEncoderLayer(
            (self_attn): MultiheadAttention(
              (dropout_module): FairseqDropout()
              (k_proj): Linear(in_features=768, out_features=768, bias=True)
              (v_proj): Linear(in_features=768, out_features=768, bias=True)
              (q_proj): Linear(in_features=768, out_features=768, bias=True)
              (out_proj): Linear(in_features=768, out_features=768, bias=True)
            )
            (dropout1): Dropout(p=0.0, inplace=False)
            (dropout2): Dropout(p=0.1, inplace=False)
            (dropout3): Dropout(p=0.0, inplace=False)
            (self_attn_layer_norm): LayerNorm((768,), eps=1e-05, elementwise_affine=True)
            (fc1): Linear(in_features=768, out_features=3072, bias=True)
            (fc2): Linear(in_features=3072, out_features=768, bias=True)
            (final_layer_norm): LayerNorm((768,), eps=1e-05, elementwise_affine=True)
          )
          (8): TransformerSentenceEncoderLayer(
            (self_attn): MultiheadAttention(
              (dropout_module): FairseqDropout()
              (k_proj): Linear(in_features=768, out_features=768, bias=True)
              (v_proj): Linear(in_features=768, out_features=768, bias=True)
              (q_proj): Linear(in_features=768, out_features=768, bias=True)
              (out_proj): Linear(in_features=768, out_features=768, bias=True)
            )
            (dropout1): Dropout(p=0.0, inplace=False)
            (dropout2): Dropout(p=0.1, inplace=False)
            (dropout3): Dropout(p=0.0, inplace=False)
            (self_attn_layer_norm): LayerNorm((768,), eps=1e-05, elementwise_affine=True)
            (fc1): Linear(in_features=768, out_features=3072, bias=True)
            (fc2): Linear(in_features=3072, out_features=768, bias=True)
            (final_layer_norm): LayerNorm((768,), eps=1e-05, elementwise_affine=True)
          )
          (9): TransformerSentenceEncoderLayer(
            (self_attn): MultiheadAttention(
              (dropout_module): FairseqDropout()
              (k_proj): Linear(in_features=768, out_features=768, bias=True)
              (v_proj): Linear(in_features=768, out_features=768, bias=True)
              (q_proj): Linear(in_features=768, out_features=768, bias=True)
              (out_proj): Linear(in_features=768, out_features=768, bias=True)
            )
            (dropout1): Dropout(p=0.0, inplace=False)
            (dropout2): Dropout(p=0.1, inplace=False)
            (dropout3): Dropout(p=0.0, inplace=False)
            (self_attn_layer_norm): LayerNorm((768,), eps=1e-05, elementwise_affine=True)
            (fc1): Linear(in_features=768, out_features=3072, bias=True)
            (fc2): Linear(in_features=3072, out_features=768, bias=True)
            (final_layer_norm): LayerNorm((768,), eps=1e-05, elementwise_affine=True)
          )
          (10): TransformerSentenceEncoderLayer(
            (self_attn): MultiheadAttention(
              (dropout_module): FairseqDropout()
              (k_proj): Linear(in_features=768, out_features=768, bias=True)
              (v_proj): Linear(in_features=768, out_features=768, bias=True)
              (q_proj): Linear(in_features=768, out_features=768, bias=True)
              (out_proj): Linear(in_features=768, out_features=768, bias=True)
            )
            (dropout1): Dropout(p=0.0, inplace=False)
            (dropout2): Dropout(p=0.1, inplace=False)
            (dropout3): Dropout(p=0.0, inplace=False)
            (self_attn_layer_norm): LayerNorm((768,), eps=1e-05, elementwise_affine=True)
            (fc1): Linear(in_features=768, out_features=3072, bias=True)
            (fc2): Linear(in_features=3072, out_features=768, bias=True)
            (final_layer_norm): LayerNorm((768,), eps=1e-05, elementwise_affine=True)
          )
          (11): TransformerSentenceEncoderLayer(
            (self_attn): MultiheadAttention(
              (dropout_module): FairseqDropout()
              (k_proj): Linear(in_features=768, out_features=768, bias=True)
              (v_proj): Linear(in_features=768, out_features=768, bias=True)
              (q_proj): Linear(in_features=768, out_features=768, bias=True)
              (out_proj): Linear(in_features=768, out_features=768, bias=True)
            )
            (dropout1): Dropout(p=0.0, inplace=False)
            (dropout2): Dropout(p=0.1, inplace=False)
            (dropout3): Dropout(p=0.0, inplace=False)
            (self_attn_layer_norm): LayerNorm((768,), eps=1e-05, elementwise_affine=True)
            (fc1): Linear(in_features=768, out_features=3072, bias=True)
            (fc2): Linear(in_features=3072, out_features=768, bias=True)
            (final_layer_norm): LayerNorm((768,), eps=1e-05, elementwise_affine=True)
          )
        )
        (layer_norm): LayerNorm((768,), eps=1e-05, elementwise_affine=True)
      )
      (layer_norm): LayerNorm((1536,), eps=1e-05, elementwise_affine=True)
      (final_proj): None
    )
  )
  (decoder): TransformerDecoder(
    (embed_tokens): Embedding(500, 768, padding_idx=1)
    (embed_positions): SinusoidalPositionalEmbedding()
    (layers): ModuleList(
      (0): TransformerDecoderLayer(
        (dropout_module): FairseqDropout()
        (self_attn): MultiheadAttention(
          (dropout_module): FairseqDropout()
          (k_proj): Linear(in_features=768, out_features=768, bias=True)
          (v_proj): LoRALinear(
            (base): Linear(in_features=768, out_features=768, bias=True)
            (lora_dropout): Dropout(p=0.05, inplace=False)
          )
          (q_proj): LoRALinear(
            (base): Linear(in_features=768, out_features=768, bias=True)
            (lora_dropout): Dropout(p=0.05, inplace=False)
          )
          (out_proj): Linear(in_features=768, out_features=768, bias=True)
        )
        (activation_dropout_module): FairseqDropout()
        (self_attn_layer_norm): LayerNorm((768,), eps=1e-05, elementwise_affine=True)
        (encoder_attn): MultiheadAttention(
          (dropout_module): FairseqDropout()
          (k_proj): Linear(in_features=768, out_features=768, bias=True)
          (v_proj): LoRALinear(
            (base): Linear(in_features=768, out_features=768, bias=True)
            (lora_dropout): Dropout(p=0.05, inplace=False)
          )
          (q_proj): LoRALinear(
            (base): Linear(in_features=768, out_features=768, bias=True)
            (lora_dropout): Dropout(p=0.05, inplace=False)
          )
          (out_proj): Linear(in_features=768, out_features=768, bias=True)
        )
        (encoder_attn_layer_norm): LayerNorm((768,), eps=1e-05, elementwise_affine=True)
        (fc1): Linear(in_features=768, out_features=3072, bias=True)
        (fc2): Linear(in_features=3072, out_features=768, bias=True)
        (final_layer_norm): LayerNorm((768,), eps=1e-05, elementwise_affine=True)
      )
      (1): TransformerDecoderLayer(
        (dropout_module): FairseqDropout()
        (self_attn): MultiheadAttention(
          (dropout_module): FairseqDropout()
          (k_proj): Linear(in_features=768, out_features=768, bias=True)
          (v_proj): LoRALinear(
            (base): Linear(in_features=768, out_features=768, bias=True)
            (lora_dropout): Dropout(p=0.05, inplace=False)
          )
          (q_proj): LoRALinear(
            (base): Linear(in_features=768, out_features=768, bias=True)
            (lora_dropout): Dropout(p=0.05, inplace=False)
          )
          (out_proj): Linear(in_features=768, out_features=768, bias=True)
        )
        (activation_dropout_module): FairseqDropout()
        (self_attn_layer_norm): LayerNorm((768,), eps=1e-05, elementwise_affine=True)
        (encoder_attn): MultiheadAttention(
          (dropout_module): FairseqDropout()
          (k_proj): Linear(in_features=768, out_features=768, bias=True)
          (v_proj): LoRALinear(
            (base): Linear(in_features=768, out_features=768, bias=True)
            (lora_dropout): Dropout(p=0.05, inplace=False)
          )
          (q_proj): LoRALinear(
            (base): Linear(in_features=768, out_features=768, bias=True)
            (lora_dropout): Dropout(p=0.05, inplace=False)
          )
          (out_proj): Linear(in_features=768, out_features=768, bias=True)
        )
        (encoder_attn_layer_norm): LayerNorm((768,), eps=1e-05, elementwise_affine=True)
        (fc1): Linear(in_features=768, out_features=3072, bias=True)
        (fc2): Linear(in_features=3072, out_features=768, bias=True)
        (final_layer_norm): LayerNorm((768,), eps=1e-05, elementwise_affine=True)
      )
      (2): TransformerDecoderLayer(
        (dropout_module): FairseqDropout()
        (self_attn): MultiheadAttention(
          (dropout_module): FairseqDropout()
          (k_proj): Linear(in_features=768, out_features=768, bias=True)
          (v_proj): LoRALinear(
            (base): Linear(in_features=768, out_features=768, bias=True)
            (lora_dropout): Dropout(p=0.05, inplace=False)
          )
          (q_proj): LoRALinear(
            (base): Linear(in_features=768, out_features=768, bias=True)
            (lora_dropout): Dropout(p=0.05, inplace=False)
          )
          (out_proj): Linear(in_features=768, out_features=768, bias=True)
        )
        (activation_dropout_module): FairseqDropout()
        (self_attn_layer_norm): LayerNorm((768,), eps=1e-05, elementwise_affine=True)
        (encoder_attn): MultiheadAttention(
          (dropout_module): FairseqDropout()
          (k_proj): Linear(in_features=768, out_features=768, bias=True)
          (v_proj): LoRALinear(
            (base): Linear(in_features=768, out_features=768, bias=True)
            (lora_dropout): Dropout(p=0.05, inplace=False)
          )
          (q_proj): LoRALinear(
            (base): Linear(in_features=768, out_features=768, bias=True)
            (lora_dropout): Dropout(p=0.05, inplace=False)
          )
          (out_proj): Linear(in_features=768, out_features=768, bias=True)
        )
        (encoder_attn_layer_norm): LayerNorm((768,), eps=1e-05, elementwise_affine=True)
        (fc1): Linear(in_features=768, out_features=3072, bias=True)
        (fc2): Linear(in_features=3072, out_features=768, bias=True)
        (final_layer_norm): LayerNorm((768,), eps=1e-05, elementwise_affine=True)
      )
      (3): TransformerDecoderLayer(
        (dropout_module): FairseqDropout()
        (self_attn): MultiheadAttention(
          (dropout_module): FairseqDropout()
          (k_proj): Linear(in_features=768, out_features=768, bias=True)
          (v_proj): LoRALinear(
            (base): Linear(in_features=768, out_features=768, bias=True)
            (lora_dropout): Dropout(p=0.05, inplace=False)
          )
          (q_proj): LoRALinear(
            (base): Linear(in_features=768, out_features=768, bias=True)
            (lora_dropout): Dropout(p=0.05, inplace=False)
          )
          (out_proj): Linear(in_features=768, out_features=768, bias=True)
        )
        (activation_dropout_module): FairseqDropout()
        (self_attn_layer_norm): LayerNorm((768,), eps=1e-05, elementwise_affine=True)
        (encoder_attn): MultiheadAttention(
          (dropout_module): FairseqDropout()
          (k_proj): Linear(in_features=768, out_features=768, bias=True)
          (v_proj): LoRALinear(
            (base): Linear(in_features=768, out_features=768, bias=True)
            (lora_dropout): Dropout(p=0.05, inplace=False)
          )
          (q_proj): LoRALinear(
            (base): Linear(in_features=768, out_features=768, bias=True)
            (lora_dropout): Dropout(p=0.05, inplace=False)
          )
          (out_proj): Linear(in_features=768, out_features=768, bias=True)
        )
        (encoder_attn_layer_norm): LayerNorm((768,), eps=1e-05, elementwise_affine=True)
        (fc1): Linear(in_features=768, out_features=3072, bias=True)
        (fc2): Linear(in_features=3072, out_features=768, bias=True)
        (final_layer_norm): LayerNorm((768,), eps=1e-05, elementwise_affine=True)
      )
      (4): TransformerDecoderLayer(
        (dropout_module): FairseqDropout()
        (self_attn): MultiheadAttention(
          (dropout_module): FairseqDropout()
          (k_proj): Linear(in_features=768, out_features=768, bias=True)
          (v_proj): LoRALinear(
            (base): Linear(in_features=768, out_features=768, bias=True)
            (lora_dropout): Dropout(p=0.05, inplace=False)
          )
          (q_proj): LoRALinear(
            (base): Linear(in_features=768, out_features=768, bias=True)
            (lora_dropout): Dropout(p=0.05, inplace=False)
          )
          (out_proj): Linear(in_features=768, out_features=768, bias=True)
        )
        (activation_dropout_module): FairseqDropout()
        (self_attn_layer_norm): LayerNorm((768,), eps=1e-05, elementwise_affine=True)
        (encoder_attn): MultiheadAttention(
          (dropout_module): FairseqDropout()
          (k_proj): Linear(in_features=768, out_features=768, bias=True)
          (v_proj): LoRALinear(
            (base): Linear(in_features=768, out_features=768, bias=True)
            (lora_dropout): Dropout(p=0.05, inplace=False)
          )
          (q_proj): LoRALinear(
            (base): Linear(in_features=768, out_features=768, bias=True)
            (lora_dropout): Dropout(p=0.05, inplace=False)
          )
          (out_proj): Linear(in_features=768, out_features=768, bias=True)
        )
        (encoder_attn_layer_norm): LayerNorm((768,), eps=1e-05, elementwise_affine=True)
        (fc1): Linear(in_features=768, out_features=3072, bias=True)
        (fc2): Linear(in_features=3072, out_features=768, bias=True)
        (final_layer_norm): LayerNorm((768,), eps=1e-05, elementwise_affine=True)
      )
      (5): TransformerDecoderLayer(
        (dropout_module): FairseqDropout()
        (self_attn): MultiheadAttention(
          (dropout_module): FairseqDropout()
          (k_proj): Linear(in_features=768, out_features=768, bias=True)
          (v_proj): LoRALinear(
            (base): Linear(in_features=768, out_features=768, bias=True)
            (lora_dropout): Dropout(p=0.05, inplace=False)
          )
          (q_proj): LoRALinear(
            (base): Linear(in_features=768, out_features=768, bias=True)
            (lora_dropout): Dropout(p=0.05, inplace=False)
          )
          (out_proj): Linear(in_features=768, out_features=768, bias=True)
        )
        (activation_dropout_module): FairseqDropout()
        (self_attn_layer_norm): LayerNorm((768,), eps=1e-05, elementwise_affine=True)
        (encoder_attn): MultiheadAttention(
          (dropout_module): FairseqDropout()
          (k_proj): Linear(in_features=768, out_features=768, bias=True)
          (v_proj): LoRALinear(
            (base): Linear(in_features=768, out_features=768, bias=True)
            (lora_dropout): Dropout(p=0.05, inplace=False)
          )
          (q_proj): LoRALinear(
            (base): Linear(in_features=768, out_features=768, bias=True)
            (lora_dropout): Dropout(p=0.05, inplace=False)
          )
          (out_proj): Linear(in_features=768, out_features=768, bias=True)
        )
        (encoder_attn_layer_norm): LayerNorm((768,), eps=1e-05, elementwise_affine=True)
        (fc1): Linear(in_features=768, out_features=3072, bias=True)
        (fc2): Linear(in_features=3072, out_features=768, bias=True)
        (final_layer_norm): LayerNorm((768,), eps=1e-05, elementwise_affine=True)
      )
    )
    (layer_norm): LayerNorm((768,), eps=1e-05, elementwise_affine=True)
  )
)
[2026-08-29 21:59:44,227][fairseq_cli.train][INFO] - task: AVHubertPretrainingTask
[2026-08-29 21:59:44,228][fairseq_cli.train][INFO] - model: AVHubertSeq2Seq
[2026-08-29 21:59:44,228][fairseq_cli.train][INFO] - criterion: LabelSmoothedCrossEntropyCriterion
[2026-08-29 21:59:44,231][fairseq_cli.train][INFO] - num. shared model params: 160,524,520 (num. trained: 294,912)
[2026-08-29 21:59:44,233][fairseq_cli.train][INFO] - num. expert model params: 0 (num. trained: 0)
[2026-08-29 21:59:44,235][avhubert.hubert_pretraining][INFO] - Using tokenizer
[2026-08-29 21:59:44,253][avhubert.hubert_dataset][INFO] - max_keep=500, min_keep=None, loaded 235, skipped 0 short and 3 long and 0 unaligned, longest-loaded=369, shortest-loaded=32
[2026-08-29 21:59:44,255][avhubert.hubert_dataset][INFO] - /workspace/av-hubert-ai-speak/data/aispeak_ser_data/valid.wrd is sequence label. skipped
[2026-08-29 21:59:44,255][avhubert.hubert_dataset][INFO] - image transform: Compose(
    Normalize(mean=0.0, std=255.0)
    <avhubert.utils.CenterCrop object at 0x7afa552ae7f0>
    Normalize(mean=0.421, std=0.165)
)
[2026-08-29 21:59:44,256][avhubert.hubert_dataset][INFO] - pad_audio=True, random_crop=False, normalize=True, max_sample_size=500, seqs2seq data=True,
[2026-08-29 21:59:44,256][avhubert.hubert_dataset][INFO] - Noise wav: None->0 wav, Prob: 0.0, SNR: 0, Number of mixture: 1
[2026-08-29 21:59:46,680][fairseq.trainer][INFO] - detected shared parameter: encoder.w2v_model.feature_extractor_video.resnet.frontend3D.0.bias <- encoder.w2v_model.feature_extractor_video.resnet.trunk.layer1.0.conv1.bias
[2026-08-29 21:59:46,681][fairseq.trainer][INFO] - detected shared parameter: encoder.w2v_model.feature_extractor_video.resnet.frontend3D.0.bias <- encoder.w2v_model.feature_extractor_video.resnet.trunk.layer1.0.conv2.bias
[2026-08-29 21:59:46,682][fairseq.trainer][INFO] - detected shared parameter: encoder.w2v_model.feature_extractor_video.resnet.frontend3D.0.bias <- encoder.w2v_model.feature_extractor_video.resnet.trunk.layer1.1.conv1.bias
[2026-08-29 21:59:46,682][fairseq.trainer][INFO] - detected shared parameter: encoder.w2v_model.feature_extractor_video.resnet.frontend3D.0.bias <- encoder.w2v_model.feature_extractor_video.resnet.trunk.layer1.1.conv2.bias
[2026-08-29 21:59:46,683][fairseq.trainer][INFO] - detected shared parameter: encoder.w2v_model.feature_extractor_video.resnet.frontend3D.0.bias <- encoder.w2v_model.feature_extractor_video.resnet.trunk.layer2.0.conv1.bias
[2026-08-29 21:59:46,686][fairseq.trainer][INFO] - detected shared parameter: encoder.w2v_model.feature_extractor_video.resnet.frontend3D.0.bias <- encoder.w2v_model.feature_extractor_video.resnet.trunk.layer2.0.conv2.bias
[2026-08-29 21:59:46,686][fairseq.trainer][INFO] - detected shared parameter: encoder.w2v_model.feature_extractor_video.resnet.frontend3D.0.bias <- encoder.w2v_model.feature_extractor_video.resnet.trunk.layer2.0.downsample.0.bias
[2026-08-29 21:59:46,687][fairseq.trainer][INFO] - detected shared parameter: encoder.w2v_model.feature_extractor_video.resnet.frontend3D.0.bias <- encoder.w2v_model.feature_extractor_video.resnet.trunk.layer2.1.conv1.bias
[2026-08-29 21:59:46,687][fairseq.trainer][INFO] - detected shared parameter: encoder.w2v_model.feature_extractor_video.resnet.frontend3D.0.bias <- encoder.w2v_model.feature_extractor_video.resnet.trunk.layer2.1.conv2.bias
[2026-08-29 21:59:46,688][fairseq.trainer][INFO] - detected shared parameter: encoder.w2v_model.feature_extractor_video.resnet.frontend3D.0.bias <- encoder.w2v_model.feature_extractor_video.resnet.trunk.layer3.0.conv1.bias
[2026-08-29 21:59:46,688][fairseq.trainer][INFO] - detected shared parameter: encoder.w2v_model.feature_extractor_video.resnet.frontend3D.0.bias <- encoder.w2v_model.feature_extractor_video.resnet.trunk.layer3.0.conv2.bias
[2026-08-29 21:59:46,688][fairseq.trainer][INFO] - detected shared parameter: encoder.w2v_model.feature_extractor_video.resnet.frontend3D.0.bias <- encoder.w2v_model.feature_extractor_video.resnet.trunk.layer3.0.downsample.0.bias
[2026-08-29 21:59:46,689][fairseq.trainer][INFO] - detected shared parameter: encoder.w2v_model.feature_extractor_video.resnet.frontend3D.0.bias <- encoder.w2v_model.feature_extractor_video.resnet.trunk.layer3.1.conv1.bias
[2026-08-29 21:59:46,692][fairseq.trainer][INFO] - detected shared parameter: encoder.w2v_model.feature_extractor_video.resnet.frontend3D.0.bias <- encoder.w2v_model.feature_extractor_video.resnet.trunk.layer3.1.conv2.bias
[2026-08-29 21:59:46,692][fairseq.trainer][INFO] - detected shared parameter: encoder.w2v_model.feature_extractor_video.resnet.frontend3D.0.bias <- encoder.w2v_model.feature_extractor_video.resnet.trunk.layer4.0.conv1.bias
[2026-08-29 21:59:46,693][fairseq.trainer][INFO] - detected shared parameter: encoder.w2v_model.feature_extractor_video.resnet.frontend3D.0.bias <- encoder.w2v_model.feature_extractor_video.resnet.trunk.layer4.0.conv2.bias
[2026-08-29 21:59:46,693][fairseq.trainer][INFO] - detected shared parameter: encoder.w2v_model.feature_extractor_video.resnet.frontend3D.0.bias <- encoder.w2v_model.feature_extractor_video.resnet.trunk.layer4.0.downsample.0.bias
[2026-08-29 21:59:46,694][fairseq.trainer][INFO] - detected shared parameter: encoder.w2v_model.feature_extractor_video.resnet.frontend3D.0.bias <- encoder.w2v_model.feature_extractor_video.resnet.trunk.layer4.1.conv1.bias
[2026-08-29 21:59:46,694][fairseq.trainer][INFO] - detected shared parameter: encoder.w2v_model.feature_extractor_video.resnet.frontend3D.0.bias <- encoder.w2v_model.feature_extractor_video.resnet.trunk.layer4.1.conv2.bias
[2026-08-29 21:59:46,695][fairseq.utils][INFO] - ***********************CUDA enviroments for all 1 workers***********************
[2026-08-29 21:59:46,696][fairseq.utils][INFO] - rank   0: capabilities =  8.6  ; total memory = 44.422 GB ; name = NVIDIA A40                              
[2026-08-29 21:59:46,696][fairseq.utils][INFO] - ***********************CUDA enviroments for all 1 workers***********************
[2026-08-29 21:59:46,697][fairseq_cli.train][INFO] - training on 1 devices (GPUs/TPUs)
[2026-08-29 21:59:46,698][fairseq_cli.train][INFO] - max tokens per device = 2000 and max sentences per device = None
[2026-08-29 21:59:46,710][fairseq.trainer][INFO] - Preparing to load checkpoint checkpoints/checkpoint_last.pt
[2026-08-29 21:59:46,711][fairseq.trainer][INFO] - No existing checkpoint found checkpoints/checkpoint_last.pt
[2026-08-29 21:59:46,712][fairseq.trainer][INFO] - loading train data for epoch 1
[2026-08-29 21:59:46,712][avhubert.hubert_pretraining][INFO] - Using tokenizer
[2026-08-29 21:59:46,726][avhubert.hubert_dataset][INFO] - max_keep=500, min_keep=None, loaded 1800, skipped 0 short and 22 long and 0 unaligned, longest-loaded=421, shortest-loaded=29
[2026-08-29 21:59:46,729][avhubert.hubert_dataset][INFO] - /workspace/av-hubert-ai-speak/data/aispeak_ser_data/train.wrd is sequence label. skipped
[2026-08-29 21:59:46,730][avhubert.hubert_dataset][INFO] - image transform: Compose(
    Normalize(mean=0.0, std=255.0)
    RandomCrop(size=(88, 88))
    <avhubert.utils.HorizontalFlip object at 0x7afa8e113d60>
    Normalize(mean=0.421, std=0.165)
)
[2026-08-29 21:59:46,730][avhubert.hubert_dataset][INFO] - pad_audio=True, random_crop=False, normalize=True, max_sample_size=500, seqs2seq data=True,
[2026-08-29 21:59:46,731][avhubert.hubert_dataset][INFO] - Noise wav: None->0 wav, Prob: 0.0, SNR: 0, Number of mixture: 1
[2026-08-29 21:59:46,995][fairseq.logging.progress_bar][WARNING] - tensorboard not found, please install with: pip install tensorboard
[2026-08-29 21:59:46,996][fairseq.trainer][INFO] - begin training epoch 1
[2026-08-29 21:59:46,997][fairseq_cli.train][INFO] - Start iterating over samples
[2026-08-29 22:00:01,133][fairseq_cli.train][INFO] - begin validation on "valid" subset
[2026-08-29 22:00:01,366][fairseq.logging.progress_bar][WARNING] - tensorboard not found, please install with: pip install tensorboard
[2026-08-29 22:00:03,230][valid][INFO] - {"epoch": 1, "valid_loss": "153.245", "valid_nll_loss": "9.505", "valid_total": "291.154", "valid_n_correct": "0.384615", "valid_ppl": "726.69", "valid_accuracy": "0.132", "valid_wps": "4232.4", "valid_wpb": "291.2", "valid_bsz": "18.1", "valid_num_updates": "24"}
[2026-08-29 22:00:03,233][fairseq.checkpoint_utils][INFO] - Preparing to save checkpoint for epoch 1 @ 24 updates
[2026-08-29 22:00:03,234][fairseq.trainer][INFO] - Saving checkpoint to checkpoints/checkpoint_best.pt
[2026-08-29 22:00:05,388][fairseq.trainer][INFO] - Finished saving checkpoint to checkpoints/checkpoint_best.pt
[2026-08-29 22:00:08,043][fairseq.checkpoint_utils][INFO] - Saved checkpoint checkpoints/checkpoint_best.pt (epoch 1 @ 24 updates, score 0.132) (writing took 4.809998714365065 seconds)
[2026-08-29 22:00:08,044][fairseq_cli.train][INFO] - end of epoch 1 (average epoch stats below)
[2026-08-29 22:00:08,046][train][INFO] - {"epoch": 1, "train_loss": "154.403", "train_nll_loss": "9.572", "train_total": "1209.17", "train_n_correct": "1.5", "train_ppl": "760.91", "train_accuracy": "0.124", "train_wps": "1670.1", "train_ups": "1.39", "train_wpb": "1209.2", "train_bsz": "75", "train_num_updates": "24", "train_lr": "0.0002082", "train_gnorm": "0.85", "train_loss_scale": "128", "train_train_wall": "13", "train_gb_free": "42.7", "train_wall": "21"}
[2026-08-29 22:00:08,309][fairseq.logging.progress_bar][WARNING] - tensorboard not found, please install with: pip install tensorboard
[2026-08-29 22:00:08,312][fairseq.trainer][INFO] - begin training epoch 2
[2026-08-29 22:00:08,316][fairseq_cli.train][INFO] - Start iterating over samples
[2026-08-29 22:00:19,590][fairseq_cli.train][INFO] - begin validation on "valid" subset
[2026-08-29 22:00:19,835][fairseq.logging.progress_bar][WARNING] - tensorboard not found, please install with: pip install tensorboard
[2026-08-29 22:00:21,893][valid][INFO] - {"epoch": 2, "valid_loss": "144.893", "valid_nll_loss": "8.935", "valid_total": "291.154", "valid_n_correct": "11.3846", "valid_ppl": "489.46", "valid_accuracy": "3.91", "valid_wps": "4407.9", "valid_wpb": "291.2", "valid_bsz": "18.1", "valid_num_updates": "48", "valid_best_accuracy": "3.91"}
[2026-08-29 22:00:21,895][fairseq.checkpoint_utils][INFO] - Preparing to save checkpoint for epoch 2 @ 48 updates
[2026-08-29 22:00:21,896][fairseq.trainer][INFO] - Saving checkpoint to checkpoints/checkpoint_best.pt
[2026-08-29 22:00:23,887][fairseq.trainer][INFO] - Finished saving checkpoint to checkpoints/checkpoint_best.pt
[2026-08-29 22:00:26,465][fairseq.checkpoint_utils][INFO] - Saved checkpoint checkpoints/checkpoint_best.pt (epoch 2 @ 48 updates, score 3.91) (writing took 4.569791057147086 seconds)
[2026-08-29 22:00:26,466][fairseq_cli.train][INFO] - end of epoch 2 (average epoch stats below)
[2026-08-29 22:00:26,468][train][INFO] - {"epoch": 2, "train_loss": "151.496", "train_nll_loss": "9.375", "train_total": "1209.17", "train_n_correct": "7.41667", "train_ppl": "663.91", "train_accuracy": "0.613", "train_wps": "1575.4", "train_ups": "1.3", "train_wpb": "1209.2", "train_bsz": "75", "train_num_updates": "48", "train_lr": "0.0003864", "train_gnorm": "3.134", "train_loss_scale": "128", "train_train_wall": "10", "train_gb_free": "42.9", "train_wall": "40"}
[2026-08-29 22:00:26,776][fairseq.logging.progress_bar][WARNING] - tensorboard not found, please install with: pip install tensorboard
[2026-08-29 22:00:26,779][fairseq.trainer][INFO] - begin training epoch 3
[2026-08-29 22:00:26,780][fairseq_cli.train][INFO] - Start iterating over samples
[2026-08-29 22:00:38,197][fairseq_cli.train][INFO] - begin validation on "valid" subset
[2026-08-29 22:00:38,459][fairseq.logging.progress_bar][WARNING] - tensorboard not found, please install with: pip install tensorboard
[2026-08-29 22:00:40,505][valid][INFO] - {"epoch": 3, "valid_loss": "134.19", "valid_nll_loss": "8.176", "valid_total": "291.154", "valid_n_correct": "11.8462", "valid_ppl": "289.12", "valid_accuracy": "4.069", "valid_wps": "4224", "valid_wpb": "291.2", "valid_bsz": "18.1", "valid_num_updates": "72", "valid_best_accuracy": "4.069"}
[2026-08-29 22:00:40,521][fairseq.checkpoint_utils][INFO] - Preparing to save checkpoint for epoch 3 @ 72 updates
[2026-08-29 22:00:40,525][fairseq.trainer][INFO] - Saving checkpoint to checkpoints/checkpoint_best.pt
[2026-08-29 22:00:42,875][fairseq.trainer][INFO] - Finished saving checkpoint to checkpoints/checkpoint_best.pt
[2026-08-29 22:00:45,437][fairseq.checkpoint_utils][INFO] - Saved checkpoint checkpoints/checkpoint_best.pt (epoch 3 @ 72 updates, score 4.069) (writing took 4.916108735837042 seconds)
[2026-08-29 22:00:45,438][fairseq_cli.train][INFO] - end of epoch 3 (average epoch stats below)
[2026-08-29 22:00:45,442][train][INFO] - {"epoch": 3, "train_loss": "140.934", "train_nll_loss": "8.641", "train_total": "1209.17", "train_n_correct": "61.125", "train_ppl": "399.17", "train_accuracy": "5.055", "train_wps": "1529.8", "train_ups": "1.27", "train_wpb": "1209.2", "train_bsz": "75", "train_num_updates": "72", "train_lr": "0.0005646", "train_gnorm": "3.927", "train_loss_scale": "128", "train_train_wall": "10", "train_gb_free": "42.8", "train_wall": "59"}
[2026-08-29 22:00:45,718][fairseq.logging.progress_bar][WARNING] - tensorboard not found, please install with: pip install tensorboard
[2026-08-29 22:00:45,721][fairseq.trainer][INFO] - begin training epoch 4
[2026-08-29 22:00:45,722][fairseq_cli.train][INFO] - Start iterating over samples
[2026-08-29 22:00:57,485][fairseq_cli.train][INFO] - begin validation on "valid" subset
[2026-08-29 22:00:57,737][fairseq.logging.progress_bar][WARNING] - tensorboard not found, please install with: pip install tensorboard
[2026-08-29 22:00:59,842][valid][INFO] - {"epoch": 4, "valid_loss": "130.258", "valid_nll_loss": "7.898", "valid_total": "291.154", "valid_n_correct": "18.2308", "valid_ppl": "238.57", "valid_accuracy": "6.262", "valid_wps": "3697.7", "valid_wpb": "291.2", "valid_bsz": "18.1", "valid_num_updates": "96", "valid_best_accuracy": "6.262"}
[2026-08-29 22:00:59,847][fairseq.checkpoint_utils][INFO] - Preparing to save checkpoint for epoch 4 @ 96 updates
[2026-08-29 22:00:59,849][fairseq.trainer][INFO] - Saving checkpoint to checkpoints/checkpoint_best.pt
[2026-08-29 22:01:02,214][fairseq.trainer][INFO] - Finished saving checkpoint to checkpoints/checkpoint_best.pt
[2026-08-29 22:01:04,935][fairseq.checkpoint_utils][INFO] - Saved checkpoint checkpoints/checkpoint_best.pt (epoch 4 @ 96 updates, score 6.262) (writing took 5.088250948116183 seconds)
[2026-08-29 22:01:04,937][fairseq_cli.train][INFO] - end of epoch 4 (average epoch stats below)
[2026-08-29 22:01:04,939][train][INFO] - {"epoch": 4, "train_loss": "133.76", "train_nll_loss": "8.132", "train_total": "1209.17", "train_n_correct": "61.7917", "train_ppl": "280.61", "train_accuracy": "5.11", "train_wps": "1488.6", "train_ups": "1.23", "train_wpb": "1209.2", "train_bsz": "75", "train_num_updates": "96", "train_lr": "0.0007428", "train_gnorm": "3.216", "train_loss_scale": "128", "train_train_wall": "10", "train_gb_free": "42.8", "train_wall": "78"}
[2026-08-29 22:01:05,250][fairseq.logging.progress_bar][WARNING] - tensorboard not found, please install with: pip install tensorboard
[2026-08-29 22:01:05,253][fairseq.trainer][INFO] - begin training epoch 5
[2026-08-29 22:01:05,254][fairseq_cli.train][INFO] - Start iterating over samples
[2026-08-29 22:01:08,250][train_inner][INFO] - {"epoch": 5, "update": 4.167, "loss": "144.598", "nll_loss": "8.893", "total": "1208.34", "n_correct": "34.26", "ppl": "475.39", "accuracy": "2.835", "wps": "1556.2", "ups": "1.29", "wpb": "1208.3", "bsz": "75", "num_updates": "100", "lr": "0.0007725", "gnorm": "2.783", "loss_scale": "128", "train_wall": "45", "gb_free": "42.7", "wall": "82"}
[2026-08-29 22:01:16,450][fairseq_cli.train][INFO] - begin validation on "valid" subset
[2026-08-29 22:01:16,675][fairseq.logging.progress_bar][WARNING] - tensorboard not found, please install with: pip install tensorboard
[2026-08-29 22:01:18,782][valid][INFO] - {"epoch": 5, "valid_loss": "128.941", "valid_nll_loss": "7.811", "valid_total": "291.154", "valid_n_correct": "18.0769", "valid_ppl": "224.63", "valid_accuracy": "6.209", "valid_wps": "4146.3", "valid_wpb": "291.2", "valid_bsz": "18.1", "valid_num_updates": "120", "valid_best_accuracy": "6.262"}
[2026-08-29 22:01:18,785][fairseq.checkpoint_utils][INFO] - Preparing to save checkpoint for epoch 5 @ 120 updates
[2026-08-29 22:01:18,787][fairseq.trainer][INFO] - Saving checkpoint to checkpoints/checkpoint_last.pt
[2026-08-29 22:01:20,998][fairseq.trainer][INFO] - Finished saving checkpoint to checkpoints/checkpoint_last.pt
[2026-08-29 22:01:21,016][fairseq.checkpoint_utils][INFO] - Saved checkpoint checkpoints/checkpoint_last.pt (epoch 5 @ 120 updates, score 6.209) (writing took 2.2302905954420567 seconds)
[2026-08-29 22:01:21,023][fairseq_cli.train][INFO] - end of epoch 5 (average epoch stats below)
[2026-08-29 22:01:21,025][train][INFO] - {"epoch": 5, "train_loss": "131.183", "train_nll_loss": "7.955", "train_total": "1209.17", "train_n_correct": "70.8333", "train_ppl": "248.07", "train_accuracy": "5.858", "train_wps": "1804.2", "train_ups": "1.49", "train_wpb": "1209.2", "train_bsz": "75", "train_num_updates": "120", "train_lr": "0.000921", "train_gnorm": "2.725", "train_loss_scale": "128", "train_train_wall": "10", "train_gb_free": "42.8", "train_wall": "94"}
[2026-08-29 22:01:21,261][fairseq.logging.progress_bar][WARNING] - tensorboard not found, please install with: pip install tensorboard
[2026-08-29 22:01:21,263][fairseq.trainer][INFO] - begin training epoch 6
[2026-08-29 22:01:21,264][fairseq_cli.train][INFO] - Start iterating over samples
[2026-08-29 22:01:33,141][fairseq_cli.train][INFO] - begin validation on "valid" subset
[2026-08-29 22:01:33,426][fairseq.logging.progress_bar][WARNING] - tensorboard not found, please install with: pip install tensorboard
[2026-08-29 22:01:35,398][valid][INFO] - {"epoch": 6, "valid_loss": "128.282", "valid_nll_loss": "7.769", "valid_total": "291.154", "valid_n_correct": "18.0769", "valid_ppl": "218.19", "valid_accuracy": "6.209", "valid_wps": "4444.4", "valid_wpb": "291.2", "valid_bsz": "18.1", "valid_num_updates": "144", "valid_best_accuracy": "6.262"}
[2026-08-29 22:01:35,410][fairseq.checkpoint_utils][INFO] - Preparing to save checkpoint for epoch 6 @ 144 updates
[2026-08-29 22:01:35,411][fairseq.trainer][INFO] - Saving checkpoint to checkpoints/checkpoint_last.pt
[2026-08-29 22:01:37,634][fairseq.trainer][INFO] - Finished saving checkpoint to checkpoints/checkpoint_last.pt
[2026-08-29 22:01:37,640][fairseq.checkpoint_utils][INFO] - Saved checkpoint checkpoints/checkpoint_last.pt (epoch 6 @ 144 updates, score 6.209) (writing took 2.230187186971307 seconds)
[2026-08-29 22:01:37,641][fairseq_cli.train][INFO] - end of epoch 6 (average epoch stats below)
[2026-08-29 22:01:37,642][train][INFO] - {"epoch": 6, "train_loss": "130.01", "train_nll_loss": "7.876", "train_total": "1209.17", "train_n_correct": "73.75", "train_ppl": "234.96", "train_accuracy": "6.099", "train_wps": "1746.5", "train_ups": "1.44", "train_wpb": "1209.2", "train_bsz": "75", "train_num_updates": "144", "train_lr": "0.0010992", "train_gnorm": "2.74", "train_loss_scale": "128", "train_train_wall": "11", "train_gb_free": "42.8", "train_wall": "111"}
[2026-08-29 22:01:37,869][fairseq.logging.progress_bar][WARNING] - tensorboard not found, please install with: pip install tensorboard
[2026-08-29 22:01:37,871][fairseq.trainer][INFO] - begin training epoch 7
[2026-08-29 22:01:37,872][fairseq_cli.train][INFO] - Start iterating over samples
[2026-08-29 22:01:49,436][fairseq_cli.train][INFO] - begin validation on "valid" subset
[2026-08-29 22:01:49,745][fairseq.logging.progress_bar][WARNING] - tensorboard not found, please install with: pip install tensorboard
[2026-08-29 22:01:51,919][valid][INFO] - {"epoch": 7, "valid_loss": "127.802", "valid_nll_loss": "7.737", "valid_total": "291.154", "valid_n_correct": "18.0769", "valid_ppl": "213.33", "valid_accuracy": "6.209", "valid_wps": "4395.1", "valid_wpb": "291.2", "valid_bsz": "18.1", "valid_num_updates": "168", "valid_best_accuracy": "6.262"}
[2026-08-29 22:01:51,922][fairseq.checkpoint_utils][INFO] - Preparing to save checkpoint for epoch 7 @ 168 updates
[2026-08-29 22:01:51,923][fairseq.trainer][INFO] - Saving checkpoint to checkpoints/checkpoint_last.pt
[2026-08-29 22:01:54,365][fairseq.trainer][INFO] - Finished saving checkpoint to checkpoints/checkpoint_last.pt
[2026-08-29 22:01:54,368][fairseq.checkpoint_utils][INFO] - Saved checkpoint checkpoints/checkpoint_last.pt (epoch 7 @ 168 updates, score 6.209) (writing took 2.4461496006697416 seconds)
[2026-08-29 22:01:54,369][fairseq_cli.train][INFO] - end of epoch 7 (average epoch stats below)
[2026-08-29 22:01:54,370][train][INFO] - {"epoch": 7, "train_loss": "129.457", "train_nll_loss": "7.841", "train_total": "1209.17", "train_n_correct": "73.375", "train_ppl": "229.34", "train_accuracy": "6.068", "train_wps": "1734.9", "train_ups": "1.43", "train_wpb": "1209.2", "train_bsz": "75", "train_num_updates": "168", "train_lr": "0.0012774", "train_gnorm": "2.809", "train_loss_scale": "128", "train_train_wall": "10", "train_gb_free": "42.8", "train_wall": "128"}
[2026-08-29 22:01:54,623][fairseq.logging.progress_bar][WARNING] - tensorboard not found, please install with: pip install tensorboard
[2026-08-29 22:01:54,625][fairseq.trainer][INFO] - begin training epoch 8
[2026-08-29 22:01:54,626][fairseq_cli.train][INFO] - Start iterating over samples
[2026-08-29 22:02:06,373][fairseq_cli.train][INFO] - begin validation on "valid" subset
[2026-08-29 22:02:06,612][fairseq.logging.progress_bar][WARNING] - tensorboard not found, please install with: pip install tensorboard
[2026-08-29 22:02:08,557][valid][INFO] - {"epoch": 8, "valid_loss": "126.915", "valid_nll_loss": "7.672", "valid_total": "291.154", "valid_n_correct": "18.0769", "valid_ppl": "203.9", "valid_accuracy": "6.209", "valid_wps": "4138", "valid_wpb": "291.2", "valid_bsz": "18.1", "valid_num_updates": "192", "valid_best_accuracy": "6.262"}
[2026-08-29 22:02:08,560][fairseq.checkpoint_utils][INFO] - Preparing to save checkpoint for epoch 8 @ 192 updates
[2026-08-29 22:02:08,561][fairseq.trainer][INFO] - Saving checkpoint to checkpoints/checkpoint_last.pt
[2026-08-29 22:02:10,674][fairseq.trainer][INFO] - Finished saving checkpoint to checkpoints/checkpoint_last.pt
[2026-08-29 22:02:10,681][fairseq.checkpoint_utils][INFO] - Saved checkpoint checkpoints/checkpoint_last.pt (epoch 8 @ 192 updates, score 6.209) (writing took 2.1207225285470486 seconds)
[2026-08-29 22:02:10,682][fairseq_cli.train][INFO] - end of epoch 8 (average epoch stats below)
[2026-08-29 22:02:10,683][train][INFO] - {"epoch": 8, "train_loss": "128.834", "train_nll_loss": "7.799", "train_total": "1209.17", "train_n_correct": "73.5", "train_ppl": "222.63", "train_accuracy": "6.079", "train_wps": "1779", "train_ups": "1.47", "train_wpb": "1209.2", "train_bsz": "75", "train_num_updates": "192", "train_lr": "0.0014556", "train_gnorm": "2.779", "train_loss_scale": "128", "train_train_wall": "10", "train_gb_free": "42.9", "train_wall": "144"}
[2026-08-29 22:02:10,948][fairseq.logging.progress_bar][WARNING] - tensorboard not found, please install with: pip install tensorboard
[2026-08-29 22:02:10,951][fairseq.trainer][INFO] - begin training epoch 9
[2026-08-29 22:02:10,951][fairseq_cli.train][INFO] - Start iterating over samples
[2026-08-29 22:02:15,856][train_inner][INFO] - {"epoch": 9, "update": 8.333, "loss": "130.416", "nll_loss": "7.853", "total": "1215", "n_correct": "73.09", "ppl": "231.16", "accuracy": "6.016", "wps": "1797.2", "ups": "1.48", "wpb": "1215", "bsz": "74.9", "num_updates": "200", "lr": "0.001515", "gnorm": "2.768", "loss_scale": "128", "train_wall": "43", "gb_free": "42.7", "wall": "149"}
[2026-08-29 22:02:22,486][fairseq_cli.train][INFO] - begin validation on "valid" subset
[2026-08-29 22:02:22,693][fairseq.logging.progress_bar][WARNING] - tensorboard not found, please install with: pip install tensorboard
[2026-08-29 22:02:24,562][valid][INFO] - {"epoch": 9, "valid_loss": "125.885", "valid_nll_loss": "7.599", "valid_total": "291.154", "valid_n_correct": "20.6923", "valid_ppl": "193.89", "valid_accuracy": "7.107", "valid_wps": "4436.3", "valid_wpb": "291.2", "valid_bsz": "18.1", "valid_num_updates": "216", "valid_best_accuracy": "7.107"}
[2026-08-29 22:02:24,565][fairseq.checkpoint_utils][INFO] - Preparing to save checkpoint for epoch 9 @ 216 updates
[2026-08-29 22:02:24,566][fairseq.trainer][INFO] - Saving checkpoint to checkpoints/checkpoint_best.pt
[2026-08-29 22:02:27,030][fairseq.trainer][INFO] - Finished saving checkpoint to checkpoints/checkpoint_best.pt
[2026-08-29 22:02:30,023][fairseq.checkpoint_utils][INFO] - Saved checkpoint checkpoints/checkpoint_best.pt (epoch 9 @ 216 updates, score 7.107) (writing took 5.457802892662585 seconds)
[2026-08-29 22:02:30,025][fairseq_cli.train][INFO] - end of epoch 9 (average epoch stats below)
[2026-08-29 22:02:30,028][train][INFO] - {"epoch": 9, "train_loss": "128.009", "train_nll_loss": "7.739", "train_total": "1209.17", "train_n_correct": "75.5833", "train_ppl": "213.58", "train_accuracy": "6.251", "train_wps": "1500.2", "train_ups": "1.24", "train_wpb": "1209.2", "train_bsz": "75", "train_num_updates": "216", "train_lr": "0.0016338", "train_gnorm": "2.828", "train_loss_scale": "128", "train_train_wall": "10", "train_gb_free": "42.9", "train_wall": "163"}
[2026-08-29 22:02:30,338][fairseq.logging.progress_bar][WARNING] - tensorboard not found, please install with: pip install tensorboard
[2026-08-29 22:02:30,341][fairseq.trainer][INFO] - begin training epoch 10
[2026-08-29 22:02:30,341][fairseq_cli.train][INFO] - Start iterating over samples
[2026-08-29 22:02:42,096][fairseq_cli.train][INFO] - begin validation on "valid" subset
[2026-08-29 22:02:42,423][fairseq.logging.progress_bar][WARNING] - tensorboard not found, please install with: pip install tensorboard
[2026-08-29 22:02:44,474][valid][INFO] - {"epoch": 10, "valid_loss": "124.796", "valid_nll_loss": "7.52", "valid_total": "291.154", "valid_n_correct": "24.2308", "valid_ppl": "183.6", "valid_accuracy": "8.322", "valid_wps": "4432.6", "valid_wpb": "291.2", "valid_bsz": "18.1", "valid_num_updates": "240", "valid_best_accuracy": "8.322"}
[2026-08-29 22:02:44,477][fairseq.checkpoint_utils][INFO] - Preparing to save checkpoint for epoch 10 @ 240 updates
[2026-08-29 22:02:44,478][fairseq.trainer][INFO] - Saving checkpoint to checkpoints/checkpoint_best.pt
[2026-08-29 22:02:46,668][fairseq.trainer][INFO] - Finished saving checkpoint to checkpoints/checkpoint_best.pt
[2026-08-29 22:02:49,311][fairseq.checkpoint_utils][INFO] - Saved checkpoint checkpoints/checkpoint_best.pt (epoch 10 @ 240 updates, score 8.322) (writing took 4.833984647877514 seconds)
[2026-08-29 22:02:49,313][fairseq_cli.train][INFO] - end of epoch 10 (average epoch stats below)
[2026-08-29 22:02:49,315][train][INFO] - {"epoch": 10, "train_loss": "126.842", "train_nll_loss": "7.656", "train_total": "1209.17", "train_n_correct": "91.5417", "train_ppl": "201.68", "train_accuracy": "7.571", "train_wps": "1505.1", "train_ups": "1.24", "train_wpb": "1209.2", "train_bsz": "75", "train_num_updates": "240", "train_lr": "0.001812", "train_gnorm": "2.935", "train_loss_scale": "128", "train_train_wall": "10", "train_gb_free": "42.9", "train_wall": "183"}
[2026-08-29 22:02:49,642][fairseq.logging.progress_bar][WARNING] - tensorboard not found, please install with: pip install tensorboard
[2026-08-29 22:02:49,644][fairseq.trainer][INFO] - begin training epoch 11
[2026-08-29 22:02:49,645][fairseq_cli.train][INFO] - Start iterating over samples
[2026-08-29 22:03:00,650][fairseq_cli.train][INFO] - begin validation on "valid" subset
[2026-08-29 22:03:00,869][fairseq.logging.progress_bar][WARNING] - tensorboard not found, please install with: pip install tensorboard
[2026-08-29 22:03:02,969][valid][INFO] - {"epoch": 11, "valid_loss": "123.783", "valid_nll_loss": "7.445", "valid_total": "291.154", "valid_n_correct": "25.2308", "valid_ppl": "174.29", "valid_accuracy": "8.666", "valid_wps": "3432.3", "valid_wpb": "291.2", "valid_bsz": "18.1", "valid_num_updates": "264", "valid_best_accuracy": "8.666"}
[2026-08-29 22:03:02,987][fairseq.checkpoint_utils][INFO] - Preparing to save checkpoint for epoch 11 @ 264 updates
[2026-08-29 22:03:02,989][fairseq.trainer][INFO] - Saving checkpoint to checkpoints/checkpoint_best.pt
[2026-08-29 22:03:05,303][fairseq.trainer][INFO] - Finished saving checkpoint to checkpoints/checkpoint_best.pt
[2026-08-29 22:03:08,096][fairseq.checkpoint_utils][INFO] - Saved checkpoint checkpoints/checkpoint_best.pt (epoch 11 @ 264 updates, score 8.666) (writing took 5.108647393994033 seconds)
[2026-08-29 22:03:08,098][fairseq_cli.train][INFO] - end of epoch 11 (average epoch stats below)
[2026-08-29 22:03:08,100][train][INFO] - {"epoch": 11, "train_loss": "125.839", "train_nll_loss": "7.584", "train_total": "1209.17", "train_n_correct": "95.2917", "train_ppl": "191.92", "train_accuracy": "7.881", "train_wps": "1544.9", "train_ups": "1.28", "train_wpb": "1209.2", "train_bsz": "75", "train_num_updates": "264", "train_lr": "0.0019902", "train_gnorm": "2.934", "train_loss_scale": "128", "train_train_wall": "10", "train_gb_free": "42.8", "train_wall": "201"}
[2026-08-29 22:03:08,427][fairseq.logging.progress_bar][WARNING] - tensorboard not found, please install with: pip install tensorboard
[2026-08-29 22:03:08,431][fairseq.trainer][INFO] - begin training epoch 12
[2026-08-29 22:03:08,432][fairseq_cli.train][INFO] - Start iterating over samples
[2026-08-29 22:03:19,670][fairseq_cli.train][INFO] - begin validation on "valid" subset
[2026-08-29 22:03:19,931][fairseq.logging.progress_bar][WARNING] - tensorboard not found, please install with: pip install tensorboard
[2026-08-29 22:03:22,133][valid][INFO] - {"epoch": 12, "valid_loss": "122.828", "valid_nll_loss": "7.375", "valid_total": "291.154", "valid_n_correct": "25.6154", "valid_ppl": "165.95", "valid_accuracy": "8.798", "valid_wps": "3754.3", "valid_wpb": "291.2", "valid_bsz": "18.1", "valid_num_updates": "288", "valid_best_accuracy": "8.798"}
[2026-08-29 22:03:22,136][fairseq.checkpoint_utils][INFO] - Preparing to save checkpoint for epoch 12 @ 288 updates
[2026-08-29 22:03:22,137][fairseq.trainer][INFO] - Saving checkpoint to checkpoints/checkpoint_best.pt
[2026-08-29 22:03:24,390][fairseq.trainer][INFO] - Finished saving checkpoint to checkpoints/checkpoint_best.pt
[2026-08-29 22:03:26,949][fairseq.checkpoint_utils][INFO] - Saved checkpoint checkpoints/checkpoint_best.pt (epoch 12 @ 288 updates, score 8.798) (writing took 4.81289076898247 seconds)
[2026-08-29 22:03:26,950][fairseq_cli.train][INFO] - end of epoch 12 (average epoch stats below)
[2026-08-29 22:03:26,952][train][INFO] - {"epoch": 12, "train_loss": "124.752", "train_nll_loss": "7.505", "train_total": "1209.17", "train_n_correct": "98.75", "train_ppl": "181.68", "train_accuracy": "8.167", "train_wps": "1540.1", "train_ups": "1.27", "train_wpb": "1209.2", "train_bsz": "75", "train_num_updates": "288", "train_lr": "0.0021684", "train_gnorm": "3.222", "train_loss_scale": "128", "train_train_wall": "10", "train_gb_free": "43", "train_wall": "220"}
[2026-08-29 22:03:27,241][fairseq.logging.progress_bar][WARNING] - tensorboard not found, please install with: pip install tensorboard
[2026-08-29 22:03:27,244][fairseq.trainer][INFO] - begin training epoch 13
[2026-08-29 22:03:27,245][fairseq_cli.train][INFO] - Start iterating over samples
[2026-08-29 22:03:33,935][train_inner][INFO] - {"epoch": 13, "update": 12.5, "loss": "124.771", "nll_loss": "7.583", "total": "1195.61", "n_correct": "92.48", "ppl": "191.76", "accuracy": "7.735", "wps": "1531.3", "ups": "1.28", "wpb": "1195.6", "bsz": "74.8", "num_updates": "300", "lr": "0.0022575", "gnorm": "3.071", "loss_scale": "128", "train_wall": "42", "gb_free": "42.7", "wall": "227"}
[2026-08-29 22:03:38,877][fairseq_cli.train][INFO] - begin validation on "valid" subset
[2026-08-29 22:03:39,123][fairseq.logging.progress_bar][WARNING] - tensorboard not found, please install with: pip install tensorboard
[2026-08-29 22:03:41,102][valid][INFO] - {"epoch": 13, "valid_loss": "121.562", "valid_nll_loss": "7.287", "valid_total": "291.154", "valid_n_correct": "25.8462", "valid_ppl": "156.18", "valid_accuracy": "8.877", "valid_wps": "4408.9", "valid_wpb": "291.2", "valid_bsz": "18.1", "valid_num_updates": "312", "valid_best_accuracy": "8.877"}
[2026-08-29 22:03:41,112][fairseq.checkpoint_utils][INFO] - Preparing to save checkpoint for epoch 13 @ 312 updates
[2026-08-29 22:03:41,113][fairseq.trainer][INFO] - Saving checkpoint to checkpoints/checkpoint_best.pt
[2026-08-29 22:03:43,429][fairseq.trainer][INFO] - Finished saving checkpoint to checkpoints/checkpoint_best.pt
[2026-08-29 22:03:46,136][fairseq.checkpoint_utils][INFO] - Saved checkpoint checkpoints/checkpoint_best.pt (epoch 13 @ 312 updates, score 8.877) (writing took 5.024286964908242 seconds)
[2026-08-29 22:03:46,139][fairseq_cli.train][INFO] - end of epoch 13 (average epoch stats below)
[2026-08-29 22:03:46,143][train][INFO] - {"epoch": 13, "train_loss": "123.67", "train_nll_loss": "7.427", "train_total": "1209.17", "train_n_correct": "100.667", "train_ppl": "172.04", "train_accuracy": "8.325", "train_wps": "1512.3", "train_ups": "1.25", "train_wpb": "1209.2", "train_bsz": "75", "train_num_updates": "312", "train_lr": "0.0023466", "train_gnorm": "3.567", "train_loss_scale": "128", "train_train_wall": "10", "train_gb_free": "43", "train_wall": "239"}
[2026-08-29 22:03:46,484][fairseq.logging.progress_bar][WARNING] - tensorboard not found, please install with: pip install tensorboard
[2026-08-29 22:03:46,486][fairseq.trainer][INFO] - begin training epoch 14
[2026-08-29 22:03:46,487][fairseq_cli.train][INFO] - Start iterating over samples
[2026-08-29 22:03:57,963][fairseq_cli.train][INFO] - begin validation on "valid" subset
[2026-08-29 22:03:58,725][fairseq.logging.progress_bar][WARNING] - tensorboard not found, please install with: pip install tensorboard
[2026-08-29 22:04:00,681][valid][INFO] - {"epoch": 14, "valid_loss": "120.406", "valid_nll_loss": "7.198", "valid_total": "291.154", "valid_n_correct": "26.7692", "valid_ppl": "146.83", "valid_accuracy": "9.194", "valid_wps": "4444.3", "valid_wpb": "291.2", "valid_bsz": "18.1", "valid_num_updates": "336", "valid_best_accuracy": "9.194"}
[2026-08-29 22:04:00,684][fairseq.checkpoint_utils][INFO] - Preparing to save checkpoint for epoch 14 @ 336 updates
[2026-08-29 22:04:00,684][fairseq.trainer][INFO] - Saving checkpoint to checkpoints/checkpoint_best.pt
[2026-08-29 22:04:02,925][fairseq.trainer][INFO] - Finished saving checkpoint to checkpoints/checkpoint_best.pt
[2026-08-29 22:04:05,532][fairseq.checkpoint_utils][INFO] - Saved checkpoint checkpoints/checkpoint_best.pt (epoch 14 @ 336 updates, score 9.194) (writing took 4.848272594623268 seconds)
[2026-08-29 22:04:05,534][fairseq_cli.train][INFO] - end of epoch 14 (average epoch stats below)
[2026-08-29 22:04:05,536][train][INFO] - {"epoch": 14, "train_loss": "122.314", "train_nll_loss": "7.329", "train_total": "1209.17", "train_n_correct": "104.75", "train_ppl": "160.8", "train_accuracy": "8.663", "train_wps": "1496.7", "train_ups": "1.24", "train_wpb": "1209.2", "train_bsz": "75", "train_num_updates": "336", "train_lr": "0.0025248", "train_gnorm": "3.601", "train_loss_scale": "128", "train_train_wall": "10", "train_gb_free": "42.7", "train_wall": "259"}
[2026-08-29 22:04:05,792][fairseq.logging.progress_bar][WARNING] - tensorboard not found, please install with: pip install tensorboard
[2026-08-29 22:04:05,795][fairseq.trainer][INFO] - begin training epoch 15
[2026-08-29 22:04:05,797][fairseq_cli.train][INFO] - Start iterating over samples
[2026-08-29 22:04:17,356][fairseq_cli.train][INFO] - begin validation on "valid" subset
[2026-08-29 22:04:17,564][fairseq.logging.progress_bar][WARNING] - tensorboard not found, please install with: pip install tensorboard
[2026-08-29 22:04:19,501][valid][INFO] - {"epoch": 15, "valid_loss": "118.715", "valid_nll_loss": "7.075", "valid_total": "291.154", "valid_n_correct": "28.0769", "valid_ppl": "134.83", "valid_accuracy": "9.643", "valid_wps": "4429.2", "valid_wpb": "291.2", "valid_bsz": "18.1", "valid_num_updates": "360", "valid_best_accuracy": "9.643"}
[2026-08-29 22:04:19,512][fairseq.checkpoint_utils][INFO] - Preparing to save checkpoint for epoch 15 @ 360 updates
[2026-08-29 22:04:19,513][fairseq.trainer][INFO] - Saving checkpoint to checkpoints/checkpoint_best.pt
[2026-08-29 22:04:21,679][fairseq.trainer][INFO] - Finished saving checkpoint to checkpoints/checkpoint_best.pt
[2026-08-29 22:04:24,209][fairseq.checkpoint_utils][INFO] - Saved checkpoint checkpoints/checkpoint_best.pt (epoch 15 @ 360 updates, score 9.643) (writing took 4.697739420458674 seconds)
[2026-08-29 22:04:24,212][fairseq_cli.train][INFO] - end of epoch 15 (average epoch stats below)
[2026-08-29 22:04:24,214][train][INFO] - {"epoch": 15, "train_loss": "120.925", "train_nll_loss": "7.229", "train_total": "1209.17", "train_n_correct": "109.917", "train_ppl": "150.04", "train_accuracy": "9.09", "train_wps": "1553.8", "train_ups": "1.29", "train_wpb": "1209.2", "train_bsz": "75", "train_num_updates": "360", "train_lr": "0.002703", "train_gnorm": "4.162", "train_loss_scale": "128", "train_train_wall": "10", "train_gb_free": "43", "train_wall": "278"}
[2026-08-29 22:04:24,510][fairseq.logging.progress_bar][WARNING] - tensorboard not found, please install with: pip install tensorboard
[2026-08-29 22:04:24,513][fairseq.trainer][INFO] - begin training epoch 16
[2026-08-29 22:04:24,515][fairseq_cli.train][INFO] - Start iterating over samples
[2026-08-29 22:04:35,801][fairseq_cli.train][INFO] - begin validation on "valid" subset
[2026-08-29 22:04:36,038][fairseq.logging.progress_bar][WARNING] - tensorboard not found, please install with: pip install tensorboard
[2026-08-29 22:04:38,105][valid][INFO] - {"epoch": 16, "valid_loss": "117.512", "valid_nll_loss": "6.989", "valid_total": "291.154", "valid_n_correct": "29.5385", "valid_ppl": "127.04", "valid_accuracy": "10.145", "valid_wps": "3898.8", "valid_wpb": "291.2", "valid_bsz": "18.1", "valid_num_updates": "384", "valid_best_accuracy": "10.145"}
[2026-08-29 22:04:38,112][fairseq.checkpoint_utils][INFO] - Preparing to save checkpoint for epoch 16 @ 384 updates
[2026-08-29 22:04:38,113][fairseq.trainer][INFO] - Saving checkpoint to checkpoints/checkpoint_best.pt
[2026-08-29 22:04:40,332][fairseq.trainer][INFO] - Finished saving checkpoint to checkpoints/checkpoint_best.pt
[2026-08-29 22:04:43,011][fairseq.checkpoint_utils][INFO] - Saved checkpoint checkpoints/checkpoint_best.pt (epoch 16 @ 384 updates, score 10.145) (writing took 4.899562944658101 seconds)
[2026-08-29 22:04:43,013][fairseq_cli.train][INFO] - end of epoch 16 (average epoch stats below)
[2026-08-29 22:04:43,015][train][INFO] - {"epoch": 16, "train_loss": "119.353", "train_nll_loss": "7.117", "train_total": "1209.17", "train_n_correct": "114.5", "train_ppl": "138.84", "train_accuracy": "9.469", "train_wps": "1543.7", "train_ups": "1.28", "train_wpb": "1209.2", "train_bsz": "75", "train_num_updates": "384", "train_lr": "0.0028812", "train_gnorm": "4.194", "train_loss_scale": "128", "train_train_wall": "10", "train_gb_free": "42.7", "train_wall": "296"}
[2026-08-29 22:04:43,360][fairseq.logging.progress_bar][WARNING] - tensorboard not found, please install with: pip install tensorboard
[2026-08-29 22:04:43,362][fairseq.trainer][INFO] - begin training epoch 17
[2026-08-29 22:04:43,362][fairseq_cli.train][INFO] - Start iterating over samples
[2026-08-29 22:04:51,555][train_inner][INFO] - {"epoch": 17, "update": 16.667, "loss": "121.084", "nll_loss": "7.219", "total": "1212.32", "n_correct": "110.1", "ppl": "148.94", "accuracy": "9.082", "wps": "1561.9", "ups": "1.29", "wpb": "1212.3", "bsz": "75", "num_updates": "400", "lr": "0.003", "gnorm": "3.937", "loss_scale": "128", "train_wall": "42", "gb_free": "42.7", "wall": "305"}
[2026-08-29 22:04:54,926][fairseq_cli.train][INFO] - begin validation on "valid" subset
[2026-08-29 22:04:55,151][fairseq.logging.progress_bar][WARNING] - tensorboard not found, please install with: pip install tensorboard
[2026-08-29 22:04:57,150][valid][INFO] - {"epoch": 17, "valid_loss": "116.344", "valid_nll_loss": "6.902", "valid_total": "291.154", "valid_n_correct": "30.4615", "valid_ppl": "119.57", "valid_accuracy": "10.462", "valid_wps": "3830.3", "valid_wpb": "291.2", "valid_bsz": "18.1", "valid_num_updates": "408", "valid_best_accuracy": "10.462"}
[2026-08-29 22:04:57,152][fairseq.checkpoint_utils][INFO] - Preparing to save checkpoint for epoch 17 @ 408 updates
[2026-08-29 22:04:57,153][fairseq.trainer][INFO] - Saving checkpoint to checkpoints/checkpoint_best.pt
[2026-08-29 22:04:59,439][fairseq.trainer][INFO] - Finished saving checkpoint to checkpoints/checkpoint_best.pt
[2026-08-29 22:05:02,329][fairseq.checkpoint_utils][INFO] - Saved checkpoint checkpoints/checkpoint_best.pt (epoch 17 @ 408 updates, score 10.462) (writing took 5.177024913951755 seconds)
[2026-08-29 22:05:02,330][fairseq_cli.train][INFO] - end of epoch 17 (average epoch stats below)
[2026-08-29 22:05:02,332][train][INFO] - {"epoch": 17, "train_loss": "117.814", "train_nll_loss": "7.006", "train_total": "1209.17", "train_n_correct": "118.917", "train_ppl": "128.58", "train_accuracy": "9.835", "train_wps": "1502.4", "train_ups": "1.24", "train_wpb": "1209.2", "train_bsz": "75", "train_num_updates": "408", "train_lr": "0.00298208", "train_gnorm": "4.002", "train_loss_scale": "128", "train_train_wall": "10", "train_gb_free": "42.7", "train_wall": "316"}
[2026-08-29 22:05:02,609][fairseq.logging.progress_bar][WARNING] - tensorboard not found, please install with: pip install tensorboard
[2026-08-29 22:05:02,621][fairseq.trainer][INFO] - begin training epoch 18
[2026-08-29 22:05:02,622][fairseq_cli.train][INFO] - Start iterating over samples
[2026-08-29 22:05:13,852][fairseq_cli.train][INFO] - begin validation on "valid" subset
[2026-08-29 22:05:14,057][fairseq.logging.progress_bar][WARNING] - tensorboard not found, please install with: pip install tensorboard
[2026-08-29 22:05:16,067][valid][INFO] - {"epoch": 18, "valid_loss": "115.668", "valid_nll_loss": "6.846", "valid_total": "291.154", "valid_n_correct": "31.0769", "valid_ppl": "115.06", "valid_accuracy": "10.674", "valid_wps": "4240.7", "valid_wpb": "291.2", "valid_bsz": "18.1", "valid_num_updates": "432", "valid_best_accuracy": "10.674"}
[2026-08-29 22:05:16,082][fairseq.checkpoint_utils][INFO] - Preparing to save checkpoint for epoch 18 @ 432 updates
[2026-08-29 22:05:16,084][fairseq.trainer][INFO] - Saving checkpoint to checkpoints/checkpoint_best.pt
[2026-08-29 22:05:18,577][fairseq.trainer][INFO] - Finished saving checkpoint to checkpoints/checkpoint_best.pt
[2026-08-29 22:05:21,230][fairseq.checkpoint_utils][INFO] - Saved checkpoint checkpoints/checkpoint_best.pt (epoch 18 @ 432 updates, score 10.674) (writing took 5.147923451848328 seconds)
[2026-08-29 22:05:21,231][fairseq_cli.train][INFO] - end of epoch 18 (average epoch stats below)
[2026-08-29 22:05:21,234][train][INFO] - {"epoch": 18, "train_loss": "116.404", "train_nll_loss": "6.906", "train_total": "1209.17", "train_n_correct": "122.042", "train_ppl": "119.96", "train_accuracy": "10.093", "train_wps": "1535.5", "train_ups": "1.27", "train_wpb": "1209.2", "train_bsz": "75", "train_num_updates": "432", "train_lr": "0.00292896", "train_gnorm": "4.176", "train_loss_scale": "128", "train_train_wall": "10", "train_gb_free": "42.7", "train_wall": "335"}
[2026-08-29 22:05:21,521][fairseq.logging.progress_bar][WARNING] - tensorboard not found, please install with: pip install tensorboard
[2026-08-29 22:05:21,523][fairseq.trainer][INFO] - begin training epoch 19
[2026-08-29 22:05:21,524][fairseq_cli.train][INFO] - Start iterating over samples
[2026-08-29 22:05:33,007][fairseq_cli.train][INFO] - begin validation on "valid" subset
[2026-08-29 22:05:33,255][fairseq.logging.progress_bar][WARNING] - tensorboard not found, please install with: pip install tensorboard
[2026-08-29 22:05:35,317][valid][INFO] - {"epoch": 19, "valid_loss": "113.911", "valid_nll_loss": "6.728", "valid_total": "291.154", "valid_n_correct": "32.2308", "valid_ppl": "105.98", "valid_accuracy": "11.07", "valid_wps": "3851.9", "valid_wpb": "291.2", "valid_bsz": "18.1", "valid_num_updates": "456", "valid_best_accuracy": "11.07"}
[2026-08-29 22:05:35,321][fairseq.checkpoint_utils][INFO] - Preparing to save checkpoint for epoch 19 @ 456 updates
[2026-08-29 22:05:35,322][fairseq.trainer][INFO] - Saving checkpoint to checkpoints/checkpoint_best.pt
[2026-08-29 22:05:37,555][fairseq.trainer][INFO] - Finished saving checkpoint to checkpoints/checkpoint_best.pt
[2026-08-29 22:05:40,262][fairseq.checkpoint_utils][INFO] - Saved checkpoint checkpoints/checkpoint_best.pt (epoch 19 @ 456 updates, score 11.07) (writing took 4.941495609469712 seconds)
[2026-08-29 22:05:40,264][fairseq_cli.train][INFO] - end of epoch 19 (average epoch stats below)
[2026-08-29 22:05:40,268][train][INFO] - {"epoch": 19, "train_loss": "115.006", "train_nll_loss": "6.807", "train_total": "1209.17", "train_n_correct": "128.625", "train_ppl": "111.96", "train_accuracy": "10.637", "train_wps": "1524.8", "train_ups": "1.26", "train_wpb": "1209.2", "train_bsz": "75", "train_num_updates": "456", "train_lr": "0.00287678", "train_gnorm": "4.119", "train_loss_scale": "128", "train_train_wall": "10", "train_gb_free": "42.8", "train_wall": "354"}
[2026-08-29 22:05:40,582][fairseq.logging.progress_bar][WARNING] - tensorboard not found, please install with: pip install tensorboard
[2026-08-29 22:05:40,586][fairseq.trainer][INFO] - begin training epoch 20
[2026-08-29 22:05:40,587][fairseq_cli.train][INFO] - Start iterating over samples
[2026-08-29 22:05:52,183][fairseq_cli.train][INFO] - begin validation on "valid" subset
[2026-08-29 22:05:52,424][fairseq.logging.progress_bar][WARNING] - tensorboard not found, please install with: pip install tensorboard
[2026-08-29 22:05:54,389][valid][INFO] - {"epoch": 20, "valid_loss": "113.078", "valid_nll_loss": "6.667", "valid_total": "291.154", "valid_n_correct": "34.3846", "valid_ppl": "101.59", "valid_accuracy": "11.81", "valid_wps": "4310.1", "valid_wpb": "291.2", "valid_bsz": "18.1", "valid_num_updates": "480", "valid_best_accuracy": "11.81"}
[2026-08-29 22:05:54,392][fairseq.checkpoint_utils][INFO] - Preparing to save checkpoint for epoch 20 @ 480 updates
[2026-08-29 22:05:54,393][fairseq.trainer][INFO] - Saving checkpoint to checkpoints/checkpoint_best.pt
[2026-08-29 22:05:56,610][fairseq.trainer][INFO] - Finished saving checkpoint to checkpoints/checkpoint_best.pt
[2026-08-29 22:05:59,391][fairseq.checkpoint_utils][INFO] - Saved checkpoint checkpoints/checkpoint_best.pt (epoch 20 @ 480 updates, score 11.81) (writing took 4.999568108469248 seconds)
[2026-08-29 22:05:59,393][fairseq_cli.train][INFO] - end of epoch 20 (average epoch stats below)
[2026-08-29 22:05:59,395][train][INFO] - {"epoch": 20, "train_loss": "113.788", "train_nll_loss": "6.72", "train_total": "1209.17", "train_n_correct": "129.125", "train_ppl": "105.42", "train_accuracy": "10.679", "train_wps": "1517.3", "train_ups": "1.25", "train_wpb": "1209.2", "train_bsz": "75", "train_num_updates": "480", "train_lr": "0.00282553", "train_gnorm": "4.139", "train_loss_scale": "128", "train_train_wall": "10", "train_gb_free": "42.7", "train_wall": "373"}
[2026-08-29 22:05:59,759][fairseq.logging.progress_bar][WARNING] - tensorboard not found, please install with: pip install tensorboard
[2026-08-29 22:05:59,762][fairseq.trainer][INFO] - begin training epoch 21
[2026-08-29 22:05:59,762][fairseq_cli.train][INFO] - Start iterating over samples
[2026-08-29 22:06:09,907][train_inner][INFO] - {"epoch": 21, "update": 20.833, "loss": "115.155", "nll_loss": "6.799", "total": "1217.55", "n_correct": "128.58", "ppl": "111.32", "accuracy": "10.561", "wps": "1554", "ups": "1.28", "wpb": "1217.5", "bsz": "75.3", "num_updates": "500", "lr": "0.00278353", "gnorm": "4.176", "loss_scale": "128", "train_wall": "42", "gb_free": "43", "wall": "383"}
[2026-08-29 22:06:11,481][fairseq_cli.train][INFO] - begin validation on "valid" subset
[2026-08-29 22:06:11,726][fairseq.logging.progress_bar][WARNING] - tensorboard not found, please install with: pip install tensorboard
[2026-08-29 22:06:13,689][valid][INFO] - {"epoch": 21, "valid_loss": "112.392", "valid_nll_loss": "6.612", "valid_total": "291.154", "valid_n_correct": "36.0769", "valid_ppl": "97.83", "valid_accuracy": "12.391", "valid_wps": "4428.5", "valid_wpb": "291.2", "valid_bsz": "18.1", "valid_num_updates": "504", "valid_best_accuracy": "12.391"}
[2026-08-29 22:06:13,692][fairseq.checkpoint_utils][INFO] - Preparing to save checkpoint for epoch 21 @ 504 updates
[2026-08-29 22:06:13,693][fairseq.trainer][INFO] - Saving checkpoint to checkpoints/checkpoint_best.pt
[2026-08-29 22:06:15,935][fairseq.trainer][INFO] - Finished saving checkpoint to checkpoints/checkpoint_best.pt
[2026-08-29 22:06:18,820][fairseq.checkpoint_utils][INFO] - Saved checkpoint checkpoints/checkpoint_best.pt (epoch 21 @ 504 updates, score 12.391) (writing took 5.128692419268191 seconds)
[2026-08-29 22:06:18,823][fairseq_cli.train][INFO] - end of epoch 21 (average epoch stats below)
[2026-08-29 22:06:18,826][train][INFO] - {"epoch": 21, "train_loss": "112.922", "train_nll_loss": "6.657", "train_total": "1209.17", "train_n_correct": "136.542", "train_ppl": "100.9", "train_accuracy": "11.292", "train_wps": "1493.6", "train_ups": "1.24", "train_wpb": "1209.2", "train_bsz": "75", "train_num_updates": "504", "train_lr": "0.0027752", "train_gnorm": "4.325", "train_loss_scale": "128", "train_train_wall": "10", "train_gb_free": "42.8", "train_wall": "392"}
[2026-08-29 22:06:19,142][fairseq.logging.progress_bar][WARNING] - tensorboard not found, please install with: pip install tensorboard
[2026-08-29 22:06:19,145][fairseq.trainer][INFO] - begin training epoch 22
[2026-08-29 22:06:19,146][fairseq_cli.train][INFO] - Start iterating over samples
[2026-08-29 22:06:30,544][fairseq_cli.train][INFO] - begin validation on "valid" subset
[2026-08-29 22:06:30,860][fairseq.logging.progress_bar][WARNING] - tensorboard not found, please install with: pip install tensorboard
[2026-08-29 22:06:32,850][valid][INFO] - {"epoch": 22, "valid_loss": "111.339", "valid_nll_loss": "6.542", "valid_total": "291.154", "valid_n_correct": "35.3846", "valid_ppl": "93.21", "valid_accuracy": "12.153", "valid_wps": "4393.1", "valid_wpb": "291.2", "valid_bsz": "18.1", "valid_num_updates": "528", "valid_best_accuracy": "12.391"}
[2026-08-29 22:06:32,852][fairseq.checkpoint_utils][INFO] - Preparing to save checkpoint for epoch 22 @ 528 updates
[2026-08-29 22:06:32,853][fairseq.trainer][INFO] - Saving checkpoint to checkpoints/checkpoint_last.pt
[2026-08-29 22:06:34,958][fairseq.trainer][INFO] - Finished saving checkpoint to checkpoints/checkpoint_last.pt
[2026-08-29 22:06:34,959][fairseq.checkpoint_utils][INFO] - Saved checkpoint checkpoints/checkpoint_last.pt (epoch 22 @ 528 updates, score 12.153) (writing took 2.106813826598227 seconds)
[2026-08-29 22:06:34,960][fairseq_cli.train][INFO] - end of epoch 22 (average epoch stats below)
[2026-08-29 22:06:34,961][train][INFO] - {"epoch": 22, "train_loss": "111.694", "train_nll_loss": "6.57", "train_total": "1209.17", "train_n_correct": "142.875", "train_ppl": "94.99", "train_accuracy": "11.816", "train_wps": "1798.6", "train_ups": "1.49", "train_wpb": "1209.2", "train_bsz": "75", "train_num_updates": "528", "train_lr": "0.00272576", "train_gnorm": "4.46", "train_loss_scale": "128", "train_train_wall": "10", "train_gb_free": "42.9", "train_wall": "408"}
[2026-08-29 22:06:35,154][fairseq.logging.progress_bar][WARNING] - tensorboard not found, please install with: pip install tensorboard
[2026-08-29 22:06:35,157][fairseq.trainer][INFO] - begin training epoch 23
[2026-08-29 22:06:35,157][fairseq_cli.train][INFO] - Start iterating over samples
[2026-08-29 22:06:46,623][fairseq_cli.train][INFO] - begin validation on "valid" subset
[2026-08-29 22:06:46,861][fairseq.logging.progress_bar][WARNING] - tensorboard not found, please install with: pip install tensorboard
[2026-08-29 22:06:48,948][valid][INFO] - {"epoch": 23, "valid_loss": "111.175", "valid_nll_loss": "6.528", "valid_total": "291.154", "valid_n_correct": "37.6923", "valid_ppl": "92.28", "valid_accuracy": "12.946", "valid_wps": "4187.5", "valid_wpb": "291.2", "valid_bsz": "18.1", "valid_num_updates": "552", "valid_best_accuracy": "12.946"}
[2026-08-29 22:06:48,951][fairseq.checkpoint_utils][INFO] - Preparing to save checkpoint for epoch 23 @ 552 updates
[2026-08-29 22:06:48,952][fairseq.trainer][INFO] - Saving checkpoint to checkpoints/checkpoint_best.pt
[2026-08-29 22:06:51,232][fairseq.trainer][INFO] - Finished saving checkpoint to checkpoints/checkpoint_best.pt
[2026-08-29 22:06:53,813][fairseq.checkpoint_utils][INFO] - Saved checkpoint checkpoints/checkpoint_best.pt (epoch 23 @ 552 updates, score 12.946) (writing took 4.862488876096904 seconds)
[2026-08-29 22:06:53,815][fairseq_cli.train][INFO] - end of epoch 23 (average epoch stats below)
[2026-08-29 22:06:53,817][train][INFO] - {"epoch": 23, "train_loss": "110.982", "train_nll_loss": "6.517", "train_total": "1209.17", "train_n_correct": "146.208", "train_ppl": "91.59", "train_accuracy": "12.092", "train_wps": "1539.1", "train_ups": "1.27", "train_wpb": "1209.2", "train_bsz": "75", "train_num_updates": "552", "train_lr": "0.00267721", "train_gnorm": "4.25", "train_loss_scale": "128", "train_train_wall": "10", "train_gb_free": "42.8", "train_wall": "427"}
[2026-08-29 22:06:54,136][fairseq.logging.progress_bar][WARNING] - tensorboard not found, please install with: pip install tensorboard
[2026-08-29 22:06:54,138][fairseq.trainer][INFO] - begin training epoch 24
[2026-08-29 22:06:54,139][fairseq_cli.train][INFO] - Start iterating over samples
[2026-08-29 22:07:06,046][fairseq_cli.train][INFO] - begin validation on "valid" subset
[2026-08-29 22:07:06,449][fairseq.logging.progress_bar][WARNING] - tensorboard not found, please install with: pip install tensorboard
[2026-08-29 22:07:08,761][valid][INFO] - {"epoch": 24, "valid_loss": "111.134", "valid_nll_loss": "6.516", "valid_total": "291.154", "valid_n_correct": "39.1538", "valid_ppl": "91.53", "valid_accuracy": "13.448", "valid_wps": "2920.7", "valid_wpb": "291.2", "valid_bsz": "18.1", "valid_num_updates": "576", "valid_best_accuracy": "13.448"}
[2026-08-29 22:07:08,764][fairseq.checkpoint_utils][INFO] - Preparing to save checkpoint for epoch 24 @ 576 updates
[2026-08-29 22:07:08,766][fairseq.trainer][INFO] - Saving checkpoint to checkpoints/checkpoint_best.pt
[2026-08-29 22:07:11,148][fairseq.trainer][INFO] - Finished saving checkpoint to checkpoints/checkpoint_best.pt
[2026-08-29 22:07:13,923][fairseq.checkpoint_utils][INFO] - Saved checkpoint checkpoints/checkpoint_best.pt (epoch 24 @ 576 updates, score 13.448) (writing took 5.158584524877369 seconds)
[2026-08-29 22:07:13,924][fairseq_cli.train][INFO] - end of epoch 24 (average epoch stats below)
[2026-08-29 22:07:13,929][train][INFO] - {"epoch": 24, "train_loss": "110.211", "train_nll_loss": "6.463", "train_total": "1209.17", "train_n_correct": "156.5", "train_ppl": "88.24", "train_accuracy": "12.943", "train_wps": "1443.1", "train_ups": "1.19", "train_wpb": "1209.2", "train_bsz": "75", "train_num_updates": "576", "train_lr": "0.00262952", "train_gnorm": "4.307", "train_loss_scale": "128", "train_train_wall": "10", "train_gb_free": "42.7", "train_wall": "447"}
[2026-08-29 22:07:14,160][fairseq.logging.progress_bar][WARNING] - tensorboard not found, please install with: pip install tensorboard
[2026-08-29 22:07:14,162][fairseq.trainer][INFO] - begin training epoch 25
[2026-08-29 22:07:14,163][fairseq_cli.train][INFO] - Start iterating over samples
[2026-08-29 22:07:25,425][train_inner][INFO] - {"epoch": 25, "update": 25.0, "loss": "110.46", "nll_loss": "6.498", "total": "1206.18", "n_correct": "150.93", "ppl": "90.38", "accuracy": "12.513", "wps": "1597.3", "ups": "1.32", "wpb": "1206.2", "bsz": "75", "num_updates": "600", "lr": "0.00258267", "gnorm": "4.293", "loss_scale": "128", "train_wall": "42", "gb_free": "42.8", "wall": "459"}
[2026-08-29 22:07:25,427][fairseq_cli.train][INFO] - begin validation on "valid" subset
[2026-08-29 22:07:25,698][fairseq.logging.progress_bar][WARNING] - tensorboard not found, please install with: pip install tensorboard
[2026-08-29 22:07:27,798][valid][INFO] - {"epoch": 25, "valid_loss": "110.92", "valid_nll_loss": "6.503", "valid_total": "291.154", "valid_n_correct": "40.8462", "valid_ppl": "90.72", "valid_accuracy": "14.029", "valid_wps": "3531.9", "valid_wpb": "291.2", "valid_bsz": "18.1", "valid_num_updates": "600", "valid_best_accuracy": "14.029"}
[2026-08-29 22:07:27,810][fairseq.checkpoint_utils][INFO] - Preparing to save checkpoint for epoch 25 @ 600 updates
[2026-08-29 22:07:27,814][fairseq.trainer][INFO] - Saving checkpoint to checkpoints/checkpoint_best.pt
[2026-08-29 22:07:29,909][fairseq.trainer][INFO] - Finished saving checkpoint to checkpoints/checkpoint_best.pt
[2026-08-29 22:07:32,695][fairseq.checkpoint_utils][INFO] - Saved checkpoint checkpoints/checkpoint_best.pt (epoch 25 @ 600 updates, score 14.029) (writing took 4.884730271995068 seconds)
[2026-08-29 22:07:32,696][fairseq_cli.train][INFO] - end of epoch 25 (average epoch stats below)
[2026-08-29 22:07:32,699][train][INFO] - {"epoch": 25, "train_loss": "109.51", "train_nll_loss": "6.412", "train_total": "1209.17", "train_n_correct": "160.875", "train_ppl": "85.18", "train_accuracy": "13.305", "train_wps": "1546.2", "train_ups": "1.28", "train_wpb": "1209.2", "train_bsz": "75", "train_num_updates": "600", "train_lr": "0.00258267", "train_gnorm": "4.217", "train_loss_scale": "128", "train_train_wall": "10", "train_gb_free": "42.8", "train_wall": "466"}
[2026-08-29 22:07:33,053][fairseq.logging.progress_bar][WARNING] - tensorboard not found, please install with: pip install tensorboard
[2026-08-29 22:07:33,057][fairseq.trainer][INFO] - begin training epoch 26
[2026-08-29 22:07:33,057][fairseq_cli.train][INFO] - Start iterating over samples
[2026-08-29 22:07:44,260][fairseq_cli.train][INFO] - begin validation on "valid" subset
[2026-08-29 22:07:44,481][fairseq.logging.progress_bar][WARNING] - tensorboard not found, please install with: pip install tensorboard
[2026-08-29 22:07:46,380][valid][INFO] - {"epoch": 26, "valid_loss": "109.988", "valid_nll_loss": "6.436", "valid_total": "291.154", "valid_n_correct": "43.2308", "valid_ppl": "86.57", "valid_accuracy": "14.848", "valid_wps": "4399.1", "valid_wpb": "291.2", "valid_bsz": "18.1", "valid_num_updates": "624", "valid_best_accuracy": "14.848"}
[2026-08-29 22:07:46,382][fairseq.checkpoint_utils][INFO] - Preparing to save checkpoint for epoch 26 @ 624 updates
[2026-08-29 22:07:46,385][fairseq.trainer][INFO] - Saving checkpoint to checkpoints/checkpoint_best.pt
[2026-08-29 22:07:48,586][fairseq.trainer][INFO] - Finished saving checkpoint to checkpoints/checkpoint_best.pt
[2026-08-29 22:07:51,218][fairseq.checkpoint_utils][INFO] - Saved checkpoint checkpoints/checkpoint_best.pt (epoch 26 @ 624 updates, score 14.848) (writing took 4.8350280011072755 seconds)
[2026-08-29 22:07:51,219][fairseq_cli.train][INFO] - end of epoch 26 (average epoch stats below)
[2026-08-29 22:07:51,221][train][INFO] - {"epoch": 26, "train_loss": "108.942", "train_nll_loss": "6.371", "train_total": "1209.17", "train_n_correct": "166.833", "train_ppl": "82.8", "train_accuracy": "13.797", "train_wps": "1567.7", "train_ups": "1.3", "train_wpb": "1209.2", "train_bsz": "75", "train_num_updates": "624", "train_lr": "0.00253667", "train_gnorm": "4.426", "train_loss_scale": "128", "train_train_wall": "10", "train_gb_free": "43", "train_wall": "485"}
[2026-08-29 22:07:51,499][fairseq.logging.progress_bar][WARNING] - tensorboard not found, please install with: pip install tensorboard
[2026-08-29 22:07:51,521][fairseq.trainer][INFO] - begin training epoch 27
[2026-08-29 22:07:51,522][fairseq_cli.train][INFO] - Start iterating over samples
[2026-08-29 22:08:02,416][fairseq_cli.train][INFO] - begin validation on "valid" subset
[2026-08-29 22:08:02,638][fairseq.logging.progress_bar][WARNING] - tensorboard not found, please install with: pip install tensorboard
[2026-08-29 22:08:04,520][valid][INFO] - {"epoch": 27, "valid_loss": "109.529", "valid_nll_loss": "6.402", "valid_total": "291.154", "valid_n_correct": "44.5385", "valid_ppl": "84.57", "valid_accuracy": "15.297", "valid_wps": "4249.3", "valid_wpb": "291.2", "valid_bsz": "18.1", "valid_num_updates": "648", "valid_best_accuracy": "15.297"}
[2026-08-29 22:08:04,526][fairseq.checkpoint_utils][INFO] - Preparing to save checkpoint for epoch 27 @ 648 updates
[2026-08-29 22:08:04,533][fairseq.trainer][INFO] - Saving checkpoint to checkpoints/checkpoint_best.pt
[2026-08-29 22:08:06,662][fairseq.trainer][INFO] - Finished saving checkpoint to checkpoints/checkpoint_best.pt
[2026-08-29 22:08:09,413][fairseq.checkpoint_utils][INFO] - Saved checkpoint checkpoints/checkpoint_best.pt (epoch 27 @ 648 updates, score 15.297) (writing took 4.886267291381955 seconds)
[2026-08-29 22:08:09,415][fairseq_cli.train][INFO] - end of epoch 27 (average epoch stats below)
[2026-08-29 22:08:09,418][train][INFO] - {"epoch": 27, "train_loss": "108.632", "train_nll_loss": "6.35", "train_total": "1209.17", "train_n_correct": "171.125", "train_ppl": "81.57", "train_accuracy": "14.152", "train_wps": "1595.5", "train_ups": "1.32", "train_wpb": "1209.2", "train_bsz": "75", "train_num_updates": "648", "train_lr": "0.00249148", "train_gnorm": "4.279", "train_loss_scale": "128", "train_train_wall": "10", "train_gb_free": "43", "train_wall": "503"}
[2026-08-29 22:08:09,763][fairseq.logging.progress_bar][WARNING] - tensorboard not found, please install with: pip install tensorboard
[2026-08-29 22:08:09,821][fairseq.trainer][INFO] - begin training epoch 28
[2026-08-29 22:08:09,822][fairseq_cli.train][INFO] - Start iterating over samples
[2026-08-29 22:08:20,944][fairseq_cli.train][INFO] - begin validation on "valid" subset
[2026-08-29 22:08:21,222][fairseq.logging.progress_bar][WARNING] - tensorboard not found, please install with: pip install tensorboard
[2026-08-29 22:08:23,134][valid][INFO] - {"epoch": 28, "valid_loss": "110.371", "valid_nll_loss": "6.451", "valid_total": "291.154", "valid_n_correct": "44.9231", "valid_ppl": "87.46", "valid_accuracy": "15.429", "valid_wps": "4430.4", "valid_wpb": "291.2", "valid_bsz": "18.1", "valid_num_updates": "672", "valid_best_accuracy": "15.429"}
[2026-08-29 22:08:23,137][fairseq.checkpoint_utils][INFO] - Preparing to save checkpoint for epoch 28 @ 672 updates
[2026-08-29 22:08:23,138][fairseq.trainer][INFO] - Saving checkpoint to checkpoints/checkpoint_best.pt
[2026-08-29 22:08:25,534][fairseq.trainer][INFO] - Finished saving checkpoint to checkpoints/checkpoint_best.pt
[2026-08-29 22:08:28,363][fairseq.checkpoint_utils][INFO] - Saved checkpoint checkpoints/checkpoint_best.pt (epoch 28 @ 672 updates, score 15.429) (writing took 5.226868348196149 seconds)
[2026-08-29 22:08:28,365][fairseq_cli.train][INFO] - end of epoch 28 (average epoch stats below)
[2026-08-29 22:08:28,368][train][INFO] - {"epoch": 28, "train_loss": "107.63", "train_nll_loss": "6.278", "train_total": "1209.17", "train_n_correct": "184.917", "train_ppl": "77.59", "train_accuracy": "15.293", "train_wps": "1531.5", "train_ups": "1.27", "train_wpb": "1209.2", "train_bsz": "75", "train_num_updates": "672", "train_lr": "0.0024471", "train_gnorm": "4.237", "train_loss_scale": "128", "train_train_wall": "10", "train_gb_free": "42.7", "train_wall": "522"}
[2026-08-29 22:08:28,717][fairseq.logging.progress_bar][WARNING] - tensorboard not found, please install with: pip install tensorboard
[2026-08-29 22:08:28,721][fairseq.trainer][INFO] - begin training epoch 29
[2026-08-29 22:08:28,722][fairseq_cli.train][INFO] - Start iterating over samples
[2026-08-29 22:08:39,864][fairseq_cli.train][INFO] - begin validation on "valid" subset
[2026-08-29 22:08:40,060][fairseq.logging.progress_bar][WARNING] - tensorboard not found, please install with: pip install tensorboard
[2026-08-29 22:08:42,104][valid][INFO] - {"epoch": 29, "valid_loss": "109.086", "valid_nll_loss": "6.368", "valid_total": "291.154", "valid_n_correct": "45.6923", "valid_ppl": "82.59", "valid_accuracy": "15.694", "valid_wps": "4108.8", "valid_wpb": "291.2", "valid_bsz": "18.1", "valid_num_updates": "696", "valid_best_accuracy": "15.694"}
[2026-08-29 22:08:42,114][fairseq.checkpoint_utils][INFO] - Preparing to save checkpoint for epoch 29 @ 696 updates
[2026-08-29 22:08:42,115][fairseq.trainer][INFO] - Saving checkpoint to checkpoints/checkpoint_best.pt
[2026-08-29 22:08:44,435][fairseq.trainer][INFO] - Finished saving checkpoint to checkpoints/checkpoint_best.pt
[2026-08-29 22:08:47,260][fairseq.checkpoint_utils][INFO] - Saved checkpoint checkpoints/checkpoint_best.pt (epoch 29 @ 696 updates, score 15.694) (writing took 5.146433332934976 seconds)
[2026-08-29 22:08:47,262][fairseq_cli.train][INFO] - end of epoch 29 (average epoch stats below)
[2026-08-29 22:08:47,266][train][INFO] - {"epoch": 29, "train_loss": "107.302", "train_nll_loss": "6.255", "train_total": "1209.17", "train_n_correct": "188.417", "train_ppl": "76.35", "train_accuracy": "15.582", "train_wps": "1535.7", "train_ups": "1.27", "train_wpb": "1209.2", "train_bsz": "75", "train_num_updates": "696", "train_lr": "0.00240351", "train_gnorm": "4.412", "train_loss_scale": "128", "train_train_wall": "10", "train_gb_free": "42.7", "train_wall": "541"}
[2026-08-29 22:08:47,573][fairseq.logging.progress_bar][WARNING] - tensorboard not found, please install with: pip install tensorboard
[2026-08-29 22:08:47,576][fairseq.trainer][INFO] - begin training epoch 30
[2026-08-29 22:08:47,577][fairseq_cli.train][INFO] - Start iterating over samples
[2026-08-29 22:08:50,547][train_inner][INFO] - {"epoch": 30, "update": 29.167, "loss": "107.697", "nll_loss": "6.309", "total": "1211.13", "n_correct": "178.86", "ppl": "79.3", "accuracy": "14.768", "wps": "1422.8", "ups": "1.17", "wpb": "1211.1", "bsz": "75.4", "num_updates": "700", "lr": "0.00239632", "gnorm": "4.314", "loss_scale": "128", "train_wall": "41", "gb_free": "42.8", "wall": "544"}
[2026-08-29 22:08:58,551][fairseq_cli.train][INFO] - begin validation on "valid" subset
[2026-08-29 22:08:58,791][fairseq.logging.progress_bar][WARNING] - tensorboard not found, please install with: pip install tensorboard
[2026-08-29 22:09:00,762][valid][INFO] - {"epoch": 30, "valid_loss": "108.842", "valid_nll_loss": "6.353", "valid_total": "291.154", "valid_n_correct": "45.8462", "valid_ppl": "81.74", "valid_accuracy": "15.746", "valid_wps": "3696.5", "valid_wpb": "291.2", "valid_bsz": "18.1", "valid_num_updates": "720", "valid_best_accuracy": "15.746"}
[2026-08-29 22:09:00,765][fairseq.checkpoint_utils][INFO] - Preparing to save checkpoint for epoch 30 @ 720 updates
[2026-08-29 22:09:00,766][fairseq.trainer][INFO] - Saving checkpoint to checkpoints/checkpoint_best.pt
[2026-08-29 22:09:03,045][fairseq.trainer][INFO] - Finished saving checkpoint to checkpoints/checkpoint_best.pt
[2026-08-29 22:09:06,012][fairseq.checkpoint_utils][INFO] - Saved checkpoint checkpoints/checkpoint_best.pt (epoch 30 @ 720 updates, score 15.746) (writing took 5.246956907212734 seconds)
[2026-08-29 22:09:06,013][fairseq_cli.train][INFO] - end of epoch 30 (average epoch stats below)
[2026-08-29 22:09:06,015][train][INFO] - {"epoch": 30, "train_loss": "106.681", "train_nll_loss": "6.21", "train_total": "1209.17", "train_n_correct": "195.667", "train_ppl": "74.05", "train_accuracy": "16.182", "train_wps": "1547.9", "train_ups": "1.28", "train_wpb": "1209.2", "train_bsz": "75", "train_num_updates": "720", "train_lr": "0.00236069", "train_gnorm": "4.53", "train_loss_scale": "128", "train_train_wall": "10", "train_gb_free": "42.7", "train_wall": "559"}
[2026-08-29 22:09:06,318][fairseq.logging.progress_bar][WARNING] - tensorboard not found, please install with: pip install tensorboard
[2026-08-29 22:09:06,321][fairseq.trainer][INFO] - begin training epoch 31
[2026-08-29 22:09:06,322][fairseq_cli.train][INFO] - Start iterating over samples
[2026-08-29 22:09:17,478][fairseq_cli.train][INFO] - begin validation on "valid" subset
[2026-08-29 22:09:17,763][fairseq.logging.progress_bar][WARNING] - tensorboard not found, please install with: pip install tensorboard
[2026-08-29 22:09:19,822][valid][INFO] - {"epoch": 31, "valid_loss": "108.615", "valid_nll_loss": "6.329", "valid_total": "291.154", "valid_n_correct": "49.6923", "valid_ppl": "80.38", "valid_accuracy": "17.067", "valid_wps": "3990.4", "valid_wpb": "291.2", "valid_bsz": "18.1", "valid_num_updates": "744", "valid_best_accuracy": "17.067"}
[2026-08-29 22:09:19,827][fairseq.checkpoint_utils][INFO] - Preparing to save checkpoint for epoch 31 @ 744 updates
[2026-08-29 22:09:19,828][fairseq.trainer][INFO] - Saving checkpoint to checkpoints/checkpoint_best.pt
[2026-08-29 22:09:22,011][fairseq.trainer][INFO] - Finished saving checkpoint to checkpoints/checkpoint_best.pt
[2026-08-29 22:09:24,668][fairseq.checkpoint_utils][INFO] - Saved checkpoint checkpoints/checkpoint_best.pt (epoch 31 @ 744 updates, score 17.067) (writing took 4.840538645163178 seconds)
[2026-08-29 22:09:24,669][fairseq_cli.train][INFO] - end of epoch 31 (average epoch stats below)
[2026-08-29 22:09:24,671][train][INFO] - {"epoch": 31, "train_loss": "106.12", "train_nll_loss": "6.171", "train_total": "1209.17", "train_n_correct": "201.25", "train_ppl": "72.05", "train_accuracy": "16.644", "train_wps": "1555.6", "train_ups": "1.29", "train_wpb": "1209.2", "train_bsz": "75", "train_num_updates": "744", "train_lr": "0.00231864", "train_gnorm": "4.176", "train_loss_scale": "128", "train_train_wall": "10", "train_gb_free": "42.8", "train_wall": "578"}
[2026-08-29 22:09:24,994][fairseq.logging.progress_bar][WARNING] - tensorboard not found, please install with: pip install tensorboard
[2026-08-29 22:09:24,998][fairseq.trainer][INFO] - begin training epoch 32
[2026-08-29 22:09:25,002][fairseq_cli.train][INFO] - Start iterating over samples
[2026-08-29 22:09:36,097][fairseq_cli.train][INFO] - begin validation on "valid" subset
[2026-08-29 22:09:36,318][fairseq.logging.progress_bar][WARNING] - tensorboard not found, please install with: pip install tensorboard
[2026-08-29 22:09:38,199][valid][INFO] - {"epoch": 32, "valid_loss": "108.095", "valid_nll_loss": "6.297", "valid_total": "291.154", "valid_n_correct": "49.8462", "valid_ppl": "78.66", "valid_accuracy": "17.12", "valid_wps": "4425.9", "valid_wpb": "291.2", "valid_bsz": "18.1", "valid_num_updates": "768", "valid_best_accuracy": "17.12"}
[2026-08-29 22:09:38,210][fairseq.checkpoint_utils][INFO] - Preparing to save checkpoint for epoch 32 @ 768 updates
[2026-08-29 22:09:38,211][fairseq.trainer][INFO] - Saving checkpoint to checkpoints/checkpoint_best.pt
[2026-08-29 22:09:40,407][fairseq.trainer][INFO] - Finished saving checkpoint to checkpoints/checkpoint_best.pt
[2026-08-29 22:09:43,193][fairseq.checkpoint_utils][INFO] - Saved checkpoint checkpoints/checkpoint_best.pt (epoch 32 @ 768 updates, score 17.12) (writing took 4.982492444105446 seconds)
[2026-08-29 22:09:43,194][fairseq_cli.train][INFO] - end of epoch 32 (average epoch stats below)
[2026-08-29 22:09:43,199][train][INFO] - {"epoch": 32, "train_loss": "105.601", "train_nll_loss": "6.133", "train_total": "1209.17", "train_n_correct": "208.625", "train_ppl": "70.17", "train_accuracy": "17.254", "train_wps": "1566.4", "train_ups": "1.3", "train_wpb": "1209.2", "train_bsz": "75", "train_num_updates": "768", "train_lr": "0.00227733", "train_gnorm": "4.496", "train_loss_scale": "128", "train_train_wall": "10", "train_gb_free": "42.9", "train_wall": "597"}
[2026-08-29 22:09:43,537][fairseq.logging.progress_bar][WARNING] - tensorboard not found, please install with: pip install tensorboard
[2026-08-29 22:09:43,540][fairseq.trainer][INFO] - begin training epoch 33
[2026-08-29 22:09:43,541][fairseq_cli.train][INFO] - Start iterating over samples
[2026-08-29 22:09:54,907][fairseq_cli.train][INFO] - begin validation on "valid" subset
[2026-08-29 22:09:55,135][fairseq.logging.progress_bar][WARNING] - tensorboard not found, please install with: pip install tensorboard
[2026-08-29 22:09:57,266][valid][INFO] - {"epoch": 33, "valid_loss": "107.811", "valid_nll_loss": "6.271", "valid_total": "291.154", "valid_n_correct": "50.5385", "valid_ppl": "77.25", "valid_accuracy": "17.358", "valid_wps": "3475", "valid_wpb": "291.2", "valid_bsz": "18.1", "valid_num_updates": "792", "valid_best_accuracy": "17.358"}
[2026-08-29 22:09:57,268][fairseq.checkpoint_utils][INFO] - Preparing to save checkpoint for epoch 33 @ 792 updates
[2026-08-29 22:09:57,279][fairseq.trainer][INFO] - Saving checkpoint to checkpoints/checkpoint_best.pt
[2026-08-29 22:09:59,567][fairseq.trainer][INFO] - Finished saving checkpoint to checkpoints/checkpoint_best.pt
[2026-08-29 22:10:02,209][fairseq.checkpoint_utils][INFO] - Saved checkpoint checkpoints/checkpoint_best.pt (epoch 33 @ 792 updates, score 17.358) (writing took 4.94070880394429 seconds)
[2026-08-29 22:10:02,211][fairseq_cli.train][INFO] - end of epoch 33 (average epoch stats below)
[2026-08-29 22:10:02,213][train][INFO] - {"epoch": 33, "train_loss": "105.204", "train_nll_loss": "6.105", "train_total": "1209.17", "train_n_correct": "211.5", "train_ppl": "68.85", "train_accuracy": "17.491", "train_wps": "1527.2", "train_ups": "1.26", "train_wpb": "1209.2", "train_bsz": "75", "train_num_updates": "792", "train_lr": "0.00223676", "train_gnorm": "4.442", "train_loss_scale": "128", "train_train_wall": "10", "train_gb_free": "42.7", "train_wall": "616"}
[2026-08-29 22:10:02,480][fairseq.logging.progress_bar][WARNING] - tensorboard not found, please install with: pip install tensorboard
[2026-08-29 22:10:02,484][fairseq.trainer][INFO] - begin training epoch 34
[2026-08-29 22:10:02,485][fairseq_cli.train][INFO] - Start iterating over samples
[2026-08-29 22:10:07,078][train_inner][INFO] - {"epoch": 34, "update": 33.333, "loss": "106.296", "nll_loss": "6.144", "total": "1202.5", "n_correct": "204.93", "ppl": "70.71", "accuracy": "17.042", "wps": "1571.3", "ups": "1.31", "wpb": "1202.5", "bsz": "74.2", "num_updates": "800", "lr": "0.0022234", "gnorm": "4.451", "loss_scale": "128", "train_wall": "41", "gb_free": "42.7", "wall": "620"}
[2026-08-29 22:10:13,564][fairseq_cli.train][INFO] - begin validation on "valid" subset
[2026-08-29 22:10:13,790][fairseq.logging.progress_bar][WARNING] - tensorboard not found, please install with: pip install tensorboard
[2026-08-29 22:10:15,678][valid][INFO] - {"epoch": 34, "valid_loss": "107.172", "valid_nll_loss": "6.232", "valid_total": "291.154", "valid_n_correct": "52.3077", "valid_ppl": "75.14", "valid_accuracy": "17.966", "valid_wps": "4122.2", "valid_wpb": "291.2", "valid_bsz": "18.1", "valid_num_updates": "816", "valid_best_accuracy": "17.966"}
[2026-08-29 22:10:15,680][fairseq.checkpoint_utils][INFO] - Preparing to save checkpoint for epoch 34 @ 816 updates
[2026-08-29 22:10:15,681][fairseq.trainer][INFO] - Saving checkpoint to checkpoints/checkpoint_best.pt
[2026-08-29 22:10:18,107][fairseq.trainer][INFO] - Finished saving checkpoint to checkpoints/checkpoint_best.pt
[2026-08-29 22:10:20,766][fairseq.checkpoint_utils][INFO] - Saved checkpoint checkpoints/checkpoint_best.pt (epoch 34 @ 816 updates, score 17.966) (writing took 5.085336873307824 seconds)
[2026-08-29 22:10:20,767][fairseq_cli.train][INFO] - end of epoch 34 (average epoch stats below)
[2026-08-29 22:10:20,770][train][INFO] - {"epoch": 34, "train_loss": "104.709", "train_nll_loss": "6.069", "train_total": "1209.17", "train_n_correct": "219.375", "train_ppl": "67.15", "train_accuracy": "18.143", "train_wps": "1564", "train_ups": "1.29", "train_wpb": "1209.2", "train_bsz": "75", "train_num_updates": "816", "train_lr": "0.00219692", "train_gnorm": "4.34", "train_loss_scale": "128", "train_train_wall": "10", "train_gb_free": "42.7", "train_wall": "634"}
[2026-08-29 22:10:21,050][fairseq.logging.progress_bar][WARNING] - tensorboard not found, please install with: pip install tensorboard
[2026-08-29 22:10:21,053][fairseq.trainer][INFO] - begin training epoch 35
[2026-08-29 22:10:21,054][fairseq_cli.train][INFO] - Start iterating over samples
[2026-08-29 22:10:32,161][fairseq_cli.train][INFO] - begin validation on "valid" subset
[2026-08-29 22:10:32,394][fairseq.logging.progress_bar][WARNING] - tensorboard not found, please install with: pip install tensorboard
[2026-08-29 22:10:34,346][valid][INFO] - {"epoch": 35, "valid_loss": "107.832", "valid_nll_loss": "6.268", "valid_total": "291.154", "valid_n_correct": "53.6154", "valid_ppl": "77.06", "valid_accuracy": "18.415", "valid_wps": "4288.3", "valid_wpb": "291.2", "valid_bsz": "18.1", "valid_num_updates": "840", "valid_best_accuracy": "18.415"}
[2026-08-29 22:10:34,349][fairseq.checkpoint_utils][INFO] - Preparing to save checkpoint for epoch 35 @ 840 updates
[2026-08-29 22:10:34,350][fairseq.trainer][INFO] - Saving checkpoint to checkpoints/checkpoint_best.pt
[2026-08-29 22:10:36,573][fairseq.trainer][INFO] - Finished saving checkpoint to checkpoints/checkpoint_best.pt
[2026-08-29 22:10:39,220][fairseq.checkpoint_utils][INFO] - Saved checkpoint checkpoints/checkpoint_best.pt (epoch 35 @ 840 updates, score 18.415) (writing took 4.8714011721313 seconds)
[2026-08-29 22:10:39,224][fairseq_cli.train][INFO] - end of epoch 35 (average epoch stats below)
[2026-08-29 22:10:39,227][train][INFO] - {"epoch": 35, "train_loss": "104.487", "train_nll_loss": "6.054", "train_total": "1209.17", "train_n_correct": "220.583", "train_ppl": "66.46", "train_accuracy": "18.243", "train_wps": "1572.5", "train_ups": "1.3", "train_wpb": "1209.2", "train_bsz": "75", "train_num_updates": "840", "train_lr": "0.00215778", "train_gnorm": "4.953", "train_loss_scale": "128", "train_train_wall": "10", "train_gb_free": "42.7", "train_wall": "653"}
[2026-08-29 22:10:39,518][fairseq.logging.progress_bar][WARNING] - tensorboard not found, please install with: pip install tensorboard
[2026-08-29 22:10:39,520][fairseq.trainer][INFO] - begin training epoch 36
[2026-08-29 22:10:39,521][fairseq_cli.train][INFO] - Start iterating over samples
[2026-08-29 22:10:50,799][fairseq_cli.train][INFO] - begin validation on "valid" subset
[2026-08-29 22:10:51,041][fairseq.logging.progress_bar][WARNING] - tensorboard not found, please install with: pip install tensorboard
[2026-08-29 22:10:53,034][valid][INFO] - {"epoch": 36, "valid_loss": "107.063", "valid_nll_loss": "6.22", "valid_total": "291.154", "valid_n_correct": "53.6923", "valid_ppl": "74.55", "valid_accuracy": "18.441", "valid_wps": "4178", "valid_wpb": "291.2", "valid_bsz": "18.1", "valid_num_updates": "864", "valid_best_accuracy": "18.441"}
[2026-08-29 22:10:53,037][fairseq.checkpoint_utils][INFO] - Preparing to save checkpoint for epoch 36 @ 864 updates
[2026-08-29 22:10:53,038][fairseq.trainer][INFO] - Saving checkpoint to checkpoints/checkpoint_best.pt
[2026-08-29 22:10:55,204][fairseq.trainer][INFO] - Finished saving checkpoint to checkpoints/checkpoint_best.pt
[2026-08-29 22:10:57,783][fairseq.checkpoint_utils][INFO] - Saved checkpoint checkpoints/checkpoint_best.pt (epoch 36 @ 864 updates, score 18.441) (writing took 4.746098771691322 seconds)
[2026-08-29 22:10:57,787][fairseq_cli.train][INFO] - end of epoch 36 (average epoch stats below)
[2026-08-29 22:10:57,789][train][INFO] - {"epoch": 36, "train_loss": "103.95", "train_nll_loss": "6.015", "train_total": "1209.17", "train_n_correct": "228.625", "train_ppl": "64.66", "train_accuracy": "18.908", "train_wps": "1563.5", "train_ups": "1.29", "train_wpb": "1209.2", "train_bsz": "75", "train_num_updates": "864", "train_lr": "0.00211935", "train_gnorm": "4.317", "train_loss_scale": "128", "train_train_wall": "10", "train_gb_free": "42.7", "train_wall": "671"}
[2026-08-29 22:10:58,138][fairseq.logging.progress_bar][WARNING] - tensorboard not found, please install with: pip install tensorboard
[2026-08-29 22:10:58,142][fairseq.trainer][INFO] - begin training epoch 37
[2026-08-29 22:10:58,143][fairseq_cli.train][INFO] - Start iterating over samples
[2026-08-29 22:11:09,859][fairseq_cli.train][INFO] - begin validation on "valid" subset
[2026-08-29 22:11:10,111][fairseq.logging.progress_bar][WARNING] - tensorboard not found, please install with: pip install tensorboard
[2026-08-29 22:11:12,104][valid][INFO] - {"epoch": 37, "valid_loss": "106.643", "valid_nll_loss": "6.192", "valid_total": "291.154", "valid_n_correct": "53.5385", "valid_ppl": "73.1", "valid_accuracy": "18.388", "valid_wps": "3900.9", "valid_wpb": "291.2", "valid_bsz": "18.1", "valid_num_updates": "888", "valid_best_accuracy": "18.441"}
[2026-08-29 22:11:12,112][fairseq.checkpoint_utils][INFO] - Preparing to save checkpoint for epoch 37 @ 888 updates
[2026-08-29 22:11:12,113][fairseq.trainer][INFO] - Saving checkpoint to checkpoints/checkpoint_last.pt
[2026-08-29 22:11:14,384][fairseq.trainer][INFO] - Finished saving checkpoint to checkpoints/checkpoint_last.pt
[2026-08-29 22:11:14,386][fairseq.checkpoint_utils][INFO] - Saved checkpoint checkpoints/checkpoint_last.pt (epoch 37 @ 888 updates, score 18.388) (writing took 2.2742476910352707 seconds)
[2026-08-29 22:11:14,390][fairseq_cli.train][INFO] - end of epoch 37 (average epoch stats below)
[2026-08-29 22:11:14,391][train][INFO] - {"epoch": 37, "train_loss": "103.439", "train_nll_loss": "5.98", "train_total": "1209.17", "train_n_correct": "232.833", "train_ppl": "63.11", "train_accuracy": "19.256", "train_wps": "1748.1", "train_ups": "1.45", "train_wpb": "1209.2", "train_bsz": "75", "train_num_updates": "888", "train_lr": "0.00208159", "train_gnorm": "4.515", "train_loss_scale": "128", "train_train_wall": "10", "train_gb_free": "43", "train_wall": "688"}
[2026-08-29 22:11:14,610][fairseq.logging.progress_bar][WARNING] - tensorboard not found, please install with: pip install tensorboard
[2026-08-29 22:11:14,621][fairseq.trainer][INFO] - begin training epoch 38
[2026-08-29 22:11:14,623][fairseq_cli.train][INFO] - Start iterating over samples
[2026-08-29 22:11:21,201][train_inner][INFO] - {"epoch": 38, "update": 37.5, "loss": "103.86", "nll_loss": "6.028", "total": "1226.95", "n_correct": "228.98", "ppl": "65.27", "accuracy": "18.663", "wps": "1655.3", "ups": "1.35", "wpb": "1227", "bsz": "76.3", "num_updates": "900", "lr": "0.00206297", "gnorm": "4.507", "loss_scale": "128", "train_wall": "42", "gb_free": "43", "wall": "695"}
[2026-08-29 22:11:26,032][fairseq_cli.train][INFO] - begin validation on "valid" subset
[2026-08-29 22:11:26,325][fairseq.logging.progress_bar][WARNING] - tensorboard not found, please install with: pip install tensorboard
[2026-08-29 22:11:28,328][valid][INFO] - {"epoch": 38, "valid_loss": "106.925", "valid_nll_loss": "6.202", "valid_total": "291.154", "valid_n_correct": "56.4615", "valid_ppl": "73.64", "valid_accuracy": "19.392", "valid_wps": "4119.3", "valid_wpb": "291.2", "valid_bsz": "18.1", "valid_num_updates": "912", "valid_best_accuracy": "19.392"}
[2026-08-29 22:11:28,331][fairseq.checkpoint_utils][INFO] - Preparing to save checkpoint for epoch 38 @ 912 updates
[2026-08-29 22:11:28,332][fairseq.trainer][INFO] - Saving checkpoint to checkpoints/checkpoint_best.pt
[2026-08-29 22:11:30,541][fairseq.trainer][INFO] - Finished saving checkpoint to checkpoints/checkpoint_best.pt
[2026-08-29 22:11:33,224][fairseq.checkpoint_utils][INFO] - Saved checkpoint checkpoints/checkpoint_best.pt (epoch 38 @ 912 updates, score 19.392) (writing took 4.892914153635502 seconds)
[2026-08-29 22:11:33,226][fairseq_cli.train][INFO] - end of epoch 38 (average epoch stats below)
[2026-08-29 22:11:33,230][train][INFO] - {"epoch": 38, "train_loss": "103.113", "train_nll_loss": "5.956", "train_total": "1209.17", "train_n_correct": "236.292", "train_ppl": "62.07", "train_accuracy": "19.542", "train_wps": "1540.6", "train_ups": "1.27", "train_wpb": "1209.2", "train_bsz": "75", "train_num_updates": "912", "train_lr": "0.00204451", "train_gnorm": "4.498", "train_loss_scale": "128", "train_train_wall": "10", "train_gb_free": "42.7", "train_wall": "707"}
[2026-08-29 22:11:33,622][fairseq.logging.progress_bar][WARNING] - tensorboard not found, please install with: pip install tensorboard
[2026-08-29 22:11:33,625][fairseq.trainer][INFO] - begin training epoch 39
[2026-08-29 22:11:33,626][fairseq_cli.train][INFO] - Start iterating over samples
[2026-08-29 22:11:45,238][fairseq_cli.train][INFO] - begin validation on "valid" subset
[2026-08-29 22:11:45,493][fairseq.logging.progress_bar][WARNING] - tensorboard not found, please install with: pip install tensorboard
[2026-08-29 22:11:47,378][valid][INFO] - {"epoch": 39, "valid_loss": "106.736", "valid_nll_loss": "6.192", "valid_total": "291.154", "valid_n_correct": "56.0769", "valid_ppl": "73.13", "valid_accuracy": "19.26", "valid_wps": "4403.7", "valid_wpb": "291.2", "valid_bsz": "18.1", "valid_num_updates": "936", "valid_best_accuracy": "19.392"}
[2026-08-29 22:11:47,382][fairseq.checkpoint_utils][INFO] - Preparing to save checkpoint for epoch 39 @ 936 updates
[2026-08-29 22:11:47,386][fairseq.trainer][INFO] - Saving checkpoint to checkpoints/checkpoint_last.pt
[2026-08-29 22:11:49,598][fairseq.trainer][INFO] - Finished saving checkpoint to checkpoints/checkpoint_last.pt
[2026-08-29 22:11:49,604][fairseq.checkpoint_utils][INFO] - Saved checkpoint checkpoints/checkpoint_last.pt (epoch 39 @ 936 updates, score 19.26) (writing took 2.2216964224353433 seconds)
[2026-08-29 22:11:49,610][fairseq_cli.train][INFO] - end of epoch 39 (average epoch stats below)
[2026-08-29 22:11:49,612][train][INFO] - {"epoch": 39, "train_loss": "103.089", "train_nll_loss": "5.954", "train_total": "1209.17", "train_n_correct": "239.792", "train_ppl": "62.01", "train_accuracy": "19.831", "train_wps": "1771.6", "train_ups": "1.47", "train_wpb": "1209.2", "train_bsz": "75", "train_num_updates": "936", "train_lr": "0.00200809", "train_gnorm": "5.004", "train_loss_scale": "128", "train_train_wall": "10", "train_gb_free": "42.9", "train_wall": "723"}
[2026-08-29 22:11:49,865][fairseq.logging.progress_bar][WARNING] - tensorboard not found, please install with: pip install tensorboard
[2026-08-29 22:11:49,868][fairseq.trainer][INFO] - begin training epoch 40
[2026-08-29 22:11:49,869][fairseq_cli.train][INFO] - Start iterating over samples
[2026-08-29 22:12:00,924][fairseq_cli.train][INFO] - begin validation on "valid" subset
[2026-08-29 22:12:01,228][fairseq.logging.progress_bar][WARNING] - tensorboard not found, please install with: pip install tensorboard
[2026-08-29 22:12:03,393][valid][INFO] - {"epoch": 40, "valid_loss": "106.68", "valid_nll_loss": "6.187", "valid_total": "291.154", "valid_n_correct": "57.3077", "valid_ppl": "72.87", "valid_accuracy": "19.683", "valid_wps": "3280.5", "valid_wpb": "291.2", "valid_bsz": "18.1", "valid_num_updates": "960", "valid_best_accuracy": "19.683"}
[2026-08-29 22:12:03,396][fairseq.checkpoint_utils][INFO] - Preparing to save checkpoint for epoch 40 @ 960 updates
[2026-08-29 22:12:03,397][fairseq.trainer][INFO] - Saving checkpoint to checkpoints/checkpoint_best.pt
[2026-08-29 22:12:05,591][fairseq.trainer][INFO] - Finished saving checkpoint to checkpoints/checkpoint_best.pt
[2026-08-29 22:12:08,550][fairseq.checkpoint_utils][INFO] - Saved checkpoint checkpoints/checkpoint_best.pt (epoch 40 @ 960 updates, score 19.683) (writing took 5.154266075231135 seconds)
[2026-08-29 22:12:08,552][fairseq_cli.train][INFO] - end of epoch 40 (average epoch stats below)
[2026-08-29 22:12:08,554][train][INFO] - {"epoch": 40, "train_loss": "102.633", "train_nll_loss": "5.921", "train_total": "1209.17", "train_n_correct": "246.167", "train_ppl": "60.61", "train_accuracy": "20.358", "train_wps": "1532.1", "train_ups": "1.27", "train_wpb": "1209.2", "train_bsz": "75", "train_num_updates": "960", "train_lr": "0.00197232", "train_gnorm": "4.483", "train_loss_scale": "128", "train_train_wall": "10", "train_gb_free": "42.7", "train_wall": "742"}
[2026-08-29 22:12:08,863][fairseq.logging.progress_bar][WARNING] - tensorboard not found, please install with: pip install tensorboard
[2026-08-29 22:12:08,867][fairseq.trainer][INFO] - begin training epoch 41
[2026-08-29 22:12:08,868][fairseq_cli.train][INFO] - Start iterating over samples
[2026-08-29 22:12:20,137][fairseq_cli.train][INFO] - begin validation on "valid" subset
[2026-08-29 22:12:20,428][fairseq.logging.progress_bar][WARNING] - tensorboard not found, please install with: pip install tensorboard
[2026-08-29 22:12:22,462][valid][INFO] - {"epoch": 41, "valid_loss": "106.71", "valid_nll_loss": "6.187", "valid_total": "291.154", "valid_n_correct": "57.1538", "valid_ppl": "72.85", "valid_accuracy": "19.63", "valid_wps": "4159.9", "valid_wpb": "291.2", "valid_bsz": "18.1", "valid_num_updates": "984", "valid_best_accuracy": "19.683"}
[2026-08-29 22:12:22,477][fairseq.checkpoint_utils][INFO] - Preparing to save checkpoint for epoch 41 @ 984 updates
[2026-08-29 22:12:22,478][fairseq.trainer][INFO] - Saving checkpoint to checkpoints/checkpoint_last.pt
[2026-08-29 22:12:24,547][fairseq.trainer][INFO] - Finished saving checkpoint to checkpoints/checkpoint_last.pt
[2026-08-29 22:12:24,549][fairseq.checkpoint_utils][INFO] - Saved checkpoint checkpoints/checkpoint_last.pt (epoch 41 @ 984 updates, score 19.63) (writing took 2.071490002796054 seconds)
[2026-08-29 22:12:24,551][fairseq_cli.train][INFO] - end of epoch 41 (average epoch stats below)
[2026-08-29 22:12:24,552][train][INFO] - {"epoch": 41, "train_loss": "102.252", "train_nll_loss": "5.895", "train_total": "1209.17", "train_n_correct": "251.042", "train_ppl": "59.51", "train_accuracy": "20.762", "train_wps": "1814.1", "train_ups": "1.5", "train_wpb": "1209.2", "train_bsz": "75", "train_num_updates": "984", "train_lr": "0.00193718", "train_gnorm": "4.534", "train_loss_scale": "128", "train_train_wall": "10", "train_gb_free": "42.7", "train_wall": "758"}
[2026-08-29 22:12:24,790][fairseq.logging.progress_bar][WARNING] - tensorboard not found, please install with: pip install tensorboard
[2026-08-29 22:12:24,792][fairseq.trainer][INFO] - begin training epoch 42
[2026-08-29 22:12:24,793][fairseq_cli.train][INFO] - Start iterating over samples
[2026-08-29 22:12:32,904][train_inner][INFO] - {"epoch": 42, "update": 41.667, "loss": "102.428", "nll_loss": "5.908", "total": "1201.76", "n_correct": "245.11", "ppl": "60.05", "accuracy": "20.396", "wps": "1676.2", "ups": "1.39", "wpb": "1201.8", "bsz": "74.5", "num_updates": "1000", "lr": "0.00191411", "gnorm": "4.684", "loss_scale": "128", "train_wall": "41", "gb_free": "42.7", "wall": "766"}
[2026-08-29 22:12:36,178][fairseq_cli.train][INFO] - begin validation on "valid" subset
[2026-08-29 22:12:36,440][fairseq.logging.progress_bar][WARNING] - tensorboard not found, please install with: pip install tensorboard
[2026-08-29 22:12:38,545][valid][INFO] - {"epoch": 42, "valid_loss": "106.315", "valid_nll_loss": "6.16", "valid_total": "291.154", "valid_n_correct": "59.3077", "valid_ppl": "71.53", "valid_accuracy": "20.37", "valid_wps": "3478.4", "valid_wpb": "291.2", "valid_bsz": "18.1", "valid_num_updates": "1008", "valid_best_accuracy": "20.37"}
[2026-08-29 22:12:38,547][fairseq.checkpoint_utils][INFO] - Preparing to save checkpoint for epoch 42 @ 1008 updates
[2026-08-29 22:12:38,548][fairseq.trainer][INFO] - Saving checkpoint to checkpoints/checkpoint_best.pt
[2026-08-29 22:12:40,906][fairseq.trainer][INFO] - Finished saving checkpoint to checkpoints/checkpoint_best.pt
[2026-08-29 22:12:43,499][fairseq.checkpoint_utils][INFO] - Saved checkpoint checkpoints/checkpoint_best.pt (epoch 42 @ 1008 updates, score 20.37) (writing took 4.951470670290291 seconds)
[2026-08-29 22:12:43,510][fairseq_cli.train][INFO] - end of epoch 42 (average epoch stats below)
[2026-08-29 22:12:43,512][train][INFO] - {"epoch": 42, "train_loss": "102.122", "train_nll_loss": "5.885", "train_total": "1209.17", "train_n_correct": "249.5", "train_ppl": "59.09", "train_accuracy": "20.634", "train_wps": "1530.7", "train_ups": "1.27", "train_wpb": "1209.2", "train_bsz": "75", "train_num_updates": "1008", "train_lr": "0.00190268", "train_gnorm": "4.883", "train_loss_scale": "128", "train_train_wall": "10", "train_gb_free": "43", "train_wall": "777"}
[2026-08-29 22:12:43,822][fairseq.logging.progress_bar][WARNING] - tensorboard not found, please install with: pip install tensorboard
[2026-08-29 22:12:43,826][fairseq.trainer][INFO] - begin training epoch 43
[2026-08-29 22:12:43,827][fairseq_cli.train][INFO] - Start iterating over samples
[2026-08-29 22:12:55,180][fairseq_cli.train][INFO] - begin validation on "valid" subset
[2026-08-29 22:12:55,390][fairseq.logging.progress_bar][WARNING] - tensorboard not found, please install with: pip install tensorboard
[2026-08-29 22:12:57,234][valid][INFO] - {"epoch": 43, "valid_loss": "107.177", "valid_nll_loss": "6.208", "valid_total": "291.154", "valid_n_correct": "58.7692", "valid_ppl": "73.92", "valid_accuracy": "20.185", "valid_wps": "4410.2", "valid_wpb": "291.2", "valid_bsz": "18.1", "valid_num_updates": "1032", "valid_best_accuracy": "20.37"}
[2026-08-29 22:12:57,239][fairseq.checkpoint_utils][INFO] - Preparing to save checkpoint for epoch 43 @ 1032 updates
[2026-08-29 22:12:57,241][fairseq.trainer][INFO] - Saving checkpoint to checkpoints/checkpoint_last.pt
[2026-08-29 22:12:59,437][fairseq.trainer][INFO] - Finished saving checkpoint to checkpoints/checkpoint_last.pt
[2026-08-29 22:12:59,443][fairseq.checkpoint_utils][INFO] - Saved checkpoint checkpoints/checkpoint_last.pt (epoch 43 @ 1032 updates, score 20.185) (writing took 2.2045379197224975 seconds)
[2026-08-29 22:12:59,445][fairseq_cli.train][INFO] - end of epoch 43 (average epoch stats below)
[2026-08-29 22:12:59,446][train][INFO] - {"epoch": 43, "train_loss": "101.47", "train_nll_loss": "5.84", "train_total": "1209.17", "train_n_correct": "259.542", "train_ppl": "57.27", "train_accuracy": "21.465", "train_wps": "1821.4", "train_ups": "1.51", "train_wpb": "1209.2", "train_bsz": "75", "train_num_updates": "1032", "train_lr": "0.00186878", "train_gnorm": "4.388", "train_loss_scale": "128", "train_train_wall": "10", "train_gb_free": "42.9", "train_wall": "793"}
[2026-08-29 22:12:59,666][fairseq.logging.progress_bar][WARNING] - tensorboard not found, please install with: pip install tensorboard
[2026-08-29 22:12:59,668][fairseq.trainer][INFO] - begin training epoch 44
[2026-08-29 22:12:59,670][fairseq_cli.train][INFO] - Start iterating over samples
[2026-08-29 22:13:10,959][fairseq_cli.train][INFO] - begin validation on "valid" subset
[2026-08-29 22:13:11,212][fairseq.logging.progress_bar][WARNING] - tensorboard not found, please install with: pip install tensorboard
[2026-08-29 22:13:12,995][valid][INFO] - {"epoch": 44, "valid_loss": "105.932", "valid_nll_loss": "6.133", "valid_total": "291.154", "valid_n_correct": "58.9231", "valid_ppl": "70.16", "valid_accuracy": "20.238", "valid_wps": "4271.9", "valid_wpb": "291.2", "valid_bsz": "18.1", "valid_num_updates": "1056", "valid_best_accuracy": "20.37"}
[2026-08-29 22:13:12,998][fairseq.checkpoint_utils][INFO] - Preparing to save checkpoint for epoch 44 @ 1056 updates
[2026-08-29 22:13:12,999][fairseq.trainer][INFO] - Saving checkpoint to checkpoints/checkpoint_last.pt
[2026-08-29 22:13:15,336][fairseq.trainer][INFO] - Finished saving checkpoint to checkpoints/checkpoint_last.pt
[2026-08-29 22:13:15,343][fairseq.checkpoint_utils][INFO] - Saved checkpoint checkpoints/checkpoint_last.pt (epoch 44 @ 1056 updates, score 20.238) (writing took 2.3451524022966623 seconds)
[2026-08-29 22:13:15,345][fairseq_cli.train][INFO] - end of epoch 44 (average epoch stats below)
[2026-08-29 22:13:15,346][train][INFO] - {"epoch": 44, "train_loss": "101.282", "train_nll_loss": "5.824", "train_total": "1209.17", "train_n_correct": "261.125", "train_ppl": "56.66", "train_accuracy": "21.595", "train_wps": "1825.2", "train_ups": "1.51", "train_wpb": "1209.2", "train_bsz": "75", "train_num_updates": "1056", "train_lr": "0.00183549", "train_gnorm": "4.919", "train_loss_scale": "128", "train_train_wall": "10", "train_gb_free": "42.8", "train_wall": "809"}
[2026-08-29 22:13:15,574][fairseq.logging.progress_bar][WARNING] - tensorboard not found, please install with: pip install tensorboard
[2026-08-29 22:13:15,577][fairseq.trainer][INFO] - begin training epoch 45
[2026-08-29 22:13:15,577][fairseq_cli.train][INFO] - Start iterating over samples
[2026-08-29 22:13:27,118][fairseq_cli.train][INFO] - begin validation on "valid" subset
[2026-08-29 22:13:27,732][fairseq.logging.progress_bar][WARNING] - tensorboard not found, please install with: pip install tensorboard
[2026-08-29 22:13:30,055][valid][INFO] - {"epoch": 45, "valid_loss": "105.853", "valid_nll_loss": "6.127", "valid_total": "291.154", "valid_n_correct": "59.9231", "valid_ppl": "69.89", "valid_accuracy": "20.581", "valid_wps": "3610.2", "valid_wpb": "291.2", "valid_bsz": "18.1", "valid_num_updates": "1080", "valid_best_accuracy": "20.581"}
[2026-08-29 22:13:30,058][fairseq.checkpoint_utils][INFO] - Preparing to save checkpoint for epoch 45 @ 1080 updates
[2026-08-29 22:13:30,060][fairseq.trainer][INFO] - Saving checkpoint to checkpoints/checkpoint_best.pt
[2026-08-29 22:13:32,538][fairseq.trainer][INFO] - Finished saving checkpoint to checkpoints/checkpoint_best.pt
[2026-08-29 22:13:35,193][fairseq.checkpoint_utils][INFO] - Saved checkpoint checkpoints/checkpoint_best.pt (epoch 45 @ 1080 updates, score 20.581) (writing took 5.135226526297629 seconds)
[2026-08-29 22:13:35,195][fairseq_cli.train][INFO] - end of epoch 45 (average epoch stats below)
[2026-08-29 22:13:35,198][train][INFO] - {"epoch": 45, "train_loss": "100.979", "train_nll_loss": "5.804", "train_total": "1209.17", "train_n_correct": "259.5", "train_ppl": "55.86", "train_accuracy": "21.461", "train_wps": "1461.9", "train_ups": "1.21", "train_wpb": "1209.2", "train_bsz": "75", "train_num_updates": "1080", "train_lr": "0.00180279", "train_gnorm": "4.727", "train_loss_scale": "128", "train_train_wall": "10", "train_gb_free": "42.8", "train_wall": "829"}
[2026-08-29 22:13:35,471][fairseq.logging.progress_bar][WARNING] - tensorboard not found, please install with: pip install tensorboard
[2026-08-29 22:13:35,473][fairseq.trainer][INFO] - begin training epoch 46
[2026-08-29 22:13:35,474][fairseq_cli.train][INFO] - Start iterating over samples
[2026-08-29 22:13:44,993][train_inner][INFO] - {"epoch": 46, "update": 45.833, "loss": "101.053", "nll_loss": "5.81", "total": "1198.87", "n_correct": "259.42", "ppl": "56.09", "accuracy": "21.639", "wps": "1663.2", "ups": "1.39", "wpb": "1198.9", "bsz": "74.4", "num_updates": "1100", "lr": "0.00177599", "gnorm": "4.679", "loss_scale": "128", "train_wall": "41", "gb_free": "43", "wall": "838"}
[2026-08-29 22:13:46,638][fairseq_cli.train][INFO] - begin validation on "valid" subset
[2026-08-29 22:13:47,024][fairseq.logging.progress_bar][WARNING] - tensorboard not found, please install with: pip install tensorboard
[2026-08-29 22:13:48,923][valid][INFO] - {"epoch": 46, "valid_loss": "105.508", "valid_nll_loss": "6.106", "valid_total": "291.154", "valid_n_correct": "59.8462", "valid_ppl": "68.87", "valid_accuracy": "20.555", "valid_wps": "4389.6", "valid_wpb": "291.2", "valid_bsz": "18.1", "valid_num_updates": "1104", "valid_best_accuracy": "20.581"}
[2026-08-29 22:13:48,926][fairseq.checkpoint_utils][INFO] - Preparing to save checkpoint for epoch 46 @ 1104 updates
[2026-08-29 22:13:48,927][fairseq.trainer][INFO] - Saving checkpoint to checkpoints/checkpoint_last.pt
[2026-08-29 22:13:51,360][fairseq.trainer][INFO] - Finished saving checkpoint to checkpoints/checkpoint_last.pt
[2026-08-29 22:13:51,370][fairseq.checkpoint_utils][INFO] - Saved checkpoint checkpoints/checkpoint_last.pt (epoch 46 @ 1104 updates, score 20.555) (writing took 2.4442009208723903 seconds)
[2026-08-29 22:13:51,372][fairseq_cli.train][INFO] - end of epoch 46 (average epoch stats below)
[2026-08-29 22:13:51,375][train][INFO] - {"epoch": 46, "train_loss": "100.736", "train_nll_loss": "5.786", "train_total": "1209.17", "train_n_correct": "266.125", "train_ppl": "55.19", "train_accuracy": "22.009", "train_wps": "1794", "train_ups": "1.48", "train_wpb": "1209.2", "train_bsz": "75", "train_num_updates": "1104", "train_lr": "0.00177068", "train_gnorm": "4.516", "train_loss_scale": "128", "train_train_wall": "10", "train_gb_free": "42.9", "train_wall": "845"}
[2026-08-29 22:13:51,885][fairseq.logging.progress_bar][WARNING] - tensorboard not found, please install with: pip install tensorboard
[2026-08-29 22:13:51,890][fairseq.trainer][INFO] - begin training epoch 47
[2026-08-29 22:13:51,892][fairseq_cli.train][INFO] - Start iterating over samples
[2026-08-29 22:14:03,614][fairseq_cli.train][INFO] - begin validation on "valid" subset
[2026-08-29 22:14:03,826][fairseq.logging.progress_bar][WARNING] - tensorboard not found, please install with: pip install tensorboard
[2026-08-29 22:14:05,846][valid][INFO] - {"epoch": 47, "valid_loss": "105.611", "valid_nll_loss": "6.108", "valid_total": "291.154", "valid_n_correct": "61.1538", "valid_ppl": "68.99", "valid_accuracy": "21.004", "valid_wps": "3826.6", "valid_wpb": "291.2", "valid_bsz": "18.1", "valid_num_updates": "1128", "valid_best_accuracy": "21.004"}
[2026-08-29 22:14:05,848][fairseq.checkpoint_utils][INFO] - Preparing to save checkpoint for epoch 47 @ 1128 updates
[2026-08-29 22:14:05,849][fairseq.trainer][INFO] - Saving checkpoint to checkpoints/checkpoint_best.pt
[2026-08-29 22:14:08,075][fairseq.trainer][INFO] - Finished saving checkpoint to checkpoints/checkpoint_best.pt
[2026-08-29 22:14:10,710][fairseq.checkpoint_utils][INFO] - Saved checkpoint checkpoints/checkpoint_best.pt (epoch 47 @ 1128 updates, score 21.004) (writing took 4.86112607922405 seconds)
[2026-08-29 22:14:10,712][fairseq_cli.train][INFO] - end of epoch 47 (average epoch stats below)
[2026-08-29 22:14:10,714][train][INFO] - {"epoch": 47, "train_loss": "100.543", "train_nll_loss": "5.773", "train_total": "1209.17", "train_n_correct": "268.958", "train_ppl": "54.68", "train_accuracy": "22.243", "train_wps": "1500.7", "train_ups": "1.24", "train_wpb": "1209.2", "train_bsz": "75", "train_num_updates": "1128", "train_lr": "0.00173914", "train_gnorm": "4.829", "train_loss_scale": "128", "train_train_wall": "10", "train_gb_free": "42.9", "train_wall": "864"}
[2026-08-29 22:14:11,057][fairseq.logging.progress_bar][WARNING] - tensorboard not found, please install with: pip install tensorboard
[2026-08-29 22:14:11,060][fairseq.trainer][INFO] - begin training epoch 48
[2026-08-29 22:14:11,061][fairseq_cli.train][INFO] - Start iterating over samples
[2026-08-29 22:14:22,471][fairseq_cli.train][INFO] - begin validation on "valid" subset
[2026-08-29 22:14:22,723][fairseq.logging.progress_bar][WARNING] - tensorboard not found, please install with: pip install tensorboard
[2026-08-29 22:14:24,746][valid][INFO] - {"epoch": 48, "valid_loss": "105.63", "valid_nll_loss": "6.108", "valid_total": "291.154", "valid_n_correct": "62", "valid_ppl": "68.98", "valid_accuracy": "21.295", "valid_wps": "4235.4", "valid_wpb": "291.2", "valid_bsz": "18.1", "valid_num_updates": "1152", "valid_best_accuracy": "21.295"}
[2026-08-29 22:14:24,749][fairseq.checkpoint_utils][INFO] - Preparing to save checkpoint for epoch 48 @ 1152 updates
[2026-08-29 22:14:24,750][fairseq.trainer][INFO] - Saving checkpoint to checkpoints/checkpoint_best.pt
[2026-08-29 22:14:26,927][fairseq.trainer][INFO] - Finished saving checkpoint to checkpoints/checkpoint_best.pt
[2026-08-29 22:14:29,699][fairseq.checkpoint_utils][INFO] - Saved checkpoint checkpoints/checkpoint_best.pt (epoch 48 @ 1152 updates, score 21.295) (writing took 4.950339888222516 seconds)
[2026-08-29 22:14:29,712][fairseq_cli.train][INFO] - end of epoch 48 (average epoch stats below)
[2026-08-29 22:14:29,715][train][INFO] - {"epoch": 48, "train_loss": "100.541", "train_nll_loss": "5.773", "train_total": "1209.17", "train_n_correct": "270.375", "train_ppl": "54.68", "train_accuracy": "22.36", "train_wps": "1527.4", "train_ups": "1.26", "train_wpb": "1209.2", "train_bsz": "75", "train_num_updates": "1152", "train_lr": "0.00170816", "train_gnorm": "4.629", "train_loss_scale": "128", "train_train_wall": "10", "train_gb_free": "43", "train_wall": "883"}
[2026-08-29 22:14:30,058][fairseq.logging.progress_bar][WARNING] - tensorboard not found, please install with: pip install tensorboard
[2026-08-29 22:14:30,063][fairseq.trainer][INFO] - begin training epoch 49
[2026-08-29 22:14:30,064][fairseq_cli.train][INFO] - Start iterating over samples
[2026-08-29 22:14:41,567][fairseq_cli.train][INFO] - begin validation on "valid" subset
[2026-08-29 22:14:41,798][fairseq.logging.progress_bar][WARNING] - tensorboard not found, please install with: pip install tensorboard
[2026-08-29 22:14:43,821][valid][INFO] - {"epoch": 49, "valid_loss": "105.238", "valid_nll_loss": "6.082", "valid_total": "291.154", "valid_n_correct": "62", "valid_ppl": "67.73", "valid_accuracy": "21.295", "valid_wps": "3509.9", "valid_wpb": "291.2", "valid_bsz": "18.1", "valid_num_updates": "1176", "valid_best_accuracy": "21.295"}
[2026-08-29 22:14:43,824][fairseq.checkpoint_utils][INFO] - Preparing to save checkpoint for epoch 49 @ 1176 updates
[2026-08-29 22:14:43,825][fairseq.trainer][INFO] - Saving checkpoint to checkpoints/checkpoint_best.pt
[2026-08-29 22:14:46,160][fairseq.trainer][INFO] - Finished saving checkpoint to checkpoints/checkpoint_best.pt
[2026-08-29 22:14:48,894][fairseq.checkpoint_utils][INFO] - Saved checkpoint checkpoints/checkpoint_best.pt (epoch 49 @ 1176 updates, score 21.295) (writing took 5.0703203193843365 seconds)
[2026-08-29 22:14:48,895][fairseq_cli.train][INFO] - end of epoch 49 (average epoch stats below)
[2026-08-29 22:14:48,898][train][INFO] - {"epoch": 49, "train_loss": "100.056", "train_nll_loss": "5.738", "train_total": "1209.17", "train_n_correct": "272.833", "train_ppl": "53.36", "train_accuracy": "22.564", "train_wps": "1512.9", "train_ups": "1.25", "train_wpb": "1209.2", "train_bsz": "75", "train_num_updates": "1176", "train_lr": "0.00167773", "train_gnorm": "4.877", "train_loss_scale": "128", "train_train_wall": "10", "train_gb_free": "43", "train_wall": "902"}
[2026-08-29 22:14:49,211][fairseq.logging.progress_bar][WARNING] - tensorboard not found, please install with: pip install tensorboard
[2026-08-29 22:14:49,221][fairseq.trainer][INFO] - begin training epoch 50
[2026-08-29 22:14:49,222][fairseq_cli.train][INFO] - Start iterating over samples
[2026-08-29 22:15:00,539][train_inner][INFO] - {"epoch": 50, "update": 50.0, "loss": "100.514", "nll_loss": "5.763", "total": "1213.79", "n_correct": "273.02", "ppl": "54.29", "accuracy": "22.493", "wps": "1606.7", "ups": "1.32", "wpb": "1213.8", "bsz": "75.2", "num_updates": "1200", "lr": "0.00164784", "gnorm": "4.738", "loss_scale": "128", "train_wall": "42", "gb_free": "42.7", "wall": "914"}
[2026-08-29 22:15:00,540][fairseq_cli.train][INFO] - begin validation on "valid" subset
[2026-08-29 22:15:00,797][fairseq.logging.progress_bar][WARNING] - tensorboard not found, please install with: pip install tensorboard
[2026-08-29 22:15:02,828][valid][INFO] - {"epoch": 50, "valid_loss": "105.818", "valid_nll_loss": "6.117", "valid_total": "291.154", "valid_n_correct": "63.1538", "valid_ppl": "69.39", "valid_accuracy": "21.691", "valid_wps": "4379.6", "valid_wpb": "291.2", "valid_bsz": "18.1", "valid_num_updates": "1200", "valid_best_accuracy": "21.691"}
[2026-08-29 22:15:02,831][fairseq.checkpoint_utils][INFO] - Preparing to save checkpoint for epoch 50 @ 1200 updates
[2026-08-29 22:15:02,832][fairseq.trainer][INFO] - Saving checkpoint to checkpoints/checkpoint_best.pt
[2026-08-29 22:15:04,832][fairseq.trainer][INFO] - Finished saving checkpoint to checkpoints/checkpoint_best.pt
[2026-08-29 22:15:07,579][fairseq.checkpoint_utils][INFO] - Saved checkpoint checkpoints/checkpoint_best.pt (epoch 50 @ 1200 updates, score 21.691) (writing took 4.747758416458964 seconds)
[2026-08-29 22:15:07,581][fairseq_cli.train][INFO] - end of epoch 50 (average epoch stats below)
[2026-08-29 22:15:07,583][train][INFO] - {"epoch": 50, "train_loss": "99.59", "train_nll_loss": "5.706", "train_total": "1209.17", "train_n_correct": "282", "train_ppl": "52.19", "train_accuracy": "23.322", "train_wps": "1553.3", "train_ups": "1.28", "train_wpb": "1209.2", "train_bsz": "75", "train_num_updates": "1200", "train_lr": "0.00164784", "train_gnorm": "4.642", "train_loss_scale": "128", "train_train_wall": "10", "train_gb_free": "42.7", "train_wall": "921"}
[2026-08-29 22:15:07,877][fairseq.logging.progress_bar][WARNING] - tensorboard not found, please install with: pip install tensorboard
[2026-08-29 22:15:07,880][fairseq.trainer][INFO] - begin training epoch 51
[2026-08-29 22:15:07,882][fairseq_cli.train][INFO] - Start iterating over samples
[2026-08-29 22:15:19,221][fairseq_cli.train][INFO] - begin validation on "valid" subset
[2026-08-29 22:15:19,526][fairseq.logging.progress_bar][WARNING] - tensorboard not found, please install with: pip install tensorboard
[2026-08-29 22:15:21,548][valid][INFO] - {"epoch": 51, "valid_loss": "105.378", "valid_nll_loss": "6.088", "valid_total": "291.154", "valid_n_correct": "63.3077", "valid_ppl": "68.03", "valid_accuracy": "21.744", "valid_wps": "3714.4", "valid_wpb": "291.2", "valid_bsz": "18.1", "valid_num_updates": "1224", "valid_best_accuracy": "21.744"}
[2026-08-29 22:15:21,551][fairseq.checkpoint_utils][INFO] - Preparing to save checkpoint for epoch 51 @ 1224 updates
[2026-08-29 22:15:21,552][fairseq.trainer][INFO] - Saving checkpoint to checkpoints/checkpoint_best.pt
[2026-08-29 22:15:23,535][fairseq.trainer][INFO] - Finished saving checkpoint to checkpoints/checkpoint_best.pt
[2026-08-29 22:15:26,259][fairseq.checkpoint_utils][INFO] - Saved checkpoint checkpoints/checkpoint_best.pt (epoch 51 @ 1224 updates, score 21.744) (writing took 4.70808941219002 seconds)
[2026-08-29 22:15:26,261][fairseq_cli.train][INFO] - end of epoch 51 (average epoch stats below)
[2026-08-29 22:15:26,263][train][INFO] - {"epoch": 51, "train_loss": "99.605", "train_nll_loss": "5.706", "train_total": "1209.17", "train_n_correct": "281.458", "train_ppl": "52.21", "train_accuracy": "23.277", "train_wps": "1553.9", "train_ups": "1.29", "train_wpb": "1209.2", "train_bsz": "75", "train_num_updates": "1224", "train_lr": "0.00161849", "train_gnorm": "4.695", "train_loss_scale": "128", "train_train_wall": "10", "train_gb_free": "42.7", "train_wall": "940"}
[2026-08-29 22:15:26,587][fairseq.logging.progress_bar][WARNING] - tensorboard not found, please install with: pip install tensorboard
[2026-08-29 22:15:26,591][fairseq.trainer][INFO] - begin training epoch 52
[2026-08-29 22:15:26,592][fairseq_cli.train][INFO] - Start iterating over samples
[2026-08-29 22:15:37,928][fairseq_cli.train][INFO] - begin validation on "valid" subset
[2026-08-29 22:15:38,133][fairseq.logging.progress_bar][WARNING] - tensorboard not found, please install with: pip install tensorboard
[2026-08-29 22:15:40,129][valid][INFO] - {"epoch": 52, "valid_loss": "105.427", "valid_nll_loss": "6.093", "valid_total": "291.154", "valid_n_correct": "63.6154", "valid_ppl": "68.26", "valid_accuracy": "21.849", "valid_wps": "3806.8", "valid_wpb": "291.2", "valid_bsz": "18.1", "valid_num_updates": "1248", "valid_best_accuracy": "21.849"}
[2026-08-29 22:15:40,132][fairseq.checkpoint_utils][INFO] - Preparing to save checkpoint for epoch 52 @ 1248 updates
[2026-08-29 22:15:40,133][fairseq.trainer][INFO] - Saving checkpoint to checkpoints/checkpoint_best.pt
[2026-08-29 22:15:42,351][fairseq.trainer][INFO] - Finished saving checkpoint to checkpoints/checkpoint_best.pt
[2026-08-29 22:15:45,217][fairseq.checkpoint_utils][INFO] - Saved checkpoint checkpoints/checkpoint_best.pt (epoch 52 @ 1248 updates, score 21.849) (writing took 5.085383005440235 seconds)
[2026-08-29 22:15:45,219][fairseq_cli.train][INFO] - end of epoch 52 (average epoch stats below)
[2026-08-29 22:15:45,221][train][INFO] - {"epoch": 52, "train_loss": "99.405", "train_nll_loss": "5.691", "train_total": "1209.17", "train_n_correct": "282.125", "train_ppl": "51.68", "train_accuracy": "23.332", "train_wps": "1530.8", "train_ups": "1.27", "train_wpb": "1209.2", "train_bsz": "75", "train_num_updates": "1248", "train_lr": "0.00158966", "train_gnorm": "4.723", "train_loss_scale": "128", "train_train_wall": "10", "train_gb_free": "42.8", "train_wall": "959"}
[2026-08-29 22:15:45,517][fairseq.logging.progress_bar][WARNING] - tensorboard not found, please install with: pip install tensorboard
[2026-08-29 22:15:45,520][fairseq.trainer][INFO] - begin training epoch 53
[2026-08-29 22:15:45,521][fairseq_cli.train][INFO] - Start iterating over samples
[2026-08-29 22:15:56,770][fairseq_cli.train][INFO] - begin validation on "valid" subset
[2026-08-29 22:15:57,013][fairseq.logging.progress_bar][WARNING] - tensorboard not found, please install with: pip install tensorboard
[2026-08-29 22:15:58,876][valid][INFO] - {"epoch": 53, "valid_loss": "105.342", "valid_nll_loss": "6.085", "valid_total": "291.154", "valid_n_correct": "63.2308", "valid_ppl": "67.9", "valid_accuracy": "21.717", "valid_wps": "4400.2", "valid_wpb": "291.2", "valid_bsz": "18.1", "valid_num_updates": "1272", "valid_best_accuracy": "21.849"}
[2026-08-29 22:15:58,879][fairseq.checkpoint_utils][INFO] - Preparing to save checkpoint for epoch 53 @ 1272 updates
[2026-08-29 22:15:58,880][fairseq.trainer][INFO] - Saving checkpoint to checkpoints/checkpoint_last.pt
[2026-08-29 22:16:01,435][fairseq.trainer][INFO] - Finished saving checkpoint to checkpoints/checkpoint_last.pt
[2026-08-29 22:16:01,442][fairseq.checkpoint_utils][INFO] - Saved checkpoint checkpoints/checkpoint_last.pt (epoch 53 @ 1272 updates, score 21.717) (writing took 2.5629511633887887 seconds)
[2026-08-29 22:16:01,443][fairseq_cli.train][INFO] - end of epoch 53 (average epoch stats below)
[2026-08-29 22:16:01,444][train][INFO] - {"epoch": 53, "train_loss": "99.167", "train_nll_loss": "5.675", "train_total": "1209.17", "train_n_correct": "285.583", "train_ppl": "51.11", "train_accuracy": "23.618", "train_wps": "1788.9", "train_ups": "1.48", "train_wpb": "1209.2", "train_bsz": "75", "train_num_updates": "1272", "train_lr": "0.00156134", "train_gnorm": "4.551", "train_loss_scale": "128", "train_train_wall": "10", "train_gb_free": "42.9", "train_wall": "975"}
[2026-08-29 22:16:01,689][fairseq.logging.progress_bar][WARNING] - tensorboard not found, please install with: pip install tensorboard
[2026-08-29 22:16:01,692][fairseq.trainer][INFO] - begin training epoch 54
[2026-08-29 22:16:01,693][fairseq_cli.train][INFO] - Start iterating over samples
[2026-08-29 22:16:13,037][fairseq_cli.train][INFO] - begin validation on "valid" subset
[2026-08-29 22:16:13,296][fairseq.logging.progress_bar][WARNING] - tensorboard not found, please install with: pip install tensorboard
[2026-08-29 22:16:15,110][valid][INFO] - {"epoch": 54, "valid_loss": "105.45", "valid_nll_loss": "6.092", "valid_total": "291.154", "valid_n_correct": "65.3846", "valid_ppl": "68.22", "valid_accuracy": "22.457", "valid_wps": "4316.1", "valid_wpb": "291.2", "valid_bsz": "18.1", "valid_num_updates": "1296", "valid_best_accuracy": "22.457"}
[2026-08-29 22:16:15,113][fairseq.checkpoint_utils][INFO] - Preparing to save checkpoint for epoch 54 @ 1296 updates
[2026-08-29 22:16:15,115][fairseq.trainer][INFO] - Saving checkpoint to checkpoints/checkpoint_best.pt
[2026-08-29 22:16:17,394][fairseq.trainer][INFO] - Finished saving checkpoint to checkpoints/checkpoint_best.pt
[2026-08-29 22:16:20,139][fairseq.checkpoint_utils][INFO] - Saved checkpoint checkpoints/checkpoint_best.pt (epoch 54 @ 1296 updates, score 22.457) (writing took 5.026158125139773 seconds)
[2026-08-29 22:16:20,141][fairseq_cli.train][INFO] - end of epoch 54 (average epoch stats below)
[2026-08-29 22:16:20,144][train][INFO] - {"epoch": 54, "train_loss": "99.026", "train_nll_loss": "5.665", "train_total": "1209.17", "train_n_correct": "288.875", "train_ppl": "50.73", "train_accuracy": "23.89", "train_wps": "1552.1", "train_ups": "1.28", "train_wpb": "1209.2", "train_bsz": "75", "train_num_updates": "1296", "train_lr": "0.00153352", "train_gnorm": "4.622", "train_loss_scale": "128", "train_train_wall": "10", "train_gb_free": "42.7", "train_wall": "993"}
[2026-08-29 22:16:20,479][fairseq.logging.progress_bar][WARNING] - tensorboard not found, please install with: pip install tensorboard
[2026-08-29 22:16:20,535][fairseq.trainer][INFO] - begin training epoch 55
[2026-08-29 22:16:20,536][fairseq_cli.train][INFO] - Start iterating over samples
[2026-08-29 22:16:23,673][train_inner][INFO] - {"epoch": 55, "update": 54.167, "loss": "99.311", "nll_loss": "5.684", "total": "1206.04", "n_correct": "284.01", "ppl": "51.4", "accuracy": "23.549", "wps": "1450.7", "ups": "1.2", "wpb": "1206", "bsz": "74.8", "num_updates": "1300", "lr": "0.00152894", "gnorm": "4.649", "loss_scale": "128", "train_wall": "41", "gb_free": "42.7", "wall": "997"}
[2026-08-29 22:16:31,833][fairseq_cli.train][INFO] - begin validation on "valid" subset
[2026-08-29 22:16:32,126][fairseq.logging.progress_bar][WARNING] - tensorboard not found, please install with: pip install tensorboard
[2026-08-29 22:16:34,064][valid][INFO] - {"epoch": 55, "valid_loss": "105.926", "valid_nll_loss": "6.12", "valid_total": "291.154", "valid_n_correct": "64.6923", "valid_ppl": "69.53", "valid_accuracy": "22.219", "valid_wps": "4200.3", "valid_wpb": "291.2", "valid_bsz": "18.1", "valid_num_updates": "1320", "valid_best_accuracy": "22.457"}
[2026-08-29 22:16:34,067][fairseq.checkpoint_utils][INFO] - Preparing to save checkpoint for epoch 55 @ 1320 updates
[2026-08-29 22:16:34,068][fairseq.trainer][INFO] - Saving checkpoint to checkpoints/checkpoint_last.pt
[2026-08-29 22:16:36,385][fairseq.trainer][INFO] - Finished saving checkpoint to checkpoints/checkpoint_last.pt
[2026-08-29 22:16:36,392][fairseq.checkpoint_utils][INFO] - Saved checkpoint checkpoints/checkpoint_last.pt (epoch 55 @ 1320 updates, score 22.219) (writing took 2.3248945083469152 seconds)
[2026-08-29 22:16:36,393][fairseq_cli.train][INFO] - end of epoch 55 (average epoch stats below)
[2026-08-29 22:16:36,394][train][INFO] - {"epoch": 55, "train_loss": "98.899", "train_nll_loss": "5.656", "train_total": "1209.17", "train_n_correct": "288.75", "train_ppl": "50.41", "train_accuracy": "23.88", "train_wps": "1786.2", "train_ups": "1.48", "train_wpb": "1209.2", "train_bsz": "75", "train_num_updates": "1320", "train_lr": "0.00150621", "train_gnorm": "4.767", "train_loss_scale": "128", "train_train_wall": "10", "train_gb_free": "42.7", "train_wall": "1010"}
[2026-08-29 22:16:36,666][fairseq.logging.progress_bar][WARNING] - tensorboard not found, please install with: pip install tensorboard
[2026-08-29 22:16:36,669][fairseq.trainer][INFO] - begin training epoch 56
[2026-08-29 22:16:36,671][fairseq_cli.train][INFO] - Start iterating over samples
[2026-08-29 22:16:48,113][fairseq_cli.train][INFO] - begin validation on "valid" subset
[2026-08-29 22:16:48,424][fairseq.logging.progress_bar][WARNING] - tensorboard not found, please install with: pip install tensorboard
[2026-08-29 22:16:50,506][valid][INFO] - {"epoch": 56, "valid_loss": "105.439", "valid_nll_loss": "6.089", "valid_total": "291.154", "valid_n_correct": "64.3077", "valid_ppl": "68.08", "valid_accuracy": "22.087", "valid_wps": "3553.6", "valid_wpb": "291.2", "valid_bsz": "18.1", "valid_num_updates": "1344", "valid_best_accuracy": "22.457"}
[2026-08-29 22:16:50,512][fairseq.checkpoint_utils][INFO] - Preparing to save checkpoint for epoch 56 @ 1344 updates
[2026-08-29 22:16:50,513][fairseq.trainer][INFO] - Saving checkpoint to checkpoints/checkpoint_last.pt
[2026-08-29 22:16:52,916][fairseq.trainer][INFO] - Finished saving checkpoint to checkpoints/checkpoint_last.pt
[2026-08-29 22:16:52,922][fairseq.checkpoint_utils][INFO] - Saved checkpoint checkpoints/checkpoint_last.pt (epoch 56 @ 1344 updates, score 22.087) (writing took 2.40980713814497 seconds)
[2026-08-29 22:16:52,924][fairseq_cli.train][INFO] - end of epoch 56 (average epoch stats below)
[2026-08-29 22:16:52,926][train][INFO] - {"epoch": 56, "train_loss": "98.708", "train_nll_loss": "5.642", "train_total": "1209.17", "train_n_correct": "289.875", "train_ppl": "49.94", "train_accuracy": "23.973", "train_wps": "1755.5", "train_ups": "1.45", "train_wpb": "1209.2", "train_bsz": "75", "train_num_updates": "1344", "train_lr": "0.00147937", "train_gnorm": "4.787", "train_loss_scale": "128", "train_train_wall": "10", "train_gb_free": "42.9", "train_wall": "1026"}
[2026-08-29 22:16:53,171][fairseq.logging.progress_bar][WARNING] - tensorboard not found, please install with: pip install tensorboard
[2026-08-29 22:16:53,173][fairseq.trainer][INFO] - begin training epoch 57
[2026-08-29 22:16:53,176][fairseq_cli.train][INFO] - Start iterating over samples
[2026-08-29 22:17:04,588][fairseq_cli.train][INFO] - begin validation on "valid" subset
[2026-08-29 22:17:04,862][fairseq.logging.progress_bar][WARNING] - tensorboard not found, please install with: pip install tensorboard
[2026-08-29 22:17:06,881][valid][INFO] - {"epoch": 57, "valid_loss": "105.527", "valid_nll_loss": "6.095", "valid_total": "291.154", "valid_n_correct": "65.9231", "valid_ppl": "68.38", "valid_accuracy": "22.642", "valid_wps": "3976.1", "valid_wpb": "291.2", "valid_bsz": "18.1", "valid_num_updates": "1368", "valid_best_accuracy": "22.642"}
[2026-08-29 22:17:06,883][fairseq.checkpoint_utils][INFO] - Preparing to save checkpoint for epoch 57 @ 1368 updates
[2026-08-29 22:17:06,885][fairseq.trainer][INFO] - Saving checkpoint to checkpoints/checkpoint_best.pt
[2026-08-29 22:17:09,537][fairseq.trainer][INFO] - Finished saving checkpoint to checkpoints/checkpoint_best.pt
[2026-08-29 22:17:12,286][fairseq.checkpoint_utils][INFO] - Saved checkpoint checkpoints/checkpoint_best.pt (epoch 57 @ 1368 updates, score 22.642) (writing took 5.402693011797965 seconds)
[2026-08-29 22:17:12,293][fairseq_cli.train][INFO] - end of epoch 57 (average epoch stats below)
[2026-08-29 22:17:12,295][train][INFO] - {"epoch": 57, "train_loss": "98.394", "train_nll_loss": "5.62", "train_total": "1209.17", "train_n_correct": "293.958", "train_ppl": "49.18", "train_accuracy": "24.311", "train_wps": "1498.3", "train_ups": "1.24", "train_wpb": "1209.2", "train_bsz": "75", "train_num_updates": "1368", "train_lr": "0.00145302", "train_gnorm": "4.811", "train_loss_scale": "128", "train_train_wall": "10", "train_gb_free": "42.7", "train_wall": "1046"}
[2026-08-29 22:17:12,646][fairseq.logging.progress_bar][WARNING] - tensorboard not found, please install with: pip install tensorboard
[2026-08-29 22:17:12,649][fairseq.trainer][INFO] - begin training epoch 58
[2026-08-29 22:17:12,651][fairseq_cli.train][INFO] - Start iterating over samples
[2026-08-29 22:17:23,922][fairseq_cli.train][INFO] - begin validation on "valid" subset
[2026-08-29 22:17:24,158][fairseq.logging.progress_bar][WARNING] - tensorboard not found, please install with: pip install tensorboard
[2026-08-29 22:17:26,136][valid][INFO] - {"epoch": 58, "valid_loss": "105.198", "valid_nll_loss": "6.075", "valid_total": "291.154", "valid_n_correct": "66.0769", "valid_ppl": "67.41", "valid_accuracy": "22.695", "valid_wps": "4080.9", "valid_wpb": "291.2", "valid_bsz": "18.1", "valid_num_updates": "1392", "valid_best_accuracy": "22.695"}
[2026-08-29 22:17:26,139][fairseq.checkpoint_utils][INFO] - Preparing to save checkpoint for epoch 58 @ 1392 updates
[2026-08-29 22:17:26,145][fairseq.trainer][INFO] - Saving checkpoint to checkpoints/checkpoint_best.pt
[2026-08-29 22:17:28,513][fairseq.trainer][INFO] - Finished saving checkpoint to checkpoints/checkpoint_best.pt
[2026-08-29 22:17:31,445][fairseq.checkpoint_utils][INFO] - Saved checkpoint checkpoints/checkpoint_best.pt (epoch 58 @ 1392 updates, score 22.695) (writing took 5.306561352685094 seconds)
[2026-08-29 22:17:31,446][fairseq_cli.train][INFO] - end of epoch 58 (average epoch stats below)
[2026-08-29 22:17:31,449][train][INFO] - {"epoch": 58, "train_loss": "98.242", "train_nll_loss": "5.609", "train_total": "1209.17", "train_n_correct": "298.417", "train_ppl": "48.82", "train_accuracy": "24.68", "train_wps": "1515.3", "train_ups": "1.25", "train_wpb": "1209.2", "train_bsz": "75", "train_num_updates": "1392", "train_lr": "0.00142714", "train_gnorm": "4.859", "train_loss_scale": "128", "train_train_wall": "10", "train_gb_free": "42.7", "train_wall": "1065"}
[2026-08-29 22:17:31,776][fairseq.logging.progress_bar][WARNING] - tensorboard not found, please install with: pip install tensorboard
[2026-08-29 22:17:31,779][fairseq.trainer][INFO] - begin training epoch 59
[2026-08-29 22:17:31,780][fairseq_cli.train][INFO] - Start iterating over samples
[2026-08-29 22:17:36,463][train_inner][INFO] - {"epoch": 59, "update": 58.333, "loss": "98.511", "nll_loss": "5.625", "total": "1213.05", "n_correct": "294.46", "ppl": "49.37", "accuracy": "24.274", "wps": "1666.5", "ups": "1.37", "wpb": "1213", "bsz": "75.2", "num_updates": "1400", "lr": "0.00141861", "gnorm": "4.819", "loss_scale": "128", "train_wall": "41", "gb_free": "43", "wall": "1070"}
[2026-08-29 22:17:43,247][fairseq_cli.train][INFO] - begin validation on "valid" subset
[2026-08-29 22:17:43,482][fairseq.logging.progress_bar][WARNING] - tensorboard not found, please install with: pip install tensorboard
[2026-08-29 22:17:45,370][valid][INFO] - {"epoch": 59, "valid_loss": "105.034", "valid_nll_loss": "6.06", "valid_total": "291.154", "valid_n_correct": "66.9231", "valid_ppl": "66.72", "valid_accuracy": "22.985", "valid_wps": "4153.9", "valid_wpb": "291.2", "valid_bsz": "18.1", "valid_num_updates": "1416", "valid_best_accuracy": "22.985"}
[2026-08-29 22:17:45,372][fairseq.checkpoint_utils][INFO] - Preparing to save checkpoint for epoch 59 @ 1416 updates
[2026-08-29 22:17:45,374][fairseq.trainer][INFO] - Saving checkpoint to checkpoints/checkpoint_best.pt
[2026-08-29 22:17:47,510][fairseq.trainer][INFO] - Finished saving checkpoint to checkpoints/checkpoint_best.pt
[2026-08-29 22:17:50,390][fairseq.checkpoint_utils][INFO] - Saved checkpoint checkpoints/checkpoint_best.pt (epoch 59 @ 1416 updates, score 22.985) (writing took 5.017643287777901 seconds)
[2026-08-29 22:17:50,392][fairseq_cli.train][INFO] - end of epoch 59 (average epoch stats below)
[2026-08-29 22:17:50,394][train][INFO] - {"epoch": 59, "train_loss": "98.158", "train_nll_loss": "5.603", "train_total": "1209.17", "train_n_correct": "297.375", "train_ppl": "48.61", "train_accuracy": "24.593", "train_wps": "1532", "train_ups": "1.27", "train_wpb": "1209.2", "train_bsz": "75", "train_num_updates": "1416", "train_lr": "0.00140171", "train_gnorm": "5.13", "train_loss_scale": "128", "train_train_wall": "10", "train_gb_free": "43", "train_wall": "1084"}
[2026-08-29 22:17:50,696][fairseq.logging.progress_bar][WARNING] - tensorboard not found, please install with: pip install tensorboard
[2026-08-29 22:17:50,699][fairseq.trainer][INFO] - begin training epoch 60
[2026-08-29 22:17:50,712][fairseq_cli.train][INFO] - Start iterating over samples
[2026-08-29 22:18:01,821][fairseq_cli.train][INFO] - begin validation on "valid" subset
[2026-08-29 22:18:02,053][fairseq.logging.progress_bar][WARNING] - tensorboard not found, please install with: pip install tensorboard
[2026-08-29 22:18:04,137][valid][INFO] - {"epoch": 60, "valid_loss": "105.314", "valid_nll_loss": "6.082", "valid_total": "291.154", "valid_n_correct": "66.2308", "valid_ppl": "67.74", "valid_accuracy": "22.748", "valid_wps": "3596.3", "valid_wpb": "291.2", "valid_bsz": "18.1", "valid_num_updates": "1440", "valid_best_accuracy": "22.985"}
[2026-08-29 22:18:04,139][fairseq.checkpoint_utils][INFO] - Preparing to save checkpoint for epoch 60 @ 1440 updates
[2026-08-29 22:18:04,142][fairseq.trainer][INFO] - Saving checkpoint to checkpoints/checkpoint_last.pt
[2026-08-29 22:18:06,280][fairseq.trainer][INFO] - Finished saving checkpoint to checkpoints/checkpoint_last.pt
[2026-08-29 22:18:06,281][fairseq.checkpoint_utils][INFO] - Saved checkpoint checkpoints/checkpoint_last.pt (epoch 60 @ 1440 updates, score 22.748) (writing took 2.1420519882813096 seconds)
[2026-08-29 22:18:06,282][fairseq_cli.train][INFO] - end of epoch 60 (average epoch stats below)
[2026-08-29 22:18:06,283][train][INFO] - {"epoch": 60, "train_loss": "97.988", "train_nll_loss": "5.592", "train_total": "1209.17", "train_n_correct": "300.25", "train_ppl": "48.22", "train_accuracy": "24.831", "train_wps": "1826.5", "train_ups": "1.51", "train_wpb": "1209.2", "train_bsz": "75", "train_num_updates": "1440", "train_lr": "0.00137674", "train_gnorm": "4.847", "train_loss_scale": "128", "train_train_wall": "10", "train_gb_free": "42.7", "train_wall": "1100"}
[2026-08-29 22:18:07,021][fairseq.logging.progress_bar][WARNING] - tensorboard not found, please install with: pip install tensorboard
[2026-08-29 22:18:07,024][fairseq.trainer][INFO] - begin training epoch 61
[2026-08-29 22:18:07,025][fairseq_cli.train][INFO] - Start iterating over samples
[2026-08-29 22:18:18,572][fairseq_cli.train][INFO] - begin validation on "valid" subset
[2026-08-29 22:18:18,863][fairseq.logging.progress_bar][WARNING] - tensorboard not found, please install with: pip install tensorboard
[2026-08-29 22:18:20,717][valid][INFO] - {"epoch": 61, "valid_loss": "105.616", "valid_nll_loss": "6.093", "valid_total": "291.154", "valid_n_correct": "68.2308", "valid_ppl": "68.27", "valid_accuracy": "23.435", "valid_wps": "4443.1", "valid_wpb": "291.2", "valid_bsz": "18.1", "valid_num_updates": "1464", "valid_best_accuracy": "23.435"}
[2026-08-29 22:18:20,719][fairseq.checkpoint_utils][INFO] - Preparing to save checkpoint for epoch 61 @ 1464 updates
[2026-08-29 22:18:20,720][fairseq.trainer][INFO] - Saving checkpoint to checkpoints/checkpoint_best.pt
[2026-08-29 22:18:22,820][fairseq.trainer][INFO] - Finished saving checkpoint to checkpoints/checkpoint_best.pt
[2026-08-29 22:18:25,531][fairseq.checkpoint_utils][INFO] - Saved checkpoint checkpoints/checkpoint_best.pt (epoch 61 @ 1464 updates, score 23.435) (writing took 4.811326443217695 seconds)
[2026-08-29 22:18:25,532][fairseq_cli.train][INFO] - end of epoch 61 (average epoch stats below)
[2026-08-29 22:18:25,534][train][INFO] - {"epoch": 61, "train_loss": "97.998", "train_nll_loss": "5.592", "train_total": "1209.17", "train_n_correct": "304.042", "train_ppl": "48.23", "train_accuracy": "25.145", "train_wps": "1507.5", "train_ups": "1.25", "train_wpb": "1209.2", "train_bsz": "75", "train_num_updates": "1464", "train_lr": "0.00135222", "train_gnorm": "5.018", "train_loss_scale": "128", "train_train_wall": "10", "train_gb_free": "42.9", "train_wall": "1119"}
[2026-08-29 22:18:25,871][fairseq.logging.progress_bar][WARNING] - tensorboard not found, please install with: pip install tensorboard
[2026-08-29 22:18:25,874][fairseq.trainer][INFO] - begin training epoch 62
[2026-08-29 22:18:25,876][fairseq_cli.train][INFO] - Start iterating over samples
[2026-08-29 22:18:37,107][fairseq_cli.train][INFO] - begin validation on "valid" subset
[2026-08-29 22:18:37,399][fairseq.logging.progress_bar][WARNING] - tensorboard not found, please install with: pip install tensorboard
[2026-08-29 22:18:39,300][valid][INFO] - {"epoch": 62, "valid_loss": "105.504", "valid_nll_loss": "6.086", "valid_total": "291.154", "valid_n_correct": "68.3846", "valid_ppl": "67.94", "valid_accuracy": "23.487", "valid_wps": "4428.4", "valid_wpb": "291.2", "valid_bsz": "18.1", "valid_num_updates": "1488", "valid_best_accuracy": "23.487"}
[2026-08-29 22:18:39,310][fairseq.checkpoint_utils][INFO] - Preparing to save checkpoint for epoch 62 @ 1488 updates
[2026-08-29 22:18:39,312][fairseq.trainer][INFO] - Saving checkpoint to checkpoints/checkpoint_best.pt
[2026-08-29 22:18:41,546][fairseq.trainer][INFO] - Finished saving checkpoint to checkpoints/checkpoint_best.pt
[2026-08-29 22:18:44,214][fairseq.checkpoint_utils][INFO] - Saved checkpoint checkpoints/checkpoint_best.pt (epoch 62 @ 1488 updates, score 23.487) (writing took 4.903609607368708 seconds)
[2026-08-29 22:18:44,215][fairseq_cli.train][INFO] - end of epoch 62 (average epoch stats below)
[2026-08-29 22:18:44,217][train][INFO] - {"epoch": 62, "train_loss": "97.513", "train_nll_loss": "5.557", "train_total": "1209.17", "train_n_correct": "302.083", "train_ppl": "47.09", "train_accuracy": "24.983", "train_wps": "1553.4", "train_ups": "1.28", "train_wpb": "1209.2", "train_bsz": "75", "train_num_updates": "1488", "train_lr": "0.00132813", "train_gnorm": "5.105", "train_loss_scale": "128", "train_train_wall": "10", "train_gb_free": "42.9", "train_wall": "1138"}
[2026-08-29 22:18:44,577][fairseq.logging.progress_bar][WARNING] - tensorboard not found, please install with: pip install tensorboard
[2026-08-29 22:18:44,581][fairseq.trainer][INFO] - begin training epoch 63
[2026-08-29 22:18:44,583][fairseq_cli.train][INFO] - Start iterating over samples
[2026-08-29 22:18:51,199][train_inner][INFO] - {"epoch": 63, "update": 62.5, "loss": "97.848", "nll_loss": "5.571", "total": "1204.27", "n_correct": "301.99", "ppl": "47.55", "accuracy": "25.077", "wps": "1611.5", "ups": "1.34", "wpb": "1204.3", "bsz": "74.6", "num_updates": "1500", "lr": "0.00131625", "gnorm": "5.036", "loss_scale": "128", "train_wall": "42", "gb_free": "42.8", "wall": "1145"}
[2026-08-29 22:18:56,173][fairseq_cli.train][INFO] - begin validation on "valid" subset
[2026-08-29 22:18:56,391][fairseq.logging.progress_bar][WARNING] - tensorboard not found, please install with: pip install tensorboard
[2026-08-29 22:18:58,187][valid][INFO] - {"epoch": 63, "valid_loss": "105.7", "valid_nll_loss": "6.1", "valid_total": "291.154", "valid_n_correct": "68.6154", "valid_ppl": "68.59", "valid_accuracy": "23.567", "valid_wps": "4309.3", "valid_wpb": "291.2", "valid_bsz": "18.1", "valid_num_updates": "1512", "valid_best_accuracy": "23.567"}
[2026-08-29 22:18:58,190][fairseq.checkpoint_utils][INFO] - Preparing to save checkpoint for epoch 63 @ 1512 updates
[2026-08-29 22:18:58,191][fairseq.trainer][INFO] - Saving checkpoint to checkpoints/checkpoint_best.pt
[2026-08-29 22:19:00,423][fairseq.trainer][INFO] - Finished saving checkpoint to checkpoints/checkpoint_best.pt
[2026-08-29 22:19:03,115][fairseq.checkpoint_utils][INFO] - Saved checkpoint checkpoints/checkpoint_best.pt (epoch 63 @ 1512 updates, score 23.567) (writing took 4.925739302299917 seconds)
[2026-08-29 22:19:03,117][fairseq_cli.train][INFO] - end of epoch 63 (average epoch stats below)
[2026-08-29 22:19:03,120][train][INFO] - {"epoch": 63, "train_loss": "97.204", "train_nll_loss": "5.535", "train_total": "1209.17", "train_n_correct": "309.208", "train_ppl": "46.37", "train_accuracy": "25.572", "train_wps": "1535.4", "train_ups": "1.27", "train_wpb": "1209.2", "train_bsz": "75", "train_num_updates": "1512", "train_lr": "0.00130447", "train_gnorm": "4.897", "train_loss_scale": "128", "train_train_wall": "10", "train_gb_free": "42.8", "train_wall": "1156"}
[2026-08-29 22:19:03,461][fairseq.logging.progress_bar][WARNING] - tensorboard not found, please install with: pip install tensorboard
[2026-08-29 22:19:03,465][fairseq.trainer][INFO] - begin training epoch 64
[2026-08-29 22:19:03,466][fairseq_cli.train][INFO] - Start iterating over samples
[2026-08-29 22:19:14,608][fairseq_cli.train][INFO] - begin validation on "valid" subset
[2026-08-29 22:19:14,822][fairseq.logging.progress_bar][WARNING] - tensorboard not found, please install with: pip install tensorboard
[2026-08-29 22:19:16,905][valid][INFO] - {"epoch": 64, "valid_loss": "105.156", "valid_nll_loss": "6.067", "valid_total": "291.154", "valid_n_correct": "67.5385", "valid_ppl": "67.06", "valid_accuracy": "23.197", "valid_wps": "3475.7", "valid_wpb": "291.2", "valid_bsz": "18.1", "valid_num_updates": "1536", "valid_best_accuracy": "23.567"}
[2026-08-29 22:19:16,912][fairseq.checkpoint_utils][INFO] - Preparing to save checkpoint for epoch 64 @ 1536 updates
[2026-08-29 22:19:16,912][fairseq.trainer][INFO] - Saving checkpoint to checkpoints/checkpoint_last.pt
[2026-08-29 22:19:19,143][fairseq.trainer][INFO] - Finished saving checkpoint to checkpoints/checkpoint_last.pt
[2026-08-29 22:19:19,144][fairseq.checkpoint_utils][INFO] - Saved checkpoint checkpoints/checkpoint_last.pt (epoch 64 @ 1536 updates, score 23.197) (writing took 2.232719319872558 seconds)
[2026-08-29 22:19:19,145][fairseq_cli.train][INFO] - end of epoch 64 (average epoch stats below)
[2026-08-29 22:19:19,146][train][INFO] - {"epoch": 64, "train_loss": "97.442", "train_nll_loss": "5.552", "train_total": "1209.17", "train_n_correct": "306.708", "train_ppl": "46.91", "train_accuracy": "25.365", "train_wps": "1810.8", "train_ups": "1.5", "train_wpb": "1209.2", "train_bsz": "75", "train_num_updates": "1536", "train_lr": "0.00128123", "train_gnorm": "4.672", "train_loss_scale": "128", "train_train_wall": "10", "train_gb_free": "42.8", "train_wall": "1172"}
[2026-08-29 22:19:19,389][fairseq.logging.progress_bar][WARNING] - tensorboard not found, please install with: pip install tensorboard
[2026-08-29 22:19:19,392][fairseq.trainer][INFO] - begin training epoch 65
[2026-08-29 22:19:19,393][fairseq_cli.train][INFO] - Start iterating over samples
[2026-08-29 22:19:30,776][fairseq_cli.train][INFO] - begin validation on "valid" subset
[2026-08-29 22:19:31,064][fairseq.logging.progress_bar][WARNING] - tensorboard not found, please install with: pip install tensorboard
[2026-08-29 22:19:33,004][valid][INFO] - {"epoch": 65, "valid_loss": "105.59", "valid_nll_loss": "6.092", "valid_total": "291.154", "valid_n_correct": "68.6154", "valid_ppl": "68.2", "valid_accuracy": "23.567", "valid_wps": "4137.8", "valid_wpb": "291.2", "valid_bsz": "18.1", "valid_num_updates": "1560", "valid_best_accuracy": "23.567"}
[2026-08-29 22:19:33,035][fairseq.checkpoint_utils][INFO] - Preparing to save checkpoint for epoch 65 @ 1560 updates
[2026-08-29 22:19:33,037][fairseq.trainer][INFO] - Saving checkpoint to checkpoints/checkpoint_best.pt
[2026-08-29 22:19:35,151][fairseq.trainer][INFO] - Finished saving checkpoint to checkpoints/checkpoint_best.pt
[2026-08-29 22:19:37,646][fairseq.checkpoint_utils][INFO] - Saved checkpoint checkpoints/checkpoint_best.pt (epoch 65 @ 1560 updates, score 23.567) (writing took 4.610781893134117 seconds)
[2026-08-29 22:19:37,648][fairseq_cli.train][INFO] - end of epoch 65 (average epoch stats below)
[2026-08-29 22:19:37,650][train][INFO] - {"epoch": 65, "train_loss": "97.307", "train_nll_loss": "5.543", "train_total": "1209.17", "train_n_correct": "308.833", "train_ppl": "46.62", "train_accuracy": "25.541", "train_wps": "1568.4", "train_ups": "1.3", "train_wpb": "1209.2", "train_bsz": "75", "train_num_updates": "1560", "train_lr": "0.00125841", "train_gnorm": "4.614", "train_loss_scale": "128", "train_train_wall": "10", "train_gb_free": "42.7", "train_wall": "1191"}
[2026-08-29 22:19:37,924][fairseq.logging.progress_bar][WARNING] - tensorboard not found, please install with: pip install tensorboard
[2026-08-29 22:19:37,928][fairseq.trainer][INFO] - begin training epoch 66
[2026-08-29 22:19:37,928][fairseq_cli.train][INFO] - Start iterating over samples
[2026-08-29 22:19:49,413][fairseq_cli.train][INFO] - begin validation on "valid" subset
[2026-08-29 22:19:49,671][fairseq.logging.progress_bar][WARNING] - tensorboard not found, please install with: pip install tensorboard
[2026-08-29 22:19:51,714][valid][INFO] - {"epoch": 66, "valid_loss": "104.941", "valid_nll_loss": "6.053", "valid_total": "291.154", "valid_n_correct": "68.4615", "valid_ppl": "66.37", "valid_accuracy": "23.514", "valid_wps": "3414.7", "valid_wpb": "291.2", "valid_bsz": "18.1", "valid_num_updates": "1584", "valid_best_accuracy": "23.567"}
[2026-08-29 22:19:51,717][fairseq.checkpoint_utils][INFO] - Preparing to save checkpoint for epoch 66 @ 1584 updates
[2026-08-29 22:19:51,718][fairseq.trainer][INFO] - Saving checkpoint to checkpoints/checkpoint_last.pt
[2026-08-29 22:19:53,831][fairseq.trainer][INFO] - Finished saving checkpoint to checkpoints/checkpoint_last.pt
[2026-08-29 22:19:53,837][fairseq.checkpoint_utils][INFO] - Saved checkpoint checkpoints/checkpoint_last.pt (epoch 66 @ 1584 updates, score 23.514) (writing took 2.1204689955338836 seconds)
[2026-08-29 22:19:53,838][fairseq_cli.train][INFO] - end of epoch 66 (average epoch stats below)
[2026-08-29 22:19:53,839][train][INFO] - {"epoch": 66, "train_loss": "97.006", "train_nll_loss": "5.521", "train_total": "1209.17", "train_n_correct": "309.833", "train_ppl": "45.91", "train_accuracy": "25.624", "train_wps": "1792.7", "train_ups": "1.48", "train_wpb": "1209.2", "train_bsz": "75", "train_num_updates": "1584", "train_lr": "0.00123599", "train_gnorm": "5.081", "train_loss_scale": "128", "train_train_wall": "10", "train_gb_free": "42.8", "train_wall": "1207"}
[2026-08-29 22:19:54,071][fairseq.logging.progress_bar][WARNING] - tensorboard not found, please install with: pip install tensorboard
[2026-08-29 22:19:54,073][fairseq.trainer][INFO] - begin training epoch 67
[2026-08-29 22:19:54,074][fairseq_cli.train][INFO] - Start iterating over samples
[2026-08-29 22:20:02,496][train_inner][INFO] - {"epoch": 67, "update": 66.667, "loss": "97.118", "nll_loss": "5.552", "total": "1222.98", "n_correct": "309.32", "ppl": "46.92", "accuracy": "25.292", "wps": "1715.4", "ups": "1.4", "wpb": "1223", "bsz": "76.1", "num_updates": "1600", "lr": "0.00122127", "gnorm": "4.812", "loss_scale": "128", "train_wall": "42", "gb_free": "42.8", "wall": "1216"}
[2026-08-29 22:20:05,720][fairseq_cli.train][INFO] - begin validation on "valid" subset
[2026-08-29 22:20:05,954][fairseq.logging.progress_bar][WARNING] - tensorboard not found, please install with: pip install tensorboard
[2026-08-29 22:20:08,020][valid][INFO] - {"epoch": 67, "valid_loss": "104.943", "valid_nll_loss": "6.052", "valid_total": "291.154", "valid_n_correct": "68.5385", "valid_ppl": "66.35", "valid_accuracy": "23.54", "valid_wps": "4107.7", "valid_wpb": "291.2", "valid_bsz": "18.1", "valid_num_updates": "1608", "valid_best_accuracy": "23.567"}
[2026-08-29 22:20:08,029][fairseq.checkpoint_utils][INFO] - Preparing to save checkpoint for epoch 67 @ 1608 updates
[2026-08-29 22:20:08,031][fairseq.trainer][INFO] - Saving checkpoint to checkpoints/checkpoint_last.pt
[2026-08-29 22:20:10,411][fairseq.trainer][INFO] - Finished saving checkpoint to checkpoints/checkpoint_last.pt
[2026-08-29 22:20:10,419][fairseq.checkpoint_utils][INFO] - Saved checkpoint checkpoints/checkpoint_last.pt (epoch 67 @ 1608 updates, score 23.54) (writing took 2.3896311270073056 seconds)
[2026-08-29 22:20:10,421][fairseq_cli.train][INFO] - end of epoch 67 (average epoch stats below)
[2026-08-29 22:20:10,422][train][INFO] - {"epoch": 67, "train_loss": "97.081", "train_nll_loss": "5.526", "train_total": "1209.17", "train_n_correct": "307.625", "train_ppl": "46.08", "train_accuracy": "25.441", "train_wps": "1750.1", "train_ups": "1.45", "train_wpb": "1209.2", "train_bsz": "75", "train_num_updates": "1608", "train_lr": "0.00121398", "train_gnorm": "5.04", "train_loss_scale": "128", "train_train_wall": "10", "train_gb_free": "42.8", "train_wall": "1224"}
[2026-08-29 22:20:10,639][fairseq.logging.progress_bar][WARNING] - tensorboard not found, please install with: pip install tensorboard
[2026-08-29 22:20:10,642][fairseq.trainer][INFO] - begin training epoch 68
[2026-08-29 22:20:10,643][fairseq_cli.train][INFO] - Start iterating over samples
[2026-08-29 22:20:21,952][fairseq_cli.train][INFO] - begin validation on "valid" subset
[2026-08-29 22:20:22,170][fairseq.logging.progress_bar][WARNING] - tensorboard not found, please install with: pip install tensorboard
[2026-08-29 22:20:24,055][valid][INFO] - {"epoch": 68, "valid_loss": "104.542", "valid_nll_loss": "6.031", "valid_total": "291.154", "valid_n_correct": "67.2308", "valid_ppl": "65.37", "valid_accuracy": "23.091", "valid_wps": "4232.9", "valid_wpb": "291.2", "valid_bsz": "18.1", "valid_num_updates": "1632", "valid_best_accuracy": "23.567"}
[2026-08-29 22:20:24,058][fairseq.checkpoint_utils][INFO] - Preparing to save checkpoint for epoch 68 @ 1632 updates
[2026-08-29 22:20:24,061][fairseq.trainer][INFO] - Saving checkpoint to checkpoints/checkpoint_last.pt
[2026-08-29 22:20:26,239][fairseq.trainer][INFO] - Finished saving checkpoint to checkpoints/checkpoint_last.pt
[2026-08-29 22:20:26,241][fairseq.checkpoint_utils][INFO] - Saved checkpoint checkpoints/checkpoint_last.pt (epoch 68 @ 1632 updates, score 23.091) (writing took 2.182736153714359 seconds)
[2026-08-29 22:20:26,242][fairseq_cli.train][INFO] - end of epoch 68 (average epoch stats below)
[2026-08-29 22:20:26,243][train][INFO] - {"epoch": 68, "train_loss": "96.971", "train_nll_loss": "5.519", "train_total": "1209.17", "train_n_correct": "314.167", "train_ppl": "45.86", "train_accuracy": "25.982", "train_wps": "1834.3", "train_ups": "1.52", "train_wpb": "1209.2", "train_bsz": "75", "train_num_updates": "1632", "train_lr": "0.00119235", "train_gnorm": "5.008", "train_loss_scale": "128", "train_train_wall": "10", "train_gb_free": "42.7", "train_wall": "1240"}
[2026-08-29 22:20:26,522][fairseq.logging.progress_bar][WARNING] - tensorboard not found, please install with: pip install tensorboard
[2026-08-29 22:20:26,528][fairseq.trainer][INFO] - begin training epoch 69
[2026-08-29 22:20:26,529][fairseq_cli.train][INFO] - Start iterating over samples
[2026-08-29 22:20:38,310][fairseq_cli.train][INFO] - begin validation on "valid" subset
[2026-08-29 22:20:38,542][fairseq.logging.progress_bar][WARNING] - tensorboard not found, please install with: pip install tensorboard
[2026-08-29 22:20:40,726][valid][INFO] - {"epoch": 69, "valid_loss": "105.337", "valid_nll_loss": "6.079", "valid_total": "291.154", "valid_n_correct": "69.2308", "valid_ppl": "67.59", "valid_accuracy": "23.778", "valid_wps": "3299.6", "valid_wpb": "291.2", "valid_bsz": "18.1", "valid_num_updates": "1656", "valid_best_accuracy": "23.778"}
[2026-08-29 22:20:40,729][fairseq.checkpoint_utils][INFO] - Preparing to save checkpoint for epoch 69 @ 1656 updates
[2026-08-29 22:20:40,730][fairseq.trainer][INFO] - Saving checkpoint to checkpoints/checkpoint_best.pt
[2026-08-29 22:20:43,103][fairseq.trainer][INFO] - Finished saving checkpoint to checkpoints/checkpoint_best.pt
[2026-08-29 22:20:45,820][fairseq.checkpoint_utils][INFO] - Saved checkpoint checkpoints/checkpoint_best.pt (epoch 69 @ 1656 updates, score 23.778) (writing took 5.090772439725697 seconds)
[2026-08-29 22:20:45,821][fairseq_cli.train][INFO] - end of epoch 69 (average epoch stats below)
[2026-08-29 22:20:45,824][train][INFO] - {"epoch": 69, "train_loss": "96.75", "train_nll_loss": "5.503", "train_total": "1209.17", "train_n_correct": "313.458", "train_ppl": "45.35", "train_accuracy": "25.924", "train_wps": "1482.2", "train_ups": "1.23", "train_wpb": "1209.2", "train_bsz": "75", "train_num_updates": "1656", "train_lr": "0.00117111", "train_gnorm": "5.237", "train_loss_scale": "128", "train_train_wall": "10", "train_gb_free": "42.9", "train_wall": "1259"}
[2026-08-29 22:20:46,153][fairseq.logging.progress_bar][WARNING] - tensorboard not found, please install with: pip install tensorboard
[2026-08-29 22:20:46,157][fairseq.trainer][INFO] - begin training epoch 70
[2026-08-29 22:20:46,160][fairseq_cli.train][INFO] - Start iterating over samples
[2026-08-29 22:20:57,755][fairseq_cli.train][INFO] - begin validation on "valid" subset
[2026-08-29 22:20:57,998][fairseq.logging.progress_bar][WARNING] - tensorboard not found, please install with: pip install tensorboard
[2026-08-29 22:20:59,972][valid][INFO] - {"epoch": 70, "valid_loss": "105.153", "valid_nll_loss": "6.062", "valid_total": "291.154", "valid_n_correct": "70.3846", "valid_ppl": "66.83", "valid_accuracy": "24.174", "valid_wps": "3784.3", "valid_wpb": "291.2", "valid_bsz": "18.1", "valid_num_updates": "1680", "valid_best_accuracy": "24.174"}
[2026-08-29 22:20:59,975][fairseq.checkpoint_utils][INFO] - Preparing to save checkpoint for epoch 70 @ 1680 updates
[2026-08-29 22:20:59,976][fairseq.trainer][INFO] - Saving checkpoint to checkpoints/checkpoint_best.pt
[2026-08-29 22:21:02,190][fairseq.trainer][INFO] - Finished saving checkpoint to checkpoints/checkpoint_best.pt
[2026-08-29 22:21:04,881][fairseq.checkpoint_utils][INFO] - Saved checkpoint checkpoints/checkpoint_best.pt (epoch 70 @ 1680 updates, score 24.174) (writing took 4.906039790250361 seconds)
[2026-08-29 22:21:04,882][fairseq_cli.train][INFO] - end of epoch 70 (average epoch stats below)
[2026-08-29 22:21:04,884][train][INFO] - {"epoch": 70, "train_loss": "96.614", "train_nll_loss": "5.494", "train_total": "1209.17", "train_n_correct": "314.792", "train_ppl": "45.07", "train_accuracy": "26.034", "train_wps": "1522.7", "train_ups": "1.26", "train_wpb": "1209.2", "train_bsz": "75", "train_num_updates": "1680", "train_lr": "0.00115025", "train_gnorm": "4.868", "train_loss_scale": "128", "train_train_wall": "10", "train_gb_free": "42.9", "train_wall": "1278"}
[2026-08-29 22:21:05,253][fairseq.logging.progress_bar][WARNING] - tensorboard not found, please install with: pip install tensorboard
[2026-08-29 22:21:05,256][fairseq.trainer][INFO] - begin training epoch 71
[2026-08-29 22:21:05,259][fairseq_cli.train][INFO] - Start iterating over samples
[2026-08-29 22:21:15,241][train_inner][INFO] - {"epoch": 71, "update": 70.833, "loss": "96.741", "nll_loss": "5.494", "total": "1201.73", "n_correct": "314.07", "ppl": "45.07", "accuracy": "26.135", "wps": "1652", "ups": "1.37", "wpb": "1201.7", "bsz": "74.5", "num_updates": "1700", "lr": "0.00113315", "gnorm": "5.053", "loss_scale": "128", "train_wall": "42", "gb_free": "42.7", "wall": "1289"}
[2026-08-29 22:21:16,785][fairseq_cli.train][INFO] - begin validation on "valid" subset
[2026-08-29 22:21:16,994][fairseq.logging.progress_bar][WARNING] - tensorboard not found, please install with: pip install tensorboard
[2026-08-29 22:21:18,944][valid][INFO] - {"epoch": 71, "valid_loss": "104.982", "valid_nll_loss": "6.052", "valid_total": "291.154", "valid_n_correct": "68.9231", "valid_ppl": "66.36", "valid_accuracy": "23.672", "valid_wps": "3794.6", "valid_wpb": "291.2", "valid_bsz": "18.1", "valid_num_updates": "1704", "valid_best_accuracy": "24.174"}
[2026-08-29 22:21:18,947][fairseq.checkpoint_utils][INFO] - Preparing to save checkpoint for epoch 71 @ 1704 updates
[2026-08-29 22:21:18,948][fairseq.trainer][INFO] - Saving checkpoint to checkpoints/checkpoint_last.pt
[2026-08-29 22:21:21,189][fairseq.trainer][INFO] - Finished saving checkpoint to checkpoints/checkpoint_last.pt
[2026-08-29 22:21:21,195][fairseq.checkpoint_utils][INFO] - Saved checkpoint checkpoints/checkpoint_last.pt (epoch 71 @ 1704 updates, score 23.672) (writing took 2.248683435842395 seconds)
[2026-08-29 22:21:21,197][fairseq_cli.train][INFO] - end of epoch 71 (average epoch stats below)
[2026-08-29 22:21:21,198][train][INFO] - {"epoch": 71, "train_loss": "96.53", "train_nll_loss": "5.487", "train_total": "1209.17", "train_n_correct": "316.958", "train_ppl": "44.84", "train_accuracy": "26.213", "train_wps": "1779.3", "train_ups": "1.47", "train_wpb": "1209.2", "train_bsz": "75", "train_num_updates": "1704", "train_lr": "0.00112976", "train_gnorm": "5.003", "train_loss_scale": "128", "train_train_wall": "10", "train_gb_free": "42.8", "train_wall": "1295"}
[2026-08-29 22:21:21,443][fairseq.logging.progress_bar][WARNING] - tensorboard not found, please install with: pip install tensorboard
[2026-08-29 22:21:21,446][fairseq.trainer][INFO] - begin training epoch 72
[2026-08-29 22:21:21,446][fairseq_cli.train][INFO] - Start iterating over samples
[2026-08-29 22:21:32,852][fairseq_cli.train][INFO] - begin validation on "valid" subset
[2026-08-29 22:21:33,110][fairseq.logging.progress_bar][WARNING] - tensorboard not found, please install with: pip install tensorboard
[2026-08-29 22:21:35,160][valid][INFO] - {"epoch": 72, "valid_loss": "104.816", "valid_nll_loss": "6.045", "valid_total": "291.154", "valid_n_correct": "69", "valid_ppl": "66.03", "valid_accuracy": "23.699", "valid_wps": "3670.3", "valid_wpb": "291.2", "valid_bsz": "18.1", "valid_num_updates": "1728", "valid_best_accuracy": "24.174"}
[2026-08-29 22:21:35,164][fairseq.checkpoint_utils][INFO] - Preparing to save checkpoint for epoch 72 @ 1728 updates
[2026-08-29 22:21:35,165][fairseq.trainer][INFO] - Saving checkpoint to checkpoints/checkpoint_last.pt
[2026-08-29 22:21:37,293][fairseq.trainer][INFO] - Finished saving checkpoint to checkpoints/checkpoint_last.pt
[2026-08-29 22:21:37,300][fairseq.checkpoint_utils][INFO] - Saved checkpoint checkpoints/checkpoint_last.pt (epoch 72 @ 1728 updates, score 23.699) (writing took 2.1359853064641356 seconds)
[2026-08-29 22:21:37,309][fairseq_cli.train][INFO] - end of epoch 72 (average epoch stats below)
[2026-08-29 22:21:37,310][train][INFO] - {"epoch": 72, "train_loss": "96.581", "train_nll_loss": "5.49", "train_total": "1209.17", "train_n_correct": "315.25", "train_ppl": "44.95", "train_accuracy": "26.072", "train_wps": "1801.2", "train_ups": "1.49", "train_wpb": "1209.2", "train_bsz": "75", "train_num_updates": "1728", "train_lr": "0.00110963", "train_gnorm": "4.912", "train_loss_scale": "128", "train_train_wall": "10", "train_gb_free": "42.9", "train_wall": "1311"}
[2026-08-29 22:21:37,589][fairseq.logging.progress_bar][WARNING] - tensorboard not found, please install with: pip install tensorboard
[2026-08-29 22:21:37,593][fairseq.trainer][INFO] - begin training epoch 73
[2026-08-29 22:21:37,594][fairseq_cli.train][INFO] - Start iterating over samples
[2026-08-29 22:21:49,308][fairseq_cli.train][INFO] - begin validation on "valid" subset
[2026-08-29 22:21:49,560][fairseq.logging.progress_bar][WARNING] - tensorboard not found, please install with: pip install tensorboard
[2026-08-29 22:21:51,547][valid][INFO] - {"epoch": 73, "valid_loss": "104.87", "valid_nll_loss": "6.045", "valid_total": "291.154", "valid_n_correct": "69.5385", "valid_ppl": "66.04", "valid_accuracy": "23.884", "valid_wps": "4268.1", "valid_wpb": "291.2", "valid_bsz": "18.1", "valid_num_updates": "1752", "valid_best_accuracy": "24.174"}
[2026-08-29 22:21:51,549][fairseq.checkpoint_utils][INFO] - Preparing to save checkpoint for epoch 73 @ 1752 updates
[2026-08-29 22:21:51,550][fairseq.trainer][INFO] - Saving checkpoint to checkpoints/checkpoint_last.pt
[2026-08-29 22:21:53,758][fairseq.trainer][INFO] - Finished saving checkpoint to checkpoints/checkpoint_last.pt
[2026-08-29 22:21:53,764][fairseq.checkpoint_utils][INFO] - Saved checkpoint checkpoints/checkpoint_last.pt (epoch 73 @ 1752 updates, score 23.884) (writing took 2.214420061558485 seconds)
[2026-08-29 22:21:53,765][fairseq_cli.train][INFO] - end of epoch 73 (average epoch stats below)
[2026-08-29 22:21:53,766][train][INFO] - {"epoch": 73, "train_loss": "96.286", "train_nll_loss": "5.471", "train_total": "1209.17", "train_n_correct": "318.833", "train_ppl": "44.36", "train_accuracy": "26.368", "train_wps": "1763.6", "train_ups": "1.46", "train_wpb": "1209.2", "train_bsz": "75", "train_num_updates": "1752", "train_lr": "0.00108987", "train_gnorm": "5.137", "train_loss_scale": "128", "train_train_wall": "10", "train_gb_free": "43.1", "train_wall": "1327"}
[2026-08-29 22:21:53,992][fairseq.logging.progress_bar][WARNING] - tensorboard not found, please install with: pip install tensorboard
[2026-08-29 22:21:53,995][fairseq.trainer][INFO] - begin training epoch 74
[2026-08-29 22:21:53,995][fairseq_cli.train][INFO] - Start iterating over samples
[2026-08-29 22:22:05,652][fairseq_cli.train][INFO] - begin validation on "valid" subset
[2026-08-29 22:22:05,853][fairseq.logging.progress_bar][WARNING] - tensorboard not found, please install with: pip install tensorboard
[2026-08-29 22:22:07,821][valid][INFO] - {"epoch": 74, "valid_loss": "104.602", "valid_nll_loss": "6.031", "valid_total": "291.154", "valid_n_correct": "69.3846", "valid_ppl": "65.37", "valid_accuracy": "23.831", "valid_wps": "4442.7", "valid_wpb": "291.2", "valid_bsz": "18.1", "valid_num_updates": "1776", "valid_best_accuracy": "24.174"}
[2026-08-29 22:22:07,824][fairseq.checkpoint_utils][INFO] - Preparing to save checkpoint for epoch 74 @ 1776 updates
[2026-08-29 22:22:07,824][fairseq.trainer][INFO] - Saving checkpoint to checkpoints/checkpoint_last.pt
[2026-08-29 22:22:10,073][fairseq.trainer][INFO] - Finished saving checkpoint to checkpoints/checkpoint_last.pt
[2026-08-29 22:22:10,080][fairseq.checkpoint_utils][INFO] - Saved checkpoint checkpoints/checkpoint_last.pt (epoch 74 @ 1776 updates, score 23.831) (writing took 2.256639371626079 seconds)
[2026-08-29 22:22:10,081][fairseq_cli.train][INFO] - end of epoch 74 (average epoch stats below)
[2026-08-29 22:22:10,082][train][INFO] - {"epoch": 74, "train_loss": "96.051", "train_nll_loss": "5.453", "train_total": "1209.17", "train_n_correct": "322.375", "train_ppl": "43.81", "train_accuracy": "26.661", "train_wps": "1778.7", "train_ups": "1.47", "train_wpb": "1209.2", "train_bsz": "75", "train_num_updates": "1776", "train_lr": "0.00107045", "train_gnorm": "4.703", "train_loss_scale": "128", "train_train_wall": "10", "train_gb_free": "43", "train_wall": "1343"}
[2026-08-29 22:22:10,283][fairseq.logging.progress_bar][WARNING] - tensorboard not found, please install with: pip install tensorboard
[2026-08-29 22:22:10,285][fairseq.trainer][INFO] - begin training epoch 75
[2026-08-29 22:22:10,286][fairseq_cli.train][INFO] - Start iterating over samples
[2026-08-29 22:22:21,836][train_inner][INFO] - {"epoch": 75, "update": 75.0, "loss": "96.352", "nll_loss": "5.474", "total": "1206.93", "n_correct": "318.18", "ppl": "44.45", "accuracy": "26.363", "wps": "1812.4", "ups": "1.5", "wpb": "1206.9", "bsz": "74.8", "num_updates": "1800", "lr": "0.00105138", "gnorm": "4.951", "loss_scale": "128", "train_wall": "43", "gb_free": "42.7", "wall": "1355"}
[2026-08-29 22:22:21,837][fairseq_cli.train][INFO] - begin validation on "valid" subset
[2026-08-29 22:22:22,121][fairseq.logging.progress_bar][WARNING] - tensorboard not found, please install with: pip install tensorboard
[2026-08-29 22:22:24,088][valid][INFO] - {"epoch": 75, "valid_loss": "105.27", "valid_nll_loss": "6.071", "valid_total": "291.154", "valid_n_correct": "69.4615", "valid_ppl": "67.21", "valid_accuracy": "23.857", "valid_wps": "4433.7", "valid_wpb": "291.2", "valid_bsz": "18.1", "valid_num_updates": "1800", "valid_best_accuracy": "24.174"}
[2026-08-29 22:22:24,091][fairseq.checkpoint_utils][INFO] - Preparing to save checkpoint for epoch 75 @ 1800 updates
[2026-08-29 22:22:24,092][fairseq.trainer][INFO] - Saving checkpoint to checkpoints/checkpoint_last.pt
[2026-08-29 22:22:26,304][fairseq.trainer][INFO] - Finished saving checkpoint to checkpoints/checkpoint_last.pt
[2026-08-29 22:22:26,314][fairseq.checkpoint_utils][INFO] - Saved checkpoint checkpoints/checkpoint_last.pt (epoch 75 @ 1800 updates, score 23.857) (writing took 2.2232170654460788 seconds)
[2026-08-29 22:22:26,316][fairseq_cli.train][INFO] - end of epoch 75 (average epoch stats below)
[2026-08-29 22:22:26,317][train][INFO] - {"epoch": 75, "train_loss": "96.237", "train_nll_loss": "5.467", "train_total": "1209.17", "train_n_correct": "320.958", "train_ppl": "44.23", "train_accuracy": "26.544", "train_wps": "1787.6", "train_ups": "1.48", "train_wpb": "1209.2", "train_bsz": "75", "train_num_updates": "1800", "train_lr": "0.00105138", "train_gnorm": "5.078", "train_loss_scale": "128", "train_train_wall": "10", "train_gb_free": "42.7", "train_wall": "1360"}
[2026-08-29 22:22:26,517][fairseq.logging.progress_bar][WARNING] - tensorboard not found, please install with: pip install tensorboard
[2026-08-29 22:22:26,519][fairseq.trainer][INFO] - begin training epoch 76
[2026-08-29 22:22:26,521][fairseq_cli.train][INFO] - Start iterating over samples
[2026-08-29 22:22:38,118][fairseq_cli.train][INFO] - begin validation on "valid" subset
[2026-08-29 22:22:38,379][fairseq.logging.progress_bar][WARNING] - tensorboard not found, please install with: pip install tensorboard
[2026-08-29 22:22:40,518][valid][INFO] - {"epoch": 76, "valid_loss": "104.802", "valid_nll_loss": "6.044", "valid_total": "291.154", "valid_n_correct": "69.3077", "valid_ppl": "65.97", "valid_accuracy": "23.804", "valid_wps": "3461.1", "valid_wpb": "291.2", "valid_bsz": "18.1", "valid_num_updates": "1824", "valid_best_accuracy": "24.174"}
[2026-08-29 22:22:40,521][fairseq.checkpoint_utils][INFO] - Preparing to save checkpoint for epoch 76 @ 1824 updates
[2026-08-29 22:22:40,524][fairseq.trainer][INFO] - Saving checkpoint to checkpoints/checkpoint_last.pt
[2026-08-29 22:22:42,756][fairseq.trainer][INFO] - Finished saving checkpoint to checkpoints/checkpoint_last.pt
[2026-08-29 22:22:42,763][fairseq.checkpoint_utils][INFO] - Saved checkpoint checkpoints/checkpoint_last.pt (epoch 76 @ 1824 updates, score 23.804) (writing took 2.2414275966584682 seconds)
[2026-08-29 22:22:42,764][fairseq_cli.train][INFO] - end of epoch 76 (average epoch stats below)
[2026-08-29 22:22:42,765][train][INFO] - {"epoch": 76, "train_loss": "96.158", "train_nll_loss": "5.461", "train_total": "1209.17", "train_n_correct": "325.917", "train_ppl": "44.04", "train_accuracy": "26.954", "train_wps": "1764.5", "train_ups": "1.46", "train_wpb": "1209.2", "train_bsz": "75", "train_num_updates": "1824", "train_lr": "0.00103265", "train_gnorm": "5.047", "train_loss_scale": "128", "train_train_wall": "10", "train_gb_free": "42.7", "train_wall": "1376"}
[2026-08-29 22:22:43,098][fairseq.logging.progress_bar][WARNING] - tensorboard not found, please install with: pip install tensorboard
[2026-08-29 22:22:43,104][fairseq.trainer][INFO] - begin training epoch 77
[2026-08-29 22:22:43,109][fairseq_cli.train][INFO] - Start iterating over samples
[2026-08-29 22:22:54,574][fairseq_cli.train][INFO] - begin validation on "valid" subset
[2026-08-29 22:22:54,846][fairseq.logging.progress_bar][WARNING] - tensorboard not found, please install with: pip install tensorboard
[2026-08-29 22:22:56,959][valid][INFO] - {"epoch": 77, "valid_loss": "104.766", "valid_nll_loss": "6.042", "valid_total": "291.154", "valid_n_correct": "68.5385", "valid_ppl": "65.87", "valid_accuracy": "23.54", "valid_wps": "3850.8", "valid_wpb": "291.2", "valid_bsz": "18.1", "valid_num_updates": "1848", "valid_best_accuracy": "24.174"}
[2026-08-29 22:22:56,962][fairseq.checkpoint_utils][INFO] - Preparing to save checkpoint for epoch 77 @ 1848 updates
[2026-08-29 22:22:56,963][fairseq.trainer][INFO] - Saving checkpoint to checkpoints/checkpoint_last.pt
[2026-08-29 22:22:59,214][fairseq.trainer][INFO] - Finished saving checkpoint to checkpoints/checkpoint_last.pt
[2026-08-29 22:22:59,221][fairseq.checkpoint_utils][INFO] - Saved checkpoint checkpoints/checkpoint_last.pt (epoch 77 @ 1848 updates, score 23.54) (writing took 2.2595312455669045 seconds)
[2026-08-29 22:22:59,223][fairseq_cli.train][INFO] - end of epoch 77 (average epoch stats below)
[2026-08-29 22:22:59,224][train][INFO] - {"epoch": 77, "train_loss": "96.167", "train_nll_loss": "5.462", "train_total": "1209.17", "train_n_correct": "322.292", "train_ppl": "44.07", "train_accuracy": "26.654", "train_wps": "1763.3", "train_ups": "1.46", "train_wpb": "1209.2", "train_bsz": "75", "train_num_updates": "1848", "train_lr": "0.00101426", "train_gnorm": "5.147", "train_loss_scale": "128", "train_train_wall": "10", "train_gb_free": "42.8", "train_wall": "1393"}
[2026-08-29 22:22:59,439][fairseq.logging.progress_bar][WARNING] - tensorboard not found, please install with: pip install tensorboard
[2026-08-29 22:22:59,442][fairseq.trainer][INFO] - begin training epoch 78
[2026-08-29 22:22:59,442][fairseq_cli.train][INFO] - Start iterating over samples
[2026-08-29 22:23:11,208][fairseq_cli.train][INFO] - begin validation on "valid" subset
[2026-08-29 22:23:11,464][fairseq.logging.progress_bar][WARNING] - tensorboard not found, please install with: pip install tensorboard
[2026-08-29 22:23:13,424][valid][INFO] - {"epoch": 78, "valid_loss": "104.631", "valid_nll_loss": "6.029", "valid_total": "291.154", "valid_n_correct": "70.3077", "valid_ppl": "65.31", "valid_accuracy": "24.148", "valid_wps": "4425.9", "valid_wpb": "291.2", "valid_bsz": "18.1", "valid_num_updates": "1872", "valid_best_accuracy": "24.174"}
[2026-08-29 22:23:13,428][fairseq_cli.train][INFO] - early stop since valid performance hasn't improved for last 8 runs
[2026-08-29 22:23:13,431][fairseq.checkpoint_utils][INFO] - Preparing to save checkpoint for epoch 78 @ 1872 updates
[2026-08-29 22:23:13,431][fairseq.trainer][INFO] - Saving checkpoint to checkpoints/checkpoint_last.pt
[2026-08-29 22:23:15,651][fairseq.trainer][INFO] - Finished saving checkpoint to checkpoints/checkpoint_last.pt
[2026-08-29 22:23:15,652][fairseq.checkpoint_utils][INFO] - Saved checkpoint checkpoints/checkpoint_last.pt (epoch 78 @ 1872 updates, score 24.148) (writing took 2.2219291646033525 seconds)
[2026-08-29 22:23:15,653][fairseq_cli.train][INFO] - end of epoch 78 (average epoch stats below)
[2026-08-29 22:23:15,654][train][INFO] - {"epoch": 78, "train_loss": "95.926", "train_nll_loss": "5.445", "train_total": "1209.17", "train_n_correct": "326.625", "train_ppl": "43.55", "train_accuracy": "27.012", "train_wps": "1766.6", "train_ups": "1.46", "train_wpb": "1209.2", "train_bsz": "75", "train_num_updates": "1872", "train_lr": "0.00099619", "train_gnorm": "4.98", "train_loss_scale": "128", "train_train_wall": "10", "train_gb_free": "42.7", "train_wall": "1409"}
[2026-08-29 22:23:15,655][fairseq_cli.train][INFO] - done training in 1408.7 seconds

training finished. checkpoints + logs in: /workspace/av-hubert-ai-speak/workspace/experiments/sweep_r8
tensorboard --logdir /workspace/av-hubert-ai-speak/workspace/experiments/sweep_r8/tblog
