[2026-08-05 14:19:27,204][avhubert.hubert_pretraining][INFO] - current directory is /workspace/av-hubert-ai-speak/av_hubert/avhubert/outputs/2026-08-05/14-19-26
[2026-08-05 14:19:27,204][avhubert.hubert_pretraining][INFO] - AVHubertPretrainingTask Config {'_name': 'av_hubert_pretraining', 'data': '/workspace/av-hubert-ai-speak/data/lrs3_raw/subset_data', 'labels': ['wrd'], 'label_dir': '/workspace/av-hubert-ai-speak/data/lrs3_raw/subset_data', 'label_rate': -1, 'sample_rate': 16000, 'normalize': True, 'enable_padding': False, 'max_sample_size': 500, 'min_sample_size': None, 'max_trim_sample_size': '${task.max_sample_size}', 'single_target': True, 'random_crop': False, 'pad_audio': True, 'pdb': False, 'stack_order_audio': 4, 'skip_verify': False, 'image_aug': True, 'image_crop_size': 88, 'image_mean': 0.421, 'image_std': 0.165, 'modalities': ['video'], 'is_s2s': True, 'tokenizer_bpe_name': 'sentencepiece', 'tokenizer_bpe_model': '/workspace/av-hubert-ai-speak/data/lrs3_raw/subset_data/spm_unigram1000.model', 'noise_wav': None, 'noise_prob': 0.0, 'noise_snr': '0', 'noise_num': 1, 'fine_tuning': True}
[2026-08-05 14:19:27,943][avhubert.hubert_pretraining][INFO] - current directory is /workspace/av-hubert-ai-speak/av_hubert/avhubert/outputs/2026-08-05/14-19-26
[2026-08-05 14:19:27,943][avhubert.hubert_pretraining][INFO] - AVHubertPretrainingTask Config {'_name': 'av_hubert_pretraining', 'data': '/workspace/av-hubert-ai-speak/data/lrs3_raw/subset_data', 'labels': ['km'], 'label_dir': '/checkpoint/bshi/data/lrs3//video/hubert/stitch-iters/envox-iter4-l12c2000/', 'label_rate': 25, 'sample_rate': 25, 'normalize': True, 'enable_padding': False, 'max_sample_size': 2000, 'min_sample_size': 5, 'max_trim_sample_size': 400, 'single_target': False, 'random_crop': True, 'pad_audio': False, 'pdb': False, 'stack_order_audio': 4, 'skip_verify': False, 'image_aug': True, 'image_crop_size': 88, 'image_mean': 0.421, 'image_std': 0.165, 'modalities': ['audio', 'video'], 'is_s2s': False, 'tokenizer_bpe_name': None, 'tokenizer_bpe_model': None, 'noise_wav': None, 'noise_prob': 0.0, 'noise_snr': '0', 'noise_num': 1, 'fine_tuning': False}
[2026-08-05 14:19:27,949][avhubert.hubert][INFO] - HubertModel Config: {'_name': 'av_hubert', 'label_rate': 25, 'input_modality': '${task.input_modality}', 'extractor_mode': default, 'encoder_layers': 12, 'encoder_embed_dim': 768, 'encoder_ffn_embed_dim': 3072, 'encoder_attention_heads': 12, 'activation_fn': gelu, 'dropout': 0.0, 'attention_dropout': 0.0, 'activation_dropout': 0.1, 'encoder_layerdrop': 0.1, 'dropout_input': 0.0, 'dropout_features': 0.1, 'final_dim': 256, 'untie_final_proj': True, 'layer_norm_first': True, 'conv_feature_layers': '[(512,10,5)] + [(512,3,2)] * 4 + [(512,2,2)] * 2', 'conv_bias': False, 'logit_temp': 0.1, 'target_glu': False, 'feature_grad_mult': 1.0, 'mask_length_audio': 10, 'mask_prob_audio': 0.8, 'mask_length_image': 5, 'mask_prob_image': 0.3, 'mask_selection': static, 'mask_other': 0.0, 'no_mask_overlap': False, 'mask_min_space': 1, 'mask_channel_length': 10, 'mask_channel_prob': 0.0, 'mask_channel_selection': static, 'mask_channel_other': 0.0, 'no_mask_channel_overlap': False, 'mask_channel_min_space': 1, 'conv_pos': 128, 'conv_pos_groups': 16, 'latent_temp': [2.0, 0.5, 0.999995], 'skip_masked': False, 'skip_nomask': False, 'resnet_relu_type': 'prelu', 'resnet_weights': None, 'sim_type': 'cosine', 'sub_encoder_layers': 0, 'audio_feat_dim': 104, 'modality_dropout': 0.5, 'audio_dropout': 0.5, 'modality_fuse': 'concat', 'selection_type': 'same_seq', 'masking_type': 'input', 'decoder_embed_dim': 768, 'decoder_ffn_embed_dim': 3072, 'decoder_layers': 6, 'decoder_layerdrop': 0.0, 'decoder_attention_heads': 4, 'decoder_learned_pos': False, 'decoder_normalize_before': False, 'no_token_positional_embeddings': False, 'decoder_dropout': 0.1, 'decoder_attention_dropout': 0.1, 'decoder_activation_dropout': 0.0, 'max_target_positions': 2048, 'share_decoder_input_output_embed': False, 'no_scale_embedding': True}
[2026-08-05 14:19:30,871][avhubert.hubert_asr][INFO] - [LoRA] scope=decoder targets=('q_proj', 'v_proj') r=8 alpha=16: adapted 24 layers, trainable 294,912/160,908,520 (0.18%)
[2026-08-05 14:19:32,901][avhubert.hubert_pretraining][INFO] - current directory is /workspace/av-hubert-ai-speak/av_hubert/avhubert/outputs/2026-08-05/14-19-26
[2026-08-05 14:19:32,901][avhubert.hubert_pretraining][INFO] - AVHubertPretrainingTask Config {'_name': 'av_hubert_pretraining', 'data': '/workspace/av-hubert-ai-speak/data/lrs3_raw/subset_data', 'labels': ['wrd'], 'label_dir': '/workspace/av-hubert-ai-speak/data/lrs3_raw/subset_data', 'label_rate': -1, 'sample_rate': 16000, 'normalize': True, 'enable_padding': False, 'max_sample_size': 500, 'min_sample_size': None, 'max_trim_sample_size': '${task.max_sample_size}', 'single_target': True, 'random_crop': False, 'pad_audio': True, 'pdb': False, 'stack_order_audio': 4, 'skip_verify': False, 'image_aug': True, 'image_crop_size': 88, 'image_mean': 0.421, 'image_std': 0.165, 'modalities': ['video'], 'is_s2s': True, 'tokenizer_bpe_name': 'sentencepiece', 'tokenizer_bpe_model': '/workspace/av-hubert-ai-speak/data/lrs3_raw/subset_data/spm_unigram1000.model', 'noise_wav': None, 'noise_prob': 0.0, 'noise_snr': '0', 'noise_num': 1, 'fine_tuning': True}
{'_name': None, 'task': None, 'generation': {'_name': None, 'beam': 50, 'nbest': 1, 'max_len_a': 1.0, 'max_len_b': 0, 'min_len': 1, 'match_source_len': False, 'unnormalized': False, 'no_early_stop': False, 'no_beamable_mm': False, 'lenpen': 1.0, 'unkpen': 0.0, 'replace_unk': None, 'sacrebleu': False, 'score_reference': False, 'prefix_size': 0, 'no_repeat_ngram_size': 0, 'sampling': False, 'sampling_topk': -1, 'sampling_topp': -1.0, 'constraints': None, 'temperature': 1.0, 'diverse_beam_groups': -1, 'diverse_beam_strength': 0.5, 'diversity_rate': -1.0, 'print_alignment': None, 'print_step': False, 'lm_path': None, 'lm_weight': 0.0, 'iter_decode_eos_penalty': 0.0, 'iter_decode_max_iter': 10, 'iter_decode_force_max_iter': False, 'iter_decode_with_beam': 1, 'iter_decode_with_external_reranker': False, 'retain_iter_history': False, 'retain_dropout': False, 'retain_dropout_modules': None, 'decoding_format': None, 'no_seed_provided': False}, 'common': {'_name': None, 'no_progress_bar': False, 'log_interval': 100, 'log_format': None, 'log_file': None, 'tensorboard_logdir': None, 'wandb_project': None, 'azureml_logging': False, 'seed': 1, 'cpu': False, 'tpu': False, 'bf16': False, 'memory_efficient_bf16': False, 'fp16': False, 'memory_efficient_fp16': False, 'fp16_no_flatten_grads': False, 'fp16_init_scale': 128, 'fp16_scale_window': None, 'fp16_scale_tolerance': 0.0, 'on_cpu_convert_precision': False, 'min_loss_scale': 0.0001, 'threshold_loss_scale': None, 'amp': False, 'amp_batch_retries': 2, 'amp_init_scale': 128, 'amp_scale_window': None, 'user_dir': '/workspace/av-hubert-ai-speak/av_hubert/avhubert', 'empty_cache_freq': 0, 'all_gather_list_size': 16384, 'model_parallel_size': 1, 'quantization_config_path': None, 'profile': False, 'reset_logging': False, 'suppress_crashes': False, 'use_plasma_view': False, 'plasma_path': '/tmp/plasma'}, 'common_eval': {'_name': None, 'path': '/workspace/av-hubert-ai-speak/workspace/experiments/lrs3_lora/checkpoints/checkpoint_best.pt', 'post_process': None, 'quiet': False, 'model_overrides': '{}', 'results_path': '/workspace/av-hubert-ai-speak/workspace/experiments/lrs3_lora/decode'}, 'checkpoint': {'_name': None, 'save_dir': 'checkpoints', 'restore_file': 'checkpoint_last.pt', 'finetune_from_model': None, 'reset_dataloader': False, 'reset_lr_scheduler': False, 'reset_meters': False, 'reset_optimizer': False, 'optimizer_overrides': '{}', 'save_interval': 1, 'save_interval_updates': 0, 'keep_interval_updates': -1, 'keep_interval_updates_pattern': -1, 'keep_last_epochs': -1, 'keep_best_checkpoints': -1, 'no_save': False, 'no_epoch_checkpoints': False, 'no_last_checkpoints': False, 'no_save_optimizer_state': False, 'best_checkpoint_metric': 'loss', 'maximize_best_checkpoint_metric': False, 'patience': -1, 'checkpoint_suffix': '', 'checkpoint_shard_count': 1, 'load_checkpoint_on_all_dp_ranks': False, 'write_checkpoints_asynchronously': False, 'model_parallel_size': 1}, 'distributed_training': {'_name': None, 'distributed_world_size': 1, 'distributed_num_procs': 1, 'distributed_rank': 0, 'distributed_backend': 'nccl', 'distributed_init_method': None, 'distributed_port': -1, 'device_id': 0, 'distributed_no_spawn': False, 'ddp_backend': 'pytorch_ddp', 'ddp_comm_hook': 'none', 'bucket_cap_mb': 25, 'fix_batches_to_gpus': False, 'find_unused_parameters': False, 'fast_stat_sync': False, 'heartbeat_timeout': -1, 'broadcast_buffers': False, 'slowmo_momentum': None, 'slowmo_algorithm': 'LocalSGD', 'localsgd_frequency': 3, 'nprocs_per_node': 1, 'pipeline_model_parallel': False, 'pipeline_balance': None, 'pipeline_devices': None, 'pipeline_chunks': 0, 'pipeline_encoder_balance': None, 'pipeline_encoder_devices': None, 'pipeline_decoder_balance': None, 'pipeline_decoder_devices': None, 'pipeline_checkpoint': 'never', 'zero_sharding': 'none', 'fp16': False, 'memory_efficient_fp16': False, 'tpu': False, 'no_reshard_after_forward': False, 'fp32_reduce_scatter': False, 'cpu_offload': False, 'use_sharded_state': False}, 'dataset': {'_name': None, 'num_workers': 0, 'skip_invalid_size_inputs_valid_test': False, 'max_tokens': 1000, 'batch_size': None, 'required_batch_size_multiple': 8, 'required_seq_len_multiple': 1, 'dataset_impl': None, 'data_buffer_size': 10, 'train_subset': 'train', 'valid_subset': 'valid', 'combine_valid_subsets': None, 'ignore_unused_valid_subsets': False, 'validate_interval': 1, 'validate_interval_updates': 0, 'validate_after_updates': 0, 'fixed_validation_seed': None, 'disable_validation': False, 'max_tokens_valid': 1000, 'batch_size_valid': None, 'max_valid_steps': None, 'curriculum': 0, 'gen_subset': 'test', 'num_shards': 1, 'shard_id': 0}, 'override': {'_name': None, 'noise_wav': None, 'noise_prob': 0.0, 'noise_snr': 0.0, 'modalities': ['video'], 'data': '/workspace/av-hubert-ai-speak/data/lrs3_raw/subset_data', 'label_dir': '/workspace/av-hubert-ai-speak/data/lrs3_raw/subset_data'}, 'is_ax': False}
[2026-08-05 14:19:32,901][hybrid.speech_recognize][INFO] - {'_name': None, 'task': None, 'generation': {'_name': None, 'beam': 50, 'nbest': 1, 'max_len_a': 1.0, 'max_len_b': 0, 'min_len': 1, 'match_source_len': False, 'unnormalized': False, 'no_early_stop': False, 'no_beamable_mm': False, 'lenpen': 1.0, 'unkpen': 0.0, 'replace_unk': None, 'sacrebleu': False, 'score_reference': False, 'prefix_size': 0, 'no_repeat_ngram_size': 0, 'sampling': False, 'sampling_topk': -1, 'sampling_topp': -1.0, 'constraints': None, 'temperature': 1.0, 'diverse_beam_groups': -1, 'diverse_beam_strength': 0.5, 'diversity_rate': -1.0, 'print_alignment': None, 'print_step': False, 'lm_path': None, 'lm_weight': 0.0, 'iter_decode_eos_penalty': 0.0, 'iter_decode_max_iter': 10, 'iter_decode_force_max_iter': False, 'iter_decode_with_beam': 1, 'iter_decode_with_external_reranker': False, 'retain_iter_history': False, 'retain_dropout': False, 'retain_dropout_modules': None, 'decoding_format': None, 'no_seed_provided': False}, 'common': {'_name': None, 'no_progress_bar': False, 'log_interval': 100, 'log_format': None, 'log_file': None, 'tensorboard_logdir': None, 'wandb_project': None, 'azureml_logging': False, 'seed': 1, 'cpu': False, 'tpu': False, 'bf16': False, 'memory_efficient_bf16': False, 'fp16': False, 'memory_efficient_fp16': False, 'fp16_no_flatten_grads': False, 'fp16_init_scale': 128, 'fp16_scale_window': None, 'fp16_scale_tolerance': 0.0, 'on_cpu_convert_precision': False, 'min_loss_scale': 0.0001, 'threshold_loss_scale': None, 'amp': False, 'amp_batch_retries': 2, 'amp_init_scale': 128, 'amp_scale_window': None, 'user_dir': '/workspace/av-hubert-ai-speak/av_hubert/avhubert', 'empty_cache_freq': 0, 'all_gather_list_size': 16384, 'model_parallel_size': 1, 'quantization_config_path': None, 'profile': False, 'reset_logging': False, 'suppress_crashes': False, 'use_plasma_view': False, 'plasma_path': '/tmp/plasma'}, 'common_eval': {'_name': None, 'path': '/workspace/av-hubert-ai-speak/workspace/experiments/lrs3_lora/checkpoints/checkpoint_best.pt', 'post_process': None, 'quiet': False, 'model_overrides': '{}', 'results_path': '/workspace/av-hubert-ai-speak/workspace/experiments/lrs3_lora/decode'}, 'checkpoint': {'_name': None, 'save_dir': 'checkpoints', 'restore_file': 'checkpoint_last.pt', 'finetune_from_model': None, 'reset_dataloader': False, 'reset_lr_scheduler': False, 'reset_meters': False, 'reset_optimizer': False, 'optimizer_overrides': '{}', 'save_interval': 1, 'save_interval_updates': 0, 'keep_interval_updates': -1, 'keep_interval_updates_pattern': -1, 'keep_last_epochs': -1, 'keep_best_checkpoints': -1, 'no_save': False, 'no_epoch_checkpoints': False, 'no_last_checkpoints': False, 'no_save_optimizer_state': False, 'best_checkpoint_metric': 'loss', 'maximize_best_checkpoint_metric': False, 'patience': -1, 'checkpoint_suffix': '', 'checkpoint_shard_count': 1, 'load_checkpoint_on_all_dp_ranks': False, 'write_checkpoints_asynchronously': False, 'model_parallel_size': 1}, 'distributed_training': {'_name': None, 'distributed_world_size': 1, 'distributed_num_procs': 1, 'distributed_rank': 0, 'distributed_backend': 'nccl', 'distributed_init_method': None, 'distributed_port': -1, 'device_id': 0, 'distributed_no_spawn': False, 'ddp_backend': 'pytorch_ddp', 'ddp_comm_hook': 'none', 'bucket_cap_mb': 25, 'fix_batches_to_gpus': False, 'find_unused_parameters': False, 'fast_stat_sync': False, 'heartbeat_timeout': -1, 'broadcast_buffers': False, 'slowmo_momentum': None, 'slowmo_algorithm': 'LocalSGD', 'localsgd_frequency': 3, 'nprocs_per_node': 1, 'pipeline_model_parallel': False, 'pipeline_balance': None, 'pipeline_devices': None, 'pipeline_chunks': 0, 'pipeline_encoder_balance': None, 'pipeline_encoder_devices': None, 'pipeline_decoder_balance': None, 'pipeline_decoder_devices': None, 'pipeline_checkpoint': 'never', 'zero_sharding': 'none', 'fp16': False, 'memory_efficient_fp16': False, 'tpu': False, 'no_reshard_after_forward': False, 'fp32_reduce_scatter': False, 'cpu_offload': False, 'use_sharded_state': False}, 'dataset': {'_name': None, 'num_workers': 0, 'skip_invalid_size_inputs_valid_test': False, 'max_tokens': 1000, 'batch_size': None, 'required_batch_size_multiple': 8, 'required_seq_len_multiple': 1, 'dataset_impl': None, 'data_buffer_size': 10, 'train_subset': 'train', 'valid_subset': 'valid', 'combine_valid_subsets': None, 'ignore_unused_valid_subsets': False, 'validate_interval': 1, 'validate_interval_updates': 0, 'validate_after_updates': 0, 'fixed_validation_seed': None, 'disable_validation': False, 'max_tokens_valid': 1000, 'batch_size_valid': None, 'max_valid_steps': None, 'curriculum': 0, 'gen_subset': 'test', 'num_shards': 1, 'shard_id': 0}, 'override': {'_name': None, 'noise_wav': None, 'noise_prob': 0.0, 'noise_snr': 0.0, 'modalities': ['video'], 'data': '/workspace/av-hubert-ai-speak/data/lrs3_raw/subset_data', 'label_dir': '/workspace/av-hubert-ai-speak/data/lrs3_raw/subset_data'}, 'is_ax': False}
[2026-08-05 14:19:32,903][avhubert.hubert_pretraining][INFO] - Using tokenizer
[2026-08-05 14:19:32,906][avhubert.hubert_dataset][INFO] - max_keep=500, min_keep=None, loaded 1321, skipped 0 short and 0 long and 0 unaligned, longest-loaded=155, shortest-loaded=14
[2026-08-05 14:19:32,906][avhubert.hubert_dataset][INFO] - /workspace/av-hubert-ai-speak/data/lrs3_raw/subset_data/test.wrd is sequence label. skipped
[2026-08-05 14:19:32,907][avhubert.hubert_dataset][INFO] - image transform: Compose(
    Normalize(mean=0.0, std=255.0)
    <avhubert.utils.CenterCrop object at 0x76feccb613a0>
    Normalize(mean=0.421, std=0.165)
)
[2026-08-05 14:19:32,907][avhubert.hubert_dataset][INFO] - pad_audio=True, random_crop=False, normalize=True, max_sample_size=500, seqs2seq data=True,
[2026-08-05 14:19:32,907][avhubert.hubert_dataset][INFO] - Noise wav: None->0 wav, Prob: 0.0, SNR: 0.0, Number of mixture: 1

REF:it turned out that we were doing a lot of low level drug cases on the streets just around the corner from our office in trenton
HYP:it itssssssssssss the the the the the the the the the the the the thess

[2026-08-05 14:19:37,914][hybrid.speech_recognize][INFO] - 
REF:it turned out that we were doing a lot of low level drug cases on the streets just around the corner from our office in trenton
HYP:it itssssssssssss the the the the the the the the the the the the thess


REF:you're hearing one presentation after another often representing a group of people a tribe about how
HYP:you you a a a a of of of ofsssssssssssssss

[2026-08-05 14:19:37,915][hybrid.speech_recognize][INFO] - 
REF:you're hearing one presentation after another often representing a group of people a tribe about how
HYP:you you a a a a of of of ofsssssssssssssss


REF:and when i look at the criminal justice system in the united states today i feel the exact same way that i did about the state of
HYP:and i i the the the the the the the the the the the the the the the the the the the the the the the thesss

[2026-08-05 14:19:37,917][hybrid.speech_recognize][INFO] - 
REF:and when i look at the criminal justice system in the united states today i feel the exact same way that i did about the state of
HYP:and i i the the the the the the the the the the the the the the the the the the the the the the the thesss


REF:about a year after 9 11 researchers examined a group of women who were pregnant when they were exposed to the world
HYP:and' a a a a a a a the the the the the the the the the the the the the the the the the the the the the the the thess

[2026-08-05 14:19:37,918][hybrid.speech_recognize][INFO] - 
REF:about a year after 9 11 researchers examined a group of women who were pregnant when they were exposed to the world
HYP:and' a a a a a a a the the the the the the the the the the the the the the the the the the the the the the the thess


REF:last week alone i got 238 pieces of nasty email and more
HYP:now nowssssssssssssssss

[2026-08-05 14:19:37,920][hybrid.speech_recognize][INFO] - 
REF:last week alone i got 238 pieces of nasty email and more
HYP:now nowssssssssssssssss


REF:it is my belief that to create these rare game changers requires you to pull off at least
HYP:it is isssssssssssssssssssssssss

[2026-08-05 14:19:37,921][hybrid.speech_recognize][INFO] - 
REF:it is my belief that to create these rare game changers requires you to pull off at least
HYP:it is isssssssssssssssssssssssss


REF:i'm here to tell you the story of crazy love a psychological trap disguised as love one
HYP:i'' to to to the thessssssssssssss

[2026-08-05 14:19:38,767][hybrid.speech_recognize][INFO] - 
REF:i'm here to tell you the story of crazy love a psychological trap disguised as love one
HYP:i'' to to to the thessssssssssssss


REF:and that's really what i find so intriguing about the reactions that we've had to the
HYP:and''ss the the thessss to to to to to to to to to to to to to

[2026-08-05 14:19:38,769][hybrid.speech_recognize][INFO] - 
REF:and that's really what i find so intriguing about the reactions that we've had to the
HYP:and''ss the the thessss to to to to to to to to to to to to to


REF:my mother was on the line to tell me that doctors had found a lump in his stomach terminal cancer
HYP:my my my my my my my my to to to to to to to to to to to to to to to to to

[2026-08-05 14:19:38,771][hybrid.speech_recognize][INFO] - 
REF:my mother was on the line to tell me that doctors had found a lump in his stomach terminal cancer
HYP:my my my my my my my my to to to to to to to to to to to to to to to to to


REF:and after that initial prototype we set out to make free and open source software so that others do not have
HYP:and havesssssssssssssssssssssssssss

[2026-08-05 14:19:38,772][hybrid.speech_recognize][INFO] - 
REF:and after that initial prototype we set out to make free and open source software so that others do not have
HYP:and havesssssssssssssssssssssssssss


REF:you destroy all the bone marrow in the cancer patient with massive doses of chemotherapy
HYP:you' the thessssssssssssssssssssssssss

[2026-08-05 14:19:38,774][hybrid.speech_recognize][INFO] - 
REF:you destroy all the bone marrow in the cancer patient with massive doses of chemotherapy
HYP:you' the thessssssssssssssssssssssssss


REF:and all of this matters greatly because public safety to me is the most important function of
HYP:and are are are are of of of of is is is is is is is is is is is is is is is

[2026-08-05 14:19:38,775][hybrid.speech_recognize][INFO] - 
REF:and all of this matters greatly because public safety to me is the most important function of
HYP:and are are are are of of of of is is is is is is is is is is is is is is is


REF:so i decided to focus on using data and analytics to help make the most critical decision
HYP:so i i to to to to to to to to to to to to to to to to to to to to to to to

[2026-08-05 14:19:39,249][hybrid.speech_recognize][INFO] - 
REF:so i decided to focus on using data and analytics to help make the most critical decision
HYP:so i i to to to to to to to to to to to to to to to to to to to to to to to


REF:and so many of my early memories involved intricate daydreams where i would walk across borders
HYP:and so of of of ofssssssssssssssssssssssssssssssss

[2026-08-05 14:19:39,251][hybrid.speech_recognize][INFO] - 
REF:and so many of my early memories involved intricate daydreams where i would walk across borders
HYP:and so of of of ofssssssssssssssssssssssssssssssss


REF:but in the process they also train our brains to tune out when somebody else's issue
HYP:but in the thessssstttttttttttttt

[2026-08-05 14:19:39,252][hybrid.speech_recognize][INFO] - 
REF:but in the process they also train our brains to tune out when somebody else's issue
HYP:but in the thessssstttttttttttttt


REF:if you want this experience to live on as something historic then at the reception
HYP:if if you youtttttttttttttttttttttt

[2026-08-05 14:19:39,253][hybrid.speech_recognize][INFO] - 
REF:if you want this experience to live on as something historic then at the reception
HYP:if if you youtttttttttttttttttttttt


REF:i looked at my friend who drilled seven dry wells writing off more than a billion dollars for the
HYP:i i my my my my my my mysssssssssssssss

[2026-08-05 14:19:39,255][hybrid.speech_recognize][INFO] - 
REF:i looked at my friend who drilled seven dry wells writing off more than a billion dollars for the
HYP:i i my my my my my my mysssssssssssssss


REF:they also monitored the internet and social media to monitor the progress of
HYP:the the the the the the the thesssssssssssssss

[2026-08-05 14:19:39,256][hybrid.speech_recognize][INFO] - 
REF:they also monitored the internet and social media to monitor the progress of
HYP:the the the the the the the thesssssssssssssss


REF:so when i started my job at the arnold foundation i came back to looking at a lot of these questions and i came back
HYP:so i i i i i i i i i i i i i i i i i i i i i and and and and and and and and and and and and

[2026-08-05 14:19:39,994][hybrid.speech_recognize][INFO] - 
REF:so when i started my job at the arnold foundation i came back to looking at a lot of these questions and i came back
HYP:so i i i i i i i i i i i i i i i i i i i i i and and and and and and and and and and and and


REF:race is a social category that has staggering biological consequences
HYP:as is is isssssssssssssssssssssss

[2026-08-05 14:19:39,995][hybrid.speech_recognize][INFO] - 
REF:race is a social category that has staggering biological consequences
HYP:as is is isssssssssssssssssssssss


REF:what is the exact relationship between levels of greenhouse gases and planetary
HYP:what what is a a a a a a a a a a a a a a a a a a a a

[2026-08-05 14:19:39,997][hybrid.speech_recognize][INFO] - 
REF:what is the exact relationship between levels of greenhouse gases and planetary
HYP:what what is a a a a a a a a a a a a a a a a a a a a


REF:so you want to go to that board meeting but you only want to pay attention to the bits that interest
HYP:so you you you you you the the that that that that that that that to to to to to to to to

[2026-08-05 14:19:39,998][hybrid.speech_recognize][INFO] - 
REF:so you want to go to that board meeting but you only want to pay attention to the bits that interest
HYP:so you you you you you the the that that that that that that that to to to to to to to to


REF:i started to write about sharing the fact that i'm a survivor of all forms of sexual abuse including three
HYP:i i i i i i i issssssssssssssss of of of of of of of of of

[2026-08-05 14:19:40,000][hybrid.speech_recognize][INFO] - 
REF:i started to write about sharing the fact that i'm a survivor of all forms of sexual abuse including three
HYP:i i i i i i i issssssssssssssss of of of of of of of of of


REF:that is the real world and unless we find a way to globalize democracy or
HYP:it' the the the the the and and and and and and and and and and and and and and

[2026-08-05 14:19:40,001][hybrid.speech_recognize][INFO] - 
REF:that is the real world and unless we find a way to globalize democracy or
HYP:it' the the the the the and and and and and and and and and and and and and and


REF:i'd like to make the suggestion that we don't need to aim for that to make substantial progress
HYP:i don' we we we we that that that that that to to to to to to to to

[2026-08-05 14:19:40,453][hybrid.speech_recognize][INFO] - 
REF:i'd like to make the suggestion that we don't need to aim for that to make substantial progress
HYP:i don' we we we we that that that that that to to to to to to to to


REF:but one of the things i've learned is that apparently it matters if a new product or service is
HYP:but one of of of of of of of of of of of of of of of of of ofssss

[2026-08-05 14:19:40,454][hybrid.speech_recognize][INFO] - 
REF:but one of the things i've learned is that apparently it matters if a new product or service is
HYP:but one of of of of of of of of of of of of of of of of of ofssss


REF:we used to have a manufacturing economy which was about building goods and products and now we have a service
HYP:we we have have have have and and and and and and and and and and and and and and and and and and and and and

[2026-08-05 14:19:40,456][hybrid.speech_recognize][INFO] - 
REF:we used to have a manufacturing economy which was about building goods and products and now we have a service
HYP:we we have have have have and and and and and and and and and and and and and and and and and and and and and


REF:i started to walk in the community and it didn't take a rocket scientist to realize that they weren't
HYP:i i to to to to and and and and and and and and and and and and and and and and and and and and and

[2026-08-05 14:19:40,457][hybrid.speech_recognize][INFO] - 
REF:i started to walk in the community and it didn't take a rocket scientist to realize that they weren't
HYP:i i to to to to and and and and and and and and and and and and and and and and and and and and and


REF:and we connected over really small things like the fact that i love country music which is really
HYP:and we'sssssssssssssssssssss

[2026-08-05 14:19:40,458][hybrid.speech_recognize][INFO] - 
REF:and we connected over really small things like the fact that i love country music which is really
HYP:and we'sssssssssssssssssssss


REF:so to summarize if we could offer a top quality education to everyone around the world for free
HYP:so if we we we the the the the the the the the the the the the the the the the the the

[2026-08-05 14:19:40,460][hybrid.speech_recognize][INFO] - 
REF:so to summarize if we could offer a top quality education to everyone around the world for free
HYP:so if we we we the the the the the the the the the the the the the the the the the the


REF:effectively the taliban create a complete blackout of any other source of information
HYP:a of of of of of of of of of of of of of of of of of of of of of of of of of of

[2026-08-05 14:19:40,897][hybrid.speech_recognize][INFO] - 
REF:effectively the taliban create a complete blackout of any other source of information
HYP:a of of of of of of of of of of of of of of of of of of of of of of of of of of


REF:we now have a moral challenge that is in the tradition of others that we have
HYP:we we have have have have that that that that that that that that that that that that that that that that

[2026-08-05 14:19:40,898][hybrid.speech_recognize][INFO] - 
REF:we now have a moral challenge that is in the tradition of others that we have
HYP:we we have have have have that that that that that that that that that that that that that that that that


REF:none of these studies found that people spend more on drinking or smoking or that people
HYP:people people people people people people people people people people people people people people people people people people people people people people people

[2026-08-05 14:19:40,900][hybrid.speech_recognize][INFO] - 
REF:none of these studies found that people spend more on drinking or smoking or that people
HYP:people people people people people people people people people people people people people people people people people people people people people people people


REF:but before that cooperation could be realized kennedy was assassinated and that part of the
HYP:but that that that that that that that that that that that that that that that that that that that that that

[2026-08-05 14:19:40,901][hybrid.speech_recognize][INFO] - 
REF:but before that cooperation could be realized kennedy was assassinated and that part of the
HYP:but that that that that that that that that that that that that that that that that that that that that that


REF:some of them were really afraid of contagion and they wouldn't even walk in front of our
HYP:and we we we of of of of of of of of of of of of of of of of of of of of

[2026-08-05 14:19:40,902][hybrid.speech_recognize][INFO] - 
REF:some of them were really afraid of contagion and they wouldn't even walk in front of our
HYP:and we we we of of of of of of of of of of of of of of of of of of of of


REF:and he was talking about the importance of coaching boys into men and changing the culture of the locker room and giving
HYP:and it was about about the the thesssssssssssssss and and and andsssssss

[2026-08-05 14:19:40,904][hybrid.speech_recognize][INFO] - 
REF:and he was talking about the importance of coaching boys into men and changing the culture of the locker room and giving
HYP:and it was about about the the thesssssssssssssss and and and andsssssss


REF:if you are asked to estimate the walking speed of a man in a video for example your answer
HYP:if you you you you you you you you you you you you you you you you you you you you

[2026-08-05 14:19:41,314][hybrid.speech_recognize][INFO] - 
REF:if you are asked to estimate the walking speed of a man in a video for example your answer
HYP:if you you you you you you you you you you you you you you you you you you you you


REF:china is constrained in terms of how much more land it actually has available for agriculture and it has massive
HYP:and'ssssssssss and and and and and and and and and and and and and and and and

[2026-08-05 14:19:41,315][hybrid.speech_recognize][INFO] - 
REF:china is constrained in terms of how much more land it actually has available for agriculture and it has massive
HYP:and'ssssssssss and and and and and and and and and and and and and and and and


REF:a couple of years ago a group of us in canada decided that we were hitting the limits of what we could accomplish
HYP:a a a a a a a a of of of of of of of of of of of of of of of of of

[2026-08-05 14:19:41,317][hybrid.speech_recognize][INFO] - 
REF:a couple of years ago a group of us in canada decided that we were hitting the limits of what we could accomplish
HYP:a a a a a a a a of of of of of of of of of of of of of of of of of


REF:so we need the solutions and these people playing the game they are trying out
HYP:so we we we we they the the the the the the the the the people people people they they they they they they they

[2026-08-05 14:19:41,318][hybrid.speech_recognize][INFO] - 
REF:so we need the solutions and these people playing the game they are trying out
HYP:so we we we we they the the the the the the the the the people people people they they they they they they they


REF:this meant that the movements demanding change knew what they were against crushing poverty widening
HYP:this the the the thesssssss the the the the the the the the the thett

[2026-08-05 14:19:41,320][hybrid.speech_recognize][INFO] - 
REF:this meant that the movements demanding change knew what they were against crushing poverty widening
HYP:this the the the thesssssss the the the the the the the the the thett


REF:we are talking about the venues in which those public spaces where we come together
HYP:we are are about about about we we we we we we we we we we we we we we we

[2026-08-05 14:19:41,321][hybrid.speech_recognize][INFO] - 
REF:we are talking about the venues in which those public spaces where we come together
HYP:we are are about about about we we we we we we we we we we we we we we we


REF:and when i talk to judges around the united states which i do all the time now they all say the same
HYP:and i i the the the the the the the the the the the the the the the the the the the

[2026-08-05 14:19:41,766][hybrid.speech_recognize][INFO] - 
REF:and when i talk to judges around the united states which i do all the time now they all say the same
HYP:and i i the the the the the the the the the the the the the the the the the the the


REF:when in the history of humanity has it ever been possible for one person to rob
HYP:we the the the the the the the of of of of of of of of of of of of of of of of of

[2026-08-05 14:19:41,768][hybrid.speech_recognize][INFO] - 
REF:when in the history of humanity has it ever been possible for one person to rob
HYP:we the the the the the the the of of of of of of of of of of of of of of of of of


REF:but when you start to look at the data which by the way the judges don't have when we start to look at the data
HYP:but when you you you when when when when when when when when when when''''''''''' to to to to to to to

[2026-08-05 14:19:41,769][hybrid.speech_recognize][INFO] - 
REF:but when you start to look at the data which by the way the judges don't have when we start to look at the data
HYP:but when you you you when when when when when when when when when when''''''''''' to to to to to to to


REF:i'm also on this mission because the way doctors practice medicine continues to
HYP:i''sssssssssssssssssssssss

[2026-08-05 14:19:41,770][hybrid.speech_recognize][INFO] - 
REF:i'm also on this mission because the way doctors practice medicine continues to
HYP:i''sssssssssssssssssssssss


REF:you know it's like once again there's this whole problem of design being often misunderstood for art
HYP:it itsssssssssssssssssssss

[2026-08-05 14:19:41,772][hybrid.speech_recognize][INFO] - 
REF:you know it's like once again there's this whole problem of design being often misunderstood for art
HYP:it itsssssssssssssssssssss


REF:and one activist actually found a contract from a western company for the sale of surveillance
HYP:and one ofssssssssssssssssssssssssss

[2026-08-05 14:19:41,773][hybrid.speech_recognize][INFO] - 
REF:and one activist actually found a contract from a western company for the sale of surveillance
HYP:and one ofssssssssssssssssssssssssss


REF:on the other hand statistics that's a subject that you could and should use
HYP:and' thess that that that that that that that that that thatsssssssss

[2026-08-05 14:19:42,211][hybrid.speech_recognize][INFO] - 
REF:on the other hand statistics that's a subject that you could and should use
HYP:and' thess that that that that that that that that that thatsssssssss


REF:and he said well i just care so deeply about my customers that i would never sell them one of our crappy products
HYP:i i i i i i i issssssssss and and and and and and and and and

[2026-08-05 14:19:42,213][hybrid.speech_recognize][INFO] - 
REF:and he said well i just care so deeply about my customers that i would never sell them one of our crappy products
HYP:i i i i i i i issssssssss and and and and and and and and and


REF:we can build healthier relationships around race if we learn to calculate locate
HYP:we we we we wessssssssttttttttttttt

[2026-08-05 14:19:42,214][hybrid.speech_recognize][INFO] - 
REF:we can build healthier relationships around race if we learn to calculate locate
HYP:we we we we wessssssssttttttttttttt


REF:he wanted to sit where he could scan the room where he could plan escape routes where he could get his hands
HYP:and we we the the the the the the the the the the the the the the the the the the the the the the the the the

[2026-08-05 14:19:42,216][hybrid.speech_recognize][INFO] - 
REF:he wanted to sit where he could scan the room where he could plan escape routes where he could get his hands
HYP:and we we the the the the the the the the the the the the the the the the the the the the the the the the the


REF:in other words a coroner could find these things because this is a fatal recipe
HYP:in isssssssssssssssssssssssssss

[2026-08-05 14:19:42,217][hybrid.speech_recognize][INFO] - 
REF:in other words a coroner could find these things because this is a fatal recipe
HYP:in isssssssssssssssssssssssssss


REF:we go far beyond reasonable constructive criticism to dissecting any given woman's feminism
HYP:we we we wessssssssssssssssssssssssss

[2026-08-05 14:19:42,219][hybrid.speech_recognize][INFO] - 
REF:we go far beyond reasonable constructive criticism to dissecting any given woman's feminism
HYP:we we we wessssssssssssssssssssssssss


REF:and so i think that nature is not that which is untouched by humanity man or woman
HYP:and i i is is that that that that that that that that that that that that that that that that

[2026-08-05 14:19:42,604][hybrid.speech_recognize][INFO] - 
REF:and so i think that nature is not that which is untouched by humanity man or woman
HYP:and i i is is that that that that that that that that that that that that that that that that


REF:the world's companies governments and non profits have delivery armies that are fully capable of covering this
HYP:the thesssssssssssssssssssssssssss

[2026-08-05 14:19:42,606][hybrid.speech_recognize][INFO] - 
REF:the world's companies governments and non profits have delivery armies that are fully capable of covering this
HYP:the thesssssssssssssssssssssssssss


REF:and so one of the major challenges of our project really is to find photographs that were taken before something
HYP:so so of of of of of of of of of of

[2026-08-05 14:19:42,607][hybrid.speech_recognize][INFO] - 
REF:and so one of the major challenges of our project really is to find photographs that were taken before something
HYP:so so of of of of of of of of of of


REF:i became a psychology researcher and i've devoted my work to understanding the human capacity to care for others
HYP:imm a a my my to to to to to to to to to to to tossssssssss

[2026-08-05 14:19:42,608][hybrid.speech_recognize][INFO] - 
REF:i became a psychology researcher and i've devoted my work to understanding the human capacity to care for others
HYP:imm a a my my to to to to to to to to to to to tossssssssss


REF:we have ideas for how to make things better and i want to share three of them that we've picked up in our own work
HYP:we we to to to to we we we we we we we we we we we we we we we we

[2026-08-05 14:19:42,609][hybrid.speech_recognize][INFO] - 
REF:we have ideas for how to make things better and i want to share three of them that we've picked up in our own work
HYP:we we to to to to we we we we we we we we we we we we we we we we


REF:so we locked ourselves in a room for two days and we tried to figure out what bound us together
HYP:so we we we we we we we we we we we we we we we we we we

[2026-08-05 14:19:42,610][hybrid.speech_recognize][INFO] - 
REF:so we locked ourselves in a room for two days and we tried to figure out what bound us together
HYP:so we we we we we we we we we we we we we we we we we we


REF:both of them bring the imagination to life in ways that remind us that all of our bonds in the end
HYP:the' the the the the the the the the the the the the the the the the the thesss

[2026-08-05 14:19:43,117][hybrid.speech_recognize][INFO] - 
REF:both of them bring the imagination to life in ways that remind us that all of our bonds in the end
HYP:the' the the the the the the the the the the the the the the the the the thesss


REF:show abuse the light of day by talking about it with your children your coworkers your friends and
HYP:you you youssssssssssssssssssssssssss

[2026-08-05 14:19:43,119][hybrid.speech_recognize][INFO] - 
REF:show abuse the light of day by talking about it with your children your coworkers your friends and
HYP:you you youssssssssssssssssssssssssss


REF:so it's really important that you know that right now we have over
HYP:so it'''' that that that that that that that that that that that

[2026-08-05 14:19:43,120][hybrid.speech_recognize][INFO] - 
REF:so it's really important that you know that right now we have over
HYP:so it'''' that that that that that that that that that that that


REF:i imagine that my kids are going to live in a time when the most valuable commodities are fresh water
HYP:i i i the to to tossssssssssssssss

[2026-08-05 14:19:43,122][hybrid.speech_recognize][INFO] - 
REF:i imagine that my kids are going to live in a time when the most valuable commodities are fresh water
HYP:i i i the to to tossssssssssssssss


REF:the authors looked at papers written over a 10 year period and hundreds had to be thrown out
HYP:the the thessssssss and and and and and and and and and and and and and and and and

[2026-08-05 14:19:43,123][hybrid.speech_recognize][INFO] - 
REF:the authors looked at papers written over a 10 year period and hundreds had to be thrown out
HYP:the the thessssssss and and and and and and and and and and and and and and and and


REF:we can create a decentralized database that has the same efficiency of a monopoly
HYP:we' the the the the the the the the the the the the the the the the the the the the the the the thess

[2026-08-05 14:19:43,125][hybrid.speech_recognize][INFO] - 
REF:we can create a decentralized database that has the same efficiency of a monopoly
HYP:we' the the the the the the the the the the the the the the the the the the the the the the the thess


REF:which is why that ivy league degree and the wall street job and his bright shiny future
HYP:we is is issss and and and and and and and and and and and and and and and and and

[2026-08-05 14:19:43,563][hybrid.speech_recognize][INFO] - 
REF:which is why that ivy league degree and the wall street job and his bright shiny future
HYP:we is is issss and and and and and and and and and and and and and and and and and


REF:they know you can fail by starting a business that goes bankrupt or by failing to start a business at all
HYP:they you youttttttttttttttttttttttt

[2026-08-05 14:19:43,564][hybrid.speech_recognize][INFO] - 
REF:they know you can fail by starting a business that goes bankrupt or by failing to start a business at all
HYP:they you youttttttttttttttttttttttt


REF:if any child is found violating these rules he is severely reprimanded
HYP:if if inaaasssssssssss

[2026-08-05 14:19:43,565][hybrid.speech_recognize][INFO] - 
REF:if any child is found violating these rules he is severely reprimanded
HYP:if if inaaasssssssssss


REF:yet when she had to find seven hours because there is water all over her basement she found
HYP:now she she to to to to to to tosssssssssss

[2026-08-05 14:19:43,566][hybrid.speech_recognize][INFO] - 
REF:yet when she had to find seven hours because there is water all over her basement she found
HYP:now she she to to to to to to tosssssssssss


REF:they were unbelievably expensive to administer they were time consuming they were limited to the local
HYP:they they a a atttttttttttt they they they they they they they they they they they they they

[2026-08-05 14:19:43,568][hybrid.speech_recognize][INFO] - 
REF:they were unbelievably expensive to administer they were time consuming they were limited to the local
HYP:they they a a atttttttttttt they they they they they they they they they they they they they


REF:like we evolved on this planet in the context of all the other animals with which we share
HYP:we we we we we we wessssssssssssssss

[2026-08-05 14:19:43,569][hybrid.speech_recognize][INFO] - 
REF:like we evolved on this planet in the context of all the other animals with which we share
HYP:we we we we we we wessssssssssssssss


REF:and the soldier on the front tank said we have unconditional orders to destroy this
HYP:and we have have the the thesssss this this this thisssssssssssss

[2026-08-05 14:19:43,570][hybrid.speech_recognize][INFO] - 
REF:and the soldier on the front tank said we have unconditional orders to destroy this
HYP:and we have have the the thesssss this this this thisssssssssssss


REF:so i want to talk to you today about what i think is a much more complete recipe for deep
HYP:so i i i to to to to to''''''''''''''

[2026-08-05 14:19:43,951][hybrid.speech_recognize][INFO] - 
REF:so i want to talk to you today about what i think is a much more complete recipe for deep
HYP:so i i i to to to to to''''''''''''''


REF:it's shocking to realize that only 28 percent of american
HYP:it is is is isss of of of of of of of of

[2026-08-05 14:19:43,952][hybrid.speech_recognize][INFO] - 
REF:it's shocking to realize that only 28 percent of american
HYP:it is is is isss of of of of of of of of


REF:and when you think about it it makes a lot of sense because forming a question is a really complex
HYP:and we wesssssssssssssssssssss

[2026-08-05 14:19:43,953][hybrid.speech_recognize][INFO] - 
REF:and when you think about it it makes a lot of sense because forming a question is a really complex
HYP:and we wesssssssssssssssssssss


REF:when you really look at it how is it that young people spend most of their time using new technologies
HYP:we we we we you people people people people people people people people people people people

[2026-08-05 14:19:43,954][hybrid.speech_recognize][INFO] - 
REF:when you really look at it how is it that young people spend most of their time using new technologies
HYP:we we we we you people people people people people people people people people people people


REF:children are especially sensitive to this repeated stress activation
HYP:shessssssssssssssssssss

[2026-08-05 14:19:43,955][hybrid.speech_recognize][INFO] - 
REF:children are especially sensitive to this repeated stress activation
HYP:shessssssssssssssssssss


REF:so when you're born you can make feelings like calmness and
HYP:so when you you you'''ssssss

[2026-08-05 14:19:43,956][hybrid.speech_recognize][INFO] - 
REF:so when you're born you can make feelings like calmness and
HYP:so when you you you'''ssssss


REF:and so knowing that we went to the advertising council and we asked them to help us
HYP:and we we we we we we we we we we we we we we to to

[2026-08-05 14:19:43,957][hybrid.speech_recognize][INFO] - 
REF:and so knowing that we went to the advertising council and we asked them to help us
HYP:and we we we we we we we we we we we we we we to to


REF:well very often we think about political change in defined compartments these days
HYP:we we about about about about about and and and and and and and and and and andssss

[2026-08-05 14:19:44,639][hybrid.speech_recognize][INFO] - 
REF:well very often we think about political change in defined compartments these days
HYP:we we about about about about about and and and and and and and and and and andssss


REF:thousands of women started reaching out to me to share their own stories of pain and agony and shame
HYP:theressssssssssss and and and and and and and and and and and and and and and

[2026-08-05 14:19:44,641][hybrid.speech_recognize][INFO] - 
REF:thousands of women started reaching out to me to share their own stories of pain and agony and shame
HYP:theressssssssssss and and and and and and and and and and and and and and and


REF:and others resented this comparison between gay rights and civil rights and
HYP:and andsssssssss and and and and and and and and and and and and and and and and and and

[2026-08-05 14:19:44,642][hybrid.speech_recognize][INFO] - 
REF:and others resented this comparison between gay rights and civil rights and
HYP:and andsssssssss and and and and and and and and and and and and and and and and and and


REF:imagine if we had across the country right now in local places but
HYP:a we we we we we a a assss

[2026-08-05 14:19:44,643][hybrid.speech_recognize][INFO] - 
REF:imagine if we had across the country right now in local places but
HYP:a we we we we we a a assss


REF:we are now very comfortable imagining unimaginable technological achievement
HYP:it issss a a a a atttttttttttt

[2026-08-05 14:19:44,644][hybrid.speech_recognize][INFO] - 
REF:we are now very comfortable imagining unimaginable technological achievement
HYP:it issss a a a a atttttttttttt


REF:it's using past experience based on similar situations to try to make meaning
HYP:so to to tosssssssssss to to to to to to to to to to to to

[2026-08-05 14:19:44,645][hybrid.speech_recognize][INFO] - 
REF:it's using past experience based on similar situations to try to make meaning
HYP:so to to tosssssssssss to to to to to to to to to to to to


REF:there's going to be a new system based on donated package tracking technology from the logistics company that i work for
HYP:there'' a a a a a addddddddddddddd

[2026-08-05 14:19:44,646][hybrid.speech_recognize][INFO] - 
REF:there's going to be a new system based on donated package tracking technology from the logistics company that i work for
HYP:there'' a a a a a addddddddddddddd


REF:and it's an issue of the quality and the integrity of science and medicine
HYP:and as as a a of of of of of of and and and and and and and and and and and and and and and and

[2026-08-05 14:19:45,097][hybrid.speech_recognize][INFO] - 
REF:and it's an issue of the quality and the integrity of science and medicine
HYP:and as as a a of of of of of of and and and and and and and and and and and and and and and and


REF:i'm not strong enough to lift my carry on bag from the ground to the carousel
HYP:i'mmmmmmmm to to to to to to to to to to to to to

[2026-08-05 14:19:45,098][hybrid.speech_recognize][INFO] - 
REF:i'm not strong enough to lift my carry on bag from the ground to the carousel
HYP:i'mmmmmmmm to to to to to to to to to to to to to


REF:some boys broke me when i was so young i did not know what boys can do to break a girl
HYP:so i i i i i i i i i i i i i i i i i

[2026-08-05 14:19:45,099][hybrid.speech_recognize][INFO] - 
REF:some boys broke me when i was so young i did not know what boys can do to break a girl
HYP:so i i i i i i i i i i i i i i i i i


REF:and it's hard and it takes courage but that's why we're alive right
HYP:and itsssssssssssssssssssss

[2026-08-05 14:19:45,100][hybrid.speech_recognize][INFO] - 
REF:and it's hard and it takes courage but that's why we're alive right
HYP:and itsssssssssssssssssssss


REF:but the second of the transformations the climate transformations we have to decide to do
HYP:but the the the the the the the thessssssssssssssssssss

[2026-08-05 14:19:45,102][hybrid.speech_recognize][INFO] - 
REF:but the second of the transformations the climate transformations we have to decide to do
HYP:but the the the the the the the thessssssssssssssssssss


REF:so people hear about this study and they're like great if i want to get better at my job i just need to upgrade my browser
HYP:so people people people people people i i i i i i i i i i i i i i i to to to to

[2026-08-05 14:19:45,103][hybrid.speech_recognize][INFO] - 
REF:so people hear about this study and they're like great if i want to get better at my job i just need to upgrade my browser
HYP:so people people people people people i i i i i i i i i i i i i i i to to to to


REF:roughly 300 savings and loans involved roughly 600 senior officials
HYP:sssssssssssssssssssssssssss

[2026-08-05 14:19:45,104][hybrid.speech_recognize][INFO] - 
REF:roughly 300 savings and loans involved roughly 600 senior officials
HYP:sssssssssssssssssssssssssss


REF:i've struggled to say those words because i didn't want to be defined by them
HYP:i i i to to to to to to to

[2026-08-05 14:19:45,506][hybrid.speech_recognize][INFO] - 
REF:i've struggled to say those words because i didn't want to be defined by them
HYP:i i i to to to to to to to


REF:social change doesn't happen in the arab region through dramatic confrontation
HYP:the the thessssssssssssssss

[2026-08-05 14:19:45,507][hybrid.speech_recognize][INFO] - 
REF:social change doesn't happen in the arab region through dramatic confrontation
HYP:the the thessssssssssssssss


REF:and to do so we've had to believe in impossible things
HYP:and have have have to to to to and and and and and and and and

[2026-08-05 14:19:45,508][hybrid.speech_recognize][INFO] - 
REF:and to do so we've had to believe in impossible things
HYP:and have have have to to to to and and and and and and and and


REF:a huge opportunity unleashing of new potential for innovation for development
HYP:a a a a a a a a a a a a a a a

[2026-08-05 14:19:45,510][hybrid.speech_recognize][INFO] - 
REF:a huge opportunity unleashing of new potential for innovation for development
HYP:a a a a a a a a a a a a a a a


REF:we have the tools but we lack the collective will and momentum
HYP:we we we the the the the the the the the the the the the the the

[2026-08-05 14:19:45,510][hybrid.speech_recognize][INFO] - 
REF:we have the tools but we lack the collective will and momentum
HYP:we we we the the the the the the the the the the the the the the


REF:progressive movements are growing and resisting with tremendous courage
HYP:with withsssssssssssssssss

[2026-08-05 14:19:45,512][hybrid.speech_recognize][INFO] - 
REF:progressive movements are growing and resisting with tremendous courage
HYP:with withsssssssssssssssss


REF:what it looks like what it feels like and most of all what its core values are
HYP:what''sssssssssss

[2026-08-05 14:19:45,513][hybrid.speech_recognize][INFO] - 
REF:what it looks like what it feels like and most of all what its core values are
HYP:what''sssssssssss


REF:don't we already know the consequences of a changing climate on our settled civilization
HYP:now of of of of of of of of of ofssssssssssssssssss

[2026-08-05 14:19:45,515][hybrid.speech_recognize][INFO] - 
REF:don't we already know the consequences of a changing climate on our settled civilization
HYP:now of of of of of of of of of ofssssssssssssssssss


REF:they have been sold by their families often to wealthy arab tourists
HYP:they have have have have to to to to tosssssssssss

[2026-08-05 14:19:45,933][hybrid.speech_recognize][INFO] - 
REF:they have been sold by their families often to wealthy arab tourists
HYP:they have have have have to to to to tosssssssssss


REF:and so it was that day that we decided we needed to build a crisis text hotline
HYP:and it was that that that that we we we we we we we we we we

[2026-08-05 14:19:45,934][hybrid.speech_recognize][INFO] - 
REF:and so it was that day that we decided we needed to build a crisis text hotline
HYP:and it was that that that that we we we we we we we we we we


REF:and all of that sounds great until you figure out where it's really going
HYP:and and of that thatsssssssssssssss

[2026-08-05 14:19:45,935][hybrid.speech_recognize][INFO] - 
REF:and all of that sounds great until you figure out where it's really going
HYP:and and of that thatsssssssssssssss


REF:but when i was little i remember he would kill flies in our house with my bb gun
HYP:when was was was i i i i i i i i i i ittt

[2026-08-05 14:19:45,936][hybrid.speech_recognize][INFO] - 
REF:but when i was little i remember he would kill flies in our house with my bb gun
HYP:when was was was i i i i i i i i i i ittt


REF:we're going to start putting an entire layer of digital information on the real world
HYP:we i i i to the the the the the the the the the

[2026-08-05 14:19:45,937][hybrid.speech_recognize][INFO] - 
REF:we're going to start putting an entire layer of digital information on the real world
HYP:we i i i to the the the the the the the the the


REF:well once again women get the angiogram and nobody can tell that they have a problem
HYP:we we we to to to to to to to to to to to to to to to to to to to to to to to

[2026-08-05 14:19:45,939][hybrid.speech_recognize][INFO] - 
REF:well once again women get the angiogram and nobody can tell that they have a problem
HYP:we we we to to to to to to to to to to to to to to to to to to to to to to to


REF:but if they don't stay in paris the international pressure will be overwhelming
HYP:but if ifttttttttttttttttttt

[2026-08-05 14:19:45,940][hybrid.speech_recognize][INFO] - 
REF:but if they don't stay in paris the international pressure will be overwhelming
HYP:but if ifttttttttttttttttttt


REF:this is just one face of a booming sex trade across the arab region
HYP:this''ssssssssssssssssssssssssss

[2026-08-05 14:19:45,941][hybrid.speech_recognize][INFO] - 
REF:this is just one face of a booming sex trade across the arab region
HYP:this''ssssssssssssssssssssssssss


REF:you have to have a high tech experience of pregnancy otherwise something might go wrong
HYP:you you you you you youssssssssssssssss

[2026-08-05 14:19:46,469][hybrid.speech_recognize][INFO] - 
REF:you have to have a high tech experience of pregnancy otherwise something might go wrong
HYP:you you you you you youssssssssssssssss


REF:one you need to know where you are and exactly what time it is
HYP:what you you you you you you you you you you you you you you you

[2026-08-05 14:19:46,470][hybrid.speech_recognize][INFO] - 
REF:one you need to know where you are and exactly what time it is
HYP:what you you you you you you you you you you you you you you you


REF:often what happens is you're planning so hard for like how do i get through the hardest part
HYP:what is issssssssssssssssssss

[2026-08-05 14:19:46,471][hybrid.speech_recognize][INFO] - 
REF:often what happens is you're planning so hard for like how do i get through the hardest part
HYP:what is issssssssssssssssssss


REF:and i went back home and i said daddy i don't know who i am
HYP:i i i i i i i i i i i i i i i i i i i i i

[2026-08-05 14:19:46,472][hybrid.speech_recognize][INFO] - 
REF:and i went back home and i said daddy i don't know who i am
HYP:i i i i i i i i i i i i i i i i i i i i i


REF:so the very first thing we wanted to do in this building was look at the air system
HYP:so the the the to to the the the the the the the the the the the the the the the

[2026-08-05 14:19:46,473][hybrid.speech_recognize][INFO] - 
REF:so the very first thing we wanted to do in this building was look at the air system
HYP:so the the the to to the the the the the the the the the the the the the the the


REF:the second is you can put lots and lots of tests in a very small place
HYP:butssssssssssssssssssssss

[2026-08-05 14:19:46,474][hybrid.speech_recognize][INFO] - 
REF:the second is you can put lots and lots of tests in a very small place
HYP:butssssssssssssssssssssss


REF:i think we need something like a manhattan project on the topic of artificial intelligence
HYP:i we we we''' the the the the the the the the the the the the the the

[2026-08-05 14:19:46,475][hybrid.speech_recognize][INFO] - 
REF:i think we need something like a manhattan project on the topic of artificial intelligence
HYP:i we we we''' the the the the the the the the the the the the the the


REF:it brings people together and it supports creativity and social cohesion
HYP:itsssssss and and and and and and and and and and and and

[2026-08-05 14:19:46,476][hybrid.speech_recognize][INFO] - 
REF:it brings people together and it supports creativity and social cohesion
HYP:itsssssss and and and and and and and and and and and and


REF:it was faulty and most of the time i had to restart it over and over before it worked
HYP:it wassssssssssssssss

[2026-08-05 14:19:46,846][hybrid.speech_recognize][INFO] - 
REF:it was faulty and most of the time i had to restart it over and over before it worked
HYP:it wassssssssssssssss


REF:i hope that we can all be a little bit brave when we most need such bravery
HYP:i'' we that that that that thatssssssssssss

[2026-08-05 14:19:46,847][hybrid.speech_recognize][INFO] - 
REF:i hope that we can all be a little bit brave when we most need such bravery
HYP:i'' we that that that that thatssssssssssss


REF:there's love and there's friendship and there's protection
HYP:there there theresssssssssssssssss

[2026-08-05 14:19:46,848][hybrid.speech_recognize][INFO] - 
REF:there's love and there's friendship and there's protection
HYP:there there theresssssssssssssssss


REF:african americans supported it at a higher level than had ever been recorded
HYP:as'ssssss that that that that that that that that that that that that that that that

[2026-08-05 14:19:46,849][hybrid.speech_recognize][INFO] - 
REF:african americans supported it at a higher level than had ever been recorded
HYP:as'ssssss that that that that that that that that that that that that that that that


REF:so i'm not saying that staying in the workforce is the right thing for everyone
HYP:so''' not not'''''''''' is is is is

[2026-08-05 14:19:46,850][hybrid.speech_recognize][INFO] - 
REF:so i'm not saying that staying in the workforce is the right thing for everyone
HYP:so''' not not'''''''''' is is is is


REF:you don't have to bring any quarters because the washer and dryer are free
HYP:you you' to tottttsssssssssssss

[2026-08-05 14:19:46,852][hybrid.speech_recognize][INFO] - 
REF:you don't have to bring any quarters because the washer and dryer are free
HYP:you you' to tottttsssssssssssss


REF:this economy won't work and thomas jefferson saying the people won't trust that
HYP:people people people people people people people people people people and and and and and and and and and and and and and

[2026-08-05 14:19:46,853][hybrid.speech_recognize][INFO] - 
REF:this economy won't work and thomas jefferson saying the people won't trust that
HYP:people people people people people people people people people people and and and and and and and and and and and and and


REF:texting has developed one from this slash
HYP:butsssssssssssss

[2026-08-05 14:19:46,854][hybrid.speech_recognize][INFO] - 
REF:texting has developed one from this slash
HYP:butsssssssssssss


REF:we had drawn a blank and it wasn't just iraq and afghanistan
HYP:and was was was was was was and and and and and and and and and and and and

[2026-08-05 14:19:47,263][hybrid.speech_recognize][INFO] - 
REF:we had drawn a blank and it wasn't just iraq and afghanistan
HYP:and was was was was was was and and and and and and and and and and and and


REF:and imagine what might happen because every region has something to offer
HYP:because'''''' what what what what what what what

[2026-08-05 14:19:47,265][hybrid.speech_recognize][INFO] - 
REF:and imagine what might happen because every region has something to offer
HYP:because'''''' what what what what what what what


REF:wealth is ripped away from people who shouldn't be called unproductive
HYP:this this this people people people people people people people people people people people

[2026-08-05 14:19:47,266][hybrid.speech_recognize][INFO] - 
REF:wealth is ripped away from people who shouldn't be called unproductive
HYP:this this this people people people people people people people people people people people


REF:getting a college education is a 20 year investment
HYP:it it a a a a

[2026-08-05 14:19:47,267][hybrid.speech_recognize][INFO] - 
REF:getting a college education is a 20 year investment
HYP:it it a a a a


REF:science fiction is one of the greatest and most effective forms of political writing
HYP:is is is isssssssssss of of ofss

[2026-08-05 14:19:47,268][hybrid.speech_recognize][INFO] - 
REF:science fiction is one of the greatest and most effective forms of political writing
HYP:is is is isssssssssss of of ofss


REF:their parents are so poor they have no resources to get them back
HYP:they theysss they they they they they they they they they they they they they they they they

[2026-08-05 14:19:47,269][hybrid.speech_recognize][INFO] - 
REF:their parents are so poor they have no resources to get them back
HYP:they theysss they they they they they they they they they they they they they they they they


REF:some of them got out of the army and had tremendous psychological problems when they got home
HYP:so of ofsssssssssssssssssss

[2026-08-05 14:19:47,270][hybrid.speech_recognize][INFO] - 
REF:some of them got out of the army and had tremendous psychological problems when they got home
HYP:so of ofsssssssssssssssssss


REF:now at that time camden new jersey was the most dangerous city in america
HYP:now that that that the the the the the the the the in in in

[2026-08-05 14:19:47,272][hybrid.speech_recognize][INFO] - 
REF:now at that time camden new jersey was the most dangerous city in america
HYP:now that that that the the the the the the the the in in in


REF:dan replies so often you won't even notice it
HYP:you you you you you'''tttttttt

[2026-08-05 14:19:47,696][hybrid.speech_recognize][INFO] - 
REF:dan replies so often you won't even notice it
HYP:you you you you you'''tttttttt


REF:when this happens we're not able to appreciate who they are
HYP:when when not not to to to to to to to to to to

[2026-08-05 14:19:47,697][hybrid.speech_recognize][INFO] - 
REF:when this happens we're not able to appreciate who they are
HYP:when when not not to to to to to to to to to to


REF:it's a composite view that's constantly changing and being updated
HYP:and' is is is is is isinginginginginginginginging

[2026-08-05 14:19:47,698][hybrid.speech_recognize][INFO] - 
REF:it's a composite view that's constantly changing and being updated
HYP:and' is is is is is isinginginginginginginginging


REF:so they won't go for a walk they won't hang out with their friends they won't eat
HYP:so they they they they they they they they they they they they they they they they they they they they they they they they they they they they they

[2026-08-05 14:19:47,700][hybrid.speech_recognize][INFO] - 
REF:so they won't go for a walk they won't hang out with their friends they won't eat
HYP:so they they they they they they they they they they they they they they they they they they they they they they they they they they they they they


REF:we do train them however to adjust caution according to where they are
HYP:we you you you you to to to to to to to to to to to to to to to to to to to

[2026-08-05 14:19:47,701][hybrid.speech_recognize][INFO] - 
REF:we do train them however to adjust caution according to where they are
HYP:we you you you you to to to to to to to to to to to to to to to to to to to


REF:because each year the winner has come from a different tribal group
HYP:it'' a a the the the the the the the the

[2026-08-05 14:19:47,702][hybrid.speech_recognize][INFO] - 
REF:because each year the winner has come from a different tribal group
HYP:it'' a a the the the the the the the the


REF:it came from the way in which beijing has grown as a city
HYP:and the the the the

[2026-08-05 14:19:47,703][hybrid.speech_recognize][INFO] - 
REF:it came from the way in which beijing has grown as a city
HYP:and the the the the


REF:the same tool that united us to topple dictators
HYP:the thesssssssssssss

[2026-08-05 14:19:47,704][hybrid.speech_recognize][INFO] - 
REF:the same tool that united us to topple dictators
HYP:the thesssssssssssss


REF:and they would take a yellow sticky and they would write something on it and they would put it up on a board
HYP:and they a a addddtt they they they they they they they they they they they they they they they they

[2026-08-05 14:19:48,172][hybrid.speech_recognize][INFO] - 
REF:and they would take a yellow sticky and they would write something on it and they would put it up on a board
HYP:and they a a addddtt they they they they they they they they they they they they they they they they


REF:so we need a system that helps all our teachers be as good as the best
HYP:so we the thessssssss to to to to

[2026-08-05 14:19:48,173][hybrid.speech_recognize][INFO] - 
REF:so we need a system that helps all our teachers be as good as the best
HYP:so we the thessssssss to to to to


REF:i learned to write like them and then i learned to write as myself
HYP:i i i to to to to to to i i i i i i i i

[2026-08-05 14:19:48,175][hybrid.speech_recognize][INFO] - 
REF:i learned to write like them and then i learned to write as myself
HYP:i i i to to to to to to i i i i i i i i


REF:china is the world's greatest anti poverty program over the last three decades
HYP:the thessssssssssssssss

[2026-08-05 14:19:48,176][hybrid.speech_recognize][INFO] - 
REF:china is the world's greatest anti poverty program over the last three decades
HYP:the thessssssssssssssss


REF:how can we get so much information out of so little motion
HYP:how we we we we wessss

[2026-08-05 14:19:48,177][hybrid.speech_recognize][INFO] - 
REF:how can we get so much information out of so little motion
HYP:how we we we we wessss


REF:they are gorgeous and headstrong brilliant girls who are a whole lot of brave
HYP:they''ssssssssssssssssss

[2026-08-05 14:19:48,178][hybrid.speech_recognize][INFO] - 
REF:they are gorgeous and headstrong brilliant girls who are a whole lot of brave
HYP:they''ssssssssssssssssss


REF:for africans homegrown science fiction can be a will to power
HYP:for asssssssssssss

[2026-08-05 14:19:48,179][hybrid.speech_recognize][INFO] - 
REF:for africans homegrown science fiction can be a will to power
HYP:for asssssssssssss


REF:his name is lonnie hodge and he's a veteran of vietnam
HYP:it is is is is is a a a a asss

[2026-08-05 14:19:48,180][hybrid.speech_recognize][INFO] - 
REF:his name is lonnie hodge and he's a veteran of vietnam
HYP:it is is is is is a a a a asss


REF:and so we need to do better at copying their natural environment to get them to thrive
HYP:and we we to to to to to to to to to to to

[2026-08-05 14:19:48,633][hybrid.speech_recognize][INFO] - 
REF:and so we need to do better at copying their natural environment to get them to thrive
HYP:and we we to to to to to to to to to to to


REF:i think what that means is that people just couldn't see what was in front of them
HYP:i i that that that that that that that that that what what what what

[2026-08-05 14:19:48,634][hybrid.speech_recognize][INFO] - 
REF:i think what that means is that people just couldn't see what was in front of them
HYP:i i that that that that that that that that that what what what what


REF:and that's even if you're working way more than full time hours
HYP:and that that' you you you you yousssssssssss

[2026-08-05 14:19:48,635][hybrid.speech_recognize][INFO] - 
REF:and that's even if you're working way more than full time hours
HYP:and that that' you you you you yousssssssssss


REF:we go out there and we hop in our cars and we drive from place to place
HYP:we we have a a a a a a atttttttt

[2026-08-05 14:19:48,636][hybrid.speech_recognize][INFO] - 
REF:we go out there and we hop in our cars and we drive from place to place
HYP:we we have a a a a a a atttttttt


REF:everybody focuses on the things that kill us and that's what i was focusing on
HYP:and thatssssssssssssssssss

[2026-08-05 14:19:48,637][hybrid.speech_recognize][INFO] - 
REF:everybody focuses on the things that kill us and that's what i was focusing on
HYP:and thatssssssssssssssssss


REF:we took camden off the top of the list as the most dangerous city in america
HYP:we the the the the the the the the the the the the the the the the the the the the the

[2026-08-05 14:19:48,639][hybrid.speech_recognize][INFO] - 
REF:we took camden off the top of the list as the most dangerous city in america
HYP:we the the the the the the the the the the the the the the the the the the the the the


REF:so this is not the slogan from an inspirational poster
HYP:so this is is is the the the the the the the the the thett

[2026-08-05 14:19:48,640][hybrid.speech_recognize][INFO] - 
REF:so this is not the slogan from an inspirational poster
HYP:so this is is is the the the the the the the the the thett


REF:and they wanted to look at the microbes after the transplants
HYP:and they to to to to

[2026-08-05 14:19:48,641][hybrid.speech_recognize][INFO] - 
REF:and they wanted to look at the microbes after the transplants
HYP:and they to to to to


REF:so it's more about capturing an idea than about capturing a moment really
HYP:so soss about about about about about about about about about about aboutssssssss

[2026-08-05 14:19:49,078][hybrid.speech_recognize][INFO] - 
REF:so it's more about capturing an idea than about capturing a moment really
HYP:so soss about about about about about about about about about about aboutssssssss


REF:so since then i've been the bridge and a lot of people have walked over me
HYP:so i a a a of of of of of people people people people people people people

[2026-08-05 14:19:49,079][hybrid.speech_recognize][INFO] - 
REF:so since then i've been the bridge and a lot of people have walked over me
HYP:so i a a a of of of of of people people people people people people people


REF:we change the economics for the bad guys
HYP:we we the the the the the the the thess

[2026-08-05 14:19:49,080][hybrid.speech_recognize][INFO] - 
REF:we change the economics for the bad guys
HYP:we we the the the the the the the thess


REF:it took six days to deploy a global malware campaign
HYP:it itsssssssstt

[2026-08-05 14:19:49,082][hybrid.speech_recognize][INFO] - 
REF:it took six days to deploy a global malware campaign
HYP:it itsssssssstt


REF:and i want to make the point that as members of society we need to
HYP:and i i i isssssss

[2026-08-05 14:19:49,083][hybrid.speech_recognize][INFO] - 
REF:and i want to make the point that as members of society we need to
HYP:and i i i isssssss


REF:they all look the same under a microscope i mean to a first approximation
HYP:they they allsstttttttttttttt

[2026-08-05 14:19:49,084][hybrid.speech_recognize][INFO] - 
REF:they all look the same under a microscope i mean to a first approximation
HYP:they they allsstttttttttttttt


REF:pain runs through my body with the fires of my love for you
HYP:andedsssssssssssssssssssss

[2026-08-05 14:19:49,085][hybrid.speech_recognize][INFO] - 
REF:pain runs through my body with the fires of my love for you
HYP:andedsssssssssssssssssssss


REF:we see it as a disruption of real life and important work
HYP:it was of of of of of of of of of of

[2026-08-05 14:19:49,086][hybrid.speech_recognize][INFO] - 
REF:we see it as a disruption of real life and important work
HYP:it was of of of of of of of of of of


REF:i am fascinated by those times when people do not see eye to eye
HYP:immmmmmsssssssss

[2026-08-05 14:19:49,424][hybrid.speech_recognize][INFO] - 
REF:i am fascinated by those times when people do not see eye to eye
HYP:immmmmmsssssssss


REF:the choices don't make sense because it's the wrong question
HYP:the'''''''sssss

[2026-08-05 14:19:49,425][hybrid.speech_recognize][INFO] - 
REF:the choices don't make sense because it's the wrong question
HYP:the'''''''sssss


REF:they're completely flat and they're basically cardboard characters
HYP:they they they they they they they theyssssssssssss

[2026-08-05 14:19:49,426][hybrid.speech_recognize][INFO] - 
REF:they're completely flat and they're basically cardboard characters
HYP:they they they they they they they theyssssssssssss


REF:and at the other end of the spectrum we're doing an equally terrible job
HYP:and i i i a a a a a attt

[2026-08-05 14:19:49,427][hybrid.speech_recognize][INFO] - 
REF:and at the other end of the spectrum we're doing an equally terrible job
HYP:and i i i a a a a a attt


REF:but just imagine for a moment what this must feel like
HYP:but justssssssssssstttt

[2026-08-05 14:19:49,428][hybrid.speech_recognize][INFO] - 
REF:but just imagine for a moment what this must feel like
HYP:but justssssssssssstttt


REF:we had the battle between jefferson and hamilton
HYP:we we the the the the the the the the the the the and and and and and and and

[2026-08-05 14:19:49,429][hybrid.speech_recognize][INFO] - 
REF:we had the battle between jefferson and hamilton
HYP:we we the the the the the the the the the the the and and and and and and and


REF:growing up i was always intrigued by how people change
HYP:how you you to to to tosssss

[2026-08-05 14:19:49,430][hybrid.speech_recognize][INFO] - 
REF:growing up i was always intrigued by how people change
HYP:how you you to to to tosssss


REF:so after 25 years i began to feel as though i was running dry
HYP:so i i i i i ittttttt

[2026-08-05 14:19:49,431][hybrid.speech_recognize][INFO] - 
REF:so after 25 years i began to feel as though i was running dry
HYP:so i i i i i ittttttt


REF:more trust is not an intelligent aim in this life
HYP:maybe'ssssssssssssss

[2026-08-05 14:19:49,775][hybrid.speech_recognize][INFO] - 
REF:more trust is not an intelligent aim in this life
HYP:maybe'ssssssssssssss


REF:but too often my treatments made them feel worse
HYP:but you you my my my my my my

[2026-08-05 14:19:49,776][hybrid.speech_recognize][INFO] - 
REF:but too often my treatments made them feel worse
HYP:but you you my my my my my my


REF:so the answer to the second question can we change
HYP:so so the the the the the the the the the the the

[2026-08-05 14:19:49,777][hybrid.speech_recognize][INFO] - 
REF:so the answer to the second question can we change
HYP:so so the the the the the the the the the the the


REF:seventy five percent of them are women and children
HYP:each of of of of of of of of of of of of of of

[2026-08-05 14:19:49,778][hybrid.speech_recognize][INFO] - 
REF:seventy five percent of them are women and children
HYP:each of of of of of of of of of of of of of of


REF:i see now i never was one and not the other
HYP:i i'sss and and and and and and and and and and and

[2026-08-05 14:19:49,779][hybrid.speech_recognize][INFO] - 
REF:i see now i never was one and not the other
HYP:i i'sss and and and and and and and and and and and


REF:one woman no longer believes love will ever find her
HYP:what one one have of of of of of of of of

[2026-08-05 14:19:49,780][hybrid.speech_recognize][INFO] - 
REF:one woman no longer believes love will ever find her
HYP:what one one have of of of of of of of of


REF:it turns out the evidence says otherwise
HYP:it itsssssssssssss

[2026-08-05 14:19:49,781][hybrid.speech_recognize][INFO] - 
REF:it turns out the evidence says otherwise
HYP:it itsssssssssssss


REF:nor do i think we are by ourselves actually going to solve the problem
HYP:we we we we we we we the the the the the the the the

[2026-08-05 14:19:49,782][hybrid.speech_recognize][INFO] - 
REF:nor do i think we are by ourselves actually going to solve the problem
HYP:we we we we we we we the the the the the the the the


REF:as an inventor i try and turn fantasy into reality
HYP:as assssss the the the the the the the the the the the the the thess

[2026-08-05 14:19:50,124][hybrid.speech_recognize][INFO] - 
REF:as an inventor i try and turn fantasy into reality
HYP:as assssss the the the the the the the the the the the the the thess


REF:with that you can actually trigger aid funding before a crisis can happen
HYP:we that that that thatsssssssssss

[2026-08-05 14:19:50,125][hybrid.speech_recognize][INFO] - 
REF:with that you can actually trigger aid funding before a crisis can happen
HYP:we that that that thatsssssssssss


REF:she contacted anyone and everyone who was willing to buy my work
HYP:so'''nnnnnn

[2026-08-05 14:19:50,126][hybrid.speech_recognize][INFO] - 
REF:she contacted anyone and everyone who was willing to buy my work
HYP:so'''nnnnnn


REF:we were making what was invisible visible
HYP:we was was was wasingingingtt

[2026-08-05 14:19:50,127][hybrid.speech_recognize][INFO] - 
REF:we were making what was invisible visible
HYP:we was was was wasingingingtt


REF:my research team and i went to west point military academy
HYP:my my my mydd to to to to to to

[2026-08-05 14:19:50,128][hybrid.speech_recognize][INFO] - 
REF:my research team and i went to west point military academy
HYP:my my my mydd to to to to to to


REF:and they say i want to work in global poverty but what will it mean about my career
HYP:and i i i i i i i i what what what what

[2026-08-05 14:19:50,129][hybrid.speech_recognize][INFO] - 
REF:and they say i want to work in global poverty but what will it mean about my career
HYP:and i i i i i i i i what what what what


REF:but the magnitude of the problem is something we need to appreciate
HYP:but the the the to to to to to to to to to to

[2026-08-05 14:19:50,130][hybrid.speech_recognize][INFO] - 
REF:but the magnitude of the problem is something we need to appreciate
HYP:but the the the to to to to to to to to to to


REF:he asked what do women need to do to conform to female norms
HYP:he'sssssssssssssssssssss

[2026-08-05 14:19:50,131][hybrid.speech_recognize][INFO] - 
REF:he asked what do women need to do to conform to female norms
HYP:he'sssssssssssssssssssss


REF:any spoken language that's used by real people has them
HYP:in withsssssssss

[2026-08-05 14:19:50,421][hybrid.speech_recognize][INFO] - 
REF:any spoken language that's used by real people has them
HYP:in withsssssssss


REF:it's a coming of age for bringing data into the humanitarian world
HYP:it'ss a a a a asss

[2026-08-05 14:19:50,423][hybrid.speech_recognize][INFO] - 
REF:it's a coming of age for bringing data into the humanitarian world
HYP:it'ss a a a a asss


REF:who is going to inherit his name and his fortune
HYP:i was to to to to to

[2026-08-05 14:19:50,424][hybrid.speech_recognize][INFO] - 
REF:who is going to inherit his name and his fortune
HYP:i was to to to to to


REF:they're too busy putting out daily fires to think ahead strategically
HYP:the' the the the the the the the the the the the thetttt

[2026-08-05 14:19:50,425][hybrid.speech_recognize][INFO] - 
REF:they're too busy putting out daily fires to think ahead strategically
HYP:the' the the the the the the the the the the the thetttt


REF:whatever it is about that person where they were born things like that
HYP:when when the the the the the the the the the the the the the the

[2026-08-05 14:19:50,426][hybrid.speech_recognize][INFO] - 
REF:whatever it is about that person where they were born things like that
HYP:when when the the the the the the the the the the the the the the


REF:it was a remarkable privilege and an amazing education
HYP:it was was was

[2026-08-05 14:19:50,427][hybrid.speech_recognize][INFO] - 
REF:it was a remarkable privilege and an amazing education
HYP:it was was was


REF:now in all seriousness movies are actually really important
HYP:now now in insssssssss

[2026-08-05 14:19:50,428][hybrid.speech_recognize][INFO] - 
REF:now in all seriousness movies are actually really important
HYP:now now in insssssssss


REF:now my own speciality is combining digital technology and magic
HYP:we we wessttttttttttt

[2026-08-05 14:19:50,429][hybrid.speech_recognize][INFO] - 
REF:now my own speciality is combining digital technology and magic
HYP:we we wessttttttttttt


REF:they dreamed up a variety of horrifying scenarios
HYP:they they a a a asssssss

[2026-08-05 14:19:50,736][hybrid.speech_recognize][INFO] - 
REF:they dreamed up a variety of horrifying scenarios
HYP:they they a a a asssssss


REF:and now we want to do a double double of the age wave coming through
HYP:now we we we to to we we the the the the the the the

[2026-08-05 14:19:50,738][hybrid.speech_recognize][INFO] - 
REF:and now we want to do a double double of the age wave coming through
HYP:now we we we to to we we the the the the the the the


REF:you take them away disease comes back horrible diseases
HYP:to to to tosssssssss

[2026-08-05 14:19:50,739][hybrid.speech_recognize][INFO] - 
REF:you take them away disease comes back horrible diseases
HYP:to to to tosssssssss


REF:our city couldn't possibly handle any more cars
HYP:ssssssssss

[2026-08-05 14:19:50,740][hybrid.speech_recognize][INFO] - 
REF:our city couldn't possibly handle any more cars
HYP:ssssssssss


REF:what if obesity isn't the cause of insulin resistance at all
HYP:what of of of is is is of of of of of of of of of

[2026-08-05 14:19:50,741][hybrid.speech_recognize][INFO] - 
REF:what if obesity isn't the cause of insulin resistance at all
HYP:what of of of is is is of of of of of of of of of


REF:even if we get everybody working on it we've got to be strategic
HYP:and if we we we we to to to to to to to to to to

[2026-08-05 14:19:50,742][hybrid.speech_recognize][INFO] - 
REF:even if we get everybody working on it we've got to be strategic
HYP:and if we we we we to to to to to to to to to to


REF:these guys could be true to their purpose which was finding oil and gas
HYP:this thissssssssssssssss

[2026-08-05 14:19:50,743][hybrid.speech_recognize][INFO] - 
REF:these guys could be true to their purpose which was finding oil and gas
HYP:this thissssssssssssssss


REF:we met men where they were at and we built a program
HYP:we we we we we we we we we we we we we we we

[2026-08-05 14:19:50,744][hybrid.speech_recognize][INFO] - 
REF:we met men where they were at and we built a program
HYP:we we we we we we we we we we we we we we we


REF:why are we supposed to have a connection with every single painting
HYP:what'' have have have have have havesssss

[2026-08-05 14:19:51,096][hybrid.speech_recognize][INFO] - 
REF:why are we supposed to have a connection with every single painting
HYP:what'' have have have have have havesssss


REF:and they definitely have been shown to be effective in some cases
HYP:and they have have have havesssssssssss

[2026-08-05 14:19:51,097][hybrid.speech_recognize][INFO] - 
REF:and they definitely have been shown to be effective in some cases
HYP:and they have have have havesssssssssss


REF:i know platforms i know computers they put me on the internet when i was young
HYP:and i i i i i i i i i i i i i i i i i i i i i

[2026-08-05 14:19:51,099][hybrid.speech_recognize][INFO] - 
REF:i know platforms i know computers they put me on the internet when i was young
HYP:and i i i i i i i i i i i i i i i i i i i i i


REF:she never had to duck and cover under her desk at school
HYP:she was a a a a attt

[2026-08-05 14:19:51,100][hybrid.speech_recognize][INFO] - 
REF:she never had to duck and cover under her desk at school
HYP:she was a a a a attt


REF:the question for us now is how much can we make of it
HYP:the how is is is is is is is is is

[2026-08-05 14:19:51,101][hybrid.speech_recognize][INFO] - 
REF:the question for us now is how much can we make of it
HYP:the how is is is is is is is is is


REF:but if you won't move we'll have no choice but to run you down
HYP:but if you you you have have have have have have have

[2026-08-05 14:19:51,102][hybrid.speech_recognize][INFO] - 
REF:but if you won't move we'll have no choice but to run you down
HYP:but if you you you have have have have have have have


REF:we can do it two people together trying to improve trust
HYP:we we we to to to to to to to to to to to to

[2026-08-05 14:19:51,103][hybrid.speech_recognize][INFO] - 
REF:we can do it two people together trying to improve trust
HYP:we we we to to to to to to to to to to to to


REF:it's super real and it's happening around you
HYP:it'ssssssssssssss

[2026-08-05 14:19:51,104][hybrid.speech_recognize][INFO] - 
REF:it's super real and it's happening around you
HYP:it'ssssssssssssss


REF:the supreme court has fallen way down from what it used to be
HYP:so'ssssssssss

[2026-08-05 14:19:51,417][hybrid.speech_recognize][INFO] - 
REF:the supreme court has fallen way down from what it used to be
HYP:so'ssssssssss


REF:i mean i thought poetry was just self expression
HYP:i i i itttttttt

[2026-08-05 14:19:51,419][hybrid.speech_recognize][INFO] - 
REF:i mean i thought poetry was just self expression
HYP:i i i itttttttt


REF:whereas giving and taking are more of your inner motives what are your values
HYP:what'sss of of of ofsssssssssss

[2026-08-05 14:19:51,420][hybrid.speech_recognize][INFO] - 
REF:whereas giving and taking are more of your inner motives what are your values
HYP:what'sss of of of ofsssssssssss


REF:this is a crisis that's getting worse day by day
HYP:this this is is is is

[2026-08-05 14:19:51,421][hybrid.speech_recognize][INFO] - 
REF:this is a crisis that's getting worse day by day
HYP:this this is is is is


REF:we can create a global parliament of mayors
HYP:we we to to tosssssss

[2026-08-05 14:19:51,423][hybrid.speech_recognize][INFO] - 
REF:we can create a global parliament of mayors
HYP:we we to to tosssssss


REF:they were arguing with one another about access to the holy sites
HYP:they we we we we we wesssssss

[2026-08-05 14:19:51,424][hybrid.speech_recognize][INFO] - 
REF:they were arguing with one another about access to the holy sites
HYP:they we we we we we wesssssss


REF:so what's women's experience as it relates to mentoring
HYP:so what whatsssssssssssss

[2026-08-05 14:19:51,426][hybrid.speech_recognize][INFO] - 
REF:so what's women's experience as it relates to mentoring
HYP:so what whatsssssssssssss


REF:sickness health tender violence
HYP:asssssssssssss

[2026-08-05 14:19:51,427][hybrid.speech_recognize][INFO] - 
REF:sickness health tender violence
HYP:asssssssssssss


REF:and someone who has that kind of artistic potential deserves so much more
HYP:so so' of of of of of of of of of of of of

[2026-08-05 14:19:51,801][hybrid.speech_recognize][INFO] - 
REF:and someone who has that kind of artistic potential deserves so much more
HYP:so so' of of of of of of of of of of of of


REF:so they don't have to rely on people that are getting scarcer to help them
HYP:they they'ttttttttttttt

[2026-08-05 14:19:51,802][hybrid.speech_recognize][INFO] - 
REF:so they don't have to rely on people that are getting scarcer to help them
HYP:they they'ttttttttttttt


REF:but i grew up in canada far from my arab roots
HYP:but i i i a a a a a a

[2026-08-05 14:19:51,804][hybrid.speech_recognize][INFO] - 
REF:but i grew up in canada far from my arab roots
HYP:but i i i a a a a a a


REF:this is a bit of a difficult image to put up on the screen
HYP:this'ssss the the the to to to to to to to

[2026-08-05 14:19:51,805][hybrid.speech_recognize][INFO] - 
REF:this is a bit of a difficult image to put up on the screen
HYP:this'ssss the the the to to to to to to to


REF:it worked for the oakland a's and it worked in the state of new jersey
HYP:it it the the the the the the the the the the the the the the

[2026-08-05 14:19:51,806][hybrid.speech_recognize][INFO] - 
REF:it worked for the oakland a's and it worked in the state of new jersey
HYP:it it the the the the the the the the the the the the the the


REF:and when she went to complain to a major he said what
HYP:i was was was was was to to to to to to to to to

[2026-08-05 14:19:51,807][hybrid.speech_recognize][INFO] - 
REF:and when she went to complain to a major he said what
HYP:i was was was was was to to to to to to to to to


REF:sometimes it's messy and it's always unpredictable
HYP:so'ssssssssssssss

[2026-08-05 14:19:51,808][hybrid.speech_recognize][INFO] - 
REF:sometimes it's messy and it's always unpredictable
HYP:so'ssssssssssssss


REF:but now check out where they go on our tree of life
HYP:but now now'''''''

[2026-08-05 14:19:51,809][hybrid.speech_recognize][INFO] - 
REF:but now check out where they go on our tree of life
HYP:but now now'''''''


REF:i was looking for this thing that only fools seem to look for
HYP:i wasntttttssss

[2026-08-05 14:19:52,113][hybrid.speech_recognize][INFO] - 
REF:i was looking for this thing that only fools seem to look for
HYP:i wasntttttssss


REF:i have looked at the best and i've looked at some of the worst
HYP:i have havesssssssssssssss

[2026-08-05 14:19:52,114][hybrid.speech_recognize][INFO] - 
REF:i have looked at the best and i've looked at some of the worst
HYP:i have havesssssssssssssss


REF:the gas that they used at first in many cases was oxygen
HYP:the thessssssssssssssssss

[2026-08-05 14:19:52,115][hybrid.speech_recognize][INFO] - 
REF:the gas that they used at first in many cases was oxygen
HYP:the thessssssssssssssssss


REF:we push and pull and poke and prod things
HYP:we wesss and and and and and and and and and and and and

[2026-08-05 14:19:52,116][hybrid.speech_recognize][INFO] - 
REF:we push and pull and poke and prod things
HYP:we wesss and and and and and and and and and and and and


REF:only one percent of the people are actually farmers
HYP:you people people people people people people people people people

[2026-08-05 14:19:52,117][hybrid.speech_recognize][INFO] - 
REF:only one percent of the people are actually farmers
HYP:you people people people people people people people people people


REF:now hamilton was everything madison was not
HYP:now was was was was was was was was was was was was

[2026-08-05 14:19:52,118][hybrid.speech_recognize][INFO] - 
REF:now hamilton was everything madison was not
HYP:now was was was was was was was was was was was was


REF:texting has a 100 percent open rate
HYP:as isssssss

[2026-08-05 14:19:52,119][hybrid.speech_recognize][INFO] - 
REF:texting has a 100 percent open rate
HYP:as isssssss


REF:well imagine you're walking in the forest and you see a bear
HYP:when yousssss and and and and and and and

[2026-08-05 14:19:52,120][hybrid.speech_recognize][INFO] - 
REF:well imagine you're walking in the forest and you see a bear
HYP:when yousssss and and and and and and and


REF:and when i was 10 i didn't realize how amazing it was
HYP:when i was i i i i i i i i i

[2026-08-05 14:19:52,400][hybrid.speech_recognize][INFO] - 
REF:and when i was 10 i didn't realize how amazing it was
HYP:when i was i i i i i i i i i


REF:of course we're going to go even deeper than the human body
HYP:of'' to to to to to to to to

[2026-08-05 14:19:52,401][hybrid.speech_recognize][INFO] - 
REF:of course we're going to go even deeper than the human body
HYP:of'' to to to to to to to to


REF:but quite frankly on this issue there is no other road
HYP:but'''sssssssss

[2026-08-05 14:19:52,403][hybrid.speech_recognize][INFO] - 
REF:but quite frankly on this issue there is no other road
HYP:but'''sssssssss


REF:without it we literally can't interface with others
HYP:we with with with with with with with withssssss

[2026-08-05 14:19:52,404][hybrid.speech_recognize][INFO] - 
REF:without it we literally can't interface with others
HYP:we with with with with with with with withssssss


REF:that is some deep deep emotion when you would want to do that
HYP:and'' to to to to to to to to to to to to

[2026-08-05 14:19:52,405][hybrid.speech_recognize][INFO] - 
REF:that is some deep deep emotion when you would want to do that
HYP:and'' to to to to to to to to to to to to


REF:why not ask all of the states to do that instead
HYP:why'' i i that that that that that that that that that that that

[2026-08-05 14:19:52,406][hybrid.speech_recognize][INFO] - 
REF:why not ask all of the states to do that instead
HYP:why'' i i that that that that that that that that that that that


REF:and the problem that we're solving is what are those things
HYP:and the the the the is is

[2026-08-05 14:19:52,407][hybrid.speech_recognize][INFO] - 
REF:and the problem that we're solving is what are those things
HYP:and the the the the is is


REF:this is not a photo profile for your facebook
HYP:this is is a a a a a a a a a a

[2026-08-05 14:19:52,408][hybrid.speech_recognize][INFO] - 
REF:this is not a photo profile for your facebook
HYP:this is is a a a a a a a a a a


REF:so i changed my immediate goal to 10000 faces
HYP:so i i i iddsssssssss

[2026-08-05 14:19:52,711][hybrid.speech_recognize][INFO] - 
REF:so i changed my immediate goal to 10000 faces
HYP:so i i i iddsssssssss


REF:for hepatitis it was also two and a half times
HYP:it was was wasssssssssssssss

[2026-08-05 14:19:52,713][hybrid.speech_recognize][INFO] - 
REF:for hepatitis it was also two and a half times
HYP:it was was wasssssssssssssss


REF:and remember we had experience with this
HYP:and i i i i

[2026-08-05 14:19:52,713][hybrid.speech_recognize][INFO] - 
REF:and remember we had experience with this
HYP:and i i i i


REF:you are a healer in a stone age village
HYP:you you you

[2026-08-05 14:19:52,714][hybrid.speech_recognize][INFO] - 
REF:you are a healer in a stone age village
HYP:you you you


REF:but it's useful for everybody to learn how to read and write
HYP:but it'' to to to to to

[2026-08-05 14:19:52,715][hybrid.speech_recognize][INFO] - 
REF:but it's useful for everybody to learn how to read and write
HYP:but it'' to to to to to


REF:predictions are the basis of every experience that you have
HYP:allssssssssssssss

[2026-08-05 14:19:52,716][hybrid.speech_recognize][INFO] - 
REF:predictions are the basis of every experience that you have
HYP:allssssssssssssss


REF:three billion people today with cell phones can't access the internet
HYP:so people people people people people people people people people

[2026-08-05 14:19:52,717][hybrid.speech_recognize][INFO] - 
REF:three billion people today with cell phones can't access the internet
HYP:so people people people people people people people people people


REF:you can't hide behind anything other than your own teeth
HYP:you''

[2026-08-05 14:19:52,718][hybrid.speech_recognize][INFO] - 
REF:you can't hide behind anything other than your own teeth
HYP:you''


REF:after college i desperately needed to find a place to call home
HYP:you you' to to to to to to to to

[2026-08-05 14:19:53,004][hybrid.speech_recognize][INFO] - 
REF:after college i desperately needed to find a place to call home
HYP:you you' to to to to to to to to


REF:we have problems that we desperately need to solve
HYP:i have have have have have have we we we

[2026-08-05 14:19:53,005][hybrid.speech_recognize][INFO] - 
REF:we have problems that we desperately need to solve
HYP:i have have have have have have we we we


REF:indeed we run the risk of making things worse
HYP:and we we we the the the the the the the

[2026-08-05 14:19:53,006][hybrid.speech_recognize][INFO] - 
REF:indeed we run the risk of making things worse
HYP:and we we we the the the the the the the


REF:that last one's an actual text message that we received
HYP:thatssssssssssssss

[2026-08-05 14:19:53,007][hybrid.speech_recognize][INFO] - 
REF:that last one's an actual text message that we received
HYP:thatssssssssssssss


REF:my desire to disappear was still very powerful
HYP:my my my

[2026-08-05 14:19:53,008][hybrid.speech_recognize][INFO] - 
REF:my desire to disappear was still very powerful
HYP:my my my


REF:and the daughter was exhausted from caring for her mother
HYP:and was was was was was was was was was

[2026-08-05 14:19:53,009][hybrid.speech_recognize][INFO] - 
REF:and the daughter was exhausted from caring for her mother
HYP:and was was was was was was was was was


REF:and i didn't expect that because i expected one of these
HYP:it it that that that that that that that that that that that that that that

[2026-08-05 14:19:53,010][hybrid.speech_recognize][INFO] - 
REF:and i didn't expect that because i expected one of these
HYP:it it that that that that that that that that that that that that that that


REF:it means for youth and it's a new arab tv channel
HYP:it'sss a a a a a a

[2026-08-05 14:19:53,011][hybrid.speech_recognize][INFO] - 
REF:it means for youth and it's a new arab tv channel
HYP:it'sss a a a a a a


REF:originally the sample was aged 18 to 94
HYP:we was the the the was was was was was was was

[2026-08-05 14:19:53,317][hybrid.speech_recognize][INFO] - 
REF:originally the sample was aged 18 to 94
HYP:we was the the the was was was was was was was


REF:agreeable people are warm and friendly they're nice they're polite
HYP:i' people peoplessssssss the the the the the the

[2026-08-05 14:19:53,318][hybrid.speech_recognize][INFO] - 
REF:agreeable people are warm and friendly they're nice they're polite
HYP:i' people peoplessssssss the the the the the the


REF:no one on land had any idea that anything had gone wrong
HYP:no in that that that that that that that that

[2026-08-05 14:19:53,319][hybrid.speech_recognize][INFO] - 
REF:no one on land had any idea that anything had gone wrong
HYP:no in that that that that that that that that


REF:i ran the camden police department because of that
HYP:i the the the the the the the the the the the the the

[2026-08-05 14:19:53,320][hybrid.speech_recognize][INFO] - 
REF:i ran the camden police department because of that
HYP:i the the the the the the the the the the the the the


REF:we've been working together since well since we were kids really
HYP:we we we we we we we

[2026-08-05 14:19:53,321][hybrid.speech_recognize][INFO] - 
REF:we've been working together since well since we were kids really
HYP:we we we we we we we


REF:you just have to find another term and look that up
HYP:but you have have to to to that that that that that that that that that

[2026-08-05 14:19:53,322][hybrid.speech_recognize][INFO] - 
REF:you just have to find another term and look that up
HYP:but you have have to to to that that that that that that that that that


REF:we've seen an image of our blue planet our world bank
HYP:we we we of of of of of of of of of of

[2026-08-05 14:19:53,323][hybrid.speech_recognize][INFO] - 
REF:we've seen an image of our blue planet our world bank
HYP:we we we of of of of of of of of of of


REF:for depression it was four and a half times
HYP:the the the the the the and and and and and and and and and and and and and and and

[2026-08-05 14:19:53,324][hybrid.speech_recognize][INFO] - 
REF:for depression it was four and a half times
HYP:the the the the the the and and and and and and and and and and and and and and and


REF:don't create solutions to impress customers
HYP:you'sssssssssssssssss

[2026-08-05 14:19:53,612][hybrid.speech_recognize][INFO] - 
REF:don't create solutions to impress customers
HYP:you'sssssssssssssssss


REF:go i said again sweat forming on my brow
HYP:now''nnndddddd

[2026-08-05 14:19:53,613][hybrid.speech_recognize][INFO] - 
REF:go i said again sweat forming on my brow
HYP:now''nnndddddd


REF:and 67 percent of people come back
HYP:and in people people people people

[2026-08-05 14:19:53,614][hybrid.speech_recognize][INFO] - 
REF:and 67 percent of people come back
HYP:and in people people people people


REF:we don't even need that much time to do amazing things
HYP:we don don''''' to to to to

[2026-08-05 14:19:53,614][hybrid.speech_recognize][INFO] - 
REF:we don't even need that much time to do amazing things
HYP:we don don''''' to to to to


REF:the silent majority does not need to be silent
HYP:this''' not nottttttt

[2026-08-05 14:19:53,615][hybrid.speech_recognize][INFO] - 
REF:the silent majority does not need to be silent
HYP:this''' not nottttttt


REF:and if it's completely okay what's the joke
HYP:and and you you you you you''''

[2026-08-05 14:19:53,616][hybrid.speech_recognize][INFO] - 
REF:and if it's completely okay what's the joke
HYP:and and you you you you you''''


REF:and this wasn't just an abstract question
HYP:and and was was was was i i i i i i i i

[2026-08-05 14:19:53,617][hybrid.speech_recognize][INFO] - 
REF:and this wasn't just an abstract question
HYP:and and was was was was i i i i i i i i


REF:i know i was one of the first 10 people to have this surgery
HYP:i i'' people people people people people people people

[2026-08-05 14:19:53,618][hybrid.speech_recognize][INFO] - 
REF:i know i was one of the first 10 people to have this surgery
HYP:i i'' people people people people people people people


REF:would you like to create a second one together
HYP:we' you you yousssssssssss

[2026-08-05 14:19:53,933][hybrid.speech_recognize][INFO] - 
REF:would you like to create a second one together
HYP:we' you you yousssssssssss


REF:we have to decide what it means
HYP:we we to to to

[2026-08-05 14:19:53,934][hybrid.speech_recognize][INFO] - 
REF:we have to decide what it means
HYP:we we to to to


REF:they want to know how often your dog gets outside
HYP:they they to to to to to to to to

[2026-08-05 14:19:53,935][hybrid.speech_recognize][INFO] - 
REF:they want to know how often your dog gets outside
HYP:they they to to to to to to to to


REF:this is not a statement on malnutrition or anything else
HYP:it''ssssssssssss

[2026-08-05 14:19:53,936][hybrid.speech_recognize][INFO] - 
REF:this is not a statement on malnutrition or anything else
HYP:it''ssssssssssss


REF:it's almost becoming the syntax of a new language
HYP:it''

[2026-08-05 14:19:53,937][hybrid.speech_recognize][INFO] - 
REF:it's almost becoming the syntax of a new language
HYP:it''


REF:it comes out of a place called the gallup organization
HYP:how how the the the the thessssssssssssss

[2026-08-05 14:19:53,938][hybrid.speech_recognize][INFO] - 
REF:it comes out of a place called the gallup organization
HYP:how how the the the the thessssssssssssss


REF:mortality is not going down it's going up
HYP:one''' not not not it it it it it it it it it it

[2026-08-05 14:19:53,939][hybrid.speech_recognize][INFO] - 
REF:mortality is not going down it's going up
HYP:one''' not not not it it it it it it it it it it


REF:but this is what i heard from a lot of outraged people
HYP:but this is is what what what what what people people people people people

[2026-08-05 14:19:53,940][hybrid.speech_recognize][INFO] - 
REF:but this is what i heard from a lot of outraged people
HYP:but this is is what what what what what people people people people people


REF:is it about earning as much as you possibly can
HYP:it'' about about about about about about about about about

[2026-08-05 14:19:54,214][hybrid.speech_recognize][INFO] - 
REF:is it about earning as much as you possibly can
HYP:it'' about about about about about about about about about


REF:they can't get what they need when they need it
HYP:they they they they they they they they they they they

[2026-08-05 14:19:54,215][hybrid.speech_recognize][INFO] - 
REF:they can't get what they need when they need it
HYP:they they they they they they they they they they they


REF:that is what it is to have a domain of expertise
HYP:that that is isssssssssssss

[2026-08-05 14:19:54,216][hybrid.speech_recognize][INFO] - 
REF:that is what it is to have a domain of expertise
HYP:that that is isssssssssssss


REF:i may never go to your house you may never come to my house
HYP:i'mmmmmmmmm

[2026-08-05 14:19:54,217][hybrid.speech_recognize][INFO] - 
REF:i may never go to your house you may never come to my house
HYP:i'mmmmmmmmm


REF:i wanted to get to know them as individuals
HYP:i to to to to to to

[2026-08-05 14:19:54,218][hybrid.speech_recognize][INFO] - 
REF:i wanted to get to know them as individuals
HYP:i to to to to to to


REF:then she gets their bosses to rate how creative and innovative they are
HYP:the thesssssssssssttt

[2026-08-05 14:19:54,220][hybrid.speech_recognize][INFO] - 
REF:then she gets their bosses to rate how creative and innovative they are
HYP:the thesssssssssssttt


REF:sustainability has got to be a pre competitive issue
HYP:the thessstttttttt

[2026-08-05 14:19:54,221][hybrid.speech_recognize][INFO] - 
REF:sustainability has got to be a pre competitive issue
HYP:the thessstttttttt


REF:we might say then well let's not worry about this
HYP:we we about that that that that that that that

[2026-08-05 14:19:54,222][hybrid.speech_recognize][INFO] - 
REF:we might say then well let's not worry about this
HYP:we we about that that that that that that that


REF:and so they took them to some safe place
HYP:so i issssssss

[2026-08-05 14:19:54,535][hybrid.speech_recognize][INFO] - 
REF:and so they took them to some safe place
HYP:so i issssssss


REF:i realize of course that all countries are unique
HYP:i i of of of ofssssssss

[2026-08-05 14:19:54,536][hybrid.speech_recognize][INFO] - 
REF:i realize of course that all countries are unique
HYP:i i of of of ofssssssss


REF:when i get out of this am i going to be rejected
HYP:when i i i i i i i i i i i i

[2026-08-05 14:19:54,537][hybrid.speech_recognize][INFO] - 
REF:when i get out of this am i going to be rejected
HYP:when i i i i i i i i i i i i


REF:how do you get to build those relationships
HYP:how you you you you you howsss

[2026-08-05 14:19:54,538][hybrid.speech_recognize][INFO] - 
REF:how do you get to build those relationships
HYP:how you you you you you howsss


REF:i enjoy fashion magazines and pretty things
HYP:andsssssssssssssssssss

[2026-08-05 14:19:54,539][hybrid.speech_recognize][INFO] - 
REF:i enjoy fashion magazines and pretty things
HYP:andsssssssssssssssssss


REF:who or what inspires you and why
HYP:you you you you you

[2026-08-05 14:19:54,540][hybrid.speech_recognize][INFO] - 
REF:who or what inspires you and why
HYP:you you you you you


REF:that is not simply critical to our economy
HYP:that that is is that that to to to

[2026-08-05 14:19:54,541][hybrid.speech_recognize][INFO] - 
REF:that is not simply critical to our economy
HYP:that that is is that that to to to


REF:maybe i did an experiment on myself without even knowing it
HYP:my i i i i i i i i itttttt

[2026-08-05 14:19:54,542][hybrid.speech_recognize][INFO] - 
REF:maybe i did an experiment on myself without even knowing it
HYP:my i i i i i i i i itttttt


REF:it's very hard to make them part of our rational decision
HYP:it'ss

[2026-08-05 14:19:54,795][hybrid.speech_recognize][INFO] - 
REF:it's very hard to make them part of our rational decision
HYP:it'ss


REF:and we've all heard that kind of story before right
HYP:and we all that that that that of of of

[2026-08-05 14:19:54,796][hybrid.speech_recognize][INFO] - 
REF:and we've all heard that kind of story before right
HYP:and we all that that that that of of of


REF:was the internet actually a place that you could visit
HYP:what is is is isssssss

[2026-08-05 14:19:54,797][hybrid.speech_recognize][INFO] - 
REF:was the internet actually a place that you could visit
HYP:what is is is isssssss


REF:so we created a new school
HYP:so we a a a a a

[2026-08-05 14:19:54,798][hybrid.speech_recognize][INFO] - 
REF:so we created a new school
HYP:so we a a a a a


REF:one thousand eight hundred and thirty six people died
HYP:one one people people people people people people people people

[2026-08-05 14:19:54,799][hybrid.speech_recognize][INFO] - 
REF:one thousand eight hundred and thirty six people died
HYP:one one people people people people people people people people


REF:what we want what we aspire to is the code
HYP:we we we we we we we we

[2026-08-05 14:19:54,800][hybrid.speech_recognize][INFO] - 
REF:what we want what we aspire to is the code
HYP:we we we we we we we we


REF:and they also knew that they can tap into a workforce
HYP:and they theyss to to to to to

[2026-08-05 14:19:54,801][hybrid.speech_recognize][INFO] - 
REF:and they also knew that they can tap into a workforce
HYP:and they theyss to to to to to


REF:and then i thought there's got to be a better way
HYP:that i i i i i i i

[2026-08-05 14:19:54,801][hybrid.speech_recognize][INFO] - 
REF:and then i thought there's got to be a better way
HYP:that i i i i i i i


REF:that means at some point it's going to be your problem too
HYP:that is iss that that that that that that

[2026-08-05 14:19:55,259][hybrid.speech_recognize][INFO] - 
REF:that means at some point it's going to be your problem too
HYP:that is iss that that that that that that


REF:that's like finding an extra hour in the day
HYP:that'''' the the the the

[2026-08-05 14:19:55,260][hybrid.speech_recognize][INFO] - 
REF:that's like finding an extra hour in the day
HYP:that'''' the the the the


REF:i understand how this could happen
HYP:i how how how how

[2026-08-05 14:19:55,261][hybrid.speech_recognize][INFO] - 
REF:i understand how this could happen
HYP:i how how how how


REF:and then at 11 o'clock they stopped talking about these little issues
HYP:and they i i i about about about aboutttt

[2026-08-05 14:19:55,262][hybrid.speech_recognize][INFO] - 
REF:and then at 11 o'clock they stopped talking about these little issues
HYP:and they i i i about about about aboutttt


REF:he was smiling and we said go
HYP:and i i i i i i i

[2026-08-05 14:19:55,263][hybrid.speech_recognize][INFO] - 
REF:he was smiling and we said go
HYP:and i i i i i i i


REF:and that leads to a very powerful tool
HYP:they that a a to to to to to to to to to to to to

[2026-08-05 14:19:55,264][hybrid.speech_recognize][INFO] - 
REF:and that leads to a very powerful tool
HYP:they that a a to to to to to to to to to to to to


REF:she found us we found her disease
HYP:she hadsssssss

[2026-08-05 14:19:55,265][hybrid.speech_recognize][INFO] - 
REF:she found us we found her disease
HYP:she hadsssssss


REF:why not just let businesses compete
HYP:why''sssssssss

[2026-08-05 14:19:55,266][hybrid.speech_recognize][INFO] - 
REF:why not just let businesses compete
HYP:why''sssssssss


REF:it's about proving who you are and what you can do
HYP:it''' about about about you you

[2026-08-05 14:19:55,573][hybrid.speech_recognize][INFO] - 
REF:it's about proving who you are and what you can do
HYP:it''' about about about you you


REF:we must adopt that way of giving back
HYP:we we wesss we we we we

[2026-08-05 14:19:55,575][hybrid.speech_recognize][INFO] - 
REF:we must adopt that way of giving back
HYP:we we wesss we we we we


REF:i believe a story there has to be told
HYP:i''s that that that that that that

[2026-08-05 14:19:55,576][hybrid.speech_recognize][INFO] - 
REF:i believe a story there has to be told
HYP:i''s that that that that that that


REF:otherwise millions more will die
HYP:are aressssssss

[2026-08-05 14:19:55,576][hybrid.speech_recognize][INFO] - 
REF:otherwise millions more will die
HYP:are aressssssss


REF:i wanted to understand who takes the job
HYP:i' to to to to

[2026-08-05 14:19:55,577][hybrid.speech_recognize][INFO] - 
REF:i wanted to understand who takes the job
HYP:i' to to to to


REF:but for too many women that's not the case
HYP:but'sss the the the thesssss

[2026-08-05 14:19:55,578][hybrid.speech_recognize][INFO] - 
REF:but for too many women that's not the case
HYP:but'sss the the the thesssss


REF:it's not a lot of money at the global level
HYP:it''sssss

[2026-08-05 14:19:55,579][hybrid.speech_recognize][INFO] - 
REF:it's not a lot of money at the global level
HYP:it''sssss


REF:but you'll notice we're not at the top of the mountain yet
HYP:but you''''ssss

[2026-08-05 14:19:55,580][hybrid.speech_recognize][INFO] - 
REF:but you'll notice we're not at the top of the mountain yet
HYP:but you''''ssss


REF:i couldn't tear myself away from the coverage
HYP:i i the my my my my my my my

[2026-08-05 14:19:55,859][hybrid.speech_recognize][INFO] - 
REF:i couldn't tear myself away from the coverage
HYP:i i the my my my my my my my


REF:imagine juggling a snowball across the tropics
HYP:it'sssssssssssssss

[2026-08-05 14:19:55,861][hybrid.speech_recognize][INFO] - 
REF:imagine juggling a snowball across the tropics
HYP:it'sssssssssssssss


REF:patriarchy is not boys and men
HYP:mysmmmmmmmmm

[2026-08-05 14:19:55,862][hybrid.speech_recognize][INFO] - 
REF:patriarchy is not boys and men
HYP:mysmmmmmmmmm


REF:it's always what it was and what it can be
HYP:and'' it it it

[2026-08-05 14:19:55,863][hybrid.speech_recognize][INFO] - 
REF:it's always what it was and what it can be
HYP:and'' it it it


REF:and i have to tell you i'm passionate about data
HYP:and i to to to about about about i i

[2026-08-05 14:19:55,864][hybrid.speech_recognize][INFO] - 
REF:and i have to tell you i'm passionate about data
HYP:and i to to to about about about i i


REF:but those surveillance features come at a cost
HYP:but butsssssssssssssss

[2026-08-05 14:19:55,865][hybrid.speech_recognize][INFO] - 
REF:but those surveillance features come at a cost
HYP:but butsssssssssssssss


REF:so they added oxygen to methane gas
HYP:so itssssssssssss

[2026-08-05 14:19:55,866][hybrid.speech_recognize][INFO] - 
REF:so they added oxygen to methane gas
HYP:so itssssssssssss


REF:i didn't know you actually have to have creative control
HYP:i' have have have have have have have have

[2026-08-05 14:19:55,867][hybrid.speech_recognize][INFO] - 
REF:i didn't know you actually have to have creative control
HYP:i' have have have have have have have have


REF:that was a huge problem at the haiti earthquake
HYP:that was was was

[2026-08-05 14:19:56,122][hybrid.speech_recognize][INFO] - 
REF:that was a huge problem at the haiti earthquake
HYP:that was was was


REF:what's different is how the molecules are put together
HYP:what''sssssssss

[2026-08-05 14:19:56,124][hybrid.speech_recognize][INFO] - 
REF:what's different is how the molecules are put together
HYP:what''sssssssss


REF:they're looking and looking and finding love
HYP:they'' and and and and and and and and and and

[2026-08-05 14:19:56,125][hybrid.speech_recognize][INFO] - 
REF:they're looking and looking and finding love
HYP:they'' and and and and and and and and and and


REF:i'm a physician practicing with cutting edge technology
HYP:immsssssssss

[2026-08-05 14:19:56,126][hybrid.speech_recognize][INFO] - 
REF:i'm a physician practicing with cutting edge technology
HYP:immsssssssss


REF:there were others like myself who were full time
HYP:they was was my my my my my my my

[2026-08-05 14:19:56,127][hybrid.speech_recognize][INFO] - 
REF:there were others like myself who were full time
HYP:they was was my my my my my my my


REF:in fact south africa has not gone down that road
HYP:in inss that that that that that that that that

[2026-08-05 14:19:56,128][hybrid.speech_recognize][INFO] - 
REF:in fact south africa has not gone down that road
HYP:in inss that that that that that that that that


REF:you can experience their sense of place
HYP:you youssssssssssss

[2026-08-05 14:19:56,128][hybrid.speech_recognize][INFO] - 
REF:you can experience their sense of place
HYP:you youssssssssssss


REF:so water was something that scared me to begin with
HYP:so'' to to to to to to to

[2026-08-05 14:19:56,129][hybrid.speech_recognize][INFO] - 
REF:so water was something that scared me to begin with
HYP:so'' to to to to to to to


REF:they'll say i'm surrounded by a bunch of snakes and sharks
HYP:the thessssssssss

[2026-08-05 14:19:56,440][hybrid.speech_recognize][INFO] - 
REF:they'll say i'm surrounded by a bunch of snakes and sharks
HYP:the thessssssssss


REF:i sat there on the river for two months without seeing one
HYP:it it'sssssssss

[2026-08-05 14:19:56,441][hybrid.speech_recognize][INFO] - 
REF:i sat there on the river for two months without seeing one
HYP:it it'sssssssss


REF:we're going down to the cellular level these days
HYP:what whatsssssss

[2026-08-05 14:19:56,442][hybrid.speech_recognize][INFO] - 
REF:we're going down to the cellular level these days
HYP:what whatsssssss


REF:which incidentally is only a third correct
HYP:we is is is the the the the the the the

[2026-08-05 14:19:56,443][hybrid.speech_recognize][INFO] - 
REF:which incidentally is only a third correct
HYP:we is is is the the the the the the the


REF:and the great thing is that you can take anyone along with you
HYP:and the the that that that that

[2026-08-05 14:19:56,445][hybrid.speech_recognize][INFO] - 
REF:and the great thing is that you can take anyone along with you
HYP:and the the that that that that


REF:especially when it comes to climate change
HYP:as issssssssss

[2026-08-05 14:19:56,447][hybrid.speech_recognize][INFO] - 
REF:especially when it comes to climate change
HYP:as issssssssss


REF:i will not forget the day we got that text message
HYP:and we we that that that that that that that

[2026-08-05 14:19:56,448][hybrid.speech_recognize][INFO] - 
REF:i will not forget the day we got that text message
HYP:and we we that that that that that that that


REF:but we were still missing a critical element
HYP:but we a a a a

[2026-08-05 14:19:56,448][hybrid.speech_recognize][INFO] - 
REF:but we were still missing a critical element
HYP:but we a a a a


REF:but that is not the case at all
HYP:but that that that that that that that

[2026-08-05 14:19:56,711][hybrid.speech_recognize][INFO] - 
REF:but that is not the case at all
HYP:but that that that that that that that


REF:but it's not about fire and brimstone either
HYP:but''' about aboutsssss

[2026-08-05 14:19:56,713][hybrid.speech_recognize][INFO] - 
REF:but it's not about fire and brimstone either
HYP:but''' about aboutsssss


REF:i guess i'm doing it right now
HYP:i i i'''''

[2026-08-05 14:19:56,713][hybrid.speech_recognize][INFO] - 
REF:i guess i'm doing it right now
HYP:i i i'''''


REF:it's letting stuff happen without thinking about it
HYP:it'sssssssss

[2026-08-05 14:19:56,714][hybrid.speech_recognize][INFO] - 
REF:it's letting stuff happen without thinking about it
HYP:it'sssssssss


REF:harvest contaminated tobacco
HYP:the themmmmmssss

[2026-08-05 14:19:56,715][hybrid.speech_recognize][INFO] - 
REF:harvest contaminated tobacco
HYP:the themmmmmssss


REF:but this particular reality was not inevitable
HYP:this this this this was was was was was was was

[2026-08-05 14:19:56,716][hybrid.speech_recognize][INFO] - 
REF:but this particular reality was not inevitable
HYP:this this this this was was was was was was was


REF:and that's a big deal for a profession that's in high demand
HYP:and that' a a a asssssss

[2026-08-05 14:19:56,718][hybrid.speech_recognize][INFO] - 
REF:and that's a big deal for a profession that's in high demand
HYP:and that' a a a asssssss


REF:i will not be played
HYP:i i be be bettt

[2026-08-05 14:19:56,718][hybrid.speech_recognize][INFO] - 
REF:i will not be played
HYP:i i be be bettt


REF:and this idea is actually nothing new
HYP:this this this this this

[2026-08-05 14:19:57,088][hybrid.speech_recognize][INFO] - 
REF:and this idea is actually nothing new
HYP:this this this this this


REF:we take less notice of trivial matters
HYP:we'sssssssssss

[2026-08-05 14:19:57,089][hybrid.speech_recognize][INFO] - 
REF:we take less notice of trivial matters
HYP:we'sssssssssss


REF:we don't use audio we don't use video
HYP:we we to to to

[2026-08-05 14:19:57,090][hybrid.speech_recognize][INFO] - 
REF:we don't use audio we don't use video
HYP:we we to to to


REF:i forgive you and i do not hate you
HYP:i i''

[2026-08-05 14:19:57,091][hybrid.speech_recognize][INFO] - 
REF:i forgive you and i do not hate you
HYP:i i''


REF:at what point did i think that was a good idea
HYP:that was was was that that that that that

[2026-08-05 14:19:57,092][hybrid.speech_recognize][INFO] - 
REF:at what point did i think that was a good idea
HYP:that was was was that that that that that


REF:we paid two to three times more than anybody else
HYP:we wesssssssssss

[2026-08-05 14:19:57,093][hybrid.speech_recognize][INFO] - 
REF:we paid two to three times more than anybody else
HYP:we wesssssssssss


REF:they want to know how much exercise your dog is getting
HYP:they' to to to to

[2026-08-05 14:19:57,094][hybrid.speech_recognize][INFO] - 
REF:they want to know how much exercise your dog is getting
HYP:they' to to to to


REF:so i'm going to say awesome stuff about myself
HYP:so i im to to to about about about to

[2026-08-05 14:19:57,095][hybrid.speech_recognize][INFO] - 
REF:so i'm going to say awesome stuff about myself
HYP:so i im to to to about about about to


REF:this fishing village was famous for sculpture
HYP:this this

[2026-08-05 14:19:57,376][hybrid.speech_recognize][INFO] - 
REF:this fishing village was famous for sculpture
HYP:this this


REF:i went to extreme lengths to try to be straight
HYP:i' you you you youssss

[2026-08-05 14:19:57,377][hybrid.speech_recognize][INFO] - 
REF:i went to extreme lengths to try to be straight
HYP:i' you you you youssss


REF:how would i know what i was doing differently
HYP:how i i i i

[2026-08-05 14:19:57,378][hybrid.speech_recognize][INFO] - 
REF:how would i know what i was doing differently
HYP:how i i i i


REF:she suffered so much
HYP:she wasss

[2026-08-05 14:19:57,379][hybrid.speech_recognize][INFO] - 
REF:she suffered so much
HYP:she wasss


REF:and when we do the results will often surprise
HYP:and we we to to to to

[2026-08-05 14:19:57,380][hybrid.speech_recognize][INFO] - 
REF:and when we do the results will often surprise
HYP:and we we to to to to


REF:the first lesson is about humility
HYP:the the is is is is is is is

[2026-08-05 14:19:57,380][hybrid.speech_recognize][INFO] - 
REF:the first lesson is about humility
HYP:the the is is is is is is is


REF:and i said to myself i wanna get me one of them
HYP:and i i to to to to

[2026-08-05 14:19:57,381][hybrid.speech_recognize][INFO] - 
REF:and i said to myself i wanna get me one of them
HYP:and i i to to to to


REF:and not enough is being done about this
HYP:not not not to to about about about about about

[2026-08-05 14:19:57,382][hybrid.speech_recognize][INFO] - 
REF:and not enough is being done about this
HYP:not not not to to about about about about about


REF:what if i had told her my story years ago
HYP:what what i i i i my my

[2026-08-05 14:19:57,685][hybrid.speech_recognize][INFO] - 
REF:what if i had told her my story years ago
HYP:what what i i i i my my


REF:of course migration will become even more important
HYP:if of'ssssss

[2026-08-05 14:19:57,686][hybrid.speech_recognize][INFO] - 
REF:of course migration will become even more important
HYP:if of'ssssss


REF:if we're still hungry we might have some more
HYP:we we''' have have have

[2026-08-05 14:19:57,687][hybrid.speech_recognize][INFO] - 
REF:if we're still hungry we might have some more
HYP:we we''' have have have


REF:that's the magic of the geological record
HYP:that that' the the the the the the

[2026-08-05 14:19:57,688][hybrid.speech_recognize][INFO] - 
REF:that's the magic of the geological record
HYP:that that' the the the the the the


REF:they are the basis of every action that you take
HYP:they are are are the the the the the the the the the

[2026-08-05 14:19:57,688][hybrid.speech_recognize][INFO] - 
REF:they are the basis of every action that you take
HYP:they are are are the the the the the the the the the


REF:they don't represent what our views are
HYP:they don''ttt

[2026-08-05 14:19:57,689][hybrid.speech_recognize][INFO] - 
REF:they don't represent what our views are
HYP:they don''ttt


REF:strangers might ask each other for a sip of water
HYP:sossssss of of of of of of of of

[2026-08-05 14:19:57,690][hybrid.speech_recognize][INFO] - 
REF:strangers might ask each other for a sip of water
HYP:sossssss of of of of of of of of


REF:and in that i need a surgery lexicon
HYP:and and that to to to to and andt

[2026-08-05 14:19:57,691][hybrid.speech_recognize][INFO] - 
REF:and in that i need a surgery lexicon
HYP:and and that to to to to and andt


REF:i'm a feminist but i'm a rather bad one
HYP:immmmmmmmm

[2026-08-05 14:19:58,037][hybrid.speech_recognize][INFO] - 
REF:i'm a feminist but i'm a rather bad one
HYP:immmmmmmmm


REF:but we only get one history and it's the one that we have
HYP:but we we we we we we we we we we

[2026-08-05 14:19:58,038][hybrid.speech_recognize][INFO] - 
REF:but we only get one history and it's the one that we have
HYP:but we we we we we we we we we we


REF:and we'd like to think it's not going to take 35 years
HYP:and we i that that thatttt

[2026-08-05 14:19:58,039][hybrid.speech_recognize][INFO] - 
REF:and we'd like to think it's not going to take 35 years
HYP:and we i that that thatttt


REF:i would just give the inspiration and that's my job
HYP:i was was wasssss

[2026-08-05 14:19:58,040][hybrid.speech_recognize][INFO] - 
REF:i would just give the inspiration and that's my job
HYP:i was was wasssss


REF:we all know deep inside what the answer is
HYP:we we all allttsssss

[2026-08-05 14:19:58,041][hybrid.speech_recognize][INFO] - 
REF:we all know deep inside what the answer is
HYP:we we all allttsssss


REF:of those seven have nuclear weapons
HYP:if you you you yousssssssss

[2026-08-05 14:19:58,042][hybrid.speech_recognize][INFO] - 
REF:of those seven have nuclear weapons
HYP:if you you you yousssssssss


REF:and then we were alarmed to discover something
HYP:and they we we we

[2026-08-05 14:19:58,043][hybrid.speech_recognize][INFO] - 
REF:and then we were alarmed to discover something
HYP:and they we we we


REF:i live cycles of light and darkness
HYP:and was wassss and and and and and and and and and

[2026-08-05 14:19:58,044][hybrid.speech_recognize][INFO] - 
REF:i live cycles of light and darkness
HYP:and was wassss and and and and and and and and and


REF:because it's given by other people
HYP:people people people people people people people people people

[2026-08-05 14:19:58,350][hybrid.speech_recognize][INFO] - 
REF:because it's given by other people
HYP:people people people people people people people people people


REF:i do believe we can fix what's broken
HYP:i'''tsssss

[2026-08-05 14:19:58,352][hybrid.speech_recognize][INFO] - 
REF:i do believe we can fix what's broken
HYP:i'''tsssss


REF:and when we're unprepared we overreact
HYP:and we'' we we we we we we

[2026-08-05 14:19:58,353][hybrid.speech_recognize][INFO] - 
REF:and when we're unprepared we overreact
HYP:and we'' we we we we we we


REF:we need to be part of a community to survive
HYP:we we to to to to to to to to

[2026-08-05 14:19:58,354][hybrid.speech_recognize][INFO] - 
REF:we need to be part of a community to survive
HYP:we we to to to to to to to to


REF:i had no idea what i was going to do if it didn't work
HYP:i had was was was was was was

[2026-08-05 14:19:58,354][hybrid.speech_recognize][INFO] - 
REF:i had no idea what i was going to do if it didn't work
HYP:i had was was was was was was


REF:have inspired a generation of innovators
HYP:i a a a a a of of of of of of of

[2026-08-05 14:19:58,355][hybrid.speech_recognize][INFO] - 
REF:have inspired a generation of innovators
HYP:i a a a a a of of of of of of of


REF:i want to warn you about what you're about to go through
HYP:i    ttt

[2026-08-05 14:19:58,356][hybrid.speech_recognize][INFO] - 
REF:i want to warn you about what you're about to go through
HYP:i    ttt


REF:where do refugee hearts go
HYP:one'ssss

[2026-08-05 14:19:58,357][hybrid.speech_recognize][INFO] - 
REF:where do refugee hearts go
HYP:one'ssss


REF:we know that every cell has a sex
HYP:we we that that that that that that

[2026-08-05 14:19:58,764][hybrid.speech_recognize][INFO] - 
REF:we know that every cell has a sex
HYP:we we that that that that that that


REF:it told us about hormone replacement therapy
HYP:it'sssssssssss

[2026-08-05 14:19:58,765][hybrid.speech_recognize][INFO] - 
REF:it told us about hormone replacement therapy
HYP:it'sssssssssss


REF:but in fact they found something very surprising
HYP:and it itssssssss

[2026-08-05 14:19:58,766][hybrid.speech_recognize][INFO] - 
REF:but in fact they found something very surprising
HYP:and it itssssssss


REF:what makes technology useful and usable
HYP:we'''ss

[2026-08-05 14:19:58,767][hybrid.speech_recognize][INFO] - 
REF:what makes technology useful and usable
HYP:we'''ss


REF:casual speech is something quite different
HYP:isssssss

[2026-08-05 14:19:58,768][hybrid.speech_recognize][INFO] - 
REF:casual speech is something quite different
HYP:isssssss


REF:that option is actually not on the table
HYP:i i the the the the the the the the the the

[2026-08-05 14:19:58,769][hybrid.speech_recognize][INFO] - 
REF:that option is actually not on the table
HYP:i i the the the the the the the the the the


REF:we were obviously making a difference
HYP:we we we a a a

[2026-08-05 14:19:58,771][hybrid.speech_recognize][INFO] - 
REF:we were obviously making a difference
HYP:we we we a a a


REF:this is what i'm supposed to naturally be able to do
HYP:this is is i i to to to to to to to to to to

[2026-08-05 14:19:58,772][hybrid.speech_recognize][INFO] - 
REF:this is what i'm supposed to naturally be able to do
HYP:this is is i i to to to to to to to to to to


REF:no more charge before use
HYP:now''''

[2026-08-05 14:19:58,772][hybrid.speech_recognize][INFO] - 
REF:no more charge before use
HYP:now''''


REF:let me give you a simple commercial example
HYP:if if a a a a a a ass

[2026-08-05 14:19:58,773][hybrid.speech_recognize][INFO] - 
REF:let me give you a simple commercial example
HYP:if if a a a a a a ass


REF:but that system has tons of problems
HYP:but thatssssssssss

[2026-08-05 14:19:58,774][hybrid.speech_recognize][INFO] - 
REF:but that system has tons of problems
HYP:but thatssssssssss


REF:i'm a professor and we're passionate about education
HYP:i'sssssssssssss

[2026-08-05 14:19:58,775][hybrid.speech_recognize][INFO] - 
REF:i'm a professor and we're passionate about education
HYP:i'sssssssssssss


REF:we mourn women complicated
HYP:we we wesssssss

[2026-08-05 14:19:58,776][hybrid.speech_recognize][INFO] - 
REF:we mourn women complicated
HYP:we we wesssssss


REF:and he grew up essentially in stage one
HYP:and it in intttttt

[2026-08-05 14:19:58,777][hybrid.speech_recognize][INFO] - 
REF:and he grew up essentially in stage one
HYP:and it in intttttt


REF:their faces broadcast their experience
HYP:the thesssssssssss

[2026-08-05 14:19:58,778][hybrid.speech_recognize][INFO] - 
REF:their faces broadcast their experience
HYP:the thesssssssssss


REF:and in fact what did happen to my brain
HYP:and what what what what

[2026-08-05 14:19:58,779][hybrid.speech_recognize][INFO] - 
REF:and in fact what did happen to my brain
HYP:and what what what what


REF:constance baker motley
HYP:isssss

[2026-08-05 14:19:59,259][hybrid.speech_recognize][INFO] - 
REF:constance baker motley
HYP:isssss


REF:and this became my holy grail my rosetta stone
HYP:and this this my my my

[2026-08-05 14:19:59,260][hybrid.speech_recognize][INFO] - 
REF:and this became my holy grail my rosetta stone
HYP:and this this my my my


REF:and then something falls off the wall
HYP:and that it it it the

[2026-08-05 14:19:59,261][hybrid.speech_recognize][INFO] - 
REF:and then something falls off the wall
HYP:and that it it it the


REF:so naturally i asked what is african
HYP:so issssssss

[2026-08-05 14:19:59,261][hybrid.speech_recognize][INFO] - 
REF:so naturally i asked what is african
HYP:so issssssss


REF:so it's the demand that brings them to the table
HYP:so it itsssssssss

[2026-08-05 14:19:59,262][hybrid.speech_recognize][INFO] - 
REF:so it's the demand that brings them to the table
HYP:so it itsssssssss


REF:he also had 11 children
HYP:theysss to to to to to to

[2026-08-05 14:19:59,263][hybrid.speech_recognize][INFO] - 
REF:he also had 11 children
HYP:theysss to to to to to to


REF:and one of them said we had a robbery two weeks ago
HYP:and of of a a we we we to to to to

[2026-08-05 14:19:59,264][hybrid.speech_recognize][INFO] - 
REF:and one of them said we had a robbery two weeks ago
HYP:and of of a a we we we to to to to


REF:i don't even know if it's a real job title to be honest
HYP:i don don''ttt to to to

[2026-08-05 14:19:59,265][hybrid.speech_recognize][INFO] - 
REF:i don't even know if it's a real job title to be honest
HYP:i don don''ttt to to to


REF:efficiency is for robots
HYP:in inssssss

[2026-08-05 14:19:59,266][hybrid.speech_recognize][INFO] - 
REF:efficiency is for robots
HYP:in inssssss


REF:the nazis invaded the netherlands
HYP:the the the

[2026-08-05 14:19:59,267][hybrid.speech_recognize][INFO] - 
REF:the nazis invaded the netherlands
HYP:the the the


REF:well that's going to be a breeding ground for compassion
HYP:we have to to to to

[2026-08-05 14:19:59,268][hybrid.speech_recognize][INFO] - 
REF:well that's going to be a breeding ground for compassion
HYP:we have to to to to


REF:designers aspire to be really great designers
HYP:it''s to tossssss

[2026-08-05 14:19:59,269][hybrid.speech_recognize][INFO] - 
REF:designers aspire to be really great designers
HYP:it''s to tossssss


REF:i mean that interface is beautiful
HYP:but that is is is

[2026-08-05 14:19:59,270][hybrid.speech_recognize][INFO] - 
REF:i mean that interface is beautiful
HYP:but that is is is


REF:but it's also an important date for another reason
HYP:but it' a a a a a a

[2026-08-05 14:19:59,271][hybrid.speech_recognize][INFO] - 
REF:but it's also an important date for another reason
HYP:but it' a a a a a a


REF:when we share ideas we all get more
HYP:we we we we

[2026-08-05 14:19:59,271][hybrid.speech_recognize][INFO] - 
REF:when we share ideas we all get more
HYP:we we we we


REF:i got about 3000 emails
HYP:i i about about about about aboutsss

[2026-08-05 14:19:59,272][hybrid.speech_recognize][INFO] - 
REF:i got about 3000 emails
HYP:i i about about about about aboutsss


REF:it's the best way to shut people down on an airplane
HYP:it''' the the the the thess

[2026-08-05 14:19:59,715][hybrid.speech_recognize][INFO] - 
REF:it's the best way to shut people down on an airplane
HYP:it''' the the the the thess


REF:and so how does your brain give you that detail
HYP:so so you you you you you you

[2026-08-05 14:19:59,716][hybrid.speech_recognize][INFO] - 
REF:and so how does your brain give you that detail
HYP:so so you you you you you you


REF:one way around this is to draw pictures
HYP:we we wesssssssssss

[2026-08-05 14:19:59,717][hybrid.speech_recognize][INFO] - 
REF:one way around this is to draw pictures
HYP:we we wesssssssssss


REF:but some of our grandchildren probably will
HYP:i of of of of of of of

[2026-08-05 14:19:59,718][hybrid.speech_recognize][INFO] - 
REF:but some of our grandchildren probably will
HYP:i of of of of of of of


REF:my spine curves spiral
HYP:my mysssssssssssss

[2026-08-05 14:19:59,719][hybrid.speech_recognize][INFO] - 
REF:my spine curves spiral
HYP:my mysssssssssssss


REF:how can somebody like that make you feel smart
HYP:i i itt that that that that

[2026-08-05 14:19:59,720][hybrid.speech_recognize][INFO] - 
REF:how can somebody like that make you feel smart
HYP:i i itt that that that that


REF:that's different from actually having an effective ad campaign
HYP:that'ssssssssssssssssss

[2026-08-05 14:19:59,721][hybrid.speech_recognize][INFO] - 
REF:that's different from actually having an effective ad campaign
HYP:that'ssssssssssssssssss


REF:i even read many self help books
HYP:i''sssssss

[2026-08-05 14:19:59,722][hybrid.speech_recognize][INFO] - 
REF:i even read many self help books
HYP:i''sssssss


REF:i was the first non family investor in amazon
HYP:i was the thesssssss

[2026-08-05 14:19:59,723][hybrid.speech_recognize][INFO] - 
REF:i was the first non family investor in amazon
HYP:i was the thesssssss


REF:and that's what i'm calling for here now
HYP:and that'''''

[2026-08-05 14:19:59,724][hybrid.speech_recognize][INFO] - 
REF:and that's what i'm calling for here now
HYP:and that'''''


REF:why did my child develop autism
HYP:what my myd

[2026-08-05 14:19:59,726][hybrid.speech_recognize][INFO] - 
REF:why did my child develop autism
HYP:what my myd


REF:that even small scale farmers can leverage
HYP:they'ssss

[2026-08-05 14:19:59,727][hybrid.speech_recognize][INFO] - 
REF:that even small scale farmers can leverage
HYP:they'ssss


REF:we need to reinvent labor organizing
HYP:we to to to to to

[2026-08-05 14:19:59,728][hybrid.speech_recognize][INFO] - 
REF:we need to reinvent labor organizing
HYP:we to to to to to


REF:it wasn't like them to miss practice
HYP:it was to to to to

[2026-08-05 14:19:59,728][hybrid.speech_recognize][INFO] - 
REF:it wasn't like them to miss practice
HYP:it was to to to to


REF:we didn't understand the program
HYP:we we we we a at

[2026-08-05 14:19:59,729][hybrid.speech_recognize][INFO] - 
REF:we didn't understand the program
HYP:we we we we a at


REF:my other great passion is the environment
HYP:but the the the the the the

[2026-08-05 14:19:59,730][hybrid.speech_recognize][INFO] - 
REF:my other great passion is the environment
HYP:but the the the the the the


REF:one year i came up with a bright idea
HYP:what'' with with with with with

[2026-08-05 14:20:00,101][hybrid.speech_recognize][INFO] - 
REF:one year i came up with a bright idea
HYP:what'' with with with with with


REF:and you walk around and it points to things
HYP:and yousssss and and

[2026-08-05 14:20:00,102][hybrid.speech_recognize][INFO] - 
REF:and you walk around and it points to things
HYP:and yousssss and and


REF:what would that change about quality of life and nutrition
HYP:what that that that about of of of of of of of of

[2026-08-05 14:20:00,103][hybrid.speech_recognize][INFO] - 
REF:what would that change about quality of life and nutrition
HYP:what that that that about of of of of of of of of


REF:so when we met chuck was a senior in high school
HYP:so we we we we wett

[2026-08-05 14:20:00,104][hybrid.speech_recognize][INFO] - 
REF:so when we met chuck was a senior in high school
HYP:so we we we we wett


REF:that robot put on a great show
HYP:that that a a a a a a

[2026-08-05 14:20:00,104][hybrid.speech_recognize][INFO] - 
REF:that robot put on a great show
HYP:that that a a a a a a


REF:so we have these feast and famine cycles
HYP:so we have have to tossssssss

[2026-08-05 14:20:00,105][hybrid.speech_recognize][INFO] - 
REF:so we have these feast and famine cycles
HYP:so we have have to tossssssss


REF:when you grow up poor you want to be rich
HYP:what you you you you you

[2026-08-05 14:20:00,106][hybrid.speech_recognize][INFO] - 
REF:when you grow up poor you want to be rich
HYP:what you you you you you


REF:you see there's a lot of things we just don't have data on
HYP:you'sssssssss

[2026-08-05 14:20:00,107][hybrid.speech_recognize][INFO] - 
REF:you see there's a lot of things we just don't have data on
HYP:you'sssssssss


REF:and i couldn't get this information out
HYP:and i i this this this this this this this

[2026-08-05 14:20:00,108][hybrid.speech_recognize][INFO] - 
REF:and i couldn't get this information out
HYP:and i i this this this this this this this


REF:well let's hold on to that thought for just a minute
HYP:this thisssssssssssss

[2026-08-05 14:20:00,109][hybrid.speech_recognize][INFO] - 
REF:well let's hold on to that thought for just a minute
HYP:this thisssssssssssss


REF:and he said on the spot absolutely yes
HYP:in is isssss

[2026-08-05 14:20:00,110][hybrid.speech_recognize][INFO] - 
REF:and he said on the spot absolutely yes
HYP:in is isssss


REF:let's think about your ethical footprint
HYP:it'' about about about about about

[2026-08-05 14:20:00,111][hybrid.speech_recognize][INFO] - 
REF:let's think about your ethical footprint
HYP:it'' about about about about about


REF:and what i need now is to learn to be like that
HYP:and in in in in that that that that

[2026-08-05 14:20:00,112][hybrid.speech_recognize][INFO] - 
REF:and what i need now is to learn to be like that
HYP:and in in in in that that that that


REF:they signed up because they wanted some form of revenge
HYP:they they they they they

[2026-08-05 14:20:00,113][hybrid.speech_recognize][INFO] - 
REF:they signed up because they wanted some form of revenge
HYP:they they they they they


REF:and the way to do it is through the bloodstream
HYP:and and that this this this

[2026-08-05 14:20:00,114][hybrid.speech_recognize][INFO] - 
REF:and the way to do it is through the bloodstream
HYP:and and that this this this


REF:why does a jellyfish emit light
HYP:this is is is is a a a

[2026-08-05 14:20:00,114][hybrid.speech_recognize][INFO] - 
REF:why does a jellyfish emit light
HYP:this is is is is a a a


REF:and let me just put this in context
HYP:and i just just this this this this this this

[2026-08-05 14:20:00,505][hybrid.speech_recognize][INFO] - 
REF:and let me just put this in context
HYP:and i just just this this this this this this


REF:they're often not recognized sent home
HYP:they''''

[2026-08-05 14:20:00,506][hybrid.speech_recognize][INFO] - 
REF:they're often not recognized sent home
HYP:they''''


REF:it would be a mall and not a park
HYP:it' a a a a a a a a a

[2026-08-05 14:20:00,507][hybrid.speech_recognize][INFO] - 
REF:it would be a mall and not a park
HYP:it' a a a a a a a a a


REF:the rituals were familiar
HYP:the thessss

[2026-08-05 14:20:00,508][hybrid.speech_recognize][INFO] - 
REF:the rituals were familiar
HYP:the thessss


REF:that's the work that stands before us
HYP:that thatsssssss

[2026-08-05 14:20:00,509][hybrid.speech_recognize][INFO] - 
REF:that's the work that stands before us
HYP:that thatsssssss


REF:so we did the analysis again a slightly different way
HYP:so we is is the the

[2026-08-05 14:20:00,510][hybrid.speech_recognize][INFO] - 
REF:so we did the analysis again a slightly different way
HYP:so we is is the the


REF:how could i come from a nation
HYP:how i i i i i i

[2026-08-05 14:20:00,511][hybrid.speech_recognize][INFO] - 
REF:how could i come from a nation
HYP:how i i i i i i


REF:it really is quite phenomenal
HYP:it it it it

[2026-08-05 14:20:00,512][hybrid.speech_recognize][INFO] - 
REF:it really is quite phenomenal
HYP:it it it it


REF:he kept one in the glove compartment of our car
HYP:he the the the of of of of of of of of of of of of

[2026-08-05 14:20:00,514][hybrid.speech_recognize][INFO] - 
REF:he kept one in the glove compartment of our car
HYP:he the the the of of of of of of of of of of of of


REF:what kind of rituals are these
HYP:whatsssssssssssss

[2026-08-05 14:20:00,515][hybrid.speech_recognize][INFO] - 
REF:what kind of rituals are these
HYP:whatsssssssssssss


REF:which brings me to my second point
HYP:what my to to to to to to to to to

[2026-08-05 14:20:00,516][hybrid.speech_recognize][INFO] - 
REF:which brings me to my second point
HYP:what my to to to to to to to to to


REF:i was going through a hard time as well
HYP:i was was

[2026-08-05 14:20:00,516][hybrid.speech_recognize][INFO] - 
REF:i was going through a hard time as well
HYP:i was was


REF:here i'm one person talking to you
HYP:now i'' to to to to to to

[2026-08-05 14:20:00,517][hybrid.speech_recognize][INFO] - 
REF:here i'm one person talking to you
HYP:now i'' to to to to to to


REF:this is a really important chapter to me
HYP:this this is a a

[2026-08-05 14:20:00,518][hybrid.speech_recognize][INFO] - 
REF:this is a really important chapter to me
HYP:this this is a a


REF:i can stand up and do something
HYP:i don to to to to

[2026-08-05 14:20:00,519][hybrid.speech_recognize][INFO] - 
REF:i can stand up and do something
HYP:i don to to to to


REF:so what was i going to do
HYP:so what i i i

[2026-08-05 14:20:00,520][hybrid.speech_recognize][INFO] - 
REF:so what was i going to do
HYP:so what i i i


REF:he was also the first person to call me a feminist
HYP:it was was the the

[2026-08-05 14:20:00,946][hybrid.speech_recognize][INFO] - 
REF:he was also the first person to call me a feminist
HYP:it was was the the


REF:it's not like teaching them how to ride a bike
HYP:i i i to to to to to to

[2026-08-05 14:20:00,947][hybrid.speech_recognize][INFO] - 
REF:it's not like teaching them how to ride a bike
HYP:i i i to to to to to to


REF:every kid lives near nature
HYP:everybody of ofssssss

[2026-08-05 14:20:00,948][hybrid.speech_recognize][INFO] - 
REF:every kid lives near nature
HYP:everybody of ofssssss


REF:she had to impersonate a man
HYP:she was to to to to to

[2026-08-05 14:20:00,949][hybrid.speech_recognize][INFO] - 
REF:she had to impersonate a man
HYP:she was to to to to to


REF:we connect more and more
HYP:we we we

[2026-08-05 14:20:00,950][hybrid.speech_recognize][INFO] - 
REF:we connect more and more
HYP:we we we


REF:why aren't people washing their hands
HYP:why people people people people people people people people people

[2026-08-05 14:20:00,951][hybrid.speech_recognize][INFO] - 
REF:why aren't people washing their hands
HYP:why people people people people people people people people people


REF:what difference does it make if they talk like jerry seinfeld
HYP:when wassss of of of of of of of of of

[2026-08-05 14:20:00,952][hybrid.speech_recognize][INFO] - 
REF:what difference does it make if they talk like jerry seinfeld
HYP:when wassss of of of of of of of of of


REF:after all i was a bit unconventional
HYP:i was was was was was

[2026-08-05 14:20:00,953][hybrid.speech_recognize][INFO] - 
REF:after all i was a bit unconventional
HYP:i was was was was was


REF:what would that change about how we live
HYP:what we we we we that that

[2026-08-05 14:20:00,954][hybrid.speech_recognize][INFO] - 
REF:what would that change about how we live
HYP:what we we we we that that


REF:don't get me wrong it's not like we don't have comedy in the middle east
HYP:don'' have have havetttt

[2026-08-05 14:20:00,955][hybrid.speech_recognize][INFO] - 
REF:don't get me wrong it's not like we don't have comedy in the middle east
HYP:don'' have have havetttt


REF:it's like a piece of junk mail to be thrown away
HYP:it'' a a asssssssssss

[2026-08-05 14:20:00,956][hybrid.speech_recognize][INFO] - 
REF:it's like a piece of junk mail to be thrown away
HYP:it'' a a asssssssssss


REF:it's all about what can you do for me
HYP:it'' about about about about about

[2026-08-05 14:20:00,957][hybrid.speech_recognize][INFO] - 
REF:it's all about what can you do for me
HYP:it'' about about about about about


REF:we can do that because we know
HYP:we we we that that that that

[2026-08-05 14:20:00,958][hybrid.speech_recognize][INFO] - 
REF:we can do that because we know
HYP:we we we that that that that


REF:try it and let me know how it works for you
HYP:i you you you you

[2026-08-05 14:20:00,958][hybrid.speech_recognize][INFO] - 
REF:try it and let me know how it works for you
HYP:i you you you you


REF:they're like the baseball scouts 20 years ago
HYP:there''sssssssss

[2026-08-05 14:20:00,960][hybrid.speech_recognize][INFO] - 
REF:they're like the baseball scouts 20 years ago
HYP:there''sssssssss


REF:what can we do in all of this
HYP:what what we we we we we

[2026-08-05 14:20:00,960][hybrid.speech_recognize][INFO] - 
REF:what can we do in all of this
HYP:what what we we we we we


REF:it's kind of the anti reality tv
HYP:it'ss of of of of a a a

[2026-08-05 14:20:01,410][hybrid.speech_recognize][INFO] - 
REF:it's kind of the anti reality tv
HYP:it'ss of of of of a a a


REF:she wanted to change policy at the government level
HYP:so we we to to to to the the the the

[2026-08-05 14:20:01,411][hybrid.speech_recognize][INFO] - 
REF:she wanted to change policy at the government level
HYP:so we we to to to to the the the the


REF:you just had to do things sometimes
HYP:you' to to to

[2026-08-05 14:20:01,412][hybrid.speech_recognize][INFO] - 
REF:you just had to do things sometimes
HYP:you' to to to


REF:we're blessed with people who listen to us
HYP:we''ss to to to to to with with with with with

[2026-08-05 14:20:01,413][hybrid.speech_recognize][INFO] - 
REF:we're blessed with people who listen to us
HYP:we''ss to to to to to with with with with with


REF:he's at a technology conference in florida
HYP:it itsss

[2026-08-05 14:20:01,414][hybrid.speech_recognize][INFO] - 
REF:he's at a technology conference in florida
HYP:it itsss


REF:and they put on an opera all night long
HYP:and they they a a

[2026-08-05 14:20:01,415][hybrid.speech_recognize][INFO] - 
REF:and they put on an opera all night long
HYP:and they they a a


REF:and in fact it probably won't
HYP:and and''''''

[2026-08-05 14:20:01,415][hybrid.speech_recognize][INFO] - 
REF:and in fact it probably won't
HYP:and and''''''


REF:and she's looking as young as ever
HYP:it'ssss

[2026-08-05 14:20:01,416][hybrid.speech_recognize][INFO] - 
REF:and she's looking as young as ever
HYP:it'ssss


REF:it's a debate about words about metaphors
HYP:this is about about about about about about about aboutss

[2026-08-05 14:20:01,417][hybrid.speech_recognize][INFO] - 
REF:it's a debate about words about metaphors
HYP:this is about about about about about about about aboutss


REF:it cracked open my world
HYP:it'sss my my my

[2026-08-05 14:20:01,418][hybrid.speech_recognize][INFO] - 
REF:it cracked open my world
HYP:it'sss my my my


REF:we almost don't feel ourselves
HYP:we we'tssss

[2026-08-05 14:20:01,419][hybrid.speech_recognize][INFO] - 
REF:we almost don't feel ourselves
HYP:we we'tssss


REF:my parents came from germany
HYP:my my my my my

[2026-08-05 14:20:01,420][hybrid.speech_recognize][INFO] - 
REF:my parents came from germany
HYP:my my my my my


REF:you learn more about how computers work
HYP:you you you you you this this this this

[2026-08-05 14:20:01,420][hybrid.speech_recognize][INFO] - 
REF:you learn more about how computers work
HYP:you you you you you this this this this


REF:and i'm sure the figures are similar in other countries
HYP:and i are are are are the thesssssss

[2026-08-05 14:20:01,421][hybrid.speech_recognize][INFO] - 
REF:and i'm sure the figures are similar in other countries
HYP:and i are are are are the thesssssss


REF:she would hide in the closet
HYP:she was was was was

[2026-08-05 14:20:01,422][hybrid.speech_recognize][INFO] - 
REF:she would hide in the closet
HYP:she was was was was


REF:i have an idea for saving the world
HYP:now have have the the the the the the the

[2026-08-05 14:20:01,423][hybrid.speech_recognize][INFO] - 
REF:i have an idea for saving the world
HYP:now have have the the the the the the the


REF:we suspended our values
HYP:we wesssssssss

[2026-08-05 14:20:01,857][hybrid.speech_recognize][INFO] - 
REF:we suspended our values
HYP:we wesssssssss


REF:i exist because i have my women friends
HYP:i i have have have have have have have

[2026-08-05 14:20:01,858][hybrid.speech_recognize][INFO] - 
REF:i exist because i have my women friends
HYP:i i have have have have have have have


REF:so what do you think happens to these gals
HYP:so what is is

[2026-08-05 14:20:01,859][hybrid.speech_recognize][INFO] - 
REF:so what do you think happens to these gals
HYP:so what is is


REF:you don't get the same witnesses or depositions
HYP:you' the the the the the

[2026-08-05 14:20:01,860][hybrid.speech_recognize][INFO] - 
REF:you don't get the same witnesses or depositions
HYP:you' the the the the the


REF:do that only if you're paid by the hour
HYP:so'''tttttt

[2026-08-05 14:20:01,861][hybrid.speech_recognize][INFO] - 
REF:do that only if you're paid by the hour
HYP:so'''tttttt


REF:why are we embedded in social networks
HYP:we we we we

[2026-08-05 14:20:01,862][hybrid.speech_recognize][INFO] - 
REF:why are we embedded in social networks
HYP:we we we we


REF:so just like with a bike we don't talk about it
HYP:so''''''''''

[2026-08-05 14:20:01,863][hybrid.speech_recognize][INFO] - 
REF:so just like with a bike we don't talk about it
HYP:so''''''''''


REF:it's a pretty simple idea right
HYP:it'sss

[2026-08-05 14:20:01,864][hybrid.speech_recognize][INFO] - 
REF:it's a pretty simple idea right
HYP:it'sss


REF:the irony is so obvious right
HYP:the

[2026-08-05 14:20:01,865][hybrid.speech_recognize][INFO] - 
REF:the irony is so obvious right
HYP:the


REF:that's something we ought to celebrate
HYP:and that'' to to to to to

[2026-08-05 14:20:01,866][hybrid.speech_recognize][INFO] - 
REF:that's something we ought to celebrate
HYP:and that'' to to to to to


REF:and that's why it's been a pleasure speaking to you
HYP:and thatsssssssssss

[2026-08-05 14:20:01,867][hybrid.speech_recognize][INFO] - 
REF:and that's why it's been a pleasure speaking to you
HYP:and thatsssssssssss


REF:there is an animated series in the works
HYP:there'sssssssssss

[2026-08-05 14:20:01,868][hybrid.speech_recognize][INFO] - 
REF:there is an animated series in the works
HYP:there'sssssssssss


REF:and i was really scared
HYP:and was was

[2026-08-05 14:20:01,868][hybrid.speech_recognize][INFO] - 
REF:and i was really scared
HYP:and was was


REF:first they founded political parties
HYP:and it the the the

[2026-08-05 14:20:01,869][hybrid.speech_recognize][INFO] - 
REF:first they founded political parties
HYP:and it the the the


REF:i'm a fifth generation texan
HYP:i'' to to

[2026-08-05 14:20:01,870][hybrid.speech_recognize][INFO] - 
REF:i'm a fifth generation texan
HYP:i'' to to


REF:buildings can be like people
HYP:but people people

[2026-08-05 14:20:01,871][hybrid.speech_recognize][INFO] - 
REF:buildings can be like people
HYP:but people people


REF:let's help them have a voice
HYP:that'sss

[2026-08-05 14:20:02,269][hybrid.speech_recognize][INFO] - 
REF:let's help them have a voice
HYP:that'sss


REF:i'm pushing and pulling with this object
HYP:i im this this this this this this this this

[2026-08-05 14:20:02,270][hybrid.speech_recognize][INFO] - 
REF:i'm pushing and pulling with this object
HYP:i im this this this this this this this this


REF:and he surprised me by saying you know what
HYP:it'''''ss

[2026-08-05 14:20:02,271][hybrid.speech_recognize][INFO] - 
REF:and he surprised me by saying you know what
HYP:it'''''ss


REF:there's nothing underground about it
HYP:there was was about about about it it

[2026-08-05 14:20:02,272][hybrid.speech_recognize][INFO] - 
REF:there's nothing underground about it
HYP:there was was about about about it it


REF:that may not always be the case
HYP:that that that be

[2026-08-05 14:20:02,273][hybrid.speech_recognize][INFO] - 
REF:that may not always be the case
HYP:that that that be


REF:i'm 27 years old
HYP:i''

[2026-08-05 14:20:02,274][hybrid.speech_recognize][INFO] - 
REF:i'm 27 years old
HYP:i''


REF:but there's actually more to the story than that
HYP:but there's the the the the the the the the the the the

[2026-08-05 14:20:02,275][hybrid.speech_recognize][INFO] - 
REF:but there's actually more to the story than that
HYP:but there's the the the the the the the the the the the


REF:okay then we can make a mobile geiger counter
HYP:i''' a a a a a

[2026-08-05 14:20:02,276][hybrid.speech_recognize][INFO] - 
REF:okay then we can make a mobile geiger counter
HYP:i''' a a a a a


REF:well i didn't have any idea
HYP:i don dontt

[2026-08-05 14:20:02,277][hybrid.speech_recognize][INFO] - 
REF:well i didn't have any idea
HYP:i don dontt


REF:so i started a research project with them
HYP:so i i i with with with with with with with with

[2026-08-05 14:20:02,277][hybrid.speech_recognize][INFO] - 
REF:so i started a research project with them
HYP:so i i i with with with with with with with with


REF:they change from person to person
HYP:they'sssssssss

[2026-08-05 14:20:02,278][hybrid.speech_recognize][INFO] - 
REF:they change from person to person
HYP:they'sssssssss


REF:well i think about this all the time
HYP:what i about about this this

[2026-08-05 14:20:02,279][hybrid.speech_recognize][INFO] - 
REF:well i think about this all the time
HYP:what i about about this this


REF:no plankton means no fish
HYP:you'ssssssss

[2026-08-05 14:20:02,280][hybrid.speech_recognize][INFO] - 
REF:no plankton means no fish
HYP:you'ssssssss


REF:you make it flow under and over
HYP:you''

[2026-08-05 14:20:02,281][hybrid.speech_recognize][INFO] - 
REF:you make it flow under and over
HYP:you''


REF:so they felt safe to come there
HYP:so they they the the

[2026-08-05 14:20:02,281][hybrid.speech_recognize][INFO] - 
REF:so they felt safe to come there
HYP:so they they the the


REF:i don't understand
HYP:i''' that that that

[2026-08-05 14:20:02,282][hybrid.speech_recognize][INFO] - 
REF:i don't understand
HYP:i''' that that that


REF:sexual harassment doesn't discriminate
HYP:tttttttt

[2026-08-05 14:20:02,731][hybrid.speech_recognize][INFO] - 
REF:sexual harassment doesn't discriminate
HYP:tttttttt


REF:i will craft my own drum
HYP:i i my my my my my my my

[2026-08-05 14:20:02,732][hybrid.speech_recognize][INFO] - 
REF:i will craft my own drum
HYP:i i my my my my my my my


REF:so how does this work
HYP:so how how this this this this this

[2026-08-05 14:20:02,733][hybrid.speech_recognize][INFO] - 
REF:so how does this work
HYP:so how how this this this this this


REF:i have three sons so i see how they fight
HYP:i''ssssssss

[2026-08-05 14:20:02,734][hybrid.speech_recognize][INFO] - 
REF:i have three sons so i see how they fight
HYP:i''ssssssss


REF:when it's 10 degrees below zero
HYP:but itss to to to to

[2026-08-05 14:20:02,735][hybrid.speech_recognize][INFO] - 
REF:when it's 10 degrees below zero
HYP:but itss to to to to


REF:and guess what silicon valley
HYP:it'ssss

[2026-08-05 14:20:02,736][hybrid.speech_recognize][INFO] - 
REF:and guess what silicon valley
HYP:it'ssss


REF:and he thinks i'm saying take my picture
HYP:and i ittttttttt

[2026-08-05 14:20:02,736][hybrid.speech_recognize][INFO] - 
REF:and he thinks i'm saying take my picture
HYP:and i ittttttttt


REF:you say you're working more than 60 hours
HYP:you you youssssss

[2026-08-05 14:20:02,737][hybrid.speech_recognize][INFO] - 
REF:you say you're working more than 60 hours
HYP:you you youssssss


REF:my grandfather worked at this factory
HYP:my my the

[2026-08-05 14:20:02,738][hybrid.speech_recognize][INFO] - 
REF:my grandfather worked at this factory
HYP:my my the


REF:actually studied hormones
HYP:i isttss

[2026-08-05 14:20:02,739][hybrid.speech_recognize][INFO] - 
REF:actually studied hormones
HYP:i isttss


REF:take a look at one of our spots
HYP:they of of of of

[2026-08-05 14:20:02,740][hybrid.speech_recognize][INFO] - 
REF:take a look at one of our spots
HYP:they of of of of


REF:faced with absence
HYP:and withssssssss

[2026-08-05 14:20:02,741][hybrid.speech_recognize][INFO] - 
REF:faced with absence
HYP:and withssssssss


REF:i was not going to cry myself to sleep
HYP:i wassssssss

[2026-08-05 14:20:02,741][hybrid.speech_recognize][INFO] - 
REF:i was not going to cry myself to sleep
HYP:i wassssssss


REF:i am torn by your love for me
HYP:i i i my my my

[2026-08-05 14:20:02,742][hybrid.speech_recognize][INFO] - 
REF:i am torn by your love for me
HYP:i i i my my my


REF:and so it's perfect for something like that
HYP:and it was was that that that that that that

[2026-08-05 14:20:02,743][hybrid.speech_recognize][INFO] - 
REF:and so it's perfect for something like that
HYP:and it was was that that that that that that


REF:i started looking at them really carefully
HYP:i ittttttttttt

[2026-08-05 14:20:02,744][hybrid.speech_recognize][INFO] - 
REF:i started looking at them really carefully
HYP:i ittttttttttt


REF:there won't be a single moment in the schedule
HYP:it'' to to to

[2026-08-05 14:20:03,091][hybrid.speech_recognize][INFO] - 
REF:there won't be a single moment in the schedule
HYP:it'' to to to


REF:that allowed me to take a stand for myself
HYP:they they to to to to to

[2026-08-05 14:20:03,092][hybrid.speech_recognize][INFO] - 
REF:that allowed me to take a stand for myself
HYP:they they to to to to to


REF:my father worked at this factory he said
HYP:my mysss

[2026-08-05 14:20:03,093][hybrid.speech_recognize][INFO] - 
REF:my father worked at this factory he said
HYP:my mysss


REF:they were unexpected pleasures
HYP:they they

[2026-08-05 14:20:03,094][hybrid.speech_recognize][INFO] - 
REF:they were unexpected pleasures
HYP:they they


REF:it was like a star trek episode you know
HYP:it wasssssss

[2026-08-05 14:20:03,095][hybrid.speech_recognize][INFO] - 
REF:it was like a star trek episode you know
HYP:it wasssssss


REF:all of you are members of tribes
HYP:all of of of of of of of

[2026-08-05 14:20:03,095][hybrid.speech_recognize][INFO] - 
REF:all of you are members of tribes
HYP:all of of of of of of of


REF:and use is what creates impact
HYP:and you this to to tossss

[2026-08-05 14:20:03,096][hybrid.speech_recognize][INFO] - 
REF:and use is what creates impact
HYP:and you this to to tossss


REF:and he wanted one so badly
HYP:i it''''

[2026-08-05 14:20:03,097][hybrid.speech_recognize][INFO] - 
REF:and he wanted one so badly
HYP:i it''''


REF:that's what's so complicated about war
HYP:that thatsss about about about

[2026-08-05 14:20:03,098][hybrid.speech_recognize][INFO] - 
REF:that's what's so complicated about war
HYP:that thatsss about about about


REF:has a coherent movement
HYP:as is a a a

[2026-08-05 14:20:03,099][hybrid.speech_recognize][INFO] - 
REF:has a coherent movement
HYP:as is a a a


REF:so this is obvious right
HYP:so this this

[2026-08-05 14:20:03,099][hybrid.speech_recognize][INFO] - 
REF:so this is obvious right
HYP:so this this


REF:not the wife not the kids
HYP:thessssssss

[2026-08-05 14:20:03,100][hybrid.speech_recognize][INFO] - 
REF:not the wife not the kids
HYP:thessssssss


REF:or do you think the government should redistribute
HYP:you you you you you the the the the of of of

[2026-08-05 14:20:03,101][hybrid.speech_recognize][INFO] - 
REF:or do you think the government should redistribute
HYP:you you you you you the the the the of of of


REF:i tagged along with my neighbors
HYP:i isssssss

[2026-08-05 14:20:03,102][hybrid.speech_recognize][INFO] - 
REF:i tagged along with my neighbors
HYP:i isssssss


REF:the answer to that question is a very definitive
HYP:the the the the

[2026-08-05 14:20:03,103][hybrid.speech_recognize][INFO] - 
REF:the answer to that question is a very definitive
HYP:the the the the


REF:we can see everything on wikipedia
HYP:we we we we we

[2026-08-05 14:20:03,104][hybrid.speech_recognize][INFO] - 
REF:we can see everything on wikipedia
HYP:we we we we we


REF:we only sell you airtime
HYP:we we

[2026-08-05 14:20:03,475][hybrid.speech_recognize][INFO] - 
REF:we only sell you airtime
HYP:we we


REF:and nothing happened at all
HYP:and in'

[2026-08-05 14:20:03,476][hybrid.speech_recognize][INFO] - 
REF:and nothing happened at all
HYP:and in'


REF:did you hear he has gone mad
HYP:now''' a a a a

[2026-08-05 14:20:03,477][hybrid.speech_recognize][INFO] - 
REF:did you hear he has gone mad
HYP:now''' a a a a


REF:one woman gives birth to borders
HYP:what one the the the thess

[2026-08-05 14:20:03,478][hybrid.speech_recognize][INFO] - 
REF:one woman gives birth to borders
HYP:what one the the the thess


REF:one woman gives birth to a baby
HYP:one one onessssss

[2026-08-05 14:20:03,479][hybrid.speech_recognize][INFO] - 
REF:one woman gives birth to a baby
HYP:one one onessssss


REF:we've just somehow forgotten how to see it
HYP:we' how how to to to to to

[2026-08-05 14:20:03,480][hybrid.speech_recognize][INFO] - 
REF:we've just somehow forgotten how to see it
HYP:we' how how to to to to to


REF:government officials are extremely mad
HYP:if if we are arettttttt

[2026-08-05 14:20:03,481][hybrid.speech_recognize][INFO] - 
REF:government officials are extremely mad
HYP:if if we are arettttttt


REF:and they don't need to ask for permission
HYP:and they don dontttt

[2026-08-05 14:20:03,481][hybrid.speech_recognize][INFO] - 
REF:and they don't need to ask for permission
HYP:and they don dontttt


REF:i didn't feel like i was in the wrong body
HYP:i i i

[2026-08-05 14:20:03,482][hybrid.speech_recognize][INFO] - 
REF:i didn't feel like i was in the wrong body
HYP:i i i


REF:let me tell you about a couple of them
HYP:and'' to to to of of

[2026-08-05 14:20:03,483][hybrid.speech_recognize][INFO] - 
REF:let me tell you about a couple of them
HYP:and'' to to to of of


REF:and my whole world did open up
HYP:and and in in we we we

[2026-08-05 14:20:03,484][hybrid.speech_recognize][INFO] - 
REF:and my whole world did open up
HYP:and and in in we we we


REF:well we rejected all of that
HYP:we we of of of of of of

[2026-08-05 14:20:03,485][hybrid.speech_recognize][INFO] - 
REF:well we rejected all of that
HYP:we we of of of of of of


REF:and i won't name names but you know who you are
HYP:i i i i i i

[2026-08-05 14:20:03,486][hybrid.speech_recognize][INFO] - 
REF:and i won't name names but you know who you are
HYP:i i i i i i


REF:but there's so much potential
HYP:but'''

[2026-08-05 14:20:03,486][hybrid.speech_recognize][INFO] - 
REF:but there's so much potential
HYP:but'''


REF:i am full of contradictions
HYP:i of ofsssss

[2026-08-05 14:20:03,487][hybrid.speech_recognize][INFO] - 
REF:i am full of contradictions
HYP:i of ofsssss


REF:well that's what predictions are
HYP:we that thatsssss

[2026-08-05 14:20:03,488][hybrid.speech_recognize][INFO] - 
REF:well that's what predictions are
HYP:we that thatsssss


REF:did you learn to wash your hands at home
HYP:it'ssssssss

[2026-08-05 14:20:03,852][hybrid.speech_recognize][INFO] - 
REF:did you learn to wash your hands at home
HYP:it'ssssssss


REF:so i looked for furniture
HYP:so i i i i

[2026-08-05 14:20:03,853][hybrid.speech_recognize][INFO] - 
REF:so i looked for furniture
HYP:so i i i i


REF:and this routine went on for some time
HYP:and the is is is we we

[2026-08-05 14:20:03,854][hybrid.speech_recognize][INFO] - 
REF:and this routine went on for some time
HYP:and the is is is we we


REF:but i love it for a totally different reason
HYP:and i'' a a a att

[2026-08-05 14:20:03,855][hybrid.speech_recognize][INFO] - 
REF:but i love it for a totally different reason
HYP:and i'' a a a att


REF:it's natural connective tissue
HYP:thessttttt

[2026-08-05 14:20:03,856][hybrid.speech_recognize][INFO] - 
REF:it's natural connective tissue
HYP:thessttttt


REF:she got a support network
HYP:she hadssssssss

[2026-08-05 14:20:03,857][hybrid.speech_recognize][INFO] - 
REF:she got a support network
HYP:she hadssssssss


REF:how frustrated are you right now
HYP:i isssss

[2026-08-05 14:20:03,858][hybrid.speech_recognize][INFO] - 
REF:how frustrated are you right now
HYP:i isssss


REF:one woman never did
HYP:one one one

[2026-08-05 14:20:03,858][hybrid.speech_recognize][INFO] - 
REF:one woman never did
HYP:one one one


REF:and i was like oh the amazon
HYP:i was was

[2026-08-05 14:20:03,859][hybrid.speech_recognize][INFO] - 
REF:and i was like oh the amazon
HYP:i was was


REF:but that doesn't mean that we can't
HYP:but that'' that that that that

[2026-08-05 14:20:03,860][hybrid.speech_recognize][INFO] - 
REF:but that doesn't mean that we can't
HYP:but that'' that that that that


REF:you would be issuing orders from above
HYP:you' a assssss

[2026-08-05 14:20:03,861][hybrid.speech_recognize][INFO] - 
REF:you would be issuing orders from above
HYP:you' a assssss


REF:but that really isn't true anymore
HYP:but they theyttt

[2026-08-05 14:20:03,862][hybrid.speech_recognize][INFO] - 
REF:but that really isn't true anymore
HYP:but they theyttt


REF:they haven't yet been convicted of a crime
HYP:they have have have have have have of of

[2026-08-05 14:20:03,863][hybrid.speech_recognize][INFO] - 
REF:they haven't yet been convicted of a crime
HYP:they have have have have have have of of


REF:it's a marker of empathy
HYP:it itss of of of of

[2026-08-05 14:20:03,864][hybrid.speech_recognize][INFO] - 
REF:it's a marker of empathy
HYP:it itss of of of of


REF:pretty much everybody else who does polls
HYP:what'sssssss

[2026-08-05 14:20:03,865][hybrid.speech_recognize][INFO] - 
REF:pretty much everybody else who does polls
HYP:what'sssssss


REF:and it's not that they didn't want me to think critically
HYP:it it' not to that that that that that

[2026-08-05 14:20:03,866][hybrid.speech_recognize][INFO] - 
REF:and it's not that they didn't want me to think critically
HYP:it it' not to that that that that that


REF:it's an unconscious process
HYP:it'sssssss

[2026-08-05 14:20:04,269][hybrid.speech_recognize][INFO] - 
REF:it's an unconscious process
HYP:it'sssssss


REF:but the question is who will have it
HYP:but''sssssss

[2026-08-05 14:20:04,270][hybrid.speech_recognize][INFO] - 
REF:but the question is who will have it
HYP:but''sssssss


REF:did you learn to wash your hands in school
HYP:they''sss

[2026-08-05 14:20:04,271][hybrid.speech_recognize][INFO] - 
REF:did you learn to wash your hands in school
HYP:they''sss


REF:we created a diagnostic test
HYP:we' a a a a assss

[2026-08-05 14:20:04,272][hybrid.speech_recognize][INFO] - 
REF:we created a diagnostic test
HYP:we' a a a a assss


REF:most independent media was shut down
HYP:people''' to to''

[2026-08-05 14:20:04,273][hybrid.speech_recognize][INFO] - 
REF:most independent media was shut down
HYP:people''' to to''


REF:we're not playing with each other
HYP:we'' not not with with with with

[2026-08-05 14:20:04,273][hybrid.speech_recognize][INFO] - 
REF:we're not playing with each other
HYP:we'' not not with with with with


REF:sort of leadership by humiliation
HYP:so is isss a a a

[2026-08-05 14:20:04,274][hybrid.speech_recognize][INFO] - 
REF:sort of leadership by humiliation
HYP:so is isss a a a


REF:so i'd like to leave you with these thoughts
HYP:so with with to to with with with with with

[2026-08-05 14:20:04,275][hybrid.speech_recognize][INFO] - 
REF:so i'd like to leave you with these thoughts
HYP:so with with to to with with with with with


REF:what kind of trauma am i talking about here
HYP:we we about about about about about about about about

[2026-08-05 14:20:04,276][hybrid.speech_recognize][INFO] - 
REF:what kind of trauma am i talking about here
HYP:we we about about about about about about about about


REF:irreconcilable differences right
HYP:it itsss

[2026-08-05 14:20:04,277][hybrid.speech_recognize][INFO] - 
REF:irreconcilable differences right
HYP:it itsss


REF:so i went to church as often as i could
HYP:so what is that that that that is is is is is

[2026-08-05 14:20:04,278][hybrid.speech_recognize][INFO] - 
REF:so i went to church as often as i could
HYP:so what is that that that that is is is is is


REF:which means take my camera
HYP:one' that that that that a a

[2026-08-05 14:20:04,279][hybrid.speech_recognize][INFO] - 
REF:which means take my camera
HYP:one' that that that that a a


REF:i want no part of any of that
HYP:i i to to to

[2026-08-05 14:20:04,279][hybrid.speech_recognize][INFO] - 
REF:i want no part of any of that
HYP:i i to to to


REF:everything in the universe wears out
HYP:everybody think you you you

[2026-08-05 14:20:04,280][hybrid.speech_recognize][INFO] - 
REF:everything in the universe wears out
HYP:everybody think you you you


REF:i wasn't very good at reading things
HYP:it was was

[2026-08-05 14:20:04,281][hybrid.speech_recognize][INFO] - 
REF:i wasn't very good at reading things
HYP:it was was


REF:cluster bombs left behind
HYP:and you'sssssss

[2026-08-05 14:20:04,282][hybrid.speech_recognize][INFO] - 
REF:cluster bombs left behind
HYP:and you'sssssss


REF:why do i believe this
HYP:what don' this

[2026-08-05 14:20:04,715][hybrid.speech_recognize][INFO] - 
REF:why do i believe this
HYP:what don' this


REF:storytelling is so important
HYP:a'ss

[2026-08-05 14:20:04,716][hybrid.speech_recognize][INFO] - 
REF:storytelling is so important
HYP:a'ss


REF:how much can we change
HYP:how how we we we we

[2026-08-05 14:20:04,717][hybrid.speech_recognize][INFO] - 
REF:how much can we change
HYP:how how we we we we


REF:the question why does she stay
HYP:the is is is

[2026-08-05 14:20:04,717][hybrid.speech_recognize][INFO] - 
REF:the question why does she stay
HYP:the is is is


REF:it's an automatic process
HYP:it'ssssssss

[2026-08-05 14:20:04,718][hybrid.speech_recognize][INFO] - 
REF:it's an automatic process
HYP:it'ssssssss


REF:my history wasn't right
HYP:my  ss

[2026-08-05 14:20:04,719][hybrid.speech_recognize][INFO] - 
REF:my history wasn't right
HYP:my  ss


REF:that will change everything when we see that
HYP:that was was was

[2026-08-05 14:20:04,720][hybrid.speech_recognize][INFO] - 
REF:that will change everything when we see that
HYP:that was was was


REF:human relationships are not efficient
HYP:a'sssssssss

[2026-08-05 14:20:04,721][hybrid.speech_recognize][INFO] - 
REF:human relationships are not efficient
HYP:a'sssssssss


REF:there's a million different ways to eat pizza
HYP:there there' to to to to toss

[2026-08-05 14:20:04,722][hybrid.speech_recognize][INFO] - 
REF:there's a million different ways to eat pizza
HYP:there there' to to to to toss


REF:we weren't considered the real thing
HYP:the' to to to to to

[2026-08-05 14:20:04,722][hybrid.speech_recognize][INFO] - 
REF:we weren't considered the real thing
HYP:the' to to to to to


REF:they have to be able to teach us something as well
HYP:they have to to to to

[2026-08-05 14:20:04,723][hybrid.speech_recognize][INFO] - 
REF:they have to be able to teach us something as well
HYP:they have to to to to


REF:that doesn't probably happen every day
HYP:that'''

[2026-08-05 14:20:04,724][hybrid.speech_recognize][INFO] - 
REF:that doesn't probably happen every day
HYP:that'''


REF:and boy they were like what
HYP:and they they they they they

[2026-08-05 14:20:04,725][hybrid.speech_recognize][INFO] - 
REF:and boy they were like what
HYP:and they they they they they


REF:like why did i really have to mow the lawn
HYP:and i i i i to

[2026-08-05 14:20:04,726][hybrid.speech_recognize][INFO] - 
REF:like why did i really have to mow the lawn
HYP:and i i i i to


REF:so i went in that direction
HYP:so i in in in

[2026-08-05 14:20:04,726][hybrid.speech_recognize][INFO] - 
REF:so i went in that direction
HYP:so i in in in


REF:and they were basically having fun
HYP:and they they have have

[2026-08-05 14:20:04,727][hybrid.speech_recognize][INFO] - 
REF:and they were basically having fun
HYP:and they they have have


REF:i needed an education
HYP:i itt

[2026-08-05 14:20:05,055][hybrid.speech_recognize][INFO] - 
REF:i needed an education
HYP:i itt


REF:this will pay dividends
HYP:this this

[2026-08-05 14:20:05,056][hybrid.speech_recognize][INFO] - 
REF:this will pay dividends
HYP:this this


REF:i was talking about interaction design
HYP:i was

[2026-08-05 14:20:05,057][hybrid.speech_recognize][INFO] - 
REF:i was talking about interaction design
HYP:i was


REF:i had just graduated from harvard college
HYP:i had haddddd

[2026-08-05 14:20:05,058][hybrid.speech_recognize][INFO] - 
REF:i had just graduated from harvard college
HYP:i had haddddd


REF:it needs to happen
HYP:it''

[2026-08-05 14:20:05,059][hybrid.speech_recognize][INFO] - 
REF:it needs to happen
HYP:it''


REF:remember what i said my love
HYP:but i i i i i i i

[2026-08-05 14:20:05,059][hybrid.speech_recognize][INFO] - 
REF:remember what i said my love
HYP:but i i i i i i i


REF:they had her scanned inside out
HYP:they'ssss

[2026-08-05 14:20:05,060][hybrid.speech_recognize][INFO] - 
REF:they had her scanned inside out
HYP:they'ssss


REF:this is going to become really freaking obvious
HYP:it' a a a a

[2026-08-05 14:20:05,061][hybrid.speech_recognize][INFO] - 
REF:this is going to become really freaking obvious
HYP:it' a a a a


REF:i am certainly not the hardest working
HYP:i'' the the the the the

[2026-08-05 14:20:05,062][hybrid.speech_recognize][INFO] - 
REF:i am certainly not the hardest working
HYP:i'' the the the the the


REF:one woman loses her head
HYP:and we onesss

[2026-08-05 14:20:05,063][hybrid.speech_recognize][INFO] - 
REF:one woman loses her head
HYP:and we onesss


REF:i feel that god knows me
HYP:i i that that that that that

[2026-08-05 14:20:05,063][hybrid.speech_recognize][INFO] - 
REF:i feel that god knows me
HYP:i i that that that that that


REF:it was the coldest i've ever been
HYP:it was was

[2026-08-05 14:20:05,064][hybrid.speech_recognize][INFO] - 
REF:it was the coldest i've ever been
HYP:it was was


REF:i looked at slaves
HYP:i i assss

[2026-08-05 14:20:05,065][hybrid.speech_recognize][INFO] - 
REF:i looked at slaves
HYP:i i assss


REF:take a moment to say thank you
HYP:they' a a a

[2026-08-05 14:20:05,066][hybrid.speech_recognize][INFO] - 
REF:take a moment to say thank you
HYP:they' a a a


REF:i want to be the center of attention
HYP:i was to to to to

[2026-08-05 14:20:05,066][hybrid.speech_recognize][INFO] - 
REF:i want to be the center of attention
HYP:i was to to to to


REF:what are the researchers learning
HYP:what are the the thess

[2026-08-05 14:20:05,067][hybrid.speech_recognize][INFO] - 
REF:what are the researchers learning
HYP:what are the the thess


REF:it's been thought about for a while
HYP:it' about about about about about

[2026-08-05 14:20:05,500][hybrid.speech_recognize][INFO] - 
REF:it's been thought about for a while
HYP:it' about about about about about


REF:we can't identify with that part
HYP:we' that that that that with with with with with with with

[2026-08-05 14:20:05,501][hybrid.speech_recognize][INFO] - 
REF:we can't identify with that part
HYP:we' that that that that with with with with with with with


REF:the answer was no
HYP:it it it it it

[2026-08-05 14:20:05,502][hybrid.speech_recognize][INFO] - 
REF:the answer was no
HYP:it it it it it


REF:well we bought one of these
HYP:we we we we

[2026-08-05 14:20:05,503][hybrid.speech_recognize][INFO] - 
REF:well we bought one of these
HYP:we we we we


REF:one woman feeds on trash
HYP:one onessssss

[2026-08-05 14:20:05,503][hybrid.speech_recognize][INFO] - 
REF:one woman feeds on trash
HYP:one onessssss


REF:they're just waiting for their day in court
HYP:they''''

[2026-08-05 14:20:05,504][hybrid.speech_recognize][INFO] - 
REF:they're just waiting for their day in court
HYP:they''''


REF:we can't see it most of the time
HYP:we we's the the the

[2026-08-05 14:20:05,505][hybrid.speech_recognize][INFO] - 
REF:we can't see it most of the time
HYP:we we's the the the


REF:we all know what he's talking about
HYP:we''''

[2026-08-05 14:20:05,506][hybrid.speech_recognize][INFO] - 
REF:we all know what he's talking about
HYP:we''''


REF:i want to know how i impact them
HYP:i i do to to

[2026-08-05 14:20:05,506][hybrid.speech_recognize][INFO] - 
REF:i want to know how i impact them
HYP:i i do to to


REF:they're not heavily subsidized
HYP:not'ssssssssssss

[2026-08-05 14:20:05,507][hybrid.speech_recognize][INFO] - 
REF:they're not heavily subsidized
HYP:not'ssssssssssss


REF:we have no control over these forces
HYP:we have have have

[2026-08-05 14:20:05,508][hybrid.speech_recognize][INFO] - 
REF:we have no control over these forces
HYP:we have have have


REF:your job needs to be challenging
HYP:butmmmmmi

[2026-08-05 14:20:05,509][hybrid.speech_recognize][INFO] - 
REF:your job needs to be challenging
HYP:butmmmmmi


REF:now that's a very very good point
HYP:now now'ss

[2026-08-05 14:20:05,509][hybrid.speech_recognize][INFO] - 
REF:now that's a very very good point
HYP:now now'ss


REF:they supported me all the way through it
HYP:that'sss

[2026-08-05 14:20:05,510][hybrid.speech_recognize][INFO] - 
REF:they supported me all the way through it
HYP:that'sss


REF:but it's a global phenomenon
HYP:but'' is

[2026-08-05 14:20:05,511][hybrid.speech_recognize][INFO] - 
REF:but it's a global phenomenon
HYP:but'' is


REF:how do i get through the hardest part
HYP:i we wesss

[2026-08-05 14:20:05,512][hybrid.speech_recognize][INFO] - 
REF:how do i get through the hardest part
HYP:i we wesss


REF:my brothers are not as interested as i am
HYP:my''ss my my mytt

[2026-08-05 14:20:05,805][hybrid.speech_recognize][INFO] - 
REF:my brothers are not as interested as i am
HYP:my''ss my my mytt


REF:it impacts crime and violence
HYP:it it about about about about about

[2026-08-05 14:20:05,806][hybrid.speech_recognize][INFO] - 
REF:it impacts crime and violence
HYP:it it about about about about about


REF:now i know why i'm here
HYP:now i''''''

[2026-08-05 14:20:05,807][hybrid.speech_recognize][INFO] - 
REF:now i know why i'm here
HYP:now i''''''


REF:i am thinking of your love for me
HYP:i i a a a a of of

[2026-08-05 14:20:05,808][hybrid.speech_recognize][INFO] - 
REF:i am thinking of your love for me
HYP:i i a a a a of of


REF:this is how stuff is made memorable
HYP:this isssss is is is is

[2026-08-05 14:20:05,808][hybrid.speech_recognize][INFO] - 
REF:this is how stuff is made memorable
HYP:this isssss is is is is


REF:the key here really is knowledge
HYP:they'nntt

[2026-08-05 14:20:05,809][hybrid.speech_recognize][INFO] - 
REF:the key here really is knowledge
HYP:they'nntt


REF:i tried everything
HYP:i's

[2026-08-05 14:20:05,809][hybrid.speech_recognize][INFO] - 
REF:i tried everything
HYP:i's


REF:data drives better decisions
HYP:ssssssss

[2026-08-05 14:20:05,810][hybrid.speech_recognize][INFO] - 
REF:data drives better decisions
HYP:ssssssss


REF:you're doing incredibly important work
HYP:you'ssss

[2026-08-05 14:20:05,811][hybrid.speech_recognize][INFO] - 
REF:you're doing incredibly important work
HYP:you'ssss


REF:they were wonderful people
HYP:they were were people

[2026-08-05 14:20:05,811][hybrid.speech_recognize][INFO] - 
REF:they were wonderful people
HYP:they were were people


REF:and in many cases we don't
HYP:and in in

[2026-08-05 14:20:05,812][hybrid.speech_recognize][INFO] - 
REF:and in many cases we don't
HYP:and in in


REF:they have social meaning
HYP:they have have

[2026-08-05 14:20:05,813][hybrid.speech_recognize][INFO] - 
REF:they have social meaning
HYP:they have have


REF:we hear terrorism
HYP:we we

[2026-08-05 14:20:05,813][hybrid.speech_recognize][INFO] - 
REF:we hear terrorism
HYP:we we


REF:we don't need moore's law to continue
HYP:we'' to to to

[2026-08-05 14:20:05,814][hybrid.speech_recognize][INFO] - 
REF:we don't need moore's law to continue
HYP:we'' to to to


REF:only we don't know that it's a homeless shelter
HYP:so don''''tt

[2026-08-05 14:20:05,815][hybrid.speech_recognize][INFO] - 
REF:only we don't know that it's a homeless shelter
HYP:so don''''tt


REF:you don't get a chance to mess it up
HYP:you''ttssss

[2026-08-05 14:20:05,815][hybrid.speech_recognize][INFO] - 
REF:you don't get a chance to mess it up
HYP:you''ttssss


REF:we have to turn that around
HYP:we wesssssss

[2026-08-05 14:20:06,109][hybrid.speech_recognize][INFO] - 
REF:we have to turn that around
HYP:we wesssssss


REF:this is the only part that's battery backed up
HYP:this thissssss

[2026-08-05 14:20:06,110][hybrid.speech_recognize][INFO] - 
REF:this is the only part that's battery backed up
HYP:this thissssss


REF:i'm not a social problem guy
HYP:and i'''ssss

[2026-08-05 14:20:06,111][hybrid.speech_recognize][INFO] - 
REF:i'm not a social problem guy
HYP:and i'''ssss


REF:and they're not just focused on money
HYP:and not not not not not notsss

[2026-08-05 14:20:06,112][hybrid.speech_recognize][INFO] - 
REF:and they're not just focused on money
HYP:and not not not not not notsss


REF:we could only think of one way
HYP:we we we we of of of of

[2026-08-05 14:20:06,112][hybrid.speech_recognize][INFO] - 
REF:we could only think of one way
HYP:we we we we of of of of


REF:that was her fight
HYP:that was

[2026-08-05 14:20:06,113][hybrid.speech_recognize][INFO] - 
REF:that was her fight
HYP:that was


REF:we know that we are right and they are wrong
HYP:we'' that that that that that

[2026-08-05 14:20:06,114][hybrid.speech_recognize][INFO] - 
REF:we know that we are right and they are wrong
HYP:we'' that that that that that


REF:we're seeing the baby brain
HYP:we we weinginging

[2026-08-05 14:20:06,114][hybrid.speech_recognize][INFO] - 
REF:we're seeing the baby brain
HYP:we we weinginging


REF:let us have a hong kong nearby
HYP:they''ss

[2026-08-05 14:20:06,115][hybrid.speech_recognize][INFO] - 
REF:let us have a hong kong nearby
HYP:they''ss


REF:and they did it in the good old fashioned way
HYP:and they they it it it it

[2026-08-05 14:20:06,116][hybrid.speech_recognize][INFO] - 
REF:and they did it in the good old fashioned way
HYP:and they they it it it it


REF:i am sick to my stomach
HYP:i''' to to

[2026-08-05 14:20:06,116][hybrid.speech_recognize][INFO] - 
REF:i am sick to my stomach
HYP:i''' to to


REF:this isn't information
HYP:it issss

[2026-08-05 14:20:06,117][hybrid.speech_recognize][INFO] - 
REF:this isn't information
HYP:it issss


REF:some people call it data science
HYP:so people people

[2026-08-05 14:20:06,118][hybrid.speech_recognize][INFO] - 
REF:some people call it data science
HYP:so people people


REF:there will be invisible capacity
HYP:there''

[2026-08-05 14:20:06,118][hybrid.speech_recognize][INFO] - 
REF:there will be invisible capacity
HYP:there''


REF:there's a flip side as well
HYP:there theressss

[2026-08-05 14:20:06,119][hybrid.speech_recognize][INFO] - 
REF:there's a flip side as well
HYP:there theressss


REF:i said we work together
HYP:i i we we we we we

[2026-08-05 14:20:06,119][hybrid.speech_recognize][INFO] - 
REF:i said we work together
HYP:i i we we we we we


REF:it's very hard to get of course
HYP:it'' to to to to to

[2026-08-05 14:20:06,421][hybrid.speech_recognize][INFO] - 
REF:it's very hard to get of course
HYP:it'' to to to to to


REF:it's not a dirty word
HYP:it''ss

[2026-08-05 14:20:06,423][hybrid.speech_recognize][INFO] - 
REF:it's not a dirty word
HYP:it''ss


REF:i remember what you said to me
HYP:i immmm

[2026-08-05 14:20:06,423][hybrid.speech_recognize][INFO] - 
REF:i remember what you said to me
HYP:i immmm


REF:we know why kids don't learn
HYP:we'''

[2026-08-05 14:20:06,424][hybrid.speech_recognize][INFO] - 
REF:we know why kids don't learn
HYP:we'''


REF:we need portable health benefits
HYP:we we wesssss

[2026-08-05 14:20:06,425][hybrid.speech_recognize][INFO] - 
REF:we need portable health benefits
HYP:we we wesssss


REF:who cleans up after us
HYP:i'ssssss

[2026-08-05 14:20:06,426][hybrid.speech_recognize][INFO] - 
REF:who cleans up after us
HYP:i'ssssss


REF:allow many people to come in
HYP:and how people people

[2026-08-05 14:20:06,426][hybrid.speech_recognize][INFO] - 
REF:allow many people to come in
HYP:and how people people


REF:we're always trying to make it faster
HYP:we we we to to to to to to

[2026-08-05 14:20:06,427][hybrid.speech_recognize][INFO] - 
REF:we're always trying to make it faster
HYP:we we we to to to to to to


REF:how else can we create new ideas
HYP:how how how how to to

[2026-08-05 14:20:06,428][hybrid.speech_recognize][INFO] - 
REF:how else can we create new ideas
HYP:how how how how to to


REF:some did not everybody
HYP:it'''tt

[2026-08-05 14:20:06,430][hybrid.speech_recognize][INFO] - 
REF:some did not everybody
HYP:it'''tt


REF:that wasn't being asked
HYP:i was was was was was

[2026-08-05 14:20:06,431][hybrid.speech_recognize][INFO] - 
REF:that wasn't being asked
HYP:i was was was was was


REF:just when that's the last thing you want to do
HYP:that''' to to to to to to

[2026-08-05 14:20:06,431][hybrid.speech_recognize][INFO] - 
REF:just when that's the last thing you want to do
HYP:that''' to to to to to to


REF:but i'm a big fan of you as a person
HYP:but i a a a a a

[2026-08-05 14:20:06,432][hybrid.speech_recognize][INFO] - 
REF:but i'm a big fan of you as a person
HYP:but i a a a a a


REF:1 percent who get to do that
HYP:one' you you you that that

[2026-08-05 14:20:06,433][hybrid.speech_recognize][INFO] - 
REF:1 percent who get to do that
HYP:one' you you you that that


REF:we have to get quiet
HYP:have have have to to to

[2026-08-05 14:20:06,434][hybrid.speech_recognize][INFO] - 
REF:we have to get quiet
HYP:have have have to to to


REF:trust is the response
HYP:sssssss

[2026-08-05 14:20:06,434][hybrid.speech_recognize][INFO] - 
REF:trust is the response
HYP:sssssss


REF:at some point i'm going to get out
HYP:so'' i i i i i i i

[2026-08-05 14:20:06,740][hybrid.speech_recognize][INFO] - 
REF:at some point i'm going to get out
HYP:so'' i i i i i i i


REF:what can i learn with you
HYP:what what i

[2026-08-05 14:20:06,741][hybrid.speech_recognize][INFO] - 
REF:what can i learn with you
HYP:what what i


REF:the children were killed on the spot
HYP:they''ss this this this this

[2026-08-05 14:20:06,741][hybrid.speech_recognize][INFO] - 
REF:the children were killed on the spot
HYP:they''ss this this this this


REF:but that's kind of a big problem
HYP:but that' a a a

[2026-08-05 14:20:06,742][hybrid.speech_recognize][INFO] - 
REF:but that's kind of a big problem
HYP:but that' a a a


REF:so was mother teresa
HYP:it''sss

[2026-08-05 14:20:06,743][hybrid.speech_recognize][INFO] - 
REF:so was mother teresa
HYP:it''sss


REF:we just need to act on it
HYP:we' to to to to to

[2026-08-05 14:20:06,743][hybrid.speech_recognize][INFO] - 
REF:we just need to act on it
HYP:we' to to to to to


REF:but eventually they did come around
HYP:but but they they they they they they

[2026-08-05 14:20:06,744][hybrid.speech_recognize][INFO] - 
REF:but eventually they did come around
HYP:but but they they they they they they


REF:what are your intentions toward others
HYP:the'ssssssssss

[2026-08-05 14:20:06,745][hybrid.speech_recognize][INFO] - 
REF:what are your intentions toward others
HYP:the'ssssssssss


REF:so we decided to go to the mosque
HYP:so we to to to to

[2026-08-05 14:20:06,746][hybrid.speech_recognize][INFO] - 
REF:so we decided to go to the mosque
HYP:so we to to to to


REF:not when you get lung cancer
HYP:how you you you you you you

[2026-08-05 14:20:06,746][hybrid.speech_recognize][INFO] - 
REF:not when you get lung cancer
HYP:how you you you you you you


REF:it's a fucking orgy
HYP:it' a a a

[2026-08-05 14:20:06,747][hybrid.speech_recognize][INFO] - 
REF:it's a fucking orgy
HYP:it' a a a


REF:we've known since we were babies
HYP:we we we we we we we we we

[2026-08-05 14:20:06,748][hybrid.speech_recognize][INFO] - 
REF:we've known since we were babies
HYP:we we we we we we we we we


REF:it should be inspiring
HYP:it its be be

[2026-08-05 14:20:06,748][hybrid.speech_recognize][INFO] - 
REF:it should be inspiring
HYP:it its be be


REF:well there's a self fulfilling prophecy
HYP:we theressss

[2026-08-05 14:20:06,749][hybrid.speech_recognize][INFO] - 
REF:well there's a self fulfilling prophecy
HYP:we theressss


REF:but you know what the actual facts are
HYP:but you yousssssssss

[2026-08-05 14:20:06,750][hybrid.speech_recognize][INFO] - 
REF:but you know what the actual facts are
HYP:but you yousssssssss


REF:one of them got caught up in the water
HYP:one of of of of the the

[2026-08-05 14:20:06,751][hybrid.speech_recognize][INFO] - 
REF:one of them got caught up in the water
HYP:one of of of of the the


REF:rhythm is half silence
HYP:what what have have have have have have

[2026-08-05 14:20:07,120][hybrid.speech_recognize][INFO] - 
REF:rhythm is half silence
HYP:what what have have have have have have


REF:one woman shoots her face
HYP:what what to to to to to to to

[2026-08-05 14:20:07,122][hybrid.speech_recognize][INFO] - 
REF:one woman shoots her face
HYP:what what to to to to to to to


REF:or any national leader
HYP:what i i i to to to

[2026-08-05 14:20:07,122][hybrid.speech_recognize][INFO] - 
REF:or any national leader
HYP:what i i i to to to


REF:you probably won't
HYP:you you you

[2026-08-05 14:20:07,123][hybrid.speech_recognize][INFO] - 
REF:you probably won't
HYP:you you you


REF:we can change our minds
HYP:but but to to tosssss

[2026-08-05 14:20:07,124][hybrid.speech_recognize][INFO] - 
REF:we can change our minds
HYP:but but to to tosssss


REF:but people did not relate to this
HYP:what people people people people people people people

[2026-08-05 14:20:07,124][hybrid.speech_recognize][INFO] - 
REF:but people did not relate to this
HYP:what people people people people people people people


REF:and i said that's a good job
HYP:it itsss

[2026-08-05 14:20:07,125][hybrid.speech_recognize][INFO] - 
REF:and i said that's a good job
HYP:it itsss


REF:again it will not happen overnight
HYP:it'''''''

[2026-08-05 14:20:07,126][hybrid.speech_recognize][INFO] - 
REF:again it will not happen overnight
HYP:it'''''''


REF:i want to know how they impact me
HYP:i i to to to to to

[2026-08-05 14:20:07,127][hybrid.speech_recognize][INFO] - 
REF:i want to know how they impact me
HYP:i i to to to to to


REF:one woman straps herself
HYP:what'sssss

[2026-08-05 14:20:07,128][hybrid.speech_recognize][INFO] - 
REF:one woman straps herself
HYP:what'sssss


REF:stories are amazing
HYP:sosssss

[2026-08-05 14:20:07,128][hybrid.speech_recognize][INFO] - 
REF:stories are amazing
HYP:sosssss


REF:there's pollination going on
HYP:there'ssssss

[2026-08-05 14:20:07,129][hybrid.speech_recognize][INFO] - 
REF:there's pollination going on
HYP:there'ssssss


REF:does the water stay there forever
HYP:it'ssssss

[2026-08-05 14:20:07,130][hybrid.speech_recognize][INFO] - 
REF:does the water stay there forever
HYP:it'ssssss


REF:my life really sucks
HYP:my my

[2026-08-05 14:20:07,131][hybrid.speech_recognize][INFO] - 
REF:my life really sucks
HYP:my my


REF:you need to be able to do something with it
HYP:you' to to to to to

[2026-08-05 14:20:07,131][hybrid.speech_recognize][INFO] - 
REF:you need to be able to do something with it
HYP:you' to to to to to


REF:brought in younger men
HYP:intttss

[2026-08-05 14:20:07,132][hybrid.speech_recognize][INFO] - 
REF:brought in younger men
HYP:intttss


REF:he wanted to keep score
HYP:one onesssss

[2026-08-05 14:20:07,435][hybrid.speech_recognize][INFO] - 
REF:he wanted to keep score
HYP:one onesssss


REF:and that's exactly what that is
HYP:that that''s

[2026-08-05 14:20:07,436][hybrid.speech_recognize][INFO] - 
REF:and that's exactly what that is
HYP:that that''s


REF:it's right there for you to find
HYP:it'''

[2026-08-05 14:20:07,437][hybrid.speech_recognize][INFO] - 
REF:it's right there for you to find
HYP:it'''


REF:and dance has progressed
HYP:and'ssssssss

[2026-08-05 14:20:07,437][hybrid.speech_recognize][INFO] - 
REF:and dance has progressed
HYP:and'ssssssss


REF:and we finally figured out how to do it
HYP:we we a a a

[2026-08-05 14:20:07,438][hybrid.speech_recognize][INFO] - 
REF:and we finally figured out how to do it
HYP:we we a a a


REF:and this leads to oddities
HYP:and this

[2026-08-05 14:20:07,439][hybrid.speech_recognize][INFO] - 
REF:and this leads to oddities
HYP:and this


REF:we let other people worry about it
HYP:but that people people people people people

[2026-08-05 14:20:07,439][hybrid.speech_recognize][INFO] - 
REF:we let other people worry about it
HYP:but that people people people people people


REF:so momentum is good
HYP:and'sssss

[2026-08-05 14:20:07,440][hybrid.speech_recognize][INFO] - 
REF:so momentum is good
HYP:and'sssss


REF:we now have a platform
HYP:we have have have have have

[2026-08-05 14:20:07,441][hybrid.speech_recognize][INFO] - 
REF:we now have a platform
HYP:we have have have have have


REF:people started contributing ideas
HYP:people people

[2026-08-05 14:20:07,441][hybrid.speech_recognize][INFO] - 
REF:people started contributing ideas
HYP:people people


REF:here's where i stand
HYP:now'sss

[2026-08-05 14:20:07,442][hybrid.speech_recognize][INFO] - 
REF:here's where i stand
HYP:now'sss


REF:they have bad ideas
HYP:they have have have

[2026-08-05 14:20:07,443][hybrid.speech_recognize][INFO] - 
REF:they have bad ideas
HYP:they have have have


REF:and here's where those guns come in
HYP:and andsssss

[2026-08-05 14:20:07,443][hybrid.speech_recognize][INFO] - 
REF:and here's where those guns come in
HYP:and andsssss


REF:well you get several things
HYP:we''ssss

[2026-08-05 14:20:07,444][hybrid.speech_recognize][INFO] - 
REF:well you get several things
HYP:we''ssss


REF:but this is the source of innovation
HYP:but this is

[2026-08-05 14:20:07,445][hybrid.speech_recognize][INFO] - 
REF:but this is the source of innovation
HYP:but this is


REF:now i'm ready for my interview
HYP:now i i i my my my my my

[2026-08-05 14:20:07,446][hybrid.speech_recognize][INFO] - 
REF:now i'm ready for my interview
HYP:now i i i my my my my my


REF:we hear the chaos of war
HYP:we of of of of of of

[2026-08-05 14:20:07,762][hybrid.speech_recognize][INFO] - 
REF:we hear the chaos of war
HYP:we of of of of of of


REF:why do we need to study this anymore
HYP:we we we we we we

[2026-08-05 14:20:07,763][hybrid.speech_recognize][INFO] - 
REF:why do we need to study this anymore
HYP:we we we we we we


REF:the science is there
HYP:the the the

[2026-08-05 14:20:07,764][hybrid.speech_recognize][INFO] - 
REF:the science is there
HYP:the the the


REF:and now i love languages
HYP:and they are are of

[2026-08-05 14:20:07,764][hybrid.speech_recognize][INFO] - 
REF:and now i love languages
HYP:and they are are of


REF:i'm in the crucible right now
HYP:i''mm

[2026-08-05 14:20:07,765][hybrid.speech_recognize][INFO] - 
REF:i'm in the crucible right now
HYP:i''mm


REF:he should not have been surprised
HYP:you''''ssss

[2026-08-05 14:20:07,766][hybrid.speech_recognize][INFO] - 
REF:he should not have been surprised
HYP:you''''ssss


REF:it's about the data
HYP:it''' about

[2026-08-05 14:20:07,766][hybrid.speech_recognize][INFO] - 
REF:it's about the data
HYP:it''' about


REF:that's not an improbable sample
HYP:that''' notmm

[2026-08-05 14:20:07,767][hybrid.speech_recognize][INFO] - 
REF:that's not an improbable sample
HYP:that''' notmm


REF:and he's a bad guy
HYP:it it the the

[2026-08-05 14:20:07,768][hybrid.speech_recognize][INFO] - 
REF:and he's a bad guy
HYP:it it the the


REF:look at this pretty structure
HYP:i''ssssss

[2026-08-05 14:20:07,769][hybrid.speech_recognize][INFO] - 
REF:look at this pretty structure
HYP:i''ssssss


REF:and that might have been the case
HYP:and that'

[2026-08-05 14:20:07,769][hybrid.speech_recognize][INFO] - 
REF:and that might have been the case
HYP:and that'


REF:and how is that possible
HYP:and how is is is is

[2026-08-05 14:20:07,770][hybrid.speech_recognize][INFO] - 
REF:and how is that possible
HYP:and how is is is is


REF:and that's actually what happened
HYP:and that'sss

[2026-08-05 14:20:07,771][hybrid.speech_recognize][INFO] - 
REF:and that's actually what happened
HYP:and that'sss


REF:there's no need to play the market
HYP:the thesssss

[2026-08-05 14:20:07,771][hybrid.speech_recognize][INFO] - 
REF:there's no need to play the market
HYP:the thesssss


REF:nobody comes to get famous
HYP:now' to to to to to to

[2026-08-05 14:20:07,772][hybrid.speech_recognize][INFO] - 
REF:nobody comes to get famous
HYP:now' to to to to to to


REF:we need to see beyond the surface
HYP:we to to to to to

[2026-08-05 14:20:07,773][hybrid.speech_recognize][INFO] - 
REF:we need to see beyond the surface
HYP:we to to to to to


REF:and this change is getting more rapid
HYP:and if to to to to to

[2026-08-05 14:20:08,121][hybrid.speech_recognize][INFO] - 
REF:and this change is getting more rapid
HYP:and if to to to to to


REF:that was the only way to get anything done
HYP:that'''''

[2026-08-05 14:20:08,122][hybrid.speech_recognize][INFO] - 
REF:that was the only way to get anything done
HYP:that'''''


REF:you can't run around in the dark
HYP:you we' the the the the the the the the

[2026-08-05 14:20:08,123][hybrid.speech_recognize][INFO] - 
REF:you can't run around in the dark
HYP:you we' the the the the the the the the


REF:my dad has alzheimer's disease
HYP:my isssssssssss

[2026-08-05 14:20:08,124][hybrid.speech_recognize][INFO] - 
REF:my dad has alzheimer's disease
HYP:my isssssssssss


REF:what is it that he misses
HYP:what is it it

[2026-08-05 14:20:08,124][hybrid.speech_recognize][INFO] - 
REF:what is it that he misses
HYP:what is it it


REF:this is not a put down of anyone
HYP:it'

[2026-08-05 14:20:08,125][hybrid.speech_recognize][INFO] - 
REF:this is not a put down of anyone
HYP:it'


REF:well why is that
HYP:what is is is

[2026-08-05 14:20:08,126][hybrid.speech_recognize][INFO] - 
REF:well why is that
HYP:what is is is


REF:it wasn't who i was
HYP:it was was was was was

[2026-08-05 14:20:08,126][hybrid.speech_recognize][INFO] - 
REF:it wasn't who i was
HYP:it was was was was was


REF:but now it's turned around
HYP:but now now now

[2026-08-05 14:20:08,127][hybrid.speech_recognize][INFO] - 
REF:but now it's turned around
HYP:but now now now


REF:they will sit in them forever
HYP:the of of of of of of

[2026-08-05 14:20:08,128][hybrid.speech_recognize][INFO] - 
REF:they will sit in them forever
HYP:the of of of of of of


REF:i love building robots
HYP:i i have have

[2026-08-05 14:20:08,128][hybrid.speech_recognize][INFO] - 
REF:i love building robots
HYP:i i have have


REF:that's really important
HYP:that thatsss

[2026-08-05 14:20:08,129][hybrid.speech_recognize][INFO] - 
REF:that's really important
HYP:that thatsss


REF:what is the abstraction
HYP:what'sssssss

[2026-08-05 14:20:08,130][hybrid.speech_recognize][INFO] - 
REF:what is the abstraction
HYP:what'sssssss


REF:that's sort of the state of the art
HYP:that thats a a a

[2026-08-05 14:20:08,130][hybrid.speech_recognize][INFO] - 
REF:that's sort of the state of the art
HYP:that thats a a a


REF:are we brave enough to welcome it
HYP:i was a to to to

[2026-08-05 14:20:08,131][hybrid.speech_recognize][INFO] - 
REF:are we brave enough to welcome it
HYP:i was a to to to


REF:we really don't walk anymore
HYP:people'' don don don don don

[2026-08-05 14:20:08,132][hybrid.speech_recognize][INFO] - 
REF:we really don't walk anymore
HYP:people'' don don don don don


REF:again it had no choice
HYP:i it a a a

[2026-08-05 14:20:08,592][hybrid.speech_recognize][INFO] - 
REF:again it had no choice
HYP:i it a a a


REF:i have passion in my heart
HYP:i have havesssssss

[2026-08-05 14:20:08,593][hybrid.speech_recognize][INFO] - 
REF:i have passion in my heart
HYP:i have havesssssss


REF:so let's watch what happens
HYP:so'sssssss

[2026-08-05 14:20:08,594][hybrid.speech_recognize][INFO] - 
REF:so let's watch what happens
HYP:so'sssssss


REF:where are the philosophers
HYP:we the the the the the the

[2026-08-05 14:20:08,595][hybrid.speech_recognize][INFO] - 
REF:where are the philosophers
HYP:we the the the the the the


REF:do the same thing at work
HYP:so'sss

[2026-08-05 14:20:08,596][hybrid.speech_recognize][INFO] - 
REF:do the same thing at work
HYP:so'sss


REF:is it that i write very well
HYP:it'''''''

[2026-08-05 14:20:08,596][hybrid.speech_recognize][INFO] - 
REF:is it that i write very well
HYP:it'''''''


REF:again let's just play
HYP:i'ssss

[2026-08-05 14:20:08,597][hybrid.speech_recognize][INFO] - 
REF:again let's just play
HYP:i'ssss


REF:can we really scale this up
HYP:it was was was

[2026-08-05 14:20:08,598][hybrid.speech_recognize][INFO] - 
REF:can we really scale this up
HYP:it was was was


REF:terrorists are doing this
HYP:sossssss

[2026-08-05 14:20:08,598][hybrid.speech_recognize][INFO] - 
REF:terrorists are doing this
HYP:sossssss


REF:they have divergent values
HYP:they havesssss

[2026-08-05 14:20:08,599][hybrid.speech_recognize][INFO] - 
REF:they have divergent values
HYP:they havesssss


REF:he told me not to tell anyone
HYP:it not not to to to to

[2026-08-05 14:20:08,600][hybrid.speech_recognize][INFO] - 
REF:he told me not to tell anyone
HYP:it not not to to to to


REF:the other was to be a baseball player
HYP:one was to to to to to

[2026-08-05 14:20:08,600][hybrid.speech_recognize][INFO] - 
REF:the other was to be a baseball player
HYP:one was to to to to to


REF:i was able to do more things
HYP:i was to to to to

[2026-08-05 14:20:08,601][hybrid.speech_recognize][INFO] - 
REF:i was able to do more things
HYP:i was to to to to


REF:we're not just part of the same species
HYP:they'ss the the the the thess

[2026-08-05 14:20:08,602][hybrid.speech_recognize][INFO] - 
REF:we're not just part of the same species
HYP:they'ss the the the the thess


REF:it showed no blockages
HYP:it'''

[2026-08-05 14:20:08,603][hybrid.speech_recognize][INFO] - 
REF:it showed no blockages
HYP:it'''


REF:we had law enforcement partners
HYP:we'sssss

[2026-08-05 14:20:08,603][hybrid.speech_recognize][INFO] - 
REF:we had law enforcement partners
HYP:we'sssss


REF:there are no external cameras
HYP:you you' to toss

[2026-08-05 14:20:08,604][hybrid.speech_recognize][INFO] - 
REF:there are no external cameras
HYP:you you' to toss


REF:i've built a career
HYP:itttttt

[2026-08-05 14:20:08,605][hybrid.speech_recognize][INFO] - 
REF:i've built a career
HYP:itttttt


REF:yes it's hard
HYP:that'sss

[2026-08-05 14:20:08,605][hybrid.speech_recognize][INFO] - 
REF:yes it's hard
HYP:that'sss


REF:so thank you for your attention
HYP:so so a a

[2026-08-05 14:20:08,606][hybrid.speech_recognize][INFO] - 
REF:so thank you for your attention
HYP:so so a a


REF:they're not my children
HYP:my my my my

[2026-08-05 14:20:08,607][hybrid.speech_recognize][INFO] - 
REF:they're not my children
HYP:my my my my


REF:in fact it's more like five percent
HYP:it''ssssssss

[2026-08-05 14:20:08,608][hybrid.speech_recognize][INFO] - 
REF:in fact it's more like five percent
HYP:it''ssssssss


REF:well that's what i thought
HYP:that thatss'' i i

[2026-08-05 14:20:08,608][hybrid.speech_recognize][INFO] - 
REF:well that's what i thought
HYP:that thatss'' i i


REF:most of my friends were taking japanese
HYP:of ofsssssss

[2026-08-05 14:20:08,609][hybrid.speech_recognize][INFO] - 
REF:most of my friends were taking japanese
HYP:of ofsssssss


REF:could we leverage the cloud
HYP:we we we wett

[2026-08-05 14:20:09,067][hybrid.speech_recognize][INFO] - 
REF:could we leverage the cloud
HYP:we we we wett


REF:i hadn't bathed in three days
HYP:i i had tottt

[2026-08-05 14:20:09,068][hybrid.speech_recognize][INFO] - 
REF:i hadn't bathed in three days
HYP:i i had tottt


REF:i was a mediocre student
HYP:i was

[2026-08-05 14:20:09,069][hybrid.speech_recognize][INFO] - 
REF:i was a mediocre student
HYP:i was


REF:and you don't leave them where they are
HYP:and and' they they they they they

[2026-08-05 14:20:09,070][hybrid.speech_recognize][INFO] - 
REF:and you don't leave them where they are
HYP:and and' they they they they they


REF:it's not exactly rocket science
HYP:it'sssss

[2026-08-05 14:20:09,071][hybrid.speech_recognize][INFO] - 
REF:it's not exactly rocket science
HYP:it'sssss


REF:do they have a common cold
HYP:they have have have

[2026-08-05 14:20:09,071][hybrid.speech_recognize][INFO] - 
REF:do they have a common cold
HYP:they have have have


REF:he could come over and help me
HYP:and and''''''

[2026-08-05 14:20:09,072][hybrid.speech_recognize][INFO] - 
REF:he could come over and help me
HYP:and and''''''


REF:it's not what i had expected
HYP:i i i i i i i it

[2026-08-05 14:20:09,073][hybrid.speech_recognize][INFO] - 
REF:it's not what i had expected
HYP:i i i i i i i it


REF:so i thought why not punish myself
HYP:so i i i i my my

[2026-08-05 14:20:09,074][hybrid.speech_recognize][INFO] - 
REF:so i thought why not punish myself
HYP:so i i i i my my


REF:it would skip a beat
HYP:it was was

[2026-08-05 14:20:09,074][hybrid.speech_recognize][INFO] - 
REF:it would skip a beat
HYP:it was was


REF:the boys are up there for a year
HYP:the thess

[2026-08-05 14:20:09,075][hybrid.speech_recognize][INFO] - 
REF:the boys are up there for a year
HYP:the thess


REF:i've tried engaging people
HYP:i' people people people people people people people people

[2026-08-05 14:20:09,076][hybrid.speech_recognize][INFO] - 
REF:i've tried engaging people
HYP:i' people people people people people people people people


REF:i was living in my own apartment
HYP:i was was

[2026-08-05 14:20:09,076][hybrid.speech_recognize][INFO] - 
REF:i was living in my own apartment
HYP:i was was


REF:so that's it for now
HYP:so that'ss

[2026-08-05 14:20:09,077][hybrid.speech_recognize][INFO] - 
REF:so that's it for now
HYP:so that'ss


REF:that's a terrible waste of time
HYP:there'sss

[2026-08-05 14:20:09,078][hybrid.speech_recognize][INFO] - 
REF:that's a terrible waste of time
HYP:there'sss


REF:it's a performance venue
HYP:it's a a

[2026-08-05 14:20:09,078][hybrid.speech_recognize][INFO] - 
REF:it's a performance venue
HYP:it's a a


REF:so i learned never to move
HYP:so''' to to to to

[2026-08-05 14:20:09,079][hybrid.speech_recognize][INFO] - 
REF:so i learned never to move
HYP:so''' to to to to


REF:why is it not working
HYP:what'''''''

[2026-08-05 14:20:09,080][hybrid.speech_recognize][INFO] - 
REF:why is it not working
HYP:what'''''''


REF:i can use it in my company
HYP:i i i i i

[2026-08-05 14:20:09,080][hybrid.speech_recognize][INFO] - 
REF:i can use it in my company
HYP:i i i i i


REF:that's not to say it's impossible
HYP:that'ssss

[2026-08-05 14:20:09,081][hybrid.speech_recognize][INFO] - 
REF:that's not to say it's impossible
HYP:that'ssss


REF:please sign here right now
HYP:but butsss

[2026-08-05 14:20:09,082][hybrid.speech_recognize][INFO] - 
REF:please sign here right now
HYP:but butsss


REF:4 times the mass of the sun
HYP:the the the thessss

[2026-08-05 14:20:09,083][hybrid.speech_recognize][INFO] - 
REF:4 times the mass of the sun
HYP:the the the thessss


REF:so bear with me
HYP:so''

[2026-08-05 14:20:09,083][hybrid.speech_recognize][INFO] - 
REF:so bear with me
HYP:so''


REF:and that's pretty amazing
HYP:and that'sssss

[2026-08-05 14:20:09,084][hybrid.speech_recognize][INFO] - 
REF:and that's pretty amazing
HYP:and that'sssss


REF:what do we need to do
HYP:what you you you you you

[2026-08-05 14:20:09,515][hybrid.speech_recognize][INFO] - 
REF:what do we need to do
HYP:what you you you you you


REF:we have no suspects
HYP:we have havessssss

[2026-08-05 14:20:09,516][hybrid.speech_recognize][INFO] - 
REF:we have no suspects
HYP:we have havessssss


REF:we are all responsible
HYP:we are all all all

[2026-08-05 14:20:09,517][hybrid.speech_recognize][INFO] - 
REF:we are all responsible
HYP:we are all all all


REF:they make sense of the past
HYP:it'sssss of of of

[2026-08-05 14:20:09,518][hybrid.speech_recognize][INFO] - 
REF:they make sense of the past
HYP:it'sssss of of of


REF:i feel guilty sometimes
HYP:i i i

[2026-08-05 14:20:09,519][hybrid.speech_recognize][INFO] - 
REF:i feel guilty sometimes
HYP:i i i


REF:i know you understand that
HYP:i you you'

[2026-08-05 14:20:09,519][hybrid.speech_recognize][INFO] - 
REF:i know you understand that
HYP:i you you'


REF:let's go back and visit our equation
HYP:it'sssssss

[2026-08-05 14:20:09,520][hybrid.speech_recognize][INFO] - 
REF:let's go back and visit our equation
HYP:it'sssssss


REF:and what was the result of that
HYP:and what the the the the

[2026-08-05 14:20:09,521][hybrid.speech_recognize][INFO] - 
REF:and what was the result of that
HYP:and what the the the the


REF:but it's more complicated
HYP:but''ssss

[2026-08-05 14:20:09,522][hybrid.speech_recognize][INFO] - 
REF:but it's more complicated
HYP:but''ssss


REF:gov just six people
HYP:people people people people people people people people

[2026-08-05 14:20:09,523][hybrid.speech_recognize][INFO] - 
REF:gov just six people
HYP:people people people people people people people people


REF:so what is an idea drawing
HYP:so is is is is

[2026-08-05 14:20:09,524][hybrid.speech_recognize][INFO] - 
REF:so what is an idea drawing
HYP:so is is is is


REF:why is it important now
HYP:what is it it it it

[2026-08-05 14:20:09,525][hybrid.speech_recognize][INFO] - 
REF:why is it important now
HYP:what is it it it it


REF:i was considered a radical
HYP:i was was was

[2026-08-05 14:20:09,527][hybrid.speech_recognize][INFO] - 
REF:i was considered a radical
HYP:i was was was


REF:how far away was the finish line
HYP:how how we we wess

[2026-08-05 14:20:09,528][hybrid.speech_recognize][INFO] - 
REF:how far away was the finish line
HYP:how how we we wess


REF:i don't have an overview
HYP:i don donttt

[2026-08-05 14:20:09,529][hybrid.speech_recognize][INFO] - 
REF:i don't have an overview
HYP:i don donttt


REF:and that led me to this project
HYP:and that'sss

[2026-08-05 14:20:09,530][hybrid.speech_recognize][INFO] - 
REF:and that led me to this project
HYP:and that'sss


REF:we're losing a ritual
HYP:we we we att

[2026-08-05 14:20:09,532][hybrid.speech_recognize][INFO] - 
REF:we're losing a ritual
HYP:we we we att


REF:so that's mobile manipulation
HYP:that thatsss

[2026-08-05 14:20:09,533][hybrid.speech_recognize][INFO] - 
REF:so that's mobile manipulation
HYP:that thatsss


REF:we're going to stay with them forever
HYP:we we to to to to to

[2026-08-05 14:20:09,534][hybrid.speech_recognize][INFO] - 
REF:we're going to stay with them forever
HYP:we we to to to to to


REF:we lost valuable data
HYP:we'

[2026-08-05 14:20:09,535][hybrid.speech_recognize][INFO] - 
REF:we lost valuable data
HYP:we'


REF:we have to fix our education
HYP:we have have

[2026-08-05 14:20:09,537][hybrid.speech_recognize][INFO] - 
REF:we have to fix our education
HYP:we have have


REF:are they a potential mate
HYP:in'ttttsss

[2026-08-05 14:20:09,538][hybrid.speech_recognize][INFO] - 
REF:are they a potential mate
HYP:in'ttttsss


REF:she learned about her rights
HYP:she' about about about about about

[2026-08-05 14:20:09,539][hybrid.speech_recognize][INFO] - 
REF:she learned about her rights
HYP:she' about about about about about


REF:i don't mean giving up the internet
HYP:i don dontttt

[2026-08-05 14:20:09,540][hybrid.speech_recognize][INFO] - 
REF:i don't mean giving up the internet
HYP:i don dontttt


REF:the boys reminded me of home
HYP:the thes of of of of of of

[2026-08-05 14:20:09,997][hybrid.speech_recognize][INFO] - 
REF:the boys reminded me of home
HYP:the thes of of of of of of


REF:supporting local economies
HYP:it'

[2026-08-05 14:20:09,998][hybrid.speech_recognize][INFO] - 
REF:supporting local economies
HYP:it'


REF:it's not optional
HYP:and''ssssss

[2026-08-05 14:20:09,999][hybrid.speech_recognize][INFO] - 
REF:it's not optional
HYP:and''ssssss


REF:i'm talking about teachers
HYP:i' about about about about about about

[2026-08-05 14:20:10,000][hybrid.speech_recognize][INFO] - 
REF:i'm talking about teachers
HYP:i' about about about about about about


REF:to me it's not that clear
HYP:so''' that that that that

[2026-08-05 14:20:10,001][hybrid.speech_recognize][INFO] - 
REF:to me it's not that clear
HYP:so''' that that that that


REF:and work like a dog
HYP:what what to to to

[2026-08-05 14:20:10,002][hybrid.speech_recognize][INFO] - 
REF:and work like a dog
HYP:what what to to to


REF:so let's get started now
HYP:so''sss

[2026-08-05 14:20:10,002][hybrid.speech_recognize][INFO] - 
REF:so let's get started now
HYP:so''sss


REF:it's a win all around
HYP:it it it the the the

[2026-08-05 14:20:10,003][hybrid.speech_recognize][INFO] - 
REF:it's a win all around
HYP:it it it the the the


REF:that's what moves you
HYP:it'' to to

[2026-08-05 14:20:10,004][hybrid.speech_recognize][INFO] - 
REF:that's what moves you
HYP:it'' to to


REF:and i thought we should just stay home
HYP:i i to to to

[2026-08-05 14:20:10,005][hybrid.speech_recognize][INFO] - 
REF:and i thought we should just stay home
HYP:i i to to to


REF:it is the default option
HYP:it it itss

[2026-08-05 14:20:10,006][hybrid.speech_recognize][INFO] - 
REF:it is the default option
HYP:it it itss


REF:how do you find a dinosaur
HYP:how youssssss

[2026-08-05 14:20:10,007][hybrid.speech_recognize][INFO] - 
REF:how do you find a dinosaur
HYP:how youssssss


REF:and who does that benefit
HYP:i i' that thattttt

[2026-08-05 14:20:10,008][hybrid.speech_recognize][INFO] - 
REF:and who does that benefit
HYP:i i' that thattttt


REF:so why don't we leverage that
HYP:so we we to to to to to to

[2026-08-05 14:20:10,009][hybrid.speech_recognize][INFO] - 
REF:so why don't we leverage that
HYP:so we we to to to to to to


REF:how do you get informed
HYP:how how we we we

[2026-08-05 14:20:10,009][hybrid.speech_recognize][INFO] - 
REF:how do you get informed
HYP:how how we we we


REF:so no more missing guys
HYP:so isssss

[2026-08-05 14:20:10,010][hybrid.speech_recognize][INFO] - 
REF:so no more missing guys
HYP:so isssss


REF:harness your internal strength
HYP:allsssss

[2026-08-05 14:20:10,011][hybrid.speech_recognize][INFO] - 
REF:harness your internal strength
HYP:allsssss


REF:that's more expensive
HYP:that thatsss

[2026-08-05 14:20:10,012][hybrid.speech_recognize][INFO] - 
REF:that's more expensive
HYP:that thatsss


REF:what is worth dying for
HYP:what was was was

[2026-08-05 14:20:10,013][hybrid.speech_recognize][INFO] - 
REF:what is worth dying for
HYP:what was was was


REF:how do you know for sure
HYP:how you you you you

[2026-08-05 14:20:10,014][hybrid.speech_recognize][INFO] - 
REF:how do you know for sure
HYP:how you you you you


REF:i said where is he now
HYP:it is is is it it it it

[2026-08-05 14:20:10,014][hybrid.speech_recognize][INFO] - 
REF:i said where is he now
HYP:it is is is it it it it


REF:what can i do about it
HYP:what what i i

[2026-08-05 14:20:10,015][hybrid.speech_recognize][INFO] - 
REF:what can i do about it
HYP:what what i i


REF:you haven't earned it
HYP:what what we this

[2026-08-05 14:20:10,016][hybrid.speech_recognize][INFO] - 
REF:you haven't earned it
HYP:what what we this


REF:they are doing it together
HYP:they'''t

[2026-08-05 14:20:10,017][hybrid.speech_recognize][INFO] - 
REF:they are doing it together
HYP:they'''t


REF:what about martin luther king
HYP:what'ss

[2026-08-05 14:20:10,486][hybrid.speech_recognize][INFO] - 
REF:what about martin luther king
HYP:what'ss


REF:i would listen to the heart
HYP:what what to to to

[2026-08-05 14:20:10,487][hybrid.speech_recognize][INFO] - 
REF:i would listen to the heart
HYP:what what to to to


REF:we have to fix the internet
HYP:we have have the the the the the

[2026-08-05 14:20:10,488][hybrid.speech_recognize][INFO] - 
REF:we have to fix the internet
HYP:we have have the the the the the


REF:how sad are you right now
HYP:how how how hows

[2026-08-05 14:20:10,488][hybrid.speech_recognize][INFO] - 
REF:how sad are you right now
HYP:how how how hows


REF:i could make that decision
HYP:i'' that that that

[2026-08-05 14:20:10,489][hybrid.speech_recognize][INFO] - 
REF:i could make that decision
HYP:i'' that that that


REF:well what difference does this make
HYP:but i i i is

[2026-08-05 14:20:10,489][hybrid.speech_recognize][INFO] - 
REF:well what difference does this make
HYP:but i i i is


REF:why are we skipping over this
HYP:we we we we this this

[2026-08-05 14:20:10,490][hybrid.speech_recognize][INFO] - 
REF:why are we skipping over this
HYP:we we we we this this


REF:when you're six maybe you can do that
HYP:we you you you to to to to

[2026-08-05 14:20:10,491][hybrid.speech_recognize][INFO] - 
REF:when you're six maybe you can do that
HYP:we you you you to to to to


REF:it impacts sentencing
HYP:it itssssss

[2026-08-05 14:20:10,492][hybrid.speech_recognize][INFO] - 
REF:it impacts sentencing
HYP:it itssssss


REF:i think i'm a normal person
HYP:i i i a a a a

[2026-08-05 14:20:10,492][hybrid.speech_recognize][INFO] - 
REF:i think i'm a normal person
HYP:i i i a a a a


REF:she never wanted to tell me
HYP:she' want to to to to to

[2026-08-05 14:20:10,493][hybrid.speech_recognize][INFO] - 
REF:she never wanted to tell me
HYP:she' want to to to to to


REF:we're going to eat these cows
HYP:in in inss

[2026-08-05 14:20:10,494][hybrid.speech_recognize][INFO] - 
REF:we're going to eat these cows
HYP:in in inss


REF:you don't do much editing
HYP:we'dddd

[2026-08-05 14:20:10,494][hybrid.speech_recognize][INFO] - 
REF:you don't do much editing
HYP:we'dddd


REF:we have the right to respect
HYP:we have have to to to to

[2026-08-05 14:20:10,495][hybrid.speech_recognize][INFO] - 
REF:we have the right to respect
HYP:we have have to to to to


REF:why did you bring this up
HYP:why you you this this this this this

[2026-08-05 14:20:10,496][hybrid.speech_recognize][INFO] - 
REF:why did you bring this up
HYP:why you you this this this this this


REF:and i don't have to do anything
HYP:i don don don don don don

[2026-08-05 14:20:10,496][hybrid.speech_recognize][INFO] - 
REF:and i don't have to do anything
HYP:i don don don don don don


REF:we are magic
HYP:we we

[2026-08-05 14:20:10,497][hybrid.speech_recognize][INFO] - 
REF:we are magic
HYP:we we


REF:that's next to impossible
HYP:that'ss

[2026-08-05 14:20:10,498][hybrid.speech_recognize][INFO] - 
REF:that's next to impossible
HYP:that'ss


REF:it was incredibly hot
HYP:was was was

[2026-08-05 14:20:10,498][hybrid.speech_recognize][INFO] - 
REF:it was incredibly hot
HYP:was was was


REF:make it about the other party
HYP:about about about about about about the the

[2026-08-05 14:20:10,499][hybrid.speech_recognize][INFO] - 
REF:make it about the other party
HYP:about about about about about about the the


REF:look at the end to see the animal
HYP:the the the the the the the the the the the the the

[2026-08-05 14:20:10,500][hybrid.speech_recognize][INFO] - 
REF:look at the end to see the animal
HYP:the the the the the the the the the the the the the


REF:so that's what i'm doing
HYP:that that'''''

[2026-08-05 14:20:10,500][hybrid.speech_recognize][INFO] - 
REF:so that's what i'm doing
HYP:that that'''''


REF:i think it might be a lifeline
HYP:and'' my my my my

[2026-08-05 14:20:10,501][hybrid.speech_recognize][INFO] - 
REF:i think it might be a lifeline
HYP:and'' my my my my


REF:the oil will never run out
HYP:they they we we we we we

[2026-08-05 14:20:10,502][hybrid.speech_recognize][INFO] - 
REF:the oil will never run out
HYP:they they we we we we we


REF:and you know what else we did
HYP:and and we we we we we

[2026-08-05 14:20:10,995][hybrid.speech_recognize][INFO] - 
REF:and you know what else we did
HYP:and and we we we we we


REF:and this is happening every day
HYP:it''

[2026-08-05 14:20:10,996][hybrid.speech_recognize][INFO] - 
REF:and this is happening every day
HYP:it''


REF:did i get my upgrade
HYP:i i itt

[2026-08-05 14:20:10,996][hybrid.speech_recognize][INFO] - 
REF:did i get my upgrade
HYP:i i itt


REF:that's the status quo today
HYP:that'''''

[2026-08-05 14:20:10,997][hybrid.speech_recognize][INFO] - 
REF:that's the status quo today
HYP:that'''''


REF:they don't get their money out
HYP:they they''''

[2026-08-05 14:20:10,998][hybrid.speech_recognize][INFO] - 
REF:they don't get their money out
HYP:they they''''


REF:i did not know this
HYP:'''ssss

[2026-08-05 14:20:10,999][hybrid.speech_recognize][INFO] - 
REF:i did not know this
HYP:'''ssss


REF:the economy needs them
HYP:the the

[2026-08-05 14:20:10,999][hybrid.speech_recognize][INFO] - 
REF:the economy needs them
HYP:the the


REF:we can open up city hall
HYP:we we

[2026-08-05 14:20:11,000][hybrid.speech_recognize][INFO] - 
REF:we can open up city hall
HYP:we we


REF:i was no longer homeless
HYP:i was was

[2026-08-05 14:20:11,000][hybrid.speech_recognize][INFO] - 
REF:i was no longer homeless
HYP:i was was


REF:this is when i was in texas
HYP:a asssss

[2026-08-05 14:20:11,001][hybrid.speech_recognize][INFO] - 
REF:this is when i was in texas
HYP:a asssss


REF:but it wasn't just individuals
HYP:but what is is is is is is

[2026-08-05 14:20:11,002][hybrid.speech_recognize][INFO] - 
REF:but it wasn't just individuals
HYP:but what is is is is is is


REF:but we all should
HYP:but we are

[2026-08-05 14:20:11,002][hybrid.speech_recognize][INFO] - 
REF:but we all should
HYP:but we are


REF:you made it work for me
HYP:you you

[2026-08-05 14:20:11,003][hybrid.speech_recognize][INFO] - 
REF:you made it work for me
HYP:you you


REF:is it about equality
HYP:and' about about about about about

[2026-08-05 14:20:11,004][hybrid.speech_recognize][INFO] - 
REF:is it about equality
HYP:and' about about about about about


REF:young people as well
HYP:there people people people people people

[2026-08-05 14:20:11,004][hybrid.speech_recognize][INFO] - 
REF:young people as well
HYP:there people people people people people


REF:i wanted to stay in this relationship
HYP:i was to the the the

[2026-08-05 14:20:11,005][hybrid.speech_recognize][INFO] - 
REF:i wanted to stay in this relationship
HYP:i was to the the the


REF:i just disagree with this
HYP:i this this this to to

[2026-08-05 14:20:11,006][hybrid.speech_recognize][INFO] - 
REF:i just disagree with this
HYP:i this this this to to


REF:so what can we do
HYP:so what what what

[2026-08-05 14:20:11,006][hybrid.speech_recognize][INFO] - 
REF:so what can we do
HYP:so what what what


REF:they have different interests
HYP:they have have

[2026-08-05 14:20:11,007][hybrid.speech_recognize][INFO] - 
REF:they have different interests
HYP:they have have


REF:you know they do polls right
HYP:that you you yous

[2026-08-05 14:20:11,008][hybrid.speech_recognize][INFO] - 
REF:you know they do polls right
HYP:that you you yous


REF:at the same time
HYP:and the the the

[2026-08-05 14:20:11,008][hybrid.speech_recognize][INFO] - 
REF:at the same time
HYP:and the the the


REF:i mean how do they form
HYP:how how

[2026-08-05 14:20:11,009][hybrid.speech_recognize][INFO] - 
REF:i mean how do they form
HYP:how how


REF:sometimes it goes further
HYP:sossss

[2026-08-05 14:20:11,009][hybrid.speech_recognize][INFO] - 
REF:sometimes it goes further
HYP:sossss


REF:this is a real mystery
HYP:i'' to to to to

[2026-08-05 14:20:11,010][hybrid.speech_recognize][INFO] - 
REF:this is a real mystery
HYP:i'' to to to to


REF:what about manipulation
HYP:what' about

[2026-08-05 14:20:11,448][hybrid.speech_recognize][INFO] - 
REF:what about manipulation
HYP:what' about


REF:could we merge
HYP:you needs

[2026-08-05 14:20:11,449][hybrid.speech_recognize][INFO] - 
REF:could we merge
HYP:you needs


REF:a digital world farm
HYP:i'''

[2026-08-05 14:20:11,450][hybrid.speech_recognize][INFO] - 
REF:a digital world farm
HYP:i'''


REF:they get scared to walk around
HYP:they'ttttt

[2026-08-05 14:20:11,450][hybrid.speech_recognize][INFO] - 
REF:they get scared to walk around
HYP:they'ttttt


REF:it's the war on terror
HYP:it'ss

[2026-08-05 14:20:11,451][hybrid.speech_recognize][INFO] - 
REF:it's the war on terror
HYP:it'ss


REF:doesn't happen very much
HYP:it''

[2026-08-05 14:20:11,452][hybrid.speech_recognize][INFO] - 
REF:doesn't happen very much
HYP:it''


REF:have you lost your mind
HYP:have have a a assss

[2026-08-05 14:20:11,452][hybrid.speech_recognize][INFO] - 
REF:have you lost your mind
HYP:have have a a assss


REF:that's nothing special
HYP:that thatss

[2026-08-05 14:20:11,453][hybrid.speech_recognize][INFO] - 
REF:that's nothing special
HYP:that thatss


REF:we have no suspects
HYP:we have have

[2026-08-05 14:20:11,453][hybrid.speech_recognize][INFO] - 
REF:we have no suspects
HYP:we have have


REF:and is this really the solution
HYP:and this is isss

[2026-08-05 14:20:11,454][hybrid.speech_recognize][INFO] - 
REF:and is this really the solution
HYP:and this is isss


REF:and here's what you need to know
HYP:and you you you you

[2026-08-05 14:20:11,455][hybrid.speech_recognize][INFO] - 
REF:and here's what you need to know
HYP:and you you you you


REF:i teach at stanford
HYP:and itss

[2026-08-05 14:20:11,455][hybrid.speech_recognize][INFO] - 
REF:i teach at stanford
HYP:and itss


REF:that wasn't the case for me
HYP:that was the the the

[2026-08-05 14:20:11,456][hybrid.speech_recognize][INFO] - 
REF:that wasn't the case for me
HYP:that was the the the


REF:boy it matters a lot
HYP:butmssss

[2026-08-05 14:20:11,457][hybrid.speech_recognize][INFO] - 
REF:boy it matters a lot
HYP:butmssss


REF:why is that hard
HYP:they''

[2026-08-05 14:20:11,457][hybrid.speech_recognize][INFO] - 
REF:why is that hard
HYP:they''


REF:so what did they do
HYP:so we we we

[2026-08-05 14:20:11,458][hybrid.speech_recognize][INFO] - 
REF:so what did they do
HYP:so we we we


REF:i'm trying to become a better person
HYP:i'mm a a a

[2026-08-05 14:20:11,458][hybrid.speech_recognize][INFO] - 
REF:i'm trying to become a better person
HYP:i'mm a a a


REF:it's just incredible
HYP:and s stt

[2026-08-05 14:20:11,459][hybrid.speech_recognize][INFO] - 
REF:it's just incredible
HYP:and s stt


REF:it's just not possible
HYP:it it'''

[2026-08-05 14:20:11,460][hybrid.speech_recognize][INFO] - 
REF:it's just not possible
HYP:it it'''


REF:they had hit the jackpot
HYP:they they the the the the the

[2026-08-05 14:20:11,460][hybrid.speech_recognize][INFO] - 
REF:they had hit the jackpot
HYP:they they the the the the the


REF:the group gels
HYP:it'

[2026-08-05 14:20:11,461][hybrid.speech_recognize][INFO] - 
REF:the group gels
HYP:it'


REF:does any of this matter
HYP:to to this this this

[2026-08-05 14:20:11,462][hybrid.speech_recognize][INFO] - 
REF:does any of this matter
HYP:to to this this this


REF:so it's up to us
HYP:so' to to to

[2026-08-05 14:20:11,462][hybrid.speech_recognize][INFO] - 
REF:so it's up to us
HYP:so' to to to


REF:what's this guy talking about
HYP:what what''

[2026-08-05 14:20:11,463][hybrid.speech_recognize][INFO] - 
REF:what's this guy talking about
HYP:what what''


REF:one was to be a soldier
HYP:what was wasss

[2026-08-05 14:20:11,929][hybrid.speech_recognize][INFO] - 
REF:one was to be a soldier
HYP:what was wasss


REF:they're not being shipped up here
HYP:that'mmm

[2026-08-05 14:20:11,931][hybrid.speech_recognize][INFO] - 
REF:they're not being shipped up here
HYP:that'mmm


REF:and we couldn't just turn it off
HYP:and you to to to to to to

[2026-08-05 14:20:11,931][hybrid.speech_recognize][INFO] - 
REF:and we couldn't just turn it off
HYP:and you to to to to to to


REF:we just need to keep going
HYP:we'' to to to to to

[2026-08-05 14:20:11,932][hybrid.speech_recognize][INFO] - 
REF:we just need to keep going
HYP:we'' to to to to to


REF:it is irresponsible
HYP:they thettt

[2026-08-05 14:20:11,933][hybrid.speech_recognize][INFO] - 
REF:it is irresponsible
HYP:they thettt


REF:i would never want to do that
HYP:i'' to to to to to

[2026-08-05 14:20:11,933][hybrid.speech_recognize][INFO] - 
REF:i would never want to do that
HYP:i'' to to to to to


REF:that's your grandfather
HYP:now' a

[2026-08-05 14:20:11,934][hybrid.speech_recognize][INFO] - 
REF:that's your grandfather
HYP:now' a


REF:but it's not just china
HYP:but'''' not

[2026-08-05 14:20:11,935][hybrid.speech_recognize][INFO] - 
REF:but it's not just china
HYP:but'''' not


REF:i would love to hear from you
HYP:i' to to to to to

[2026-08-05 14:20:11,935][hybrid.speech_recognize][INFO] - 
REF:i would love to hear from you
HYP:i' to to to to to


REF:it has never happened
HYP:it it''

[2026-08-05 14:20:11,936][hybrid.speech_recognize][INFO] - 
REF:it has never happened
HYP:it it''


REF:we're not going to be able to do that
HYP:we''' to to to to

[2026-08-05 14:20:11,937][hybrid.speech_recognize][INFO] - 
REF:we're not going to be able to do that
HYP:we''' to to to to


REF:now i will maintain
HYP:i what what what

[2026-08-05 14:20:11,937][hybrid.speech_recognize][INFO] - 
REF:now i will maintain
HYP:i what what what


REF:and i thought this would be great fun
HYP:they'''sss

[2026-08-05 14:20:11,938][hybrid.speech_recognize][INFO] - 
REF:and i thought this would be great fun
HYP:they'''sss


REF:i was winning awards
HYP:i was was

[2026-08-05 14:20:11,938][hybrid.speech_recognize][INFO] - 
REF:i was winning awards
HYP:i was was


REF:but it's not enough
HYP:but it it it it it it

[2026-08-05 14:20:11,939][hybrid.speech_recognize][INFO] - 
REF:but it's not enough
HYP:but it it it it it it


REF:i take it to therapy
HYP:i''t

[2026-08-05 14:20:11,940][hybrid.speech_recognize][INFO] - 
REF:i take it to therapy
HYP:i''t


REF:or a firefly
HYP:if i i i i

[2026-08-05 14:20:11,940][hybrid.speech_recognize][INFO] - 
REF:or a firefly
HYP:if i i i i


REF:this is nonsense
HYP:this is is

[2026-08-05 14:20:11,941][hybrid.speech_recognize][INFO] - 
REF:this is nonsense
HYP:this is is


REF:and that's what we did
HYP:and that's what we we we we

[2026-08-05 14:20:11,942][hybrid.speech_recognize][INFO] - 
REF:and that's what we did
HYP:and that's what we we we we


REF:even that wasn't enough
HYP:and that that was was

[2026-08-05 14:20:11,942][hybrid.speech_recognize][INFO] - 
REF:even that wasn't enough
HYP:and that that was was


REF:it's changed the way we talk
HYP:you'ssss

[2026-08-05 14:20:11,943][hybrid.speech_recognize][INFO] - 
REF:it's changed the way we talk
HYP:you'ssss


REF:now don't get me wrong
HYP:now don'''''

[2026-08-05 14:20:11,944][hybrid.speech_recognize][INFO] - 
REF:now don't get me wrong
HYP:now don'''''


REF:i have to take a year off
HYP:i have have to to

[2026-08-05 14:20:11,944][hybrid.speech_recognize][INFO] - 
REF:i have to take a year off
HYP:i have have to to


REF:so what to do next
HYP:so''''

[2026-08-05 14:20:11,945][hybrid.speech_recognize][INFO] - 
REF:so what to do next
HYP:so''''


REF:and i did not know what to say
HYP:and that that that that

[2026-08-05 14:20:12,306][hybrid.speech_recognize][INFO] - 
REF:and i did not know what to say
HYP:and that that that that


REF:art is not efficient
HYP:itsss

[2026-08-05 14:20:12,306][hybrid.speech_recognize][INFO] - 
REF:art is not efficient
HYP:itsss


REF:we can see how to do that
HYP:we we we to to to to

[2026-08-05 14:20:12,307][hybrid.speech_recognize][INFO] - 
REF:we can see how to do that
HYP:we we we to to to to


REF:is it about systems
HYP:it it about about about aboutss

[2026-08-05 14:20:12,308][hybrid.speech_recognize][INFO] - 
REF:is it about systems
HYP:it it about about about aboutss


REF:but i would go in on occasion
HYP:but'''''

[2026-08-05 14:20:12,309][hybrid.speech_recognize][INFO] - 
REF:but i would go in on occasion
HYP:but'''''


REF:i started off in uganda
HYP:i in the the the the the the the

[2026-08-05 14:20:12,309][hybrid.speech_recognize][INFO] - 
REF:i started off in uganda
HYP:i in the the the the the the the


REF:we shouldn't be nationalistic
HYP:we'sssssss

[2026-08-05 14:20:12,310][hybrid.speech_recognize][INFO] - 
REF:we shouldn't be nationalistic
HYP:we'sssssss


REF:you might get impeached for that
HYP:we we a a a a

[2026-08-05 14:20:12,311][hybrid.speech_recognize][INFO] - 
REF:you might get impeached for that
HYP:we we a a a a


REF:there were no back doors
HYP:there was was wassss

[2026-08-05 14:20:12,311][hybrid.speech_recognize][INFO] - 
REF:there were no back doors
HYP:there was was wassss


REF:it impacts everything
HYP:it it

[2026-08-05 14:20:12,312][hybrid.speech_recognize][INFO] - 
REF:it impacts everything
HYP:it it


REF:this is possible
HYP:this is is is is

[2026-08-05 14:20:12,313][hybrid.speech_recognize][INFO] - 
REF:this is possible
HYP:this is is is is


REF:how far do they reach
HYP:how how

[2026-08-05 14:20:12,313][hybrid.speech_recognize][INFO] - 
REF:how far do they reach
HYP:how how


REF:that is the right answer
HYP:now'ssssss

[2026-08-05 14:20:12,314][hybrid.speech_recognize][INFO] - 
REF:that is the right answer
HYP:now'ssssss


REF:i had to have faith
HYP:i have to to

[2026-08-05 14:20:12,314][hybrid.speech_recognize][INFO] - 
REF:i had to have faith
HYP:i have to to


REF:why didn't you just tell me that
HYP:what you you that that

[2026-08-05 14:20:12,315][hybrid.speech_recognize][INFO] - 
REF:why didn't you just tell me that
HYP:what you you that that


REF:i know it works
HYP:i i what what what what what

[2026-08-05 14:20:12,316][hybrid.speech_recognize][INFO] - 
REF:i know it works
HYP:i i what what what what what


REF:do you remember what it was
HYP:you you the the the

[2026-08-05 14:20:12,316][hybrid.speech_recognize][INFO] - 
REF:do you remember what it was
HYP:you you the the the


REF:we wouldn't tolerate that
HYP:we we that that that

[2026-08-05 14:20:12,317][hybrid.speech_recognize][INFO] - 
REF:we wouldn't tolerate that
HYP:we we that that that


REF:what makes the heart unique
HYP:what'sss

[2026-08-05 14:20:12,318][hybrid.speech_recognize][INFO] - 
REF:what makes the heart unique
HYP:what'sss


REF:i was right there with you
HYP:and we we to to to

[2026-08-05 14:20:12,318][hybrid.speech_recognize][INFO] - 
REF:i was right there with you
HYP:and we we to to to


REF:that's available right now
HYP:i''

[2026-08-05 14:20:12,319][hybrid.speech_recognize][INFO] - 
REF:that's available right now
HYP:i''


REF:we're looking for something more
HYP:but''

[2026-08-05 14:20:12,320][hybrid.speech_recognize][INFO] - 
REF:we're looking for something more
HYP:but''


REF:and i felt all this
HYP:but itss

[2026-08-05 14:20:12,320][hybrid.speech_recognize][INFO] - 
REF:and i felt all this
HYP:but itss


REF:he got part time i
HYP:i isss

[2026-08-05 14:20:12,321][hybrid.speech_recognize][INFO] - 
REF:he got part time i
HYP:i isss


REF:i think this is a problem
HYP:and this is is

[2026-08-05 14:20:12,671][hybrid.speech_recognize][INFO] - 
REF:i think this is a problem
HYP:and this is is


REF:i actually have no idea why
HYP:i' have have have

[2026-08-05 14:20:12,672][hybrid.speech_recognize][INFO] - 
REF:i actually have no idea why
HYP:i' have have have


REF:i was always very small
HYP:it was was

[2026-08-05 14:20:12,672][hybrid.speech_recognize][INFO] - 
REF:i was always very small
HYP:it was was


REF:you board the plane
HYP:you the the the the the the

[2026-08-05 14:20:12,673][hybrid.speech_recognize][INFO] - 
REF:you board the plane
HYP:you the the the the the the


REF:i'm going to be so healthy
HYP:i''''''

[2026-08-05 14:20:12,674][hybrid.speech_recognize][INFO] - 
REF:i'm going to be so healthy
HYP:i''''''


REF:how could i let them down
HYP:how' i itt

[2026-08-05 14:20:12,674][hybrid.speech_recognize][INFO] - 
REF:how could i let them down
HYP:how' i itt


REF:how do you change your behavior
HYP:''' to to to

[2026-08-05 14:20:12,675][hybrid.speech_recognize][INFO] - 
REF:how do you change your behavior
HYP:''' to to to


REF:who cares about bosnia
HYP:you' about about about about about

[2026-08-05 14:20:12,676][hybrid.speech_recognize][INFO] - 
REF:who cares about bosnia
HYP:you' about about about about about


REF:she worked in a bank
HYP:you'ssss

[2026-08-05 14:20:12,676][hybrid.speech_recognize][INFO] - 
REF:she worked in a bank
HYP:you'ssss


REF:we have to throw it away
HYP:and you's

[2026-08-05 14:20:12,677][hybrid.speech_recognize][INFO] - 
REF:we have to throw it away
HYP:and you's


REF:it's actually not that hard
HYP:it'ss that that that that

[2026-08-05 14:20:12,678][hybrid.speech_recognize][INFO] - 
REF:it's actually not that hard
HYP:it'ss that that that that


REF:that didn't go over really well
HYP:i'''''

[2026-08-05 14:20:12,678][hybrid.speech_recognize][INFO] - 
REF:that didn't go over really well
HYP:i'''''


REF:he saw it written down somewhere
HYP:it'ssssss

[2026-08-05 14:20:12,679][hybrid.speech_recognize][INFO] - 
REF:he saw it written down somewhere
HYP:it'ssssss


REF:we would just get noise back
HYP:we'' to to

[2026-08-05 14:20:12,680][hybrid.speech_recognize][INFO] - 
REF:we would just get noise back
HYP:we'' to to


REF:we've done the research
HYP:we have havess

[2026-08-05 14:20:12,680][hybrid.speech_recognize][INFO] - 
REF:we've done the research
HYP:we have havess


REF:he made me feel smart
HYP:it''

[2026-08-05 14:20:12,681][hybrid.speech_recognize][INFO] - 
REF:he made me feel smart
HYP:it''


REF:and that blew my mind
HYP:i i my my my my my my

[2026-08-05 14:20:12,682][hybrid.speech_recognize][INFO] - 
REF:and that blew my mind
HYP:i i my my my my my my


REF:they want to be part of it
HYP:they they of of of of of

[2026-08-05 14:20:12,682][hybrid.speech_recognize][INFO] - 
REF:they want to be part of it
HYP:they they of of of of of


REF:and looking at that pattern
HYP:and you you that that that that

[2026-08-05 14:20:12,683][hybrid.speech_recognize][INFO] - 
REF:and looking at that pattern
HYP:and you you that that that that


REF:you don't question that
HYP:you''' that that that

[2026-08-05 14:20:12,684][hybrid.speech_recognize][INFO] - 
REF:you don't question that
HYP:you''' that that that


REF:plus we have stem cells
HYP:we we have have have have

[2026-08-05 14:20:12,684][hybrid.speech_recognize][INFO] - 
REF:plus we have stem cells
HYP:we we have have have have


REF:i was terrified
HYP:i was was

[2026-08-05 14:20:12,685][hybrid.speech_recognize][INFO] - 
REF:i was terrified
HYP:i was was


REF:women's day was coming up
HYP:what'sssinging

[2026-08-05 14:20:12,686][hybrid.speech_recognize][INFO] - 
REF:women's day was coming up
HYP:what'sssinging


REF:it's more annoying
HYP:it'

[2026-08-05 14:20:12,686][hybrid.speech_recognize][INFO] - 
REF:it's more annoying
HYP:it'


REF:they grow crops
HYP:they they

[2026-08-05 14:20:13,048][hybrid.speech_recognize][INFO] - 
REF:they grow crops
HYP:they they


REF:you're all collective
HYP:there''ssss

[2026-08-05 14:20:13,049][hybrid.speech_recognize][INFO] - 
REF:you're all collective
HYP:there''ssss


REF:no one's ever said that before
HYP:it'' that that that

[2026-08-05 14:20:13,050][hybrid.speech_recognize][INFO] - 
REF:no one's ever said that before
HYP:it'' that that that


REF:this is completely bizarre
HYP:this is is my

[2026-08-05 14:20:13,050][hybrid.speech_recognize][INFO] - 
REF:this is completely bizarre
HYP:this is is my


REF:there was no road map
HYP:they wasssss

[2026-08-05 14:20:13,051][hybrid.speech_recognize][INFO] - 
REF:there was no road map
HYP:they wasssss


REF:then they had to bring them in
HYP:they they they

[2026-08-05 14:20:13,052][hybrid.speech_recognize][INFO] - 
REF:then they had to bring them in
HYP:they they they


REF:and this is crazy
HYP:and this is is

[2026-08-05 14:20:13,052][hybrid.speech_recognize][INFO] - 
REF:and this is crazy
HYP:and this is is


REF:you can navigate space
HYP:you' have have have

[2026-08-05 14:20:13,053][hybrid.speech_recognize][INFO] - 
REF:you can navigate space
HYP:you' have have have


REF:and germany and france
HYP:the the them

[2026-08-05 14:20:13,054][hybrid.speech_recognize][INFO] - 
REF:and germany and france
HYP:the the them


REF:they feel at home
HYP:it it it

[2026-08-05 14:20:13,054][hybrid.speech_recognize][INFO] - 
REF:they feel at home
HYP:it it it


REF:why don't they trust the law
HYP:we''tts

[2026-08-05 14:20:13,055][hybrid.speech_recognize][INFO] - 
REF:why don't they trust the law
HYP:we''tts


REF:it's not one way
HYP:so i i i i i

[2026-08-05 14:20:13,056][hybrid.speech_recognize][INFO] - 
REF:it's not one way
HYP:so i i i i i


REF:i don't look different
HYP:i you you you

[2026-08-05 14:20:13,056][hybrid.speech_recognize][INFO] - 
REF:i don't look different
HYP:i you you you


REF:why are you really here
HYP:you you you you you

[2026-08-05 14:20:13,057][hybrid.speech_recognize][INFO] - 
REF:why are you really here
HYP:you you you you you


REF:so what happens next
HYP:so what what to to

[2026-08-05 14:20:13,057][hybrid.speech_recognize][INFO] - 
REF:so what happens next
HYP:so what what to to


REF:how can we do it
HYP:i''tttt

[2026-08-05 14:20:13,058][hybrid.speech_recognize][INFO] - 
REF:how can we do it
HYP:i''tttt


REF:out to dinner with family
HYP:i was was

[2026-08-05 14:20:13,059][hybrid.speech_recognize][INFO] - 
REF:out to dinner with family
HYP:i was was


REF:how are we going to do that
HYP:how we do do do

[2026-08-05 14:20:13,059][hybrid.speech_recognize][INFO] - 
REF:how are we going to do that
HYP:how we do do do


REF:i don't paint
HYP:it''sss

[2026-08-05 14:20:13,060][hybrid.speech_recognize][INFO] - 
REF:i don't paint
HYP:it''sss


REF:how is it made
HYP:how is is it it

[2026-08-05 14:20:13,061][hybrid.speech_recognize][INFO] - 
REF:how is it made
HYP:how is is it it


REF:we were so excited
HYP:what what what what

[2026-08-05 14:20:13,061][hybrid.speech_recognize][INFO] - 
REF:we were so excited
HYP:what what what what


REF:i mean everyone did
HYP:i i i it it

[2026-08-05 14:20:13,062][hybrid.speech_recognize][INFO] - 
REF:i mean everyone did
HYP:i i i it it


REF:but you can write it
HYP:but you you you'

[2026-08-05 14:20:13,062][hybrid.speech_recognize][INFO] - 
REF:but you can write it
HYP:but you you you'


REF:and this is true
HYP:that that that that

[2026-08-05 14:20:13,063][hybrid.speech_recognize][INFO] - 
REF:and this is true
HYP:that that that that


REF:well are you sure
HYP:what you you you

[2026-08-05 14:20:13,600][hybrid.speech_recognize][INFO] - 
REF:well are you sure
HYP:what you you you


REF:it's a top predator
HYP:it'ss

[2026-08-05 14:20:13,601][hybrid.speech_recognize][INFO] - 
REF:it's a top predator
HYP:it'ss


REF:what would happen
HYP:what what

[2026-08-05 14:20:13,602][hybrid.speech_recognize][INFO] - 
REF:what would happen
HYP:what what


REF:and not just that
HYP:i i i that

[2026-08-05 14:20:13,602][hybrid.speech_recognize][INFO] - 
REF:and not just that
HYP:i i i that


REF:that's what happened with my dad
HYP:that''' my my my my

[2026-08-05 14:20:13,603][hybrid.speech_recognize][INFO] - 
REF:that's what happened with my dad
HYP:that''' my my my my


REF:i have to report it
HYP:i have have to to

[2026-08-05 14:20:13,604][hybrid.speech_recognize][INFO] - 
REF:i have to report it
HYP:i have have to to


REF:he wouldn't like the answer
HYP:it'' that

[2026-08-05 14:20:13,605][hybrid.speech_recognize][INFO] - 
REF:he wouldn't like the answer
HYP:it'' that


REF:you saw him act
HYP:i' it

[2026-08-05 14:20:13,605][hybrid.speech_recognize][INFO] - 
REF:you saw him act
HYP:i' it


REF:we've all done this
HYP:we wessss

[2026-08-05 14:20:13,606][hybrid.speech_recognize][INFO] - 
REF:we've all done this
HYP:we wessss


REF:they just do it
HYP:they's to to to

[2026-08-05 14:20:13,607][hybrid.speech_recognize][INFO] - 
REF:they just do it
HYP:they's to to to


REF:i tried everything
HYP:i'

[2026-08-05 14:20:13,607][hybrid.speech_recognize][INFO] - 
REF:i tried everything
HYP:i'


REF:are you losing your mind
HYP:you you you you you

[2026-08-05 14:20:13,608][hybrid.speech_recognize][INFO] - 
REF:are you losing your mind
HYP:you you you you you


REF:why was it made
HYP:what was was was was

[2026-08-05 14:20:13,609][hybrid.speech_recognize][INFO] - 
REF:why was it made
HYP:what was was was was


REF:which brought us to this
HYP:what whatsss

[2026-08-05 14:20:13,610][hybrid.speech_recognize][INFO] - 
REF:which brought us to this
HYP:what whatsss


REF:and i thought what am i thinking
HYP:that was be

[2026-08-05 14:20:13,610][hybrid.speech_recognize][INFO] - 
REF:and i thought what am i thinking
HYP:that was be


REF:how is that possible
HYP:how how how that

[2026-08-05 14:20:13,611][hybrid.speech_recognize][INFO] - 
REF:how is that possible
HYP:how how how that


REF:i had to do something
HYP:i to to to to

[2026-08-05 14:20:13,612][hybrid.speech_recognize][INFO] - 
REF:i had to do something
HYP:i to to to to


REF:that's what texting is
HYP:that'sssss

[2026-08-05 14:20:13,613][hybrid.speech_recognize][INFO] - 
REF:that's what texting is
HYP:that'sssss


REF:i was like what
HYP:i i'

[2026-08-05 14:20:13,613][hybrid.speech_recognize][INFO] - 
REF:i was like what
HYP:i i'


REF:now do something different
HYP:how we we we

[2026-08-05 14:20:13,614][hybrid.speech_recognize][INFO] - 
REF:now do something different
HYP:how we we we


REF:i'm totally serious
HYP:i''

[2026-08-05 14:20:13,615][hybrid.speech_recognize][INFO] - 
REF:i'm totally serious
HYP:i''


REF:we have the plan
HYP:we have have have have

[2026-08-05 14:20:13,615][hybrid.speech_recognize][INFO] - 
REF:we have the plan
HYP:we have have have have


REF:there's people everywhere
HYP:there people people people people people

[2026-08-05 14:20:13,616][hybrid.speech_recognize][INFO] - 
REF:there's people everywhere
HYP:there people people people people people


REF:you remember carlos
HYP:you you

[2026-08-05 14:20:13,617][hybrid.speech_recognize][INFO] - 
REF:you remember carlos
HYP:you you


REF:they were all white
HYP:the''

[2026-08-05 14:20:13,617][hybrid.speech_recognize][INFO] - 
REF:they were all white
HYP:the''


REF:blocks have names
HYP:butssssssss

[2026-08-05 14:20:13,618][hybrid.speech_recognize][INFO] - 
REF:blocks have names
HYP:butssssssss


REF:we don't trust the man
HYP:we'''tt

[2026-08-05 14:20:13,619][hybrid.speech_recognize][INFO] - 
REF:we don't trust the man
HYP:we'''tt


REF:we're part of the same family
HYP:we'sss

[2026-08-05 14:20:13,620][hybrid.speech_recognize][INFO] - 
REF:we're part of the same family
HYP:we'sss


REF:i'm not a military brat
HYP:i''ss

[2026-08-05 14:20:13,621][hybrid.speech_recognize][INFO] - 
REF:i'm not a military brat
HYP:i''ss


REF:we have to answer that
HYP:we have have have to to

[2026-08-05 14:20:13,621][hybrid.speech_recognize][INFO] - 
REF:we have to answer that
HYP:we have have have to to


REF:and i got pretty into it
HYP:and i''

[2026-08-05 14:20:13,622][hybrid.speech_recognize][INFO] - 
REF:and i got pretty into it
HYP:and i''


REF:that was powerful
HYP:that was the the

[2026-08-05 14:20:13,623][hybrid.speech_recognize][INFO] - 
REF:that was powerful
HYP:that was the the


REF:we said yes
HYP:what' that that that

[2026-08-05 14:20:14,076][hybrid.speech_recognize][INFO] - 
REF:we said yes
HYP:what' that that that


REF:we can drive around
HYP:we we todd

[2026-08-05 14:20:14,077][hybrid.speech_recognize][INFO] - 
REF:we can drive around
HYP:we we todd


REF:quite the opposite
HYP:they'

[2026-08-05 14:20:14,078][hybrid.speech_recognize][INFO] - 
REF:quite the opposite
HYP:they'


REF:you can walk around them
HYP:you''

[2026-08-05 14:20:14,079][hybrid.speech_recognize][INFO] - 
REF:you can walk around them
HYP:you''


REF:it's not a luxury
HYP:you'''

[2026-08-05 14:20:14,080][hybrid.speech_recognize][INFO] - 
REF:it's not a luxury
HYP:you'''


REF:one billion people
HYP:what what people people

[2026-08-05 14:20:14,080][hybrid.speech_recognize][INFO] - 
REF:one billion people
HYP:what what people people


REF:that would not work
HYP:they'sss

[2026-08-05 14:20:14,081][hybrid.speech_recognize][INFO] - 
REF:that would not work
HYP:they'sss


REF:we can get volunteers
HYP:we we we we

[2026-08-05 14:20:14,082][hybrid.speech_recognize][INFO] - 
REF:we can get volunteers
HYP:we we we we


REF:it's so obvious
HYP:it'''

[2026-08-05 14:20:14,083][hybrid.speech_recognize][INFO] - 
REF:it's so obvious
HYP:it'''


REF:i'm not sure what it was
HYP:i''''

[2026-08-05 14:20:14,083][hybrid.speech_recognize][INFO] - 
REF:i'm not sure what it was
HYP:i''''


REF:but we're not there yet
HYP:but we not not not not not

[2026-08-05 14:20:14,084][hybrid.speech_recognize][INFO] - 
REF:but we're not there yet
HYP:but we not not not not not


REF:not a lot of hands
HYP:'' of of of of

[2026-08-05 14:20:14,085][hybrid.speech_recognize][INFO] - 
REF:not a lot of hands
HYP:'' of of of of


REF:what a contradiction
HYP:for a att

[2026-08-05 14:20:14,086][hybrid.speech_recognize][INFO] - 
REF:what a contradiction
HYP:for a att


REF:i was petrified
HYP:i was was

[2026-08-05 14:20:14,086][hybrid.speech_recognize][INFO] - 
REF:i was petrified
HYP:i was was


REF:they're not donated
HYP:you'ssss

[2026-08-05 14:20:14,087][hybrid.speech_recognize][INFO] - 
REF:they're not donated
HYP:you'ssss


REF:there's no other way
HYP:they'''

[2026-08-05 14:20:14,088][hybrid.speech_recognize][INFO] - 
REF:there's no other way
HYP:they'''


REF:it's my dad
HYP:it''

[2026-08-05 14:20:14,088][hybrid.speech_recognize][INFO] - 
REF:it's my dad
HYP:it''


REF:or where does he live
HYP:you it it it it

[2026-08-05 14:20:14,089][hybrid.speech_recognize][INFO] - 
REF:or where does he live
HYP:you it it it it


REF:thank you for your time
HYP:so'ss

[2026-08-05 14:20:14,090][hybrid.speech_recognize][INFO] - 
REF:thank you for your time
HYP:so'ss


REF:take a look at these
HYP:they'' this

[2026-08-05 14:20:14,091][hybrid.speech_recognize][INFO] - 
REF:take a look at these
HYP:they'' this


REF:you know about numbers
HYP:it' about about about about

[2026-08-05 14:20:14,091][hybrid.speech_recognize][INFO] - 
REF:you know about numbers
HYP:it' about about about about


REF:it was appalling
HYP:it it the

[2026-08-05 14:20:14,092][hybrid.speech_recognize][INFO] - 
REF:it was appalling
HYP:it it the


REF:let me illustrate this
HYP:now' to to

[2026-08-05 14:20:14,093][hybrid.speech_recognize][INFO] - 
REF:let me illustrate this
HYP:now' to to


REF:it had no choice
HYP:it itn a

[2026-08-05 14:20:14,093][hybrid.speech_recognize][INFO] - 
REF:it had no choice
HYP:it itn a


REF:are they attractive
HYP:they'sss

[2026-08-05 14:20:14,094][hybrid.speech_recognize][INFO] - 
REF:are they attractive
HYP:they'sss


REF:again in a car
HYP:i a a a a a

[2026-08-05 14:20:14,095][hybrid.speech_recognize][INFO] - 
REF:again in a car
HYP:i a a a a a


REF:but what does
HYP:but what what

[2026-08-05 14:20:14,096][hybrid.speech_recognize][INFO] - 
REF:but what does
HYP:but what what


REF:they don't have meaning
HYP:i'''

[2026-08-05 14:20:14,097][hybrid.speech_recognize][INFO] - 
REF:they don't have meaning
HYP:i'''


REF:beth israel's in boston
HYP:but thessssssss

[2026-08-05 14:20:14,098][hybrid.speech_recognize][INFO] - 
REF:beth israel's in boston
HYP:but thessssssss


REF:they need support
HYP:that that that is is

[2026-08-05 14:20:14,098][hybrid.speech_recognize][INFO] - 
REF:they need support
HYP:that that that is is


REF:it is in the water
HYP:it it the the the the

[2026-08-05 14:20:14,099][hybrid.speech_recognize][INFO] - 
REF:it is in the water
HYP:it it the the the the


REF:i didn't always succeed
HYP:i'''''

[2026-08-05 14:20:14,100][hybrid.speech_recognize][INFO] - 
REF:i didn't always succeed
HYP:i'''''


REF:and then what happens
HYP:and and what what

[2026-08-05 14:20:14,531][hybrid.speech_recognize][INFO] - 
REF:and then what happens
HYP:and and what what


REF:there's no structure
HYP:it'ssssss

[2026-08-05 14:20:14,532][hybrid.speech_recognize][INFO] - 
REF:there's no structure
HYP:it'ssssss


REF:and it is important
HYP:and and it it it it

[2026-08-05 14:20:14,533][hybrid.speech_recognize][INFO] - 
REF:and it is important
HYP:and and it it it it


REF:but i'm not happy
HYP:but i not not not'

[2026-08-05 14:20:14,534][hybrid.speech_recognize][INFO] - 
REF:but i'm not happy
HYP:but i not not not'


REF:how do they operate
HYP:how how the

[2026-08-05 14:20:14,534][hybrid.speech_recognize][INFO] - 
REF:how do they operate
HYP:how how the


REF:i said in arabic
HYP:i i i i i i

[2026-08-05 14:20:14,535][hybrid.speech_recognize][INFO] - 
REF:i said in arabic
HYP:i i i i i i


REF:well i was surprised
HYP:i was was was was

[2026-08-05 14:20:14,535][hybrid.speech_recognize][INFO] - 
REF:well i was surprised
HYP:i was was was was


REF:and that's what we did
HYP:and thatsss we we we we

[2026-08-05 14:20:14,536][hybrid.speech_recognize][INFO] - 
REF:and that's what we did
HYP:and thatsss we we we we


REF:we harbor bias
HYP:we' allt

[2026-08-05 14:20:14,537][hybrid.speech_recognize][INFO] - 
REF:we harbor bias
HYP:we' allt


REF:it has to stop
HYP:it'sss

[2026-08-05 14:20:14,537][hybrid.speech_recognize][INFO] - 
REF:it has to stop
HYP:it'sss


REF:not a single one
HYP:that''sss

[2026-08-05 14:20:14,538][hybrid.speech_recognize][INFO] - 
REF:not a single one
HYP:that''sss


REF:you don't want this
HYP:you you''

[2026-08-05 14:20:14,538][hybrid.speech_recognize][INFO] - 
REF:you don't want this
HYP:you you''


REF:my own website
HYP:my myssss

[2026-08-05 14:20:14,539][hybrid.speech_recognize][INFO] - 
REF:my own website
HYP:my myssss


REF:we will not be there
HYP:what' that that

[2026-08-05 14:20:14,540][hybrid.speech_recognize][INFO] - 
REF:we will not be there
HYP:what' that that


REF:5 percent today
HYP:'''sss

[2026-08-05 14:20:14,540][hybrid.speech_recognize][INFO] - 
REF:5 percent today
HYP:'''sss


REF:even when it's so hard
HYP:if if'''sss

[2026-08-05 14:20:14,541][hybrid.speech_recognize][INFO] - 
REF:even when it's so hard
HYP:if if'''sss


REF:how should we work
HYP:how how we we we we

[2026-08-05 14:20:14,542][hybrid.speech_recognize][INFO] - 
REF:how should we work
HYP:how how we we we we


REF:the plane takes off
HYP:the thettt have have

[2026-08-05 14:20:14,542][hybrid.speech_recognize][INFO] - 
REF:the plane takes off
HYP:the thettt have have


REF:i have resources
HYP:and we we

[2026-08-05 14:20:14,543][hybrid.speech_recognize][INFO] - 
REF:i have resources
HYP:and we we


REF:i went to the dean
HYP:i was to to to

[2026-08-05 14:20:14,543][hybrid.speech_recognize][INFO] - 
REF:i went to the dean
HYP:i was to to to


REF:i will be back
HYP:i'

[2026-08-05 14:20:14,544][hybrid.speech_recognize][INFO] - 
REF:i will be back
HYP:i'


REF:so i'm in the media
HYP:so i'mm

[2026-08-05 14:20:14,545][hybrid.speech_recognize][INFO] - 
REF:so i'm in the media
HYP:so i'mm


REF:i don't know anybody
HYP:i don don don don

[2026-08-05 14:20:14,545][hybrid.speech_recognize][INFO] - 
REF:i don't know anybody
HYP:i don don don don


REF:you smell money
HYP:there'ss

[2026-08-05 14:20:14,546][hybrid.speech_recognize][INFO] - 
REF:you smell money
HYP:there'ss


REF:we can do this
HYP:we we do do this

[2026-08-05 14:20:14,546][hybrid.speech_recognize][INFO] - 
REF:we can do this
HYP:we we do do this


REF:i didn't know where i was
HYP:and i don what what what

[2026-08-05 14:20:14,547][hybrid.speech_recognize][INFO] - 
REF:i didn't know where i was
HYP:and i don what what what


REF:not what is it
HYP:what what what what what what

[2026-08-05 14:20:14,548][hybrid.speech_recognize][INFO] - 
REF:not what is it
HYP:what what what what what what


REF:so thank you very much
HYP:so i'

[2026-08-05 14:20:14,548][hybrid.speech_recognize][INFO] - 
REF:so thank you very much
HYP:so i'


REF:but we're not done yet
HYP:but what'' that

[2026-08-05 14:20:14,549][hybrid.speech_recognize][INFO] - 
REF:but we're not done yet
HYP:but what'' that


REF:what about you
HYP:what' ass

[2026-08-05 14:20:14,549][hybrid.speech_recognize][INFO] - 
REF:what about you
HYP:what' ass


REF:i'm in tucson
HYP:i'ssss

[2026-08-05 14:20:14,550][hybrid.speech_recognize][INFO] - 
REF:i'm in tucson
HYP:i'ssss


REF:but things have changed
HYP:but butssss

[2026-08-05 14:20:14,551][hybrid.speech_recognize][INFO] - 
REF:but things have changed
HYP:but butssss


REF:we're on the grid
HYP:what''' they they

[2026-08-05 14:20:14,988][hybrid.speech_recognize][INFO] - 
REF:we're on the grid
HYP:what''' they they


REF:they want a treatment
HYP:they theytt that

[2026-08-05 14:20:14,989][hybrid.speech_recognize][INFO] - 
REF:they want a treatment
HYP:they theytt that


REF:they met together
HYP:they they they they

[2026-08-05 14:20:14,990][hybrid.speech_recognize][INFO] - 
REF:they met together
HYP:they they they they


REF:but linda was lucky
HYP:but but was was

[2026-08-05 14:20:14,991][hybrid.speech_recognize][INFO] - 
REF:but linda was lucky
HYP:but but was was


REF:something was wrong
HYP:was was was was

[2026-08-05 14:20:14,991][hybrid.speech_recognize][INFO] - 
REF:something was wrong
HYP:was was was was


REF:you'll never walk again
HYP:you have have have have

[2026-08-05 14:20:14,992][hybrid.speech_recognize][INFO] - 
REF:you'll never walk again
HYP:you have have have have


REF:and i said i don't know
HYP:and i i i

[2026-08-05 14:20:14,992][hybrid.speech_recognize][INFO] - 
REF:and i said i don't know
HYP:and i i i


REF:but i found one
HYP:but i i'

[2026-08-05 14:20:14,993][hybrid.speech_recognize][INFO] - 
REF:but i found one
HYP:but i i'


REF:and that's powerful
HYP:it it is is

[2026-08-05 14:20:14,994][hybrid.speech_recognize][INFO] - 
REF:and that's powerful
HYP:it it is is


REF:it's not true
HYP:ss

[2026-08-05 14:20:14,994][hybrid.speech_recognize][INFO] - 
REF:it's not true
HYP:ss


REF:so i went to my doctor
HYP:i i my my my my

[2026-08-05 14:20:14,995][hybrid.speech_recognize][INFO] - 
REF:so i went to my doctor
HYP:i i my my my my


REF:she was doing okay
HYP:was was was

[2026-08-05 14:20:14,995][hybrid.speech_recognize][INFO] - 
REF:she was doing okay
HYP:was was was


REF:i'm so sorry
HYP:i'''

[2026-08-05 14:20:14,996][hybrid.speech_recognize][INFO] - 
REF:i'm so sorry
HYP:i'''


REF:well that's exciting
HYP:that that'sss

[2026-08-05 14:20:14,997][hybrid.speech_recognize][INFO] - 
REF:well that's exciting
HYP:that that'sss


REF:the net outcome
HYP:the

[2026-08-05 14:20:14,997][hybrid.speech_recognize][INFO] - 
REF:the net outcome
HYP:the


REF:i love red wine
HYP:it''s

[2026-08-05 14:20:14,998][hybrid.speech_recognize][INFO] - 
REF:i love red wine
HYP:it''s


REF:no not how much
HYP:i'''

[2026-08-05 14:20:14,999][hybrid.speech_recognize][INFO] - 
REF:no not how much
HYP:i'''


REF:how is that possible
HYP:i''''

[2026-08-05 14:20:14,999][hybrid.speech_recognize][INFO] - 
REF:how is that possible
HYP:i''''


REF:they want to get out
HYP:they'' have have

[2026-08-05 14:20:15,000][hybrid.speech_recognize][INFO] - 
REF:they want to get out
HYP:they'' have have


REF:how old are you
HYP:i i i

[2026-08-05 14:20:15,000][hybrid.speech_recognize][INFO] - 
REF:how old are you
HYP:i i i


REF:thank you very much
HYP:you'''

[2026-08-05 14:20:15,001][hybrid.speech_recognize][INFO] - 
REF:thank you very much
HYP:you'''


REF:i'm not short
HYP:i''''

[2026-08-05 14:20:15,002][hybrid.speech_recognize][INFO] - 
REF:i'm not short
HYP:i''''


REF:the engine fails
HYP:the thesssss

[2026-08-05 14:20:15,002][hybrid.speech_recognize][INFO] - 
REF:the engine fails
HYP:the thesssss


REF:you've broken your back
HYP:you you you a a

[2026-08-05 14:20:15,003][hybrid.speech_recognize][INFO] - 
REF:you've broken your back
HYP:you you you a a


REF:i do like magic
HYP:i'''

[2026-08-05 14:20:15,003][hybrid.speech_recognize][INFO] - 
REF:i do like magic
HYP:i'''


REF:it's just a wall
HYP:it it it its

[2026-08-05 14:20:15,004][hybrid.speech_recognize][INFO] - 
REF:it's just a wall
HYP:it it it its


REF:and does it matter
HYP:it it''

[2026-08-05 14:20:15,005][hybrid.speech_recognize][INFO] - 
REF:and does it matter
HYP:it it''


REF:they don't trust the law
HYP:they'sssss

[2026-08-05 14:20:15,005][hybrid.speech_recognize][INFO] - 
REF:they don't trust the law
HYP:they'sssss


REF:but i need your help
HYP:but i i to to to

[2026-08-05 14:20:15,006][hybrid.speech_recognize][INFO] - 
REF:but i need your help
HYP:but i i to to to


REF:so that was easy
HYP:so that was was

[2026-08-05 14:20:15,007][hybrid.speech_recognize][INFO] - 
REF:so that was easy
HYP:so that was was


REF:life is great
HYP:that'

[2026-08-05 14:20:15,007][hybrid.speech_recognize][INFO] - 
REF:life is great
HYP:that'


REF:please look at me
HYP:but'''

[2026-08-05 14:20:15,008][hybrid.speech_recognize][INFO] - 
REF:please look at me
HYP:but'''


REF:of course they would
HYP:i' it it it it it

[2026-08-05 14:20:15,398][hybrid.speech_recognize][INFO] - 
REF:of course they would
HYP:i' it it it it it


REF:take my child
HYP:and in my

[2026-08-05 14:20:15,399][hybrid.speech_recognize][INFO] - 
REF:take my child
HYP:and in my


REF:you were born to
HYP:what' to to to

[2026-08-05 14:20:15,400][hybrid.speech_recognize][INFO] - 
REF:you were born to
HYP:what' to to to


REF:we all want to
HYP:we all do to

[2026-08-05 14:20:15,400][hybrid.speech_recognize][INFO] - 
REF:we all want to
HYP:we all do to


REF:i can hardly wait
HYP:i' the the the the

[2026-08-05 14:20:15,401][hybrid.speech_recognize][INFO] - 
REF:i can hardly wait
HYP:i' the the the the


REF:i study shame
HYP:i i

[2026-08-05 14:20:15,402][hybrid.speech_recognize][INFO] - 
REF:i study shame
HYP:i i


REF:surely we know enough
HYP:so'''

[2026-08-05 14:20:15,402][hybrid.speech_recognize][INFO] - 
REF:surely we know enough
HYP:so'''


REF:give me input
HYP:they have a a

[2026-08-05 14:20:15,403][hybrid.speech_recognize][INFO] - 
REF:give me input
HYP:they have a a


REF:come on man
HYP:nowmm

[2026-08-05 14:20:15,403][hybrid.speech_recognize][INFO] - 
REF:come on man
HYP:nowmm


REF:thank you very much
HYP:you''

[2026-08-05 14:20:15,404][hybrid.speech_recognize][INFO] - 
REF:thank you very much
HYP:you''


REF:but here's the thing
HYP:but it

[2026-08-05 14:20:15,405][hybrid.speech_recognize][INFO] - 
REF:but here's the thing
HYP:but it


REF:your wife left you
HYP:you''

[2026-08-05 14:20:15,405][hybrid.speech_recognize][INFO] - 
REF:your wife left you
HYP:you''


REF:i don't have an answer
HYP:i have have

[2026-08-05 14:20:15,406][hybrid.speech_recognize][INFO] - 
REF:i don't have an answer
HYP:i have have


REF:who wrote that
HYP:one' the

[2026-08-05 14:20:15,406][hybrid.speech_recognize][INFO] - 
REF:who wrote that
HYP:one' the


REF:this is your chance
HYP:it itss

[2026-08-05 14:20:15,407][hybrid.speech_recognize][INFO] - 
REF:this is your chance
HYP:it itss


REF:you just move away
HYP:you'''

[2026-08-05 14:20:15,407][hybrid.speech_recognize][INFO] - 
REF:you just move away
HYP:you'''


REF:talk to farmers
HYP:so''s

[2026-08-05 14:20:15,408][hybrid.speech_recognize][INFO] - 
REF:talk to farmers
HYP:so''s


REF:i know i have
HYP:i i i have

[2026-08-05 14:20:15,409][hybrid.speech_recognize][INFO] - 
REF:i know i have
HYP:i i i have


REF:but it's different
HYP:people'sss

[2026-08-05 14:20:15,409][hybrid.speech_recognize][INFO] - 
REF:but it's different
HYP:people'sss


REF:things were going well
HYP:i i i i

[2026-08-05 14:20:15,410][hybrid.speech_recognize][INFO] - 
REF:things were going well
HYP:i i i i


REF:i'll let you continue
HYP:i i you you you

[2026-08-05 14:20:15,411][hybrid.speech_recognize][INFO] - 
REF:i'll let you continue
HYP:i i you you you


REF:we don't have enough money
HYP:we have have have

[2026-08-05 14:20:15,411][hybrid.speech_recognize][INFO] - 
REF:we don't have enough money
HYP:we have have have


REF:it's about people
HYP:it' about about about about

[2026-08-05 14:20:15,412][hybrid.speech_recognize][INFO] - 
REF:it's about people
HYP:it' about about about about


REF:how should we live
HYP:how how do

[2026-08-05 14:20:15,412][hybrid.speech_recognize][INFO] - 
REF:how should we live
HYP:how how do


REF:i'll meet you there
HYP:i' you you you you you

[2026-08-05 14:20:15,413][hybrid.speech_recognize][INFO] - 
REF:i'll meet you there
HYP:i' you you you you you


REF:tell me about that
HYP:i don don that that that that

[2026-08-05 14:20:15,414][hybrid.speech_recognize][INFO] - 
REF:tell me about that
HYP:i don don that that that that


REF:we can do it again
HYP:we we'''

[2026-08-05 14:20:15,414][hybrid.speech_recognize][INFO] - 
REF:we can do it again
HYP:we we'''


REF:do they have aids
HYP:they''tt

[2026-08-05 14:20:15,415][hybrid.speech_recognize][INFO] - 
REF:do they have aids
HYP:they''tt


REF:you're more cautious
HYP:and''sss

[2026-08-05 14:20:15,415][hybrid.speech_recognize][INFO] - 
REF:you're more cautious
HYP:and''sss


REF:she got unlucky
HYP:i''

[2026-08-05 14:20:15,416][hybrid.speech_recognize][INFO] - 
REF:she got unlucky
HYP:i''


REF:he's five years old
HYP:it''ss

[2026-08-05 14:20:15,417][hybrid.speech_recognize][INFO] - 
REF:he's five years old
HYP:it''ss


REF:you want to work for him
HYP:we we

[2026-08-05 14:20:15,417][hybrid.speech_recognize][INFO] - 
REF:you want to work for him
HYP:we we


REF:where would it go
HYP:we we we we

[2026-08-05 14:20:15,836][hybrid.speech_recognize][INFO] - 
REF:where would it go
HYP:we we we we


REF:i'm the opposite
HYP:i immmmm

[2026-08-05 14:20:15,837][hybrid.speech_recognize][INFO] - 
REF:i'm the opposite
HYP:i immmmm


REF:the whole internet
HYP:ttt

[2026-08-05 14:20:15,839][hybrid.speech_recognize][INFO] - 
REF:the whole internet
HYP:ttt


REF:so how do we do that
HYP:so do do do

[2026-08-05 14:20:15,840][hybrid.speech_recognize][INFO] - 
REF:so how do we do that
HYP:so do do do


REF:it is wrong
HYP:it it

[2026-08-05 14:20:15,841][hybrid.speech_recognize][INFO] - 
REF:it is wrong
HYP:it it


REF:i tried everything
HYP:i'''

[2026-08-05 14:20:15,842][hybrid.speech_recognize][INFO] - 
REF:i tried everything
HYP:i'''


REF:because we can
HYP:because we we we

[2026-08-05 14:20:15,843][hybrid.speech_recognize][INFO] - 
REF:because we can
HYP:because we we we


REF:go pick up the keys
HYP:you'ssss

[2026-08-05 14:20:15,844][hybrid.speech_recognize][INFO] - 
REF:go pick up the keys
HYP:you'ssss


REF:well not so fast
HYP:it'ssss

[2026-08-05 14:20:15,846][hybrid.speech_recognize][INFO] - 
REF:well not so fast
HYP:it'ssss


REF:he's a great guy
HYP:it'sss

[2026-08-05 14:20:15,847][hybrid.speech_recognize][INFO] - 
REF:he's a great guy
HYP:it'sss


REF:thanks very much
HYP:you''

[2026-08-05 14:20:15,848][hybrid.speech_recognize][INFO] - 
REF:thanks very much
HYP:you''


REF:and i cried
HYP:and it

[2026-08-05 14:20:15,849][hybrid.speech_recognize][INFO] - 
REF:and i cried
HYP:and it


REF:i didn't talk to them
HYP:and i'ss

[2026-08-05 14:20:15,850][hybrid.speech_recognize][INFO] - 
REF:i didn't talk to them
HYP:and i'ss


REF:so i was jealous
HYP:so i was to

[2026-08-05 14:20:15,852][hybrid.speech_recognize][INFO] - 
REF:so i was jealous
HYP:so i was to


REF:thank you very much
HYP:you''

[2026-08-05 14:20:15,853][hybrid.speech_recognize][INFO] - 
REF:thank you very much
HYP:you''


REF:how does that work
HYP:how' that that that

[2026-08-05 14:20:15,854][hybrid.speech_recognize][INFO] - 
REF:how does that work
HYP:how' that that that


REF:what do you mean
HYP:what what you you

[2026-08-05 14:20:15,855][hybrid.speech_recognize][INFO] - 
REF:what do you mean
HYP:what what you you


REF:how cool is that
HYP:that''sss

[2026-08-05 14:20:15,856][hybrid.speech_recognize][INFO] - 
REF:how cool is that
HYP:that''sss


REF:that's awful right
HYP:that thatsss

[2026-08-05 14:20:15,858][hybrid.speech_recognize][INFO] - 
REF:that's awful right
HYP:that thatsss


REF:it would start
HYP:it was

[2026-08-05 14:20:15,859][hybrid.speech_recognize][INFO] - 
REF:it would start
HYP:it was


REF:who's at the event
HYP:there''''

[2026-08-05 14:20:15,860][hybrid.speech_recognize][INFO] - 
REF:who's at the event
HYP:there''''


REF:that didn't happen to me
HYP:that''s

[2026-08-05 14:20:15,861][hybrid.speech_recognize][INFO] - 
REF:that didn't happen to me
HYP:that''s


REF:i made a mistake
HYP:i i a

[2026-08-05 14:20:15,862][hybrid.speech_recognize][INFO] - 
REF:i made a mistake
HYP:i i a


REF:so let's start there
HYP:i i iss

[2026-08-05 14:20:15,863][hybrid.speech_recognize][INFO] - 
REF:so let's start there
HYP:i i iss


REF:so what do we do
HYP:so we we we

[2026-08-05 14:20:15,864][hybrid.speech_recognize][INFO] - 
REF:so what do we do
HYP:so we we we


REF:just think about it
HYP:it''ss

[2026-08-05 14:20:15,866][hybrid.speech_recognize][INFO] - 
REF:just think about it
HYP:it''ss


REF:and you know what
HYP:and you you what

[2026-08-05 14:20:15,867][hybrid.speech_recognize][INFO] - 
REF:and you know what
HYP:and you you what


REF:and that's all
HYP:and thatsss

[2026-08-05 14:20:15,868][hybrid.speech_recognize][INFO] - 
REF:and that's all
HYP:and thatsss


REF:that's what we do
HYP:that'' what what what

[2026-08-05 14:20:15,869][hybrid.speech_recognize][INFO] - 
REF:that's what we do
HYP:that'' what what what


REF:make me laugh
HYP:now

[2026-08-05 14:20:15,870][hybrid.speech_recognize][INFO] - 
REF:make me laugh
HYP:now


REF:and it doesn't
HYP:and it it it it

[2026-08-05 14:20:15,871][hybrid.speech_recognize][INFO] - 
REF:and it doesn't
HYP:and it it it it


REF:i don't know about you
HYP:i i'''

[2026-08-05 14:20:15,873][hybrid.speech_recognize][INFO] - 
REF:i don't know about you
HYP:i i'''


REF:thank you very much
HYP:you''

[2026-08-05 14:20:16,384][hybrid.speech_recognize][INFO] - 
REF:thank you very much
HYP:you''


REF:i made more money
HYP:i'mm

[2026-08-05 14:20:16,385][hybrid.speech_recognize][INFO] - 
REF:i made more money
HYP:i'mm


REF:how much they do
HYP:i'''

[2026-08-05 14:20:16,386][hybrid.speech_recognize][INFO] - 
REF:how much they do
HYP:i'''


REF:thank you very much
HYP:you''

[2026-08-05 14:20:16,387][hybrid.speech_recognize][INFO] - 
REF:thank you very much
HYP:you''


REF:that's my question
HYP:that''ss

[2026-08-05 14:20:16,387][hybrid.speech_recognize][INFO] - 
REF:that's my question
HYP:that''ss


REF:they get scared to move
HYP:they''' the the

[2026-08-05 14:20:16,388][hybrid.speech_recognize][INFO] - 
REF:they get scared to move
HYP:they''' the the


REF:i'm a doctor
HYP:i i a a a

[2026-08-05 14:20:16,389][hybrid.speech_recognize][INFO] - 
REF:i'm a doctor
HYP:i i a a a


REF:well not yet
HYP:what'''

[2026-08-05 14:20:16,389][hybrid.speech_recognize][INFO] - 
REF:well not yet
HYP:what'''


REF:thanks for asking
HYP:that'ssss

[2026-08-05 14:20:16,390][hybrid.speech_recognize][INFO] - 
REF:thanks for asking
HYP:that'ssss


REF:what is that
HYP:but''

[2026-08-05 14:20:16,391][hybrid.speech_recognize][INFO] - 
REF:what is that
HYP:but''


REF:there's no more of it
HYP:there there''' of of

[2026-08-05 14:20:16,392][hybrid.speech_recognize][INFO] - 
REF:there's no more of it
HYP:there there''' of of


REF:who would i meet
HYP:you i i i

[2026-08-05 14:20:16,392][hybrid.speech_recognize][INFO] - 
REF:who would i meet
HYP:you i i i


REF:women are worth it
HYP:we' you you you

[2026-08-05 14:20:16,393][hybrid.speech_recognize][INFO] - 
REF:women are worth it
HYP:we' you you you


REF:make it go away
HYP:i''ss

[2026-08-05 14:20:16,394][hybrid.speech_recognize][INFO] - 
REF:make it go away
HYP:i''ss


REF:but you know what
HYP:but what what what what

[2026-08-05 14:20:16,394][hybrid.speech_recognize][INFO] - 
REF:but you know what
HYP:but what what what what


REF:they were right
HYP:was was was it

[2026-08-05 14:20:16,395][hybrid.speech_recognize][INFO] - 
REF:they were right
HYP:was was was it


REF:thank you very much
HYP:you''

[2026-08-05 14:20:16,396][hybrid.speech_recognize][INFO] - 
REF:thank you very much
HYP:you''


REF:i do understand it
HYP:i''

[2026-08-05 14:20:16,396][hybrid.speech_recognize][INFO] - 
REF:i do understand it
HYP:i''


REF:well guess what
HYP:what'sss

[2026-08-05 14:20:16,397][hybrid.speech_recognize][INFO] - 
REF:well guess what
HYP:what'sss


REF:and we all know this
HYP:and we are

[2026-08-05 14:20:16,398][hybrid.speech_recognize][INFO] - 
REF:and we all know this
HYP:and we are


REF:and that's bad
HYP:i''

[2026-08-05 14:20:16,398][hybrid.speech_recognize][INFO] - 
REF:and that's bad
HYP:i''


REF:we'd love to help
HYP:we we to to

[2026-08-05 14:20:16,399][hybrid.speech_recognize][INFO] - 
REF:we'd love to help
HYP:we we to to


REF:is it heavy
HYP:it''

[2026-08-05 14:20:16,400][hybrid.speech_recognize][INFO] - 
REF:is it heavy
HYP:it''


REF:think about that
HYP:they'''

[2026-08-05 14:20:16,401][hybrid.speech_recognize][INFO] - 
REF:think about that
HYP:they'''


REF:so why is it
HYP:so is is is

[2026-08-05 14:20:16,401][hybrid.speech_recognize][INFO] - 
REF:so why is it
HYP:so is is is


REF:it goes wrong
HYP:it'ss

[2026-08-05 14:20:16,402][hybrid.speech_recognize][INFO] - 
REF:it goes wrong
HYP:it'ss


REF:it would stop
HYP:it was was

[2026-08-05 14:20:16,403][hybrid.speech_recognize][INFO] - 
REF:it would stop
HYP:it was was


REF:and then guess what
HYP:and that thatss

[2026-08-05 14:20:16,403][hybrid.speech_recognize][INFO] - 
REF:and then guess what
HYP:and that thatss


REF:make it go away
HYP:i'ss

[2026-08-05 14:20:16,404][hybrid.speech_recognize][INFO] - 
REF:make it go away
HYP:i'ss


REF:i know i didn't
HYP:have have

[2026-08-05 14:20:16,405][hybrid.speech_recognize][INFO] - 
REF:i know i didn't
HYP:have have


REF:make it go away
HYP:you you you you

[2026-08-05 14:20:16,405][hybrid.speech_recognize][INFO] - 
REF:make it go away
HYP:you you you you


REF:has it gotten better
HYP:it'''

[2026-08-05 14:20:16,406][hybrid.speech_recognize][INFO] - 
REF:has it gotten better
HYP:it'''


REF:that is great
HYP:that that is is

[2026-08-05 14:20:16,407][hybrid.speech_recognize][INFO] - 
REF:that is great
HYP:that that is is


REF:i didn't want to
HYP:i i' to to to

[2026-08-05 14:20:16,407][hybrid.speech_recognize][INFO] - 
REF:i didn't want to
HYP:i i' to to to


REF:how are you
HYP:i you you

[2026-08-05 14:20:16,408][hybrid.speech_recognize][INFO] - 
REF:how are you
HYP:i you you


REF:had no idea
HYP:i i i

[2026-08-05 14:20:16,409][hybrid.speech_recognize][INFO] - 
REF:had no idea
HYP:i i i


REF:i want to go
HYP:i i i i

[2026-08-05 14:20:16,409][hybrid.speech_recognize][INFO] - 
REF:i want to go
HYP:i i i i


REF:and guess what
HYP:and thatssss

[2026-08-05 14:20:16,410][hybrid.speech_recognize][INFO] - 
REF:and guess what
HYP:and thatssss


REF:let's have that
HYP:it'' that that that

[2026-08-05 14:20:16,411][hybrid.speech_recognize][INFO] - 
REF:let's have that
HYP:it'' that that that


REF:could i go there
HYP:they they that that that that

[2026-08-05 14:20:16,412][hybrid.speech_recognize][INFO] - 
REF:could i go there
HYP:they they that that that that


REF:they won the game
HYP:they was it it it

[2026-08-05 14:20:16,755][hybrid.speech_recognize][INFO] - 
REF:they won the game
HYP:they was it it it


REF:but you know what
HYP:you what what

[2026-08-05 14:20:16,756][hybrid.speech_recognize][INFO] - 
REF:but you know what
HYP:you what what


REF:you can try it
HYP:you's

[2026-08-05 14:20:16,757][hybrid.speech_recognize][INFO] - 
REF:you can try it
HYP:you's


REF:i know nothing
HYP:you you''

[2026-08-05 14:20:16,757][hybrid.speech_recognize][INFO] - 
REF:i know nothing
HYP:you you''


REF:how does it happen
HYP:how is is the

[2026-08-05 14:20:16,758][hybrid.speech_recognize][INFO] - 
REF:how does it happen
HYP:how is is the


REF:i don't care
HYP:i don don don

[2026-08-05 14:20:16,759][hybrid.speech_recognize][INFO] - 
REF:i don't care
HYP:i don don don


REF:life is good
HYP:and''ss

[2026-08-05 14:20:16,759][hybrid.speech_recognize][INFO] - 
REF:life is good
HYP:and''ss


REF:did you find the gold
HYP:that'ss

[2026-08-05 14:20:16,760][hybrid.speech_recognize][INFO] - 
REF:did you find the gold
HYP:that'ss


REF:what do they have
HYP:we have have have

[2026-08-05 14:20:16,761][hybrid.speech_recognize][INFO] - 
REF:what do they have
HYP:we have have have


REF:what about polio
HYP:what' my my my my

[2026-08-05 14:20:16,761][hybrid.speech_recognize][INFO] - 
REF:what about polio
HYP:what' my my my my


REF:lots of money
HYP:ssssss

[2026-08-05 14:20:16,762][hybrid.speech_recognize][INFO] - 
REF:lots of money
HYP:ssssss


REF:what do you do
HYP:what you you you do

[2026-08-05 14:20:16,763][hybrid.speech_recognize][INFO] - 
REF:what do you do
HYP:what you you you do


REF:you're in there
HYP:you'

[2026-08-05 14:20:16,763][hybrid.speech_recognize][INFO] - 
REF:you're in there
HYP:you'


REF:thank you very much
HYP:i''

[2026-08-05 14:20:16,764][hybrid.speech_recognize][INFO] - 
REF:thank you very much
HYP:i''


REF:this is great
HYP:but'ss

[2026-08-05 14:20:16,765][hybrid.speech_recognize][INFO] - 
REF:this is great
HYP:but'ss


REF:thank you very much
HYP:i''

[2026-08-05 14:20:16,765][hybrid.speech_recognize][INFO] - 
REF:thank you very much
HYP:i''


REF:we were wrong
HYP:what we we we we we

[2026-08-05 14:20:16,766][hybrid.speech_recognize][INFO] - 
REF:we were wrong
HYP:what we we we we we


REF:raise your hands
HYP:what'

[2026-08-05 14:20:16,767][hybrid.speech_recognize][INFO] - 
REF:raise your hands
HYP:what'


REF:she said yeah
HYP:i''

[2026-08-05 14:20:16,767][hybrid.speech_recognize][INFO] - 
REF:she said yeah
HYP:i''


REF:the board of ed
HYP:the''

[2026-08-05 14:20:16,768][hybrid.speech_recognize][INFO] - 
REF:the board of ed
HYP:the''


REF:that's pretty cool
HYP:thessss

[2026-08-05 14:20:16,769][hybrid.speech_recognize][INFO] - 
REF:that's pretty cool
HYP:thessss


REF:i don't know
HYP:i i you you

[2026-08-05 14:20:16,770][hybrid.speech_recognize][INFO] - 
REF:i don't know
HYP:i i you you


REF:i don't know
HYP:and sos

[2026-08-05 14:20:16,770][hybrid.speech_recognize][INFO] - 
REF:i don't know
HYP:and sos


REF:i don't know
HYP:i don don don don

[2026-08-05 14:20:16,771][hybrid.speech_recognize][INFO] - 
REF:i don't know
HYP:i don don don don


REF:not right now
HYP:i

[2026-08-05 14:20:16,841][hybrid.speech_recognize][INFO] - 
REF:not right now
HYP:i


REF:i don't know
HYP:and of of

[2026-08-05 14:20:16,842][hybrid.speech_recognize][INFO] - 
REF:i don't know
HYP:and of of


REF:but i don't
HYP:but but'

[2026-08-05 14:20:16,843][hybrid.speech_recognize][INFO] - 
REF:but i don't
HYP:but but'

NOTE: hypothesis and token scores are output in base 2
[2026-08-05 14:20:16,843][hybrid.speech_recognize][INFO] - NOTE: hypothesis and token scores are output in base 2
Recognized 1,321 utterances (13249 tokens) in 42.2s (31.31 sentences/s, 314.05 tokens/s)
[2026-08-05 14:20:16,843][hybrid.speech_recognize][INFO] - Recognized 1,321 utterances (13249 tokens) in 42.2s (31.31 sentences/s, 314.05 tokens/s)
WER: 93.64004044489383%
[2026-08-05 14:20:16,851][hybrid.speech_recognize][INFO] - WER: 93.64004044489383%
EVAL_EXIT=0
